game_id,game_date,team_id,side,player_id,player_name,at_bats,runs,hits,doubles,triples,home_runs,rbi,walks,strikeouts,stolen_bases
823649,2026-03-26,NYM,home,666182,Bo Bichette,4,0,0,0,0,0,1,0,3,0
823649,2026-03-26,NYM,home,682626,Francisco Alvarez,4,2,2,0,0,1,1,0,0,0
823649,2026-03-26,NYM,home,683146,Brett Baty,5,1,1,0,1,0,3,0,2,0
823649,2026-03-26,NYM,home,701807,Carson Benge,3,2,1,0,0,1,1,2,2,1
823649,2026-03-26,NYM,home,543760,Marcus Semien,5,0,2,1,0,0,1,0,1,0
823649,2026-03-26,NYM,home,596019,Francisco Lindor,2,3,0,0,0,0,0,3,0,0
823649,2026-03-26,NYM,home,665742,Juan Soto,4,1,2,0,0,0,1,1,0,0
823649,2026-03-26,NYM,home,593871,Jorge Polanco,3,1,1,0,0,0,1,2,1,0
823649,2026-03-26,NYM,home,673357,Luis Robert Jr.,4,1,2,0,0,0,2,1,1,0
823649,2026-03-26,PIT,away,687462,Spencer Horwitz,4,0,0,0,0,0,0,0,1,0
823649,2026-03-26,PIT,away,664040,Brandon Lowe,4,2,2,0,0,2,3,0,0,0
823649,2026-03-26,PIT,away,668804,Bryan Reynolds,4,0,1,0,0,0,0,0,2,0
823649,2026-03-26,PIT,away,665833,Oneil Cruz,5,1,1,0,0,0,0,0,3,0
823649,2026-03-26,PIT,away,669707,Jared Triolo,4,1,1,1,0,0,0,0,1,0
823649,2026-03-26,PIT,away,680779,Henry Davis,4,0,1,1,0,0,1,0,0,0
823649,2026-03-26,PIT,away,656811,Ryan O'Hearn,4,2,2,0,0,1,1,0,1,0
823649,2026-03-26,PIT,away,542303,Marcell Ozuna,4,0,0,0,0,0,0,0,1,0
823649,2026-03-26,PIT,away,693304,Nick Gonzales,4,1,2,1,0,0,2,0,1,0
823812,2026-03-26,MIL,home,650859,Luis Rengifo,2,0,0,0,0,0,0,0,0,0
823812,2026-03-26,MIL,home,687401,Joey Ortiz,3,2,2,0,0,0,2,0,0,0
823812,2026-03-26,MIL,home,592885,Christian Yelich,4,2,2,0,0,0,1,1,0,0
823812,2026-03-26,MIL,home,641343,Jake Bauers,5,2,2,0,0,1,3,0,2,0
823812,2026-03-26,MIL,home,686217,Sal Frelick,3,2,1,0,0,1,2,2,0,0
823812,2026-03-26,MIL,home,683734,Andrew Vaughn,4,0,1,0,0,0,1,0,0,0
823812,2026-03-26,MIL,home,663604,Brandon Lockridge,1,2,0,0,0,0,0,0,0,0
823812,2026-03-26,MIL,home,669003,Garrett Mitchell,1,1,0,0,0,0,1,2,0,0
823812,2026-03-26,MIL,home,666152,David Hamilton,2,2,1,0,0,0,1,2,0,1
823812,2026-03-26,MIL,home,663368,Blake Perkins,1,0,0,0,0,0,0,0,0,0
823812,2026-03-26,MIL,home,661388,William Contreras,3,1,1,1,0,0,3,2,0,0
823812,2026-03-26,MIL,home,668930,Brice Turang,4,0,2,1,0,0,0,1,1,0
823812,2026-03-26,CWS,away,672820,Lenyn Sosa,2,0,0,0,0,0,0,0,1,0
823812,2026-03-26,CWS,away,671976,Tristan Peters,1,0,0,0,0,0,0,0,1,0
823812,2026-03-26,CWS,away,682668,Luisangel Acuña,3,0,1,0,0,0,0,0,0,0
823812,2026-03-26,CWS,away,808959,Munetaka Murakami,2,1,1,0,0,1,1,2,0,0
823812,2026-03-26,CWS,away,805367,Chase Meidroth,2,1,1,0,0,1,1,2,1,0
823812,2026-03-26,CWS,away,695657,Colson Montgomery,4,0,0,0,0,0,0,0,3,0
823812,2026-03-26,CWS,away,669720,Austin Hays,4,0,1,0,0,0,0,0,2,0
823812,2026-03-26,CWS,away,624512,Reese McGuire,1,0,0,0,0,0,0,0,1,0
823812,2026-03-26,CWS,away,700337,Edgar Quero,3,0,0,0,0,0,0,0,2,0
823812,2026-03-26,CWS,away,643217,Andrew Benintendi,2,0,0,0,0,0,0,0,2,0
823812,2026-03-26,CWS,away,677592,Everson Pereira,3,0,0,0,0,0,0,0,3,0
823812,2026-03-26,CWS,away,656537,Derek Hill,1,0,0,0,0,0,0,0,1,0
823812,2026-03-26,CWS,away,678246,Miguel Vargas,3,0,0,0,0,0,0,1,3,0
824704,2026-03-26,CHC,home,624424,Michael Conforto,1,0,0,0,0,0,0,0,1,0
824704,2026-03-26,CHC,home,664023,Ian Happ,5,0,1,0,0,0,0,0,3,0
824704,2026-03-26,CHC,home,608324,Alex Bregman,4,0,1,0,0,0,0,1,1,0
824704,2026-03-26,CHC,home,683737,Michael Busch,4,2,3,2,0,0,1,1,0,0
824704,2026-03-26,CHC,home,608348,Carson Kelly,3,0,1,0,0,0,0,1,0,0
824704,2026-03-26,CHC,home,691718,Pete Crow-Armstrong,5,0,2,0,0,0,2,0,2,0
824704,2026-03-26,CHC,home,694208,Moisés Ballesteros,3,0,0,0,0,0,0,1,1,0
824704,2026-03-26,CHC,home,621020,Dansby Swanson,2,1,0,0,0,0,1,2,0,0
824704,2026-03-26,CHC,home,663538,Nico Hoerner,4,1,0,0,0,0,0,0,1,0
824704,2026-03-26,CHC,home,807713,Matt Shaw,3,0,0,0,0,0,0,0,0,0
824704,2026-03-26,WSH,away,691781,Brady House,5,2,2,0,0,1,2,0,2,0
824704,2026-03-26,WSH,away,682928,CJ Abrams,4,0,1,0,0,0,2,0,1,0
824704,2026-03-26,WSH,away,683083,Nasim Nuñez,2,1,0,0,0,0,1,1,1,1
824704,2026-03-26,WSH,away,665953,Andrés Chaparro,3,1,2,1,0,0,0,0,0,0
824704,2026-03-26,WSH,away,686894,Joey Wiemer,3,2,3,0,0,1,1,1,0,0
824704,2026-03-26,WSH,away,695734,Daylen Lile,5,1,1,0,0,0,1,0,2,0
824704,2026-03-26,WSH,away,695578,James Wood,5,0,0,0,0,0,0,0,4,0
824704,2026-03-26,WSH,away,696285,Jacob Young,4,1,1,0,0,1,2,0,1,0
824704,2026-03-26,WSH,away,660688,Keibert Ruiz,4,1,1,0,0,0,0,0,1,0
824704,2026-03-26,WSH,away,671277,Luis García Jr.,2,1,0,0,0,0,0,0,0,0
824865,2026-03-26,BAL,home,694212,Samuel Basallo,4,1,1,0,0,0,0,0,1,0
824865,2026-03-26,BAL,home,683002,Gunnar Henderson,4,0,0,0,0,0,0,0,2,0
824865,2026-03-26,BAL,home,621493,Taylor Ward,4,0,0,0,0,0,0,0,0,0
824865,2026-03-26,BAL,home,668939,Adley Rutschman,4,0,2,1,0,0,0,0,0,0
824865,2026-03-26,BAL,home,641933,Tyler O'Neill,2,1,1,0,0,0,0,1,0,0
824865,2026-03-26,BAL,home,677942,Blaze Alexander,3,0,1,0,0,0,1,0,1,0
824865,2026-03-26,BAL,home,624413,Pete Alonso,3,0,0,0,0,0,0,1,2,0
824865,2026-03-26,BAL,home,681297,Colton Cowser,2,0,0,0,0,0,1,0,1,0
824865,2026-03-26,BAL,home,691723,Coby Mayo,2,0,0,0,0,0,0,1,1,1
824865,2026-03-26,MIN,away,605170,Victor Caratini,3,0,1,0,0,0,0,1,0,0
824865,2026-03-26,MIN,away,665019,Kody Clemens,1,0,0,0,0,0,0,0,0,0
824865,2026-03-26,MIN,away,686797,Brooks Lee,3,0,0,0,0,0,0,0,2,0
824865,2026-03-26,MIN,away,668885,Austin Martin,3,0,1,0,0,0,0,0,0,1
824865,2026-03-26,MIN,away,605137,Josh Bell,3,0,0,0,0,0,0,1,3,0
824865,2026-03-26,MIN,away,680777,Ryan Jeffers,4,0,1,0,0,0,0,0,1,0
824865,2026-03-26,MIN,away,681546,James Outman,0,0,0,0,0,0,0,0,0,0
824865,2026-03-26,MIN,away,668904,Royce Lewis,2,0,0,0,0,0,0,0,0,0
824865,2026-03-26,MIN,away,663616,Trevor Larnach,1,0,0,0,0,0,0,0,1,0
824865,2026-03-26,MIN,away,621439,Byron Buxton,4,1,1,0,1,0,0,0,1,0
824865,2026-03-26,MIN,away,670242,Matt Wallner,2,0,0,0,0,0,0,2,1,0
824865,2026-03-26,MIN,away,807712,Luke Keaschall,3,0,1,0,0,0,1,0,0,0
824541,2026-03-26,CIN,home,682829,Elly De La Cruz,4,0,1,0,0,0,0,0,2,0
824541,2026-03-26,CIN,home,667472,Dane Myers,1,0,0,0,0,0,0,0,0,0
824541,2026-03-26,CIN,home,701398,Sal Stewart,4,0,3,2,0,0,0,0,0,0
824541,2026-03-26,CIN,home,682622,Noelvi Marte,2,0,0,0,0,0,0,0,2,0
824541,2026-03-26,CIN,home,680574,Matt McLain,3,0,0,0,0,0,0,1,1,0
824541,2026-03-26,CIN,home,663647,Ke'Bryan Hayes,3,0,0,0,0,0,0,0,0,0
824541,2026-03-26,CIN,home,666181,Will Benson,1,0,0,0,0,0,0,0,1,0
824541,2026-03-26,CIN,home,670770,TJ Friedl,4,0,0,0,0,0,0,0,1,0
824541,2026-03-26,CIN,home,668715,Spencer Steer,3,0,0,0,0,0,0,1,2,0
824541,2026-03-26,CIN,home,663886,Tyler Stephenson,3,0,0,0,0,0,0,1,0,0
824541,2026-03-26,CIN,home,553993,Eugenio Suárez,4,0,0,0,0,0,0,0,3,0
824541,2026-03-26,BOS,away,701350,Roman Anthony,4,1,3,0,0,0,0,1,1,0
824541,2026-03-26,BOS,away,575929,Willson Contreras,4,0,0,0,0,0,0,1,1,0
824541,2026-03-26,BOS,away,596115,Trevor Story,5,0,1,0,0,0,1,0,1,0
824541,2026-03-26,BOS,away,677800,Wilyer Abreu,4,0,1,0,0,0,0,0,1,0
824541,2026-03-26,BOS,away,643396,Isiah Kiner-Falefa,2,0,0,0,0,0,0,0,1,0
824541,2026-03-26,BOS,away,702332,Caleb Durbin,3,0,0,0,0,0,0,1,0,0
824541,2026-03-26,BOS,away,665966,Carlos Narváez,3,0,1,0,0,0,0,0,1,0
824541,2026-03-26,BOS,away,680776,Jarren Duran,5,0,2,0,0,0,1,0,1,1
824541,2026-03-26,BOS,away,678882,Ceddanne Rafaela,4,0,2,0,0,0,1,0,0,0
824541,2026-03-26,BOS,away,691785,Marcelo Mayer,2,2,2,1,0,0,0,0,0,0
824218,2026-03-26,HOU,home,670623,Isaac Paredes,3,0,0,0,0,0,0,1,1,0
824218,2026-03-26,HOU,home,669397,Nick Allen,1,0,0,0,0,0,0,0,1,0
824218,2026-03-26,HOU,home,701358,Cam Smith,3,0,0,0,0,0,0,1,2,1
824218,2026-03-26,HOU,home,676694,Jake Meyers,3,0,0,0,0,0,0,1,1,0
824218,2026-03-26,HOU,home,514888,Jose Altuve,3,0,0,0,0,0,0,1,0,0
824218,2026-03-26,HOU,home,694388,Joey Loperfido,4,0,2,1,0,0,0,0,0,0
824218,2026-03-26,HOU,home,621043,Carlos Correa,4,0,0,0,0,0,0,0,1,0
824218,2026-03-26,HOU,home,572233,Christian Walker,3,0,1,1,0,0,0,0,0,0
824218,2026-03-26,HOU,home,673237,Yainer Diaz,3,0,0,0,0,0,0,1,2,0
824218,2026-03-26,HOU,home,670541,Yordan Alvarez,3,0,0,0,0,0,0,1,1,0
824218,2026-03-26,LAA,away,672724,Oswald Peraza,4,0,1,0,0,0,1,0,2,0
824218,2026-03-26,LAA,away,687263,Zach Neto,5,0,0,0,0,0,0,0,1,0
824218,2026-03-26,LAA,away,624585,Jorge Soler,5,0,1,0,0,0,0,0,2,0
824218,2026-03-26,LAA,away,660162,Yoán Moncada,3,0,1,0,0,0,0,2,1,0
824218,2026-03-26,LAA,away,545361,Mike Trout,2,1,1,0,0,1,1,3,1,1
824218,2026-03-26,LAA,away,666176,Jo Adell,3,1,2,0,0,0,0,1,0,0
824218,2026-03-26,LAA,away,694384,Nolan Schanuel,5,1,1,0,0,1,1,0,3,0
824218,2026-03-26,LAA,away,666139,Josh Lowe,4,0,0,0,0,0,0,0,2,0
824218,2026-03-26,LAA,away,669326,Bryce Teodosio,1,0,0,0,0,0,0,0,0,0
824218,2026-03-26,LAA,away,681351,Logan O'Hoppe,4,0,2,0,0,0,0,0,2,0
823325,2026-03-26,SD,home,666023,Freddy Fermin,3,0,0,0,0,0,0,1,1,0
823325,2026-03-26,SD,home,592206,Nick Castellanos,1,0,0,0,0,0,0,0,0,0
823325,2026-03-26,SD,home,701538,Jackson Merrill,4,0,0,0,0,0,0,0,3,0
823325,2026-03-26,SD,home,657757,Gavin Sheets,3,0,0,0,0,0,0,0,0,0
823325,2026-03-26,SD,home,657656,Ramón Laureano,4,1,1,0,0,1,1,0,1,0
823325,2026-03-26,SD,home,592518,Manny Machado,3,0,1,0,0,0,0,1,1,0
823325,2026-03-26,SD,home,609280,Miguel Andujar,3,0,0,0,0,0,0,1,0,0
823325,2026-03-26,SD,home,665487,Fernando Tatis Jr.,4,1,1,0,0,0,0,0,0,0
823325,2026-03-26,SD,home,593428,Xander Bogaerts,4,0,2,1,0,0,1,0,0,0
823325,2026-03-26,SD,home,630105,Jake Cronenworth,4,0,0,0,0,0,0,0,1,0
823325,2026-03-26,DET,away,682985,Riley Greene,4,1,0,0,0,0,0,1,2,0
823325,2026-03-26,DET,away,595879,Javier Báez,3,0,1,0,0,0,0,1,1,0
823325,2026-03-26,DET,away,805808,Kevin McGonigle,5,2,4,2,0,0,2,0,0,0
823325,2026-03-26,DET,away,681481,Kerry Carpenter,5,0,0,0,0,0,0,0,2,0
823325,2026-03-26,DET,away,679529,Spencer Torkelson,4,2,1,0,0,0,1,1,2,0
823325,2026-03-26,DET,away,650402,Gleyber Torres,4,1,1,0,0,0,0,1,0,0
823325,2026-03-26,DET,away,678009,Parker Meadows,4,0,1,0,0,0,2,0,1,0
823325,2026-03-26,DET,away,693307,Dillon Dingler,5,1,2,0,0,1,3,0,1,0
823325,2026-03-26,DET,away,690993,Colt Keith,5,1,2,0,0,0,0,0,1,0
823081,2026-03-26,STL,home,669357,Nolan Gorman,4,1,1,0,0,0,2,0,1,0
823081,2026-03-26,STL,home,691023,Jordan Walker,4,1,1,1,0,0,0,0,0,0
823081,2026-03-26,STL,home,701675,Nathan Church,4,1,3,0,0,0,2,0,0,0
823081,2026-03-26,STL,home,687363,Victor Scott II,4,1,3,0,0,0,0,0,0,2
823081,2026-03-26,STL,home,802139,JJ Wetherholt,4,1,1,0,0,1,2,0,1,0
823081,2026-03-26,STL,home,676475,Alec Burleson,4,2,3,0,0,1,2,1,0,0
823081,2026-03-26,STL,home,602104,Ramón Urías,0,0,0,0,0,0,0,0,0,0
823081,2026-03-26,STL,home,686780,Pedro Pagés,4,1,1,0,0,0,0,0,0,0
823081,2026-03-26,STL,home,691026,Masyn Winn,5,1,1,1,0,0,0,0,1,0
823081,2026-03-26,STL,home,671056,Iván Herrera,4,0,0,0,0,0,1,0,0,0
823081,2026-03-26,TB,away,680700,Richie Palacios,2,0,0,0,0,0,0,0,1,0
823081,2026-03-26,TB,away,700246,Carson Williams,5,1,1,0,0,0,0,0,1,0
823081,2026-03-26,TB,away,668723,Ryan Vilade,3,0,0,0,0,0,0,0,0,0
823081,2026-03-26,TB,away,641584,Jake Fraley,1,0,1,0,0,0,0,0,0,0
823081,2026-03-26,TB,away,802415,Chandler Simpson,3,1,1,0,0,0,1,0,0,0
823081,2026-03-26,TB,away,676356,Jonny DeLuca,4,0,2,0,0,0,2,0,0,0
823081,2026-03-26,TB,away,676439,Hunter Feduccia,1,0,0,0,0,0,0,0,1,0
823081,2026-03-26,TB,away,666018,Jonathan Aranda,4,1,2,0,0,1,2,1,1,0
823081,2026-03-26,TB,away,663743,Nick Fortes,4,1,3,0,0,0,1,0,0,0
823081,2026-03-26,TB,away,650490,Yandy Díaz,5,1,3,0,0,0,0,1,0,0
823081,2026-03-26,TB,away,810938,Ben Williamson,4,1,3,0,0,0,1,0,0,0
823081,2026-03-26,TB,away,691406,Junior Caminero,2,1,1,0,0,0,0,4,1,0
823081,2026-03-26,TB,away,656775,Cedric Mullins,5,0,0,0,0,0,0,0,0,0
823486,2026-03-26,PHI,home,669016,Brandon Marsh,4,0,2,2,0,0,0,0,1,0
823486,2026-03-26,PHI,home,702222,Justin Crawford,4,1,2,0,0,0,0,0,0,0
823486,2026-03-26,PHI,home,547180,Bryce Harper,4,0,0,0,0,0,0,0,2,0
823486,2026-03-26,PHI,home,592663,J.T. Realmuto,3,0,0,0,0,0,0,0,3,0
823486,2026-03-26,PHI,home,664761,Alec Bohm,3,1,1,0,0,1,3,1,0,0
823486,2026-03-26,PHI,home,681082,Bryson Stott,4,0,2,0,0,0,0,0,1,1
823486,2026-03-26,PHI,home,656941,Kyle Schwarber,4,1,1,0,0,1,2,0,1,0
823486,2026-03-26,PHI,home,666969,Adolis García,4,0,0,0,0,0,0,0,2,0
823486,2026-03-26,PHI,home,607208,Trea Turner,4,2,2,0,0,0,0,0,0,0
823486,2026-03-26,TEX,away,694497,Evan Carter,2,0,0,0,0,0,0,0,0,0
823486,2026-03-26,TEX,away,694671,Wyatt Langford,4,0,0,0,0,0,0,0,2,0
823486,2026-03-26,TEX,away,669394,Jake Burger,4,1,3,0,0,1,2,0,1,0
823486,2026-03-26,TEX,away,592626,Joc Pederson,1,0,0,0,0,0,0,0,0,0
823486,2026-03-26,TEX,away,608369,Corey Seager,4,1,2,0,0,0,0,0,1,0
823486,2026-03-26,TEX,away,673962,Josh Jung,4,0,0,0,0,0,0,0,1,0
823486,2026-03-26,TEX,away,457705,Andrew McCutchen,2,0,1,1,0,0,0,0,1,0
823486,2026-03-26,TEX,away,543309,Kyle Higashioka,1,1,1,0,0,0,0,0,0,0
823486,2026-03-26,TEX,away,677649,Ezequiel Duran,1,0,0,0,0,0,0,0,1,0
823486,2026-03-26,TEX,away,607043,Brandon Nimmo,3,0,0,0,0,0,0,1,1,0
823486,2026-03-26,TEX,away,669701,Josh Smith,3,0,0,0,0,0,0,0,1,0
823486,2026-03-26,TEX,away,664059,Sam Haggerty,2,0,0,0,0,0,0,0,2,0
823486,2026-03-26,TEX,away,643376,Danny Jansen,4,0,1,0,0,0,1,0,0,0
823974,2026-03-26,LAD,home,669257,Will Smith,4,1,2,0,0,1,3,0,0,0
823974,2026-03-26,LAD,home,663656,Kyle Tucker,4,1,1,1,0,0,1,1,0,0
823974,2026-03-26,LAD,home,571970,Max Muncy,2,1,1,0,0,0,0,2,1,0
823974,2026-03-26,LAD,home,518692,Freddie Freeman,4,0,0,0,0,0,0,1,0,0
823974,2026-03-26,LAD,home,660271,Shohei Ohtani,3,1,1,0,0,0,0,1,0,0
823974,2026-03-26,LAD,home,606192,Teoscar Hernández,4,1,1,0,0,0,0,0,0,0
823974,2026-03-26,LAD,home,681624,Andy Pages,4,1,2,0,0,1,3,0,1,0
823974,2026-03-26,LAD,home,605141,Mookie Betts,4,1,1,0,0,0,1,0,1,0
823974,2026-03-26,LAD,home,500743,Miguel Rojas,4,1,1,0,0,0,0,0,1,0
823974,2026-03-26,ARI,away,691783,Jordan Lawlar,3,0,1,1,0,0,0,0,1,0
823974,2026-03-26,ARI,away,694374,Tim Tawa,3,0,1,0,0,0,0,0,1,0
823974,2026-03-26,ARI,away,571448,Nolan Arenado,3,0,1,0,0,0,0,0,1,0
823974,2026-03-26,ARI,away,606466,Ketel Marte,4,0,0,0,0,0,0,0,1,0
823974,2026-03-26,ARI,away,672695,Geraldo Perdomo,4,1,2,0,0,1,2,0,1,0
823974,2026-03-26,ARI,away,672515,Gabriel Moreno,4,0,0,0,0,0,0,0,1,0
823974,2026-03-26,ARI,away,682998,Corbin Carroll,4,1,1,0,0,0,0,0,0,0
823974,2026-03-26,ARI,away,467793,Carlos Santana,3,0,0,0,0,0,0,0,1,0
823974,2026-03-26,ARI,away,677950,Alek Thomas,3,0,0,0,0,0,0,0,1,0
823163,2026-03-26,SEA,home,647304,Josh Naylor,4,0,0,0,0,0,0,0,0,0
823163,2026-03-26,SEA,home,702284,Cole Young,3,0,0,0,0,0,0,0,3,0
823163,2026-03-26,SEA,home,668227,Randy Arozarena,4,0,1,1,0,0,0,0,1,0
823163,2026-03-26,SEA,home,686527,Dominic Canzone,4,2,2,0,0,2,2,0,0,0
823163,2026-03-26,SEA,home,663728,Cal Raleigh,3,0,0,0,0,0,0,1,3,0
823163,2026-03-26,SEA,home,680977,Brendan Donovan,4,1,2,1,0,1,1,0,1,0
823163,2026-03-26,SEA,home,677594,Julio Rodríguez,4,0,0,0,0,0,0,0,3,0
823163,2026-03-26,SEA,home,660844,Leo Rivas,2,0,0,0,0,0,0,1,1,0
823163,2026-03-26,SEA,home,670042,Luke Raley,4,1,1,0,0,1,1,0,2,0
823163,2026-03-26,CLE,away,800050,Chase DeLauter,5,3,3,0,0,2,2,0,1,0
823163,2026-03-26,CLE,away,682177,Daniel Schneemann,2,1,1,1,0,0,0,0,1,0
823163,2026-03-26,CLE,away,677587,Brayan Rocchio,3,1,2,1,0,0,2,0,1,0
823163,2026-03-26,CLE,away,672356,Gabriel Arias,4,0,1,0,0,0,0,0,1,0
823163,2026-03-26,CLE,away,666310,Bo Naylor,5,0,0,0,0,0,0,0,1,0
823163,2026-03-26,CLE,away,608070,José Ramírez,5,0,1,1,0,0,2,0,2,1
823163,2026-03-26,CLE,away,680757,Steven Kwan,5,0,0,0,0,0,0,0,2,0
823163,2026-03-26,CLE,away,682657,Angel Martínez,2,0,0,0,0,0,0,0,1,0
823163,2026-03-26,CLE,away,700932,Kyle Manzardo,4,0,1,0,0,0,0,1,1,0
823163,2026-03-26,CLE,away,656555,Rhys Hoskins,3,1,3,1,0,0,0,1,0,0
823243,2026-03-27,SF,home,669477,Casey Schmitt,3,0,0,0,0,0,0,0,1,0
823243,2026-03-27,SF,home,671218,Heliot Ramos,3,0,1,1,0,0,0,0,2,0
823243,2026-03-27,SF,home,656305,Matt Chapman,2,0,0,0,0,0,0,2,1,0
823243,2026-03-27,SF,home,672275,Patrick Bailey,3,0,0,0,0,0,0,0,1,0
823243,2026-03-27,SF,home,808982,Jung Hoo Lee,3,0,0,0,0,0,0,0,1,0
823243,2026-03-27,SF,home,646240,Rafael Devers,4,0,0,0,0,0,0,0,3,0
823243,2026-03-27,SF,home,664056,Harrison Bader,3,0,0,0,0,0,0,0,1,0
823243,2026-03-27,SF,home,642715,Willy Adames,3,0,0,0,0,0,0,0,3,0
823243,2026-03-27,SF,home,650333,Luis Arraez,4,0,0,0,0,0,0,0,0,0
823243,2026-03-27,NYY,away,676609,José Caballero,4,0,2,0,0,0,0,0,0,1
823243,2026-03-27,NYY,away,642708,Amed Rosario,2,0,0,0,0,0,0,0,0,0
823243,2026-03-27,NYY,away,545341,Randal Grichuk,2,0,0,0,0,0,0,0,0,0
823243,2026-03-27,NYY,away,592450,Aaron Judge,4,1,1,0,0,1,2,0,2,0
823243,2026-03-27,NYY,away,641857,Ryan McMahon,1,0,0,0,0,0,0,1,1,0
823243,2026-03-27,NYY,away,502671,Paul Goldschmidt,5,1,1,1,0,0,0,0,0,0
823243,2026-03-27,NYY,away,669224,Austin Wells,4,0,0,0,0,0,0,0,1,0
823243,2026-03-27,NYY,away,641355,Cody Bellinger,3,0,1,0,0,0,0,1,0,0
823243,2026-03-27,NYY,away,519317,Giancarlo Stanton,4,1,2,0,0,1,1,0,1,0
823243,2026-03-27,NYY,away,665862,Jazz Chisholm Jr.,4,0,1,0,0,0,0,0,2,0
823243,2026-03-27,NYY,away,663757,Trent Grisham,1,0,0,0,0,0,0,1,0,0
822839,2026-03-27,TOR,home,676391,Ernie Clement,4,1,2,2,0,0,0,0,0,0
822839,2026-03-27,TOR,home,662139,Daulton Varsho,4,0,0,0,0,0,0,0,1,0
822839,2026-03-27,TOR,home,665926,Andrés Giménez,3,0,2,0,1,0,3,1,0,0
822839,2026-03-27,TOR,home,664770,Nathan Lukes,3,0,0,0,0,0,0,1,0,0
822839,2026-03-27,TOR,home,680718,Addison Barger,4,0,0,0,0,0,0,0,1,0
822839,2026-03-27,TOR,home,543807,George Springer,4,0,0,0,0,0,0,0,0,0
822839,2026-03-27,TOR,home,665489,Vladimir Guerrero Jr.,3,0,1,0,0,0,0,1,0,0
822839,2026-03-27,TOR,home,664702,Myles Straw,0,0,0,0,0,0,0,0,0,0
822839,2026-03-27,TOR,home,672386,Alejandro Kirk,4,0,0,0,0,0,0,0,0,0
822839,2026-03-27,TOR,home,672960,Kazuma Okamoto,3,2,2,0,0,0,0,1,1,0
822839,2026-03-27,OAK,away,671732,Lawrence Butler,3,0,0,0,0,0,0,0,1,0
822839,2026-03-27,OAK,away,667670,Brent Rooker,4,0,0,0,0,0,0,0,3,0
822839,2026-03-27,OAK,away,643446,Jeff McNeil,2,0,0,0,0,0,0,1,1,0
822839,2026-03-27,OAK,away,666126,Carlos Cortes,1,0,0,0,0,0,0,0,0,0
822839,2026-03-27,OAK,away,691777,Max Muncy,3,0,0,0,0,0,0,0,2,0
822839,2026-03-27,OAK,away,672016,Denzel Clarke,2,0,0,0,0,0,0,0,1,0
822839,2026-03-27,OAK,away,691016,Tyler Soderstrom,3,0,0,0,0,0,0,1,2,0
822839,2026-03-27,OAK,away,701762,Nick Kurtz,4,0,0,0,0,0,0,0,3,0
822839,2026-03-27,OAK,away,669127,Shea Langeliers,4,2,3,0,0,2,2,0,1,0
822839,2026-03-27,OAK,away,805779,Jacob Wilson,4,0,0,0,0,0,0,0,2,0
823893,2026-03-27,MIA,home,665052,Griffin Conine,1,0,0,0,0,0,0,0,0,0
823893,2026-03-27,MIA,home,681715,Heriberto Hernández,4,0,0,0,0,0,0,0,0,0
823893,2026-03-27,MIA,home,805300,Jakob Marsee,4,0,1,1,0,0,0,0,0,1
823893,2026-03-27,MIA,home,691594,Javier Sanoja,3,0,3,0,0,0,1,0,0,0
823893,2026-03-27,MIA,home,669364,Xavier Edwards,4,1,1,0,0,0,0,0,0,0
823893,2026-03-27,MIA,home,688363,Graham Pauley,0,0,0,0,0,0,0,0,0,0
823893,2026-03-27,MIA,home,683357,Owen Caissie,4,1,1,1,0,0,1,0,2,0
823893,2026-03-27,MIA,home,682663,Agustín Ramírez,3,0,0,0,0,0,0,1,0,0
823893,2026-03-27,MIA,home,681393,Connor Norby,3,0,2,1,0,0,0,0,0,0
823893,2026-03-27,MIA,home,596103,Austin Slater,3,0,0,0,0,0,0,0,1,0
823893,2026-03-27,MIA,home,672640,Otto Lopez,3,0,0,0,0,0,0,1,1,0
823893,2026-03-27,COL,away,664983,Jake McCarthy,3,0,1,0,0,0,0,0,1,1
823893,2026-03-27,COL,away,690924,Braxton Fulford,1,0,0,0,0,0,0,0,1,0
823893,2026-03-27,COL,away,650489,Willi Castro,4,1,0,0,0,0,0,0,2,0
823893,2026-03-27,COL,away,690022,Ryan Ritter,1,0,0,0,0,0,0,0,1,0
823893,2026-03-27,COL,away,666397,Edouard Julien,2,0,0,0,0,0,0,0,1,0
823893,2026-03-27,COL,away,696100,Hunter Goodman,4,0,2,0,0,0,0,0,0,0
823893,2026-03-27,COL,away,664954,Brett Sullivan,0,0,0,0,0,0,0,0,0,0
823893,2026-03-27,COL,away,687597,Jordan Beck,3,0,1,0,0,0,1,1,0,0
823893,2026-03-27,COL,away,686668,Brenton Doyle,4,0,0,0,0,0,0,0,2,0
823893,2026-03-27,COL,away,678662,Ezequiel Tovar,4,0,1,0,0,0,0,0,1,0
823893,2026-03-27,COL,away,681198,TJ Rumfield,3,0,1,0,0,0,0,1,0,0
823893,2026-03-27,COL,away,691720,Kyle Karros,3,0,1,0,0,0,0,0,0,0
824946,2026-03-27,ATL,home,641680,Jonah Heim,2,1,0,0,0,0,0,2,0,0
824946,2026-03-27,ATL,home,671739,Michael Harris II,4,1,1,0,0,1,2,0,1,0
824946,2026-03-27,ATL,home,643289,Mauricio Dubón,4,0,1,1,0,0,2,0,2,0
824946,2026-03-27,ATL,home,686948,Drake Baldwin,4,1,1,0,0,1,1,1,0,0
824946,2026-03-27,ATL,home,621566,Matt Olson,4,1,2,1,0,0,0,0,2,0
824946,2026-03-27,ATL,home,660670,Ronald Acuña Jr.,5,0,0,0,0,0,0,0,3,0
824946,2026-03-27,ATL,home,642201,Eli White,4,0,1,0,0,0,0,0,2,0
824946,2026-03-27,ATL,home,645277,Ozzie Albies,4,1,2,0,0,1,1,0,0,0
824946,2026-03-27,ATL,home,663586,Austin Riley,3,1,3,0,0,0,0,1,0,0
824946,2026-03-27,KC,away,695600,Carter Jensen,3,0,0,0,0,0,0,0,1,0
824946,2026-03-27,KC,away,663697,Jonathan India,3,0,0,0,0,0,0,1,1,0
824946,2026-03-27,KC,away,686555,Isaac Collins,3,0,0,0,0,0,0,0,0,0
824946,2026-03-27,KC,away,521692,Salvador Perez,4,0,1,0,0,0,0,0,0,0
824946,2026-03-27,KC,away,516782,Starling Marte,3,0,0,0,0,0,0,0,1,0
824946,2026-03-27,KC,away,686469,Vinnie Pasquantino,3,0,0,0,0,0,0,0,0,0
824946,2026-03-27,KC,away,672580,Maikel Garcia,3,0,1,0,0,0,0,1,1,1
824946,2026-03-27,KC,away,657041,Lane Thomas,3,0,1,0,0,0,0,1,2,0
824946,2026-03-27,KC,away,695506,Jac Caglianone,1,0,0,0,0,0,0,0,1,0
824946,2026-03-27,KC,away,677951,Bobby Witt Jr.,4,0,2,0,0,0,0,0,1,0
824216,2026-03-27,HOU,home,670623,Isaac Paredes,4,0,0,0,0,0,0,0,2,0
824216,2026-03-27,HOU,home,701358,Cam Smith,4,0,0,0,0,0,0,0,2,0
824216,2026-03-27,HOU,home,694728,Brice Matthews,3,0,1,1,0,0,0,0,2,0
824216,2026-03-27,HOU,home,514888,Jose Altuve,3,0,1,0,0,0,0,1,1,1
824216,2026-03-27,HOU,home,694388,Joey Loperfido,1,0,0,0,0,0,0,0,1,0
824216,2026-03-27,HOU,home,665161,Jeremy Peña,5,1,2,0,0,0,0,0,0,1
824216,2026-03-27,HOU,home,621043,Carlos Correa,3,0,2,0,0,0,0,1,0,0
824216,2026-03-27,HOU,home,572233,Christian Walker,3,0,0,0,0,0,0,1,0,0
824216,2026-03-27,HOU,home,673237,Yainer Diaz,4,0,1,0,0,0,0,0,1,0
824216,2026-03-27,HOU,home,670541,Yordan Alvarez,5,1,1,0,0,1,1,0,1,0
824216,2026-03-27,LAA,away,672724,Oswald Peraza,3,0,0,0,0,0,0,1,2,0
824216,2026-03-27,LAA,away,687263,Zach Neto,5,2,2,1,0,1,1,0,1,0
824216,2026-03-27,LAA,away,624585,Jorge Soler,4,0,0,0,0,0,0,1,2,0
824216,2026-03-27,LAA,away,660162,Yoán Moncada,4,1,0,0,0,0,0,1,1,0
824216,2026-03-27,LAA,away,545361,Mike Trout,4,1,3,0,0,1,1,1,0,0
824216,2026-03-27,LAA,away,666176,Jo Adell,5,1,1,0,0,0,0,0,2,0
824216,2026-03-27,LAA,away,694384,Nolan Schanuel,3,0,2,0,0,0,0,2,0,0
824216,2026-03-27,LAA,away,666139,Josh Lowe,4,1,2,1,0,1,3,0,1,0
824216,2026-03-27,LAA,away,669326,Bryce Teodosio,0,0,0,0,0,0,0,0,0,0
824216,2026-03-27,LAA,away,681351,Logan O'Hoppe,4,0,1,0,0,0,0,0,2,0
823324,2026-03-27,SD,home,669134,Luis Campusano,3,0,0,0,0,0,0,0,3,0
823324,2026-03-27,SD,home,592206,Nick Castellanos,1,0,0,0,0,0,0,0,1,0
823324,2026-03-27,SD,home,701538,Jackson Merrill,3,1,2,1,0,0,0,1,0,0
823324,2026-03-27,SD,home,657757,Gavin Sheets,1,0,0,0,0,0,0,0,1,0
823324,2026-03-27,SD,home,657656,Ramón Laureano,4,0,1,1,0,0,1,0,1,0
823324,2026-03-27,SD,home,592518,Manny Machado,3,1,1,1,0,0,0,1,0,0
823324,2026-03-27,SD,home,609280,Miguel Andujar,4,0,1,0,0,0,1,0,1,0
823324,2026-03-27,SD,home,665487,Fernando Tatis Jr.,4,0,0,0,0,0,0,0,1,0
823324,2026-03-27,SD,home,664034,Ty France,3,0,0,0,0,0,0,0,2,0
823324,2026-03-27,SD,home,593428,Xander Bogaerts,4,0,1,0,0,0,0,0,0,0
823324,2026-03-27,SD,home,630105,Jake Cronenworth,4,0,2,0,0,0,0,0,2,0
823324,2026-03-27,DET,away,656716,Zach McKinstry,2,0,1,0,0,0,0,0,0,0
823324,2026-03-27,DET,away,663330,Jahmai Jones,1,0,0,0,0,0,0,0,0,0
823324,2026-03-27,DET,away,682985,Riley Greene,5,1,1,0,0,0,1,0,0,0
823324,2026-03-27,DET,away,595879,Javier Báez,4,0,0,0,0,0,0,0,1,0
823324,2026-03-27,DET,away,805808,Kevin McGonigle,3,0,1,0,0,0,2,1,0,0
823324,2026-03-27,DET,away,681481,Kerry Carpenter,3,1,0,0,0,0,0,2,3,0
823324,2026-03-27,DET,away,679529,Spencer Torkelson,4,0,1,0,0,0,1,0,2,0
823324,2026-03-27,DET,away,650402,Gleyber Torres,2,2,1,0,0,0,0,3,1,0
823324,2026-03-27,DET,away,663837,Matt Vierling,2,0,0,0,0,0,0,0,0,0
823324,2026-03-27,DET,away,678009,Parker Meadows,1,0,0,0,0,0,0,1,1,1
823324,2026-03-27,DET,away,693307,Dillon Dingler,3,0,1,0,0,0,1,0,1,0
823324,2026-03-27,DET,away,690993,Colt Keith,1,1,0,0,0,0,0,1,0,0
823162,2026-03-27,SEA,home,647304,Josh Naylor,4,0,0,0,0,0,0,0,0,0
823162,2026-03-27,SEA,home,702284,Cole Young,3,1,1,0,0,1,3,0,1,0
823162,2026-03-27,SEA,home,668227,Randy Arozarena,1,2,0,0,0,0,0,3,0,1
823162,2026-03-27,SEA,home,686527,Dominic Canzone,2,1,0,0,0,0,0,1,0,0
823162,2026-03-27,SEA,home,663728,Cal Raleigh,4,0,0,0,0,0,0,0,4,0
823162,2026-03-27,SEA,home,680977,Brendan Donovan,2,0,0,0,0,0,0,2,1,0
823162,2026-03-27,SEA,home,677594,Julio Rodríguez,3,0,0,0,0,0,0,1,2,0
823162,2026-03-27,SEA,home,660844,Leo Rivas,3,0,1,0,1,0,0,0,1,0
823162,2026-03-27,SEA,home,670042,Luke Raley,4,1,1,0,0,1,2,0,1,0
823162,2026-03-27,CLE,away,800050,Chase DeLauter,4,1,1,0,0,1,1,0,1,0
823162,2026-03-27,CLE,away,677587,Brayan Rocchio,2,0,0,0,0,0,0,0,0,0
823162,2026-03-27,CLE,away,672356,Gabriel Arias,3,0,0,0,0,0,0,0,2,0
823162,2026-03-27,CLE,away,666310,Bo Naylor,3,0,1,0,0,0,0,1,0,0
823162,2026-03-27,CLE,away,608070,José Ramírez,4,0,0,0,0,0,0,0,0,0
823162,2026-03-27,CLE,away,680757,Steven Kwan,4,0,2,0,0,0,0,0,0,0
823162,2026-03-27,CLE,away,700932,Kyle Manzardo,4,0,0,0,0,0,0,0,4,0
823162,2026-03-27,CLE,away,656555,Rhys Hoskins,3,0,0,0,0,0,0,1,2,0
823162,2026-03-27,CLE,away,692216,CJ Kayfus,3,0,0,0,0,0,0,1,0,0
823971,2026-03-27,LAD,home,669257,Will Smith,3,0,0,0,0,0,0,0,0,0
823971,2026-03-27,LAD,home,663656,Kyle Tucker,3,1,1,0,0,0,1,1,2,1
823971,2026-03-27,LAD,home,571970,Max Muncy,2,0,0,0,0,0,0,1,1,0
823971,2026-03-27,LAD,home,518692,Freddie Freeman,4,0,0,0,0,0,0,0,0,0
823971,2026-03-27,LAD,home,660271,Shohei Ohtani,3,1,0,0,0,0,0,1,1,0
823971,2026-03-27,LAD,home,606192,Teoscar Hernández,3,0,0,0,0,0,0,0,1,0
823971,2026-03-27,LAD,home,681624,Andy Pages,3,0,0,0,0,0,0,0,0,0
823971,2026-03-27,LAD,home,605141,Mookie Betts,4,1,1,0,0,1,3,0,0,0
823971,2026-03-27,LAD,home,690976,Alex Freeland,3,2,2,1,0,1,1,0,0,0
823971,2026-03-27,ARI,away,691783,Jordan Lawlar,4,0,0,0,0,0,0,0,2,0
823971,2026-03-27,ARI,away,571448,Nolan Arenado,4,0,0,0,0,0,0,0,4,0
823971,2026-03-27,ARI,away,606466,Ketel Marte,5,1,2,0,0,1,1,0,1,0
823971,2026-03-27,ARI,away,672695,Geraldo Perdomo,4,0,1,1,0,0,0,0,1,0
823971,2026-03-27,ARI,away,672515,Gabriel Moreno,4,1,2,0,0,0,0,0,0,0
823971,2026-03-27,ARI,away,682998,Corbin Carroll,4,0,0,0,0,0,0,0,2,0
823971,2026-03-27,ARI,away,656976,Pavin Smith,2,1,0,0,0,0,0,2,0,0
823971,2026-03-27,ARI,away,467793,Carlos Santana,3,1,1,1,0,0,0,1,1,0
823971,2026-03-27,ARI,away,677950,Alek Thomas,3,0,2,2,0,0,3,1,1,1
823082,2026-03-28,STL,home,669357,Nolan Gorman,4,0,1,0,0,0,1,0,1,0
823082,2026-03-28,STL,home,691023,Jordan Walker,2,2,0,0,0,0,0,2,0,0
823082,2026-03-28,STL,home,701675,Nathan Church,4,1,0,0,0,0,0,0,1,0
823082,2026-03-28,STL,home,687363,Victor Scott II,2,1,0,0,0,0,0,0,1,0
823082,2026-03-28,STL,home,665877,José Fermín,0,0,0,0,0,0,0,0,0,0
823082,2026-03-28,STL,home,802139,JJ Wetherholt,5,1,2,0,0,0,2,0,0,1
823082,2026-03-28,STL,home,676475,Alec Burleson,3,1,1,0,0,0,2,0,0,1
823082,2026-03-28,STL,home,686780,Pedro Pagés,0,0,0,0,0,0,0,0,0,0
823082,2026-03-28,STL,home,602104,Ramón Urías,4,0,1,1,0,0,0,0,2,0
823082,2026-03-28,STL,home,691026,Masyn Winn,4,0,0,0,0,0,0,0,2,0
823082,2026-03-28,STL,home,671056,Iván Herrera,4,0,1,1,0,0,1,0,1,0
823082,2026-03-28,TB,away,700246,Carson Williams,4,1,1,0,0,0,2,0,1,0
823082,2026-03-28,TB,away,680700,Richie Palacios,2,0,0,0,0,0,0,0,0,0
823082,2026-03-28,TB,away,641584,Jake Fraley,5,0,0,0,0,0,0,0,2,0
823082,2026-03-28,TB,away,802415,Chandler Simpson,4,1,2,0,0,0,0,0,1,0
823082,2026-03-28,TB,away,676356,Jonny DeLuca,0,0,0,0,0,0,0,0,0,0
823082,2026-03-28,TB,away,676439,Hunter Feduccia,2,0,0,0,0,0,0,0,2,0
823082,2026-03-28,TB,away,666018,Jonathan Aranda,3,1,1,0,0,0,0,2,1,0
823082,2026-03-28,TB,away,663743,Nick Fortes,2,0,1,0,0,0,1,0,0,0
823082,2026-03-28,TB,away,650490,Yandy Díaz,5,0,1,0,0,0,1,0,1,0
823082,2026-03-28,TB,away,810938,Ben Williamson,2,1,0,0,0,0,0,0,0,0
823082,2026-03-28,TB,away,691406,Junior Caminero,3,1,1,0,0,0,0,1,0,0
823082,2026-03-28,TB,away,656775,Cedric Mullins,4,0,0,0,0,0,0,0,0,0
824701,2026-03-28,CHC,home,664023,Ian Happ,5,1,1,0,0,1,3,0,1,0
824701,2026-03-28,CHC,home,608324,Alex Bregman,5,0,0,0,0,0,0,0,1,0
824701,2026-03-28,CHC,home,683737,Michael Busch,4,1,1,0,0,0,0,1,0,0
824701,2026-03-28,CHC,home,608348,Carson Kelly,0,0,0,0,0,0,1,1,0,0
824701,2026-03-28,CHC,home,691718,Pete Crow-Armstrong,4,2,2,0,0,0,0,1,1,2
824701,2026-03-28,CHC,home,665804,Miguel Amaya,4,2,2,0,0,1,2,0,1,0
824701,2026-03-28,CHC,home,694208,Moisés Ballesteros,3,1,1,0,0,0,0,0,2,0
824701,2026-03-28,CHC,home,621020,Dansby Swanson,3,1,1,0,0,0,0,1,0,0
824701,2026-03-28,CHC,home,663538,Nico Hoerner,3,1,1,1,0,0,1,2,0,1
824701,2026-03-28,CHC,home,807713,Matt Shaw,3,1,1,0,0,0,1,0,1,0
824701,2026-03-28,WSH,away,691781,Brady House,3,1,0,0,0,0,0,1,2,0
824701,2026-03-28,WSH,away,683083,Nasim Nuñez,3,0,1,0,0,0,1,0,1,0
824701,2026-03-28,WSH,away,665953,Andrés Chaparro,0,0,0,0,0,0,0,1,0,0
824701,2026-03-28,WSH,away,686452,Drew Millas,3,0,0,0,0,0,0,1,1,0
824701,2026-03-28,WSH,away,678391,Jorbit Vivas,3,0,0,0,0,0,0,0,0,0
824701,2026-03-28,WSH,away,695734,Daylen Lile,3,0,1,0,0,0,0,1,0,0
824701,2026-03-28,WSH,away,677588,José Tena,2,0,0,0,0,0,0,0,0,0
824701,2026-03-28,WSH,away,695578,James Wood,4,1,1,0,0,1,1,0,1,0
824701,2026-03-28,WSH,away,696285,Jacob Young,3,0,0,0,0,0,0,0,1,0
824701,2026-03-28,WSH,away,671277,Luis García Jr.,4,0,1,0,0,0,0,0,0,0
822838,2026-03-28,TOR,home,676391,Ernie Clement,6,0,2,0,0,0,1,0,0,0
822838,2026-03-28,TOR,home,662139,Daulton Varsho,4,1,2,0,0,0,1,2,0,0
822838,2026-03-28,TOR,home,665926,Andrés Giménez,5,0,4,0,0,0,1,0,0,1
822838,2026-03-28,TOR,home,676914,Davis Schneider,3,0,0,0,0,0,0,0,1,0
822838,2026-03-28,TOR,home,664770,Nathan Lukes,0,1,0,0,0,0,0,0,0,0
822838,2026-03-28,TOR,home,680718,Addison Barger,1,0,0,0,0,0,1,1,0,0
822838,2026-03-28,TOR,home,543807,George Springer,6,0,1,1,0,0,1,0,3,0
822838,2026-03-28,TOR,home,665489,Vladimir Guerrero Jr.,3,1,1,0,0,0,1,3,0,0
822838,2026-03-28,TOR,home,660821,Jesús Sánchez,2,2,1,0,0,0,1,0,0,0
822838,2026-03-28,TOR,home,664702,Myles Straw,2,1,1,0,0,0,0,0,0,0
822838,2026-03-28,TOR,home,672386,Alejandro Kirk,5,2,1,0,0,1,1,1,1,0
822838,2026-03-28,TOR,home,672960,Kazuma Okamoto,5,0,1,0,0,0,0,1,2,0
822838,2026-03-28,OAK,away,667670,Brent Rooker,5,0,1,0,0,0,1,0,3,0
822838,2026-03-28,OAK,away,643446,Jeff McNeil,5,1,1,0,0,0,0,0,1,1
822838,2026-03-28,OAK,away,666126,Carlos Cortes,2,0,0,0,0,0,0,0,1,0
822838,2026-03-28,OAK,away,691777,Max Muncy,5,1,1,0,0,0,0,0,3,1
822838,2026-03-28,OAK,away,672016,Denzel Clarke,5,1,1,0,0,0,1,0,3,0
822838,2026-03-28,OAK,away,691016,Tyler Soderstrom,5,0,2,1,0,0,1,0,2,0
822838,2026-03-28,OAK,away,687231,Darell Hernaiz,0,0,0,0,0,0,0,0,0,0
822838,2026-03-28,OAK,away,701762,Nick Kurtz,2,3,0,0,0,0,0,3,2,1
822838,2026-03-28,OAK,away,669127,Shea Langeliers,4,1,2,0,0,1,4,1,1,0
822838,2026-03-28,OAK,away,628451,Andy Ibáñez,2,0,0,0,0,0,0,1,1,0
822838,2026-03-28,OAK,away,805779,Jacob Wilson,5,0,0,0,0,0,0,0,2,0
824862,2026-03-28,BAL,home,669236,Jeremiah Jackson,4,0,2,0,0,0,1,0,1,0
824862,2026-03-28,BAL,home,694212,Samuel Basallo,3,0,0,0,0,0,0,1,2,0
824862,2026-03-28,BAL,home,683002,Gunnar Henderson,4,0,0,0,0,0,0,0,3,1
824862,2026-03-28,BAL,home,665750,Leody Taveras,1,0,0,0,0,0,0,0,1,0
824862,2026-03-28,BAL,home,621493,Taylor Ward,3,0,0,0,0,0,0,2,2,0
824862,2026-03-28,BAL,home,687637,Dylan Beavers,2,0,0,0,0,0,0,0,1,0
824862,2026-03-28,BAL,home,663624,Ryan Mountcastle,1,0,1,0,0,0,0,0,0,0
824862,2026-03-28,BAL,home,668939,Adley Rutschman,2,0,0,0,0,0,0,2,1,0
824862,2026-03-28,BAL,home,641933,Tyler O'Neill,2,0,0,0,0,0,0,0,1,0
824862,2026-03-28,BAL,home,624413,Pete Alonso,5,0,1,0,0,0,0,0,2,0
824862,2026-03-28,BAL,home,681297,Colton Cowser,2,1,1,1,0,0,0,0,1,0
824862,2026-03-28,BAL,home,691723,Coby Mayo,3,0,0,0,0,0,0,1,1,0
824862,2026-03-28,MIN,away,665019,Kody Clemens,4,0,1,0,0,0,1,0,2,0
824862,2026-03-28,MIN,away,686797,Brooks Lee,3,0,0,0,0,0,0,0,1,0
824862,2026-03-28,MIN,away,605137,Josh Bell,3,0,0,0,0,0,1,0,1,0
824862,2026-03-28,MIN,away,680777,Ryan Jeffers,3,0,0,0,0,0,0,1,2,0
824862,2026-03-28,MIN,away,681546,James Outman,1,0,0,0,0,0,0,0,0,0
824862,2026-03-28,MIN,away,668904,Royce Lewis,3,2,1,0,0,1,2,1,1,1
824862,2026-03-28,MIN,away,663616,Trevor Larnach,2,1,0,0,0,0,0,1,0,0
824862,2026-03-28,MIN,away,621439,Byron Buxton,4,1,2,0,0,0,0,0,1,0
824862,2026-03-28,MIN,away,670242,Matt Wallner,3,0,0,0,0,0,0,1,1,0
824862,2026-03-28,MIN,away,807712,Luke Keaschall,4,0,0,0,0,0,0,0,1,0
823488,2026-03-28,PHI,home,669016,Brandon Marsh,4,0,1,0,0,0,2,0,1,0
823488,2026-03-28,PHI,home,702222,Justin Crawford,2,0,0,0,0,0,0,1,1,0
823488,2026-03-28,PHI,home,547180,Bryce Harper,5,0,1,0,0,0,1,0,0,0
823488,2026-03-28,PHI,home,592663,J.T. Realmuto,4,1,1,0,0,0,0,0,2,0
823488,2026-03-28,PHI,home,624641,Edmundo Sosa,0,1,0,0,0,0,0,1,0,0
823488,2026-03-28,PHI,home,664761,Alec Bohm,5,1,1,0,0,0,0,0,0,0
823488,2026-03-28,PHI,home,681082,Bryson Stott,2,0,0,0,0,0,0,1,0,0
823488,2026-03-28,PHI,home,656941,Kyle Schwarber,5,0,0,0,0,0,0,0,4,0
823488,2026-03-28,PHI,home,805249,Otto Kemp,0,0,0,0,0,0,0,0,0,0
823488,2026-03-28,PHI,home,666969,Adolis García,4,1,1,1,0,0,1,0,1,0
823488,2026-03-28,PHI,home,607208,Trea Turner,5,0,0,0,0,0,0,0,2,0
823488,2026-03-28,TEX,away,694497,Evan Carter,4,0,1,0,0,0,0,0,1,0
823488,2026-03-28,TEX,away,694671,Wyatt Langford,5,1,1,0,0,0,0,0,1,0
823488,2026-03-28,TEX,away,669394,Jake Burger,5,1,2,0,0,1,2,0,3,0
823488,2026-03-28,TEX,away,592626,Joc Pederson,1,0,0,0,0,0,0,1,0,0
823488,2026-03-28,TEX,away,608369,Corey Seager,4,1,2,0,0,1,1,1,2,0
823488,2026-03-28,TEX,away,673962,Josh Jung,4,0,0,0,0,0,0,0,1,0
823488,2026-03-28,TEX,away,457705,Andrew McCutchen,3,0,1,0,0,0,1,0,0,0
823488,2026-03-28,TEX,away,607043,Brandon Nimmo,5,2,2,0,0,0,0,0,1,1
823488,2026-03-28,TEX,away,669701,Josh Smith,4,0,1,0,0,0,0,1,1,0
823488,2026-03-28,TEX,away,643376,Danny Jansen,4,0,0,0,0,0,0,0,3,0
824540,2026-03-28,CIN,home,682829,Elly De La Cruz,4,1,1,0,0,1,1,2,2,0
824540,2026-03-28,CIN,home,667472,Dane Myers,1,0,1,0,0,0,1,0,0,0
824540,2026-03-28,CIN,home,701398,Sal Stewart,4,1,2,0,0,1,2,1,0,0
824540,2026-03-28,CIN,home,682622,Noelvi Marte,1,0,0,0,0,0,0,0,1,0
824540,2026-03-28,CIN,home,663993,Nathaniel Lowe,1,0,0,0,0,0,0,0,0,0
824540,2026-03-28,CIN,home,680574,Matt McLain,4,1,3,1,0,0,1,2,0,0
824540,2026-03-28,CIN,home,663647,Ke'Bryan Hayes,4,1,0,0,0,0,0,0,0,0
824540,2026-03-28,CIN,home,666181,Will Benson,3,0,1,0,0,0,0,1,1,0
824540,2026-03-28,CIN,home,670770,TJ Friedl,6,2,1,0,0,0,0,0,4,1
824540,2026-03-28,CIN,home,668715,Spencer Steer,4,0,0,0,0,0,0,1,1,0
824540,2026-03-28,CIN,home,624431,Jose Trevino,5,0,0,0,0,0,0,0,2,0
824540,2026-03-28,CIN,home,553993,Eugenio Suárez,5,0,1,0,0,0,1,0,1,0
824540,2026-03-28,BOS,away,701350,Roman Anthony,5,0,1,0,0,0,1,1,2,0
824540,2026-03-28,BOS,away,575929,Willson Contreras,2,0,0,0,0,0,0,2,2,0
824540,2026-03-28,BOS,away,657136,Connor Wong,1,0,0,0,0,0,0,0,1,0
824540,2026-03-28,BOS,away,596115,Trevor Story,6,1,1,0,0,1,1,0,4,0
824540,2026-03-28,BOS,away,677800,Wilyer Abreu,5,1,2,1,0,1,2,0,0,0
824540,2026-03-28,BOS,away,702332,Caleb Durbin,5,0,0,0,0,0,0,0,1,0
824540,2026-03-28,BOS,away,665966,Carlos Narváez,3,1,2,0,0,0,0,0,0,0
824540,2026-03-28,BOS,away,680776,Jarren Duran,3,1,0,0,0,0,0,1,1,1
824540,2026-03-28,BOS,away,678882,Ceddanne Rafaela,5,1,1,0,0,0,0,0,1,0
824540,2026-03-28,BOS,away,807799,Masataka Yoshida,0,0,0,0,0,0,0,1,0,0
824540,2026-03-28,BOS,away,691785,Marcelo Mayer,5,0,1,1,0,0,0,0,3,0
823651,2026-03-28,NYM,home,620443,Luis Torrens,1,0,1,0,0,0,1,0,0,0
823651,2026-03-28,NYM,home,666182,Bo Bichette,5,1,1,0,0,0,0,0,2,0
823651,2026-03-28,NYM,home,621438,Tyrone Taylor,0,0,0,0,0,0,0,0,0,0
823651,2026-03-28,NYM,home,682626,Francisco Alvarez,2,0,0,0,0,0,0,1,1,0
823651,2026-03-28,NYM,home,668901,Mark Vientos,1,0,1,0,0,0,0,0,0,0
823651,2026-03-28,NYM,home,683146,Brett Baty,4,1,1,0,0,0,0,0,1,1
823651,2026-03-28,NYM,home,701807,Carson Benge,3,0,0,0,0,0,0,0,2,0
823651,2026-03-28,NYM,home,543760,Marcus Semien,3,0,0,0,0,0,0,0,1,0
823651,2026-03-28,NYM,home,596019,Francisco Lindor,5,0,0,0,0,0,0,0,1,0
823651,2026-03-28,NYM,home,665742,Juan Soto,5,0,1,0,0,0,0,0,0,0
823651,2026-03-28,NYM,home,593871,Jorge Polanco,2,1,0,0,0,0,0,3,0,0
823651,2026-03-28,NYM,home,673357,Luis Robert Jr.,4,1,1,0,0,1,3,1,0,0
823651,2026-03-28,NYM,home,676724,Jared Young,0,0,0,0,0,0,0,0,0,0
823651,2026-03-28,PIT,away,694377,Nick Yorke,5,0,1,0,0,0,0,0,1,0
823651,2026-03-28,PIT,away,664040,Brandon Lowe,5,0,1,0,0,0,0,0,1,0
823651,2026-03-28,PIT,away,663698,Joey Bart,3,0,1,0,0,0,0,0,1,0
823651,2026-03-28,PIT,away,668804,Bryan Reynolds,5,1,2,0,0,0,1,1,2,0
823651,2026-03-28,PIT,away,665833,Oneil Cruz,1,0,0,0,0,0,0,0,1,0
823651,2026-03-28,PIT,away,669707,Jared Triolo,6,0,1,0,0,0,0,0,0,0
823651,2026-03-28,PIT,away,663968,Jake Mangum,5,1,2,1,0,0,0,0,0,0
823651,2026-03-28,PIT,away,695257,Billy Cook,0,0,0,0,0,0,0,0,0,0
823651,2026-03-28,PIT,away,680779,Henry Davis,0,0,0,0,0,0,0,1,0,0
823651,2026-03-28,PIT,away,656811,Ryan O'Hearn,5,0,1,0,0,0,0,1,0,0
823651,2026-03-28,PIT,away,693304,Nick Gonzales,6,0,2,0,0,0,1,0,3,0
823651,2026-03-28,PIT,away,542303,Marcell Ozuna,5,0,1,0,0,0,0,1,0,0
823892,2026-03-28,MIA,home,665052,Griffin Conine,4,0,1,0,0,0,0,0,1,1
823892,2026-03-28,MIA,home,805300,Jakob Marsee,4,0,0,0,0,0,0,0,3,0
823892,2026-03-28,MIA,home,669364,Xavier Edwards,4,1,1,0,0,0,0,0,0,0
823892,2026-03-28,MIA,home,688363,Graham Pauley,4,0,1,0,0,0,0,0,2,0
823892,2026-03-28,MIA,home,689414,Liam Hicks,2,1,1,0,0,1,3,0,0,0
823892,2026-03-28,MIA,home,683357,Owen Caissie,4,0,3,1,0,0,1,0,0,1
823892,2026-03-28,MIA,home,682663,Agustín Ramírez,3,1,2,0,0,0,0,1,0,1
823892,2026-03-28,MIA,home,681393,Connor Norby,3,0,0,0,0,0,0,0,1,0
823892,2026-03-28,MIA,home,672640,Otto Lopez,4,1,1,0,0,0,0,0,0,1
823892,2026-03-28,COL,away,664983,Jake McCarthy,4,0,0,0,0,0,0,0,1,0
823892,2026-03-28,COL,away,687859,Troy Johnston,3,0,1,0,0,0,0,0,1,0
823892,2026-03-28,COL,away,650489,Willi Castro,4,1,1,0,0,0,0,0,1,0
823892,2026-03-28,COL,away,690022,Ryan Ritter,1,0,0,0,0,0,0,0,1,0
823892,2026-03-28,COL,away,666397,Edouard Julien,3,0,1,1,0,0,0,0,1,0
823892,2026-03-28,COL,away,696100,Hunter Goodman,4,0,1,0,0,0,0,0,1,0
823892,2026-03-28,COL,away,686668,Brenton Doyle,3,0,0,0,0,0,0,1,0,1
823892,2026-03-28,COL,away,678662,Ezequiel Tovar,4,1,1,0,0,1,2,0,1,0
823892,2026-03-28,COL,away,681198,TJ Rumfield,4,1,1,0,0,1,1,0,1,0
823892,2026-03-28,COL,away,691720,Kyle Karros,3,0,0,0,0,0,0,0,2,1
824213,2026-03-28,HOU,home,670623,Isaac Paredes,4,2,1,1,0,0,2,1,1,0
824213,2026-03-28,HOU,home,669397,Nick Allen,0,0,0,0,0,0,0,0,0,0
824213,2026-03-28,HOU,home,701358,Cam Smith,4,1,1,0,0,0,0,1,1,0
824213,2026-03-28,HOU,home,676694,Jake Meyers,5,2,2,1,0,0,2,0,1,1
824213,2026-03-28,HOU,home,694728,Brice Matthews,2,0,0,0,0,0,0,0,2,0
824213,2026-03-28,HOU,home,514888,Jose Altuve,4,1,1,0,0,0,0,1,2,0
824213,2026-03-28,HOU,home,694388,Joey Loperfido,2,1,1,0,0,0,0,0,0,0
824213,2026-03-28,HOU,home,621043,Carlos Correa,5,1,2,0,0,0,2,0,1,0
824213,2026-03-28,HOU,home,572233,Christian Walker,4,1,2,1,0,0,1,1,1,0
824213,2026-03-28,HOU,home,673237,Yainer Diaz,5,1,1,0,0,0,2,0,2,0
824213,2026-03-28,HOU,home,670541,Yordan Alvarez,3,1,2,1,0,0,0,1,1,0
824213,2026-03-28,LAA,away,672724,Oswald Peraza,4,2,3,0,0,1,1,0,1,0
824213,2026-03-28,LAA,away,687263,Zach Neto,3,2,0,0,0,0,0,2,1,1
824213,2026-03-28,LAA,away,624585,Jorge Soler,2,1,1,0,0,1,2,3,1,0
824213,2026-03-28,LAA,away,660162,Yoán Moncada,3,0,0,0,0,0,0,0,1,0
824213,2026-03-28,LAA,away,545361,Mike Trout,3,2,1,0,0,0,1,2,0,0
824213,2026-03-28,LAA,away,666176,Jo Adell,4,0,0,0,0,0,0,0,0,0
824213,2026-03-28,LAA,away,694384,Nolan Schanuel,5,1,1,0,0,1,3,0,1,0
824213,2026-03-28,LAA,away,666139,Josh Lowe,3,0,0,0,0,0,0,1,2,0
824213,2026-03-28,LAA,away,681351,Logan O'Hoppe,3,1,0,0,0,0,0,0,1,0
823811,2026-03-28,MIL,home,687401,Joey Ortiz,4,0,2,0,0,0,1,0,1,2
823811,2026-03-28,MIL,home,592885,Christian Yelich,5,1,3,0,0,0,1,0,2,1
823811,2026-03-28,MIL,home,641343,Jake Bauers,5,1,1,0,0,0,0,0,2,0
823811,2026-03-28,MIL,home,686217,Sal Frelick,4,0,0,0,0,0,0,0,2,0
823811,2026-03-28,MIL,home,663604,Brandon Lockridge,3,0,1,0,0,0,1,1,1,0
823811,2026-03-28,MIL,home,669003,Garrett Mitchell,4,1,2,0,0,0,2,1,1,2
823811,2026-03-28,MIL,home,666152,David Hamilton,2,1,0,0,0,0,0,2,0,2
823811,2026-03-28,MIL,home,661388,William Contreras,4,0,0,0,0,0,0,1,0,0
823811,2026-03-28,MIL,home,668930,Brice Turang,5,2,3,2,0,0,0,0,0,0
823811,2026-03-28,CWS,away,672820,Lenyn Sosa,4,0,0,0,0,0,0,0,2,0
823811,2026-03-28,CWS,away,671976,Tristan Peters,2,0,1,1,0,0,0,0,1,0
823811,2026-03-28,CWS,away,682668,Luisangel Acuña,4,0,0,0,0,0,0,0,0,0
823811,2026-03-28,CWS,away,808959,Munetaka Murakami,3,1,1,0,0,1,1,1,1,0
823811,2026-03-28,CWS,away,805367,Chase Meidroth,4,0,2,1,0,0,0,0,0,0
823811,2026-03-28,CWS,away,695657,Colson Montgomery,3,0,1,0,0,0,0,1,1,0
823811,2026-03-28,CWS,away,669720,Austin Hays,2,0,1,1,0,0,0,0,0,0
823811,2026-03-28,CWS,away,624512,Reese McGuire,3,0,0,0,0,0,0,0,2,0
823811,2026-03-28,CWS,away,700337,Edgar Quero,1,0,0,0,0,0,0,0,1,0
823811,2026-03-28,CWS,away,643217,Andrew Benintendi,2,0,1,0,0,0,0,0,0,0
823811,2026-03-28,CWS,away,677592,Everson Pereira,3,0,0,0,0,0,0,1,2,0
823811,2026-03-28,CWS,away,678246,Miguel Vargas,1,0,0,0,0,0,0,1,1,0
824945,2026-03-28,ATL,home,671739,Michael Harris II,4,1,3,0,0,0,1,0,1,0
824945,2026-03-28,ATL,home,622761,Jorge Mateo,0,1,0,0,0,0,0,0,0,0
824945,2026-03-28,ATL,home,643289,Mauricio Dubón,2,0,0,0,0,0,0,1,0,0
824945,2026-03-28,ATL,home,686948,Drake Baldwin,3,1,0,0,0,0,0,1,1,0
824945,2026-03-28,ATL,home,621566,Matt Olson,4,0,1,0,0,0,0,0,3,0
824945,2026-03-28,ATL,home,642086,Dominic Smith,4,1,1,0,0,1,4,0,1,0
824945,2026-03-28,ATL,home,660670,Ronald Acuña Jr.,3,0,1,0,0,0,0,1,0,0
824945,2026-03-28,ATL,home,642201,Eli White,0,1,0,0,0,0,0,0,0,0
824945,2026-03-28,ATL,home,645277,Ozzie Albies,3,1,0,0,0,0,0,1,0,0
824945,2026-03-28,ATL,home,663586,Austin Riley,4,0,1,0,0,0,0,0,2,0
824945,2026-03-28,ATL,home,573262,Mike Yastrzemski,4,0,2,0,0,0,1,0,0,0
824945,2026-03-28,KC,away,695600,Carter Jensen,2,0,0,0,0,0,0,1,1,0
824945,2026-03-28,KC,away,663697,Jonathan India,4,0,0,0,0,0,0,0,2,0
824945,2026-03-28,KC,away,686475,Tyler Tolbert,1,0,0,0,0,0,0,0,1,0
824945,2026-03-28,KC,away,686555,Isaac Collins,3,0,0,0,0,0,0,1,2,0
824945,2026-03-28,KC,away,521692,Salvador Perez,4,1,1,0,0,1,1,0,0,0
824945,2026-03-28,KC,away,608032,Carlos Estévez,0,0,0,0,0,0,0,0,0,0
824945,2026-03-28,KC,away,686469,Vinnie Pasquantino,4,0,0,0,0,0,0,0,1,0
824945,2026-03-28,KC,away,664728,Kyle Isbel,3,0,1,0,0,0,0,0,0,1
824945,2026-03-28,KC,away,672580,Maikel Garcia,3,1,0,0,0,0,0,1,0,0
824945,2026-03-28,KC,away,657041,Lane Thomas,1,0,0,0,0,0,0,0,0,0
824945,2026-03-28,KC,away,695506,Jac Caglianone,3,0,2,1,0,0,0,0,0,0
824945,2026-03-28,KC,away,677951,Bobby Witt Jr.,4,0,1,0,0,0,0,0,1,1
823241,2026-03-28,SF,home,669477,Casey Schmitt,3,0,0,0,0,0,0,0,1,0
823241,2026-03-28,SF,home,671218,Heliot Ramos,3,0,1,0,0,0,0,1,1,0
823241,2026-03-28,SF,home,656305,Matt Chapman,4,0,1,0,0,0,1,0,1,0
823241,2026-03-28,SF,home,672275,Patrick Bailey,3,0,0,0,0,0,0,1,0,0
823241,2026-03-28,SF,home,808982,Jung Hoo Lee,3,1,1,1,0,0,0,1,1,0
823241,2026-03-28,SF,home,646240,Rafael Devers,4,0,2,1,0,0,0,0,1,0
823241,2026-03-28,SF,home,666931,Jared Oliva,0,0,0,0,0,0,0,0,0,0
823241,2026-03-28,SF,home,664056,Harrison Bader,4,0,1,0,0,0,0,0,1,0
823241,2026-03-28,SF,home,642715,Willy Adames,4,0,1,0,0,0,0,0,1,0
823241,2026-03-28,SF,home,650333,Luis Arraez,4,0,2,0,0,0,0,0,1,1
823241,2026-03-28,NYY,away,676609,José Caballero,4,0,0,0,0,0,0,0,3,0
823241,2026-03-28,NYY,away,592450,Aaron Judge,4,1,1,0,0,1,1,0,1,0
823241,2026-03-28,NYY,away,641857,Ryan McMahon,4,0,0,0,0,0,0,0,0,0
823241,2026-03-28,NYY,away,669224,Austin Wells,3,0,0,0,0,0,0,0,2,0
823241,2026-03-28,NYY,away,700250,Ben Rice,4,0,1,1,0,0,2,0,1,0
823241,2026-03-28,NYY,away,641355,Cody Bellinger,3,1,2,0,1,0,0,1,0,0
823241,2026-03-28,NYY,away,519317,Giancarlo Stanton,4,0,2,0,0,0,0,0,1,0
823241,2026-03-28,NYY,away,665862,Jazz Chisholm Jr.,4,0,0,0,0,0,0,0,2,0
823241,2026-03-28,NYY,away,663757,Trent Grisham,3,1,1,0,0,0,0,1,0,1
823323,2026-03-28,SD,home,666023,Freddy Fermin,3,1,1,0,0,0,0,0,1,0
823323,2026-03-28,SD,home,592206,Nick Castellanos,4,0,1,0,0,0,0,0,0,0
823323,2026-03-28,SD,home,701538,Jackson Merrill,4,0,0,0,0,0,1,0,0,0
823323,2026-03-28,SD,home,657757,Gavin Sheets,4,0,0,0,0,0,0,0,2,0
823323,2026-03-28,SD,home,657656,Ramón Laureano,4,0,3,0,0,0,0,0,0,1
823323,2026-03-28,SD,home,592518,Manny Machado,2,0,0,0,0,0,0,2,1,0
823323,2026-03-28,SD,home,665487,Fernando Tatis Jr.,3,0,1,0,0,0,1,1,2,1
823323,2026-03-28,SD,home,669369,Bryce Johnson,0,0,0,0,0,0,0,0,0,0
823323,2026-03-28,SD,home,593428,Xander Bogaerts,4,0,0,0,0,0,0,0,0,0
823323,2026-03-28,SD,home,630105,Jake Cronenworth,3,2,1,0,0,0,0,1,0,0
823323,2026-03-28,DET,away,656716,Zach McKinstry,2,0,0,0,0,0,0,0,1,0
823323,2026-03-28,DET,away,663330,Jahmai Jones,1,0,0,0,0,0,0,0,0,0
823323,2026-03-28,DET,away,682985,Riley Greene,3,0,0,0,0,0,0,1,1,0
823323,2026-03-28,DET,away,805808,Kevin McGonigle,4,0,0,0,0,0,0,0,3,0
823323,2026-03-28,DET,away,681481,Kerry Carpenter,3,0,0,0,0,0,0,0,1,0
823323,2026-03-28,DET,away,679529,Spencer Torkelson,3,0,0,0,0,0,0,1,1,0
823323,2026-03-28,DET,away,668670,Jake Rogers,3,0,0,0,0,0,0,0,1,0
823323,2026-03-28,DET,away,650402,Gleyber Torres,3,0,0,0,0,0,0,1,2,0
823323,2026-03-28,DET,away,663837,Matt Vierling,3,0,0,0,0,0,0,0,2,0
823323,2026-03-28,DET,away,693307,Dillon Dingler,1,0,0,0,0,0,0,0,0,0
823323,2026-03-28,DET,away,690993,Colt Keith,3,0,2,1,0,0,0,1,1,0
823973,2026-03-28,LAD,home,669257,Will Smith,4,1,1,0,0,1,2,0,1,0
823973,2026-03-28,LAD,home,663656,Kyle Tucker,4,1,0,0,0,0,0,0,2,1
823973,2026-03-28,LAD,home,571970,Max Muncy,1,0,0,0,0,0,0,0,0,0
823973,2026-03-28,LAD,home,518692,Freddie Freeman,4,0,3,1,0,0,1,0,0,0
823973,2026-03-28,LAD,home,669289,Santiago Espinal,2,0,0,0,0,0,0,0,1,0
823973,2026-03-28,LAD,home,660271,Shohei Ohtani,2,0,0,0,0,0,0,2,0,0
823973,2026-03-28,LAD,home,606192,Teoscar Hernández,3,0,0,0,0,0,0,0,2,0
823973,2026-03-28,LAD,home,681624,Andy Pages,3,0,0,0,0,0,0,0,0,0
823973,2026-03-28,LAD,home,605141,Mookie Betts,3,1,0,0,0,0,0,1,0,0
823973,2026-03-28,LAD,home,500743,Miguel Rojas,2,0,2,0,0,0,0,0,0,0
823973,2026-03-28,LAD,home,690976,Alex Freeland,1,0,0,0,0,0,0,0,0,0
823973,2026-03-28,ARI,away,571448,Nolan Arenado,4,0,0,0,0,0,0,0,0,0
823973,2026-03-28,ARI,away,606466,Ketel Marte,3,0,1,0,0,0,0,1,0,0
823973,2026-03-28,ARI,away,672695,Geraldo Perdomo,4,0,1,0,0,0,0,0,0,1
823973,2026-03-28,ARI,away,682998,Corbin Carroll,3,1,1,0,0,0,1,0,0,0
823973,2026-03-28,ARI,away,543510,James McCann,3,0,0,0,0,0,0,0,2,0
823973,2026-03-28,ARI,away,656976,Pavin Smith,4,0,1,0,0,0,1,0,2,0
823973,2026-03-28,ARI,away,467793,Carlos Santana,3,0,0,0,0,0,0,0,1,0
823973,2026-03-28,ARI,away,677950,Alek Thomas,4,0,0,0,0,0,0,0,0,0
823973,2026-03-28,ARI,away,678489,Jorge Barrosa,3,1,1,1,0,0,0,0,2,0
823161,2026-03-28,SEA,home,647304,Josh Naylor,3,0,0,0,0,0,0,2,2,0
823161,2026-03-28,SEA,home,645302,Victor Robles,3,0,2,1,0,0,1,0,0,1
823161,2026-03-28,SEA,home,702284,Cole Young,5,1,1,1,0,0,0,0,3,0
823161,2026-03-28,SEA,home,668227,Randy Arozarena,4,2,1,0,0,0,0,1,0,0
823161,2026-03-28,SEA,home,686527,Dominic Canzone,1,0,0,0,0,0,0,0,0,0
823161,2026-03-28,SEA,home,663728,Cal Raleigh,4,0,1,0,0,0,0,1,2,1
823161,2026-03-28,SEA,home,608701,Rob Refsnyder,2,0,0,0,0,0,0,0,0,0
823161,2026-03-28,SEA,home,680977,Brendan Donovan,5,1,2,0,0,0,0,0,1,1
823161,2026-03-28,SEA,home,669208,Ryan Bliss,2,0,0,0,0,0,0,0,2,0
823161,2026-03-28,SEA,home,677594,Julio Rodríguez,4,0,1,0,0,0,1,1,1,0
823161,2026-03-28,SEA,home,660844,Leo Rivas,4,0,0,0,0,0,0,1,1,0
823161,2026-03-28,SEA,home,670042,Luke Raley,1,1,1,0,0,1,2,1,0,0
823161,2026-03-28,CLE,away,800050,Chase DeLauter,5,1,1,0,0,1,2,0,3,0
823161,2026-03-28,CLE,away,682177,Daniel Schneemann,4,0,0,0,0,0,0,0,0,0
823161,2026-03-28,CLE,away,677587,Brayan Rocchio,2,2,0,0,0,0,0,2,0,0
823161,2026-03-28,CLE,away,681807,David Fry,5,0,2,1,0,0,0,0,3,0
823161,2026-03-28,CLE,away,608070,José Ramírez,5,1,1,1,0,0,1,0,0,0
823161,2026-03-28,CLE,away,680757,Steven Kwan,5,1,2,0,0,0,1,0,0,0
823161,2026-03-28,CLE,away,682657,Angel Martínez,4,0,1,1,0,0,0,0,2,0
823161,2026-03-28,CLE,away,700932,Kyle Manzardo,5,0,1,0,0,0,1,0,3,0
823161,2026-03-28,CLE,away,692216,CJ Kayfus,3,1,0,0,0,0,0,1,2,0
824864,2026-03-29,BAL,home,669236,Jeremiah Jackson,3,0,1,0,0,0,0,0,2,0
824864,2026-03-29,BAL,home,694212,Samuel Basallo,3,1,1,0,0,0,0,1,1,0
824864,2026-03-29,BAL,home,683002,Gunnar Henderson,4,1,1,0,0,0,0,1,1,0
824864,2026-03-29,BAL,home,665750,Leody Taveras,0,0,0,0,0,0,0,0,0,0
824864,2026-03-29,BAL,home,621493,Taylor Ward,4,1,1,0,0,0,0,1,1,0
824864,2026-03-29,BAL,home,687637,Dylan Beavers,4,0,1,1,0,0,2,0,0,0
824864,2026-03-29,BAL,home,663624,Ryan Mountcastle,3,0,0,0,0,0,0,0,0,0
824864,2026-03-29,BAL,home,668939,Adley Rutschman,1,1,1,1,0,0,1,0,0,0
824864,2026-03-29,BAL,home,641933,Tyler O'Neill,3,2,1,0,0,1,3,1,0,0
824864,2026-03-29,BAL,home,677942,Blaze Alexander,1,0,1,0,0,0,0,0,0,0
824864,2026-03-29,BAL,home,624413,Pete Alonso,3,1,2,0,0,0,1,1,0,0
824864,2026-03-29,BAL,home,691723,Coby Mayo,4,1,2,1,0,0,1,0,0,0
824864,2026-03-29,MIN,away,605170,Victor Caratini,5,1,2,0,0,0,0,0,0,0
824864,2026-03-29,MIN,away,665019,Kody Clemens,4,0,0,0,0,0,0,1,2,1
824864,2026-03-29,MIN,away,686797,Brooks Lee,0,0,0,0,0,0,0,0,0,0
824864,2026-03-29,MIN,away,668885,Austin Martin,1,0,0,0,0,0,0,0,1,0
824864,2026-03-29,MIN,away,656484,Tristan Gray,4,0,2,1,0,0,3,0,1,0
824864,2026-03-29,MIN,away,605137,Josh Bell,3,2,2,2,0,0,0,1,1,0
824864,2026-03-29,MIN,away,681546,James Outman,1,0,0,0,0,0,0,1,0,0
824864,2026-03-29,MIN,away,668904,Royce Lewis,4,1,1,0,0,1,1,0,2,0
824864,2026-03-29,MIN,away,663616,Trevor Larnach,2,1,2,1,0,0,1,0,0,0
824864,2026-03-29,MIN,away,621439,Byron Buxton,4,0,1,1,0,0,0,1,2,0
824864,2026-03-29,MIN,away,670242,Matt Wallner,5,1,1,0,0,0,0,0,3,0
824864,2026-03-29,MIN,away,807712,Luke Keaschall,4,0,1,0,0,0,0,1,0,0
823487,2026-03-29,PHI,home,669016,Brandon Marsh,1,0,0,0,0,0,0,1,1,0
823487,2026-03-29,PHI,home,702222,Justin Crawford,3,1,1,0,0,0,0,0,2,0
823487,2026-03-29,PHI,home,547180,Bryce Harper,2,1,0,0,0,0,0,2,1,0
823487,2026-03-29,PHI,home,592663,J.T. Realmuto,2,0,0,0,0,0,0,2,0,0
823487,2026-03-29,PHI,home,624641,Edmundo Sosa,2,0,0,0,0,0,0,0,1,0
823487,2026-03-29,PHI,home,664761,Alec Bohm,2,0,0,0,0,0,1,1,0,0
823487,2026-03-29,PHI,home,681082,Bryson Stott,2,0,1,0,0,0,1,0,0,0
823487,2026-03-29,PHI,home,656941,Kyle Schwarber,4,0,1,0,0,0,0,0,1,0
823487,2026-03-29,PHI,home,805249,Otto Kemp,2,0,0,0,0,0,0,0,1,0
823487,2026-03-29,PHI,home,664238,Dylan Moore,0,0,0,0,0,0,0,1,0,0
823487,2026-03-29,PHI,home,666969,Adolis García,3,0,0,0,0,0,1,0,2,0
823487,2026-03-29,PHI,home,607208,Trea Turner,4,1,0,0,0,0,0,1,1,0
823487,2026-03-29,TEX,away,694497,Evan Carter,0,1,0,0,0,0,0,2,0,0
823487,2026-03-29,TEX,away,694671,Wyatt Langford,5,0,0,0,0,0,0,0,1,0
823487,2026-03-29,TEX,away,669394,Jake Burger,4,1,1,0,0,0,0,0,3,0
823487,2026-03-29,TEX,away,608369,Corey Seager,3,1,0,0,0,0,1,1,1,0
823487,2026-03-29,TEX,away,673962,Josh Jung,4,0,0,0,0,0,0,0,3,0
823487,2026-03-29,TEX,away,457705,Andrew McCutchen,4,2,2,1,0,1,3,0,1,0
823487,2026-03-29,TEX,away,543309,Kyle Higashioka,4,0,1,0,0,0,1,0,0,0
823487,2026-03-29,TEX,away,677649,Ezequiel Duran,4,1,1,1,0,0,1,0,1,0
823487,2026-03-29,TEX,away,607043,Brandon Nimmo,4,1,2,0,0,1,2,0,0,0
823487,2026-03-29,TEX,away,664059,Sam Haggerty,2,1,1,0,0,0,0,0,0,0
824944,2026-03-29,ATL,home,671739,Michael Harris II,3,0,0,0,0,0,0,0,0,0
824944,2026-03-29,ATL,home,622761,Jorge Mateo,3,0,0,0,0,0,0,0,1,0
824944,2026-03-29,ATL,home,686948,Drake Baldwin,4,1,2,0,0,1,1,0,1,0
824944,2026-03-29,ATL,home,621566,Matt Olson,4,0,0,0,0,0,0,0,1,0
824944,2026-03-29,ATL,home,642086,Dominic Smith,2,0,1,0,0,0,0,0,0,0
824944,2026-03-29,ATL,home,660670,Ronald Acuña Jr.,4,0,0,0,0,0,0,0,0,0
824944,2026-03-29,ATL,home,571657,Kyle Farmer,1,0,0,0,0,0,0,0,0,0
824944,2026-03-29,ATL,home,645277,Ozzie Albies,4,0,2,0,0,0,0,0,0,0
824944,2026-03-29,ATL,home,663586,Austin Riley,4,0,0,0,0,0,0,0,1,0
824944,2026-03-29,ATL,home,573262,Mike Yastrzemski,4,0,2,1,0,0,0,0,1,0
824944,2026-03-29,KC,away,695600,Carter Jensen,3,1,1,0,0,1,2,0,2,0
824944,2026-03-29,KC,away,686555,Isaac Collins,0,0,0,0,0,0,0,0,0,0
824944,2026-03-29,KC,away,521692,Salvador Perez,4,0,0,0,0,0,0,0,1,0
824944,2026-03-29,KC,away,679845,Nick Loftin,4,2,1,1,0,0,0,0,0,0
824944,2026-03-29,KC,away,686469,Vinnie Pasquantino,4,0,2,0,0,0,1,0,0,0
824944,2026-03-29,KC,away,664728,Kyle Isbel,4,0,1,0,0,0,0,0,2,0
824944,2026-03-29,KC,away,672580,Maikel Garcia,4,0,1,0,0,0,0,1,0,0
824944,2026-03-29,KC,away,657041,Lane Thomas,4,0,0,0,0,0,0,0,2,0
824944,2026-03-29,KC,away,695506,Jac Caglianone,3,0,0,0,0,0,0,1,1,0
824944,2026-03-29,KC,away,677951,Bobby Witt Jr.,3,1,1,0,0,0,1,1,0,0
822837,2026-03-29,TOR,home,676391,Ernie Clement,3,0,0,0,0,0,0,0,1,0
822837,2026-03-29,TOR,home,662139,Daulton Varsho,3,0,0,0,0,0,0,0,1,0
822837,2026-03-29,TOR,home,665926,Andrés Giménez,3,0,0,0,0,0,0,0,1,0
822837,2026-03-29,TOR,home,680718,Addison Barger,3,0,0,0,0,0,1,1,2,0
822837,2026-03-29,TOR,home,543807,George Springer,4,1,1,0,0,1,1,0,1,0
822837,2026-03-29,TOR,home,623168,Tyler Heineman,2,2,1,0,0,0,0,1,0,0
822837,2026-03-29,TOR,home,665489,Vladimir Guerrero Jr.,4,0,2,0,0,0,0,0,0,0
822837,2026-03-29,TOR,home,660821,Jesús Sánchez,3,1,1,0,0,1,2,1,0,0
822837,2026-03-29,TOR,home,664702,Myles Straw,0,0,0,0,0,0,0,0,0,0
822837,2026-03-29,TOR,home,672960,Kazuma Okamoto,4,1,1,0,0,1,1,0,1,0
822837,2026-03-29,OAK,away,671732,Lawrence Butler,1,0,0,0,0,0,0,0,0,0
822837,2026-03-29,OAK,away,667670,Brent Rooker,4,0,0,0,0,0,0,0,2,0
822837,2026-03-29,OAK,away,669372,J.T. Ginn,0,0,0,0,0,0,0,0,0,0
822837,2026-03-29,OAK,away,643446,Jeff McNeil,1,0,0,0,0,0,0,0,1,0
822837,2026-03-29,OAK,away,642851,Austin Wynns,2,0,0,0,0,0,0,0,0,0
822837,2026-03-29,OAK,away,691777,Max Muncy,4,1,1,0,0,1,2,0,1,0
822837,2026-03-29,OAK,away,672016,Denzel Clarke,2,0,0,0,0,0,0,0,2,0
822837,2026-03-29,OAK,away,691016,Tyler Soderstrom,4,0,0,0,0,0,0,0,2,0
822837,2026-03-29,OAK,away,687231,Darell Hernaiz,3,0,0,0,0,0,0,0,2,0
822837,2026-03-29,OAK,away,701762,Nick Kurtz,3,0,1,0,0,0,0,1,2,0
822837,2026-03-29,OAK,away,669127,Shea Langeliers,4,0,1,0,0,0,0,0,2,0
822837,2026-03-29,OAK,away,805779,Jacob Wilson,4,1,2,1,0,0,0,0,1,0
824538,2026-03-29,CIN,home,682829,Elly De La Cruz,4,0,0,0,0,0,0,0,3,0
824538,2026-03-29,CIN,home,701398,Sal Stewart,2,1,2,1,0,0,0,2,0,0
824538,2026-03-29,CIN,home,667472,Dane Myers,3,0,1,0,0,0,0,0,0,0
824538,2026-03-29,CIN,home,682622,Noelvi Marte,3,0,0,0,0,0,0,0,1,0
824538,2026-03-29,CIN,home,680574,Matt McLain,3,1,1,0,0,0,0,1,1,0
824538,2026-03-29,CIN,home,663647,Ke'Bryan Hayes,0,0,0,0,0,0,0,0,0,0
824538,2026-03-29,CIN,home,670770,TJ Friedl,4,0,1,0,0,0,0,0,1,0
824538,2026-03-29,CIN,home,668715,Spencer Steer,4,0,1,0,0,0,0,0,1,0
824538,2026-03-29,CIN,home,553993,Eugenio Suárez,3,1,1,0,0,1,3,1,1,0
824538,2026-03-29,CIN,home,663886,Tyler Stephenson,3,0,0,0,0,0,0,0,1,0
824538,2026-03-29,BOS,away,701350,Roman Anthony,4,0,0,0,0,0,0,1,2,0
824538,2026-03-29,BOS,away,575929,Willson Contreras,3,1,1,0,0,0,0,1,0,0
824538,2026-03-29,BOS,away,657136,Connor Wong,3,0,2,1,0,0,0,0,0,0
824538,2026-03-29,BOS,away,596115,Trevor Story,5,0,0,0,0,0,0,0,2,0
824538,2026-03-29,BOS,away,677800,Wilyer Abreu,4,1,3,1,0,1,2,0,0,0
824538,2026-03-29,BOS,away,655316,Andruw Monasterio,2,0,1,1,0,0,0,0,0,0
824538,2026-03-29,BOS,away,702332,Caleb Durbin,4,0,0,0,0,0,0,0,2,0
824538,2026-03-29,BOS,away,680776,Jarren Duran,2,0,0,0,0,0,0,2,0,0
824538,2026-03-29,BOS,away,678882,Ceddanne Rafaela,1,0,0,0,0,0,0,0,0,0
824538,2026-03-29,BOS,away,807799,Masataka Yoshida,2,0,0,0,0,0,0,2,0,0
824538,2026-03-29,BOS,away,691785,Marcelo Mayer,2,0,0,0,0,0,0,0,1,0
823647,2026-03-29,NYM,home,620443,Luis Torrens,3,0,1,0,0,0,0,0,1,0
823647,2026-03-29,NYM,home,666182,Bo Bichette,5,0,0,0,0,0,0,0,3,0
823647,2026-03-29,NYM,home,682626,Francisco Alvarez,0,1,0,0,0,0,0,0,0,0
823647,2026-03-29,NYM,home,683146,Brett Baty,4,0,2,0,0,0,0,0,2,0
823647,2026-03-29,NYM,home,701807,Carson Benge,4,0,0,0,0,0,0,0,1,0
823647,2026-03-29,NYM,home,543760,Marcus Semien,3,0,0,0,0,0,1,0,1,0
823647,2026-03-29,NYM,home,596019,Francisco Lindor,4,1,2,0,1,0,0,1,2,0
823647,2026-03-29,NYM,home,665742,Juan Soto,5,0,2,1,0,0,2,0,3,0
823647,2026-03-29,NYM,home,593871,Jorge Polanco,5,0,0,0,0,0,0,0,1,0
823647,2026-03-29,NYM,home,673357,Luis Robert Jr.,3,1,2,0,0,0,0,1,1,0
823647,2026-03-29,NYM,home,676724,Jared Young,1,0,0,0,0,0,0,0,1,0
823647,2026-03-29,PIT,away,694377,Nick Yorke,0,0,0,0,0,0,0,2,0,0
823647,2026-03-29,PIT,away,687462,Spencer Horwitz,3,0,0,0,0,0,0,0,1,0
823647,2026-03-29,PIT,away,664040,Brandon Lowe,3,1,2,1,0,1,1,2,0,0
823647,2026-03-29,PIT,away,668804,Bryan Reynolds,5,1,0,0,0,0,0,0,3,0
823647,2026-03-29,PIT,away,665833,Oneil Cruz,4,1,1,0,0,0,0,1,2,0
823647,2026-03-29,PIT,away,669707,Jared Triolo,3,0,0,0,0,0,0,1,0,0
823647,2026-03-29,PIT,away,663968,Jake Mangum,4,0,0,0,0,0,0,0,3,0
823647,2026-03-29,PIT,away,695257,Billy Cook,0,1,0,0,0,0,0,0,0,0
823647,2026-03-29,PIT,away,680779,Henry Davis,4,0,1,0,0,0,1,1,0,0
823647,2026-03-29,PIT,away,656811,Ryan O'Hearn,5,0,3,0,0,0,2,0,2,0
823647,2026-03-29,PIT,away,693304,Nick Gonzales,4,0,0,0,0,0,0,1,1,0
823891,2026-03-29,MIA,home,665052,Griffin Conine,0,0,0,0,0,0,0,0,0,0
823891,2026-03-29,MIA,home,681715,Heriberto Hernández,3,0,0,0,0,0,0,1,1,0
823891,2026-03-29,MIA,home,805300,Jakob Marsee,3,1,0,0,0,0,0,1,2,0
823891,2026-03-29,MIA,home,691594,Javier Sanoja,4,1,2,1,0,0,0,0,1,0
823891,2026-03-29,MIA,home,691277,Deyvison De Los Santos,2,0,1,1,0,0,0,0,0,0
823891,2026-03-29,MIA,home,669364,Xavier Edwards,3,1,2,0,0,0,0,0,1,1
823891,2026-03-29,MIA,home,689414,Liam Hicks,2,0,0,0,0,0,0,0,0,0
823891,2026-03-29,MIA,home,683357,Owen Caissie,2,1,1,0,0,1,2,0,0,0
823891,2026-03-29,MIA,home,682663,Agustín Ramírez,2,0,0,0,0,0,0,2,1,0
823891,2026-03-29,MIA,home,681393,Connor Norby,2,0,0,0,0,0,0,1,1,0
823891,2026-03-29,MIA,home,596103,Austin Slater,2,0,0,0,0,0,1,0,1,0
823891,2026-03-29,MIA,home,672640,Otto Lopez,4,0,2,1,0,0,1,0,0,0
823891,2026-03-29,COL,away,664983,Jake McCarthy,4,0,0,0,0,0,0,0,2,1
823891,2026-03-29,COL,away,687859,Troy Johnston,1,0,0,0,0,0,0,0,1,0
823891,2026-03-29,COL,away,690924,Braxton Fulford,1,0,0,0,0,0,0,0,1,0
823891,2026-03-29,COL,away,650489,Willi Castro,3,1,1,1,0,0,0,1,0,0
823891,2026-03-29,COL,away,690022,Ryan Ritter,0,0,0,0,0,0,0,0,0,0
823891,2026-03-29,COL,away,696100,Hunter Goodman,4,1,1,0,0,0,0,0,1,0
823891,2026-03-29,COL,away,687597,Jordan Beck,4,0,1,1,0,0,3,0,2,0
823891,2026-03-29,COL,away,664954,Brett Sullivan,3,0,0,0,0,0,0,0,0,0
823891,2026-03-29,COL,away,686668,Brenton Doyle,4,0,0,0,0,0,0,0,0,0
823891,2026-03-29,COL,away,678662,Ezequiel Tovar,4,0,1,0,0,0,0,0,2,0
823891,2026-03-29,COL,away,681198,TJ Rumfield,2,1,0,0,0,0,0,1,2,0
823891,2026-03-29,COL,away,691720,Kyle Karros,4,0,2,1,0,0,0,0,0,1
824215,2026-03-29,HOU,home,670623,Isaac Paredes,5,1,2,2,0,0,2,0,1,0
824215,2026-03-29,HOU,home,669397,Nick Allen,0,1,0,0,0,0,0,0,0,0
824215,2026-03-29,HOU,home,701358,Cam Smith,2,2,0,0,0,0,0,1,0,0
824215,2026-03-29,HOU,home,676694,Jake Meyers,0,0,0,0,0,0,0,0,0,0
824215,2026-03-29,HOU,home,514888,Jose Altuve,3,1,1,1,0,0,1,2,1,0
824215,2026-03-29,HOU,home,694388,Joey Loperfido,5,1,1,1,0,0,0,0,2,0
824215,2026-03-29,HOU,home,665161,Jeremy Peña,5,0,0,0,0,0,0,0,2,0
824215,2026-03-29,HOU,home,621043,Carlos Correa,4,0,0,0,0,0,0,1,0,0
824215,2026-03-29,HOU,home,572233,Christian Walker,3,1,1,1,0,0,2,1,0,0
824215,2026-03-29,HOU,home,543877,Christian Vázquez,2,1,1,0,0,0,2,1,0,0
824215,2026-03-29,HOU,home,670541,Yordan Alvarez,2,1,1,0,0,0,1,3,0,1
824215,2026-03-29,LAA,away,624428,Adam Frazier,3,1,0,0,0,0,0,1,1,0
824215,2026-03-29,LAA,away,687263,Zach Neto,2,2,1,0,0,1,2,3,0,0
824215,2026-03-29,LAA,away,624585,Jorge Soler,5,1,1,1,0,0,3,0,3,0
824215,2026-03-29,LAA,away,660162,Yoán Moncada,4,0,0,0,0,0,0,1,1,0
824215,2026-03-29,LAA,away,518595,Travis d'Arnaud,3,1,1,1,0,0,0,0,2,0
824215,2026-03-29,LAA,away,545361,Mike Trout,4,1,1,0,0,0,0,1,2,0
824215,2026-03-29,LAA,away,600869,Jeimer Candelario,1,0,0,0,0,0,0,0,0,0
824215,2026-03-29,LAA,away,666176,Jo Adell,4,0,2,0,0,0,1,0,0,0
824215,2026-03-29,LAA,away,694384,Nolan Schanuel,3,1,1,0,0,0,1,2,0,0
824215,2026-03-29,LAA,away,666139,Josh Lowe,4,0,0,0,0,0,0,0,4,0
824215,2026-03-29,LAA,away,669326,Bryce Teodosio,0,0,0,0,0,0,0,0,0,0
824215,2026-03-29,LAA,away,681351,Logan O'Hoppe,0,0,0,0,0,0,0,0,0,0
823810,2026-03-29,MIL,home,650859,Luis Rengifo,4,1,1,0,0,0,2,1,0,0
823810,2026-03-29,MIL,home,687401,Joey Ortiz,4,1,1,0,0,0,0,1,3,0
823810,2026-03-29,MIL,home,592885,Christian Yelich,1,1,1,0,0,1,3,0,0,0
823810,2026-03-29,MIL,home,641343,Jake Bauers,2,0,0,0,0,0,0,0,1,0
823810,2026-03-29,MIL,home,686217,Sal Frelick,3,1,1,1,0,0,0,2,1,0
823810,2026-03-29,MIL,home,663604,Brandon Lockridge,4,1,2,0,0,0,1,0,1,1
823810,2026-03-29,MIL,home,663368,Blake Perkins,3,1,1,1,0,0,0,1,0,0
823810,2026-03-29,MIL,home,661388,William Contreras,4,1,1,1,0,0,0,1,2,0
823810,2026-03-29,MIL,home,668930,Brice Turang,5,1,1,0,0,0,1,0,2,0
823810,2026-03-29,MIL,home,596142,Gary Sánchez,4,1,2,0,0,1,2,0,2,0
823810,2026-03-29,MIL,home,691620,Jeferson Quero,1,0,0,0,0,0,0,1,0,0
823810,2026-03-29,MIL,home,656730,Trevor Megill,0,0,0,0,0,0,0,0,0,0
823810,2026-03-29,CWS,away,671976,Tristan Peters,3,0,1,0,0,0,0,1,1,0
823810,2026-03-29,CWS,away,808959,Munetaka Murakami,4,2,1,0,0,1,1,1,3,0
823810,2026-03-29,CWS,away,805367,Chase Meidroth,4,1,0,0,0,0,0,1,2,0
823810,2026-03-29,CWS,away,695657,Colson Montgomery,3,1,2,0,0,1,5,1,0,0
823810,2026-03-29,CWS,away,669720,Austin Hays,4,0,0,0,0,0,0,0,2,0
823810,2026-03-29,CWS,away,700337,Edgar Quero,4,0,0,0,0,0,0,0,1,0
823810,2026-03-29,CWS,away,643217,Andrew Benintendi,3,0,1,0,0,0,0,1,2,0
823810,2026-03-29,CWS,away,677592,Everson Pereira,4,1,2,0,0,1,1,0,0,0
823810,2026-03-29,CWS,away,656537,Derek Hill,0,0,0,0,0,0,0,0,0,0
823810,2026-03-29,CWS,away,678246,Miguel Vargas,5,2,2,0,0,0,0,0,1,1
823079,2026-03-29,STL,home,669357,Nolan Gorman,2,1,1,0,0,1,1,0,0,0
823079,2026-03-29,STL,home,691023,Jordan Walker,4,3,3,1,0,1,3,0,1,0
823079,2026-03-29,STL,home,687363,Victor Scott II,4,0,2,0,0,0,0,0,2,0
823079,2026-03-29,STL,home,802139,JJ Wetherholt,4,0,1,0,0,0,0,1,0,0
823079,2026-03-29,STL,home,676475,Alec Burleson,4,0,0,0,0,0,0,1,0,0
823079,2026-03-29,STL,home,695336,Thomas Saggese,3,1,0,0,0,0,0,1,1,0
823079,2026-03-29,STL,home,602104,Ramón Urías,2,0,0,0,0,0,0,0,1,0
823079,2026-03-29,STL,home,686780,Pedro Pagés,4,1,2,0,0,1,2,0,0,0
823079,2026-03-29,STL,home,691026,Masyn Winn,5,1,2,1,0,0,0,0,0,0
823079,2026-03-29,STL,home,671056,Iván Herrera,5,0,0,0,0,0,0,0,0,0
823079,2026-03-29,TB,away,680700,Richie Palacios,2,0,0,0,0,0,0,0,0,0
823079,2026-03-29,TB,away,700246,Carson Williams,3,2,1,1,0,0,1,1,1,0
823079,2026-03-29,TB,away,802415,Chandler Simpson,4,1,2,0,0,0,0,1,0,0
823079,2026-03-29,TB,away,676356,Jonny DeLuca,5,2,2,1,0,0,1,0,0,0
823079,2026-03-29,TB,away,676439,Hunter Feduccia,1,1,1,0,0,0,0,1,0,0
823079,2026-03-29,TB,away,666018,Jonathan Aranda,6,1,3,1,0,0,2,0,1,0
823079,2026-03-29,TB,away,663743,Nick Fortes,2,0,0,0,0,0,0,1,0,0
823079,2026-03-29,TB,away,650490,Yandy Díaz,6,2,5,1,0,0,4,0,0,0
823079,2026-03-29,TB,away,810938,Ben Williamson,3,2,2,0,0,0,0,0,0,0
823079,2026-03-29,TB,away,691406,Junior Caminero,5,0,0,0,0,0,0,0,2,0
823079,2026-03-29,TB,away,656775,Cedric Mullins,5,0,1,1,0,0,2,0,2,0
824700,2026-03-29,CHC,home,624424,Michael Conforto,2,0,0,0,0,0,0,1,1,0
824700,2026-03-29,CHC,home,664023,Ian Happ,3,1,1,0,0,1,1,1,2,0
824700,2026-03-29,CHC,home,608324,Alex Bregman,4,2,2,0,0,2,2,0,0,0
824700,2026-03-29,CHC,home,683737,Michael Busch,4,0,0,0,0,0,0,0,2,0
824700,2026-03-29,CHC,home,608348,Carson Kelly,4,0,0,0,0,0,0,0,1,0
824700,2026-03-29,CHC,home,691718,Pete Crow-Armstrong,4,0,0,0,0,0,0,0,0,0
824700,2026-03-29,CHC,home,694208,Moisés Ballesteros,4,0,0,0,0,0,0,0,1,0
824700,2026-03-29,CHC,home,621020,Dansby Swanson,3,0,0,0,0,0,0,0,2,0
824700,2026-03-29,CHC,home,663538,Nico Hoerner,4,0,1,0,0,0,0,0,1,1
824700,2026-03-29,WSH,away,691781,Brady House,5,1,2,0,0,0,0,0,1,0
824700,2026-03-29,WSH,away,682928,CJ Abrams,3,0,0,0,0,0,0,0,2,0
824700,2026-03-29,WSH,away,683083,Nasim Nuñez,4,1,1,0,0,0,0,0,1,1
824700,2026-03-29,WSH,away,665953,Andrés Chaparro,3,0,0,0,0,0,0,0,2,0
824700,2026-03-29,WSH,away,686894,Joey Wiemer,3,1,3,0,1,1,3,1,0,0
824700,2026-03-29,WSH,away,695734,Daylen Lile,4,2,2,1,0,0,0,1,1,0
824700,2026-03-29,WSH,away,695578,James Wood,4,0,0,0,0,0,0,1,2,0
824700,2026-03-29,WSH,away,696285,Jacob Young,4,0,1,1,0,0,0,0,0,0
824700,2026-03-29,WSH,away,660688,Keibert Ruiz,3,1,1,0,0,1,3,0,0,0
824700,2026-03-29,WSH,away,671277,Luis García Jr.,2,0,1,0,0,0,0,0,0,0
823160,2026-03-29,SEA,home,647304,Josh Naylor,4,0,0,0,0,0,0,1,1,0
823160,2026-03-29,SEA,home,702284,Cole Young,3,1,1,0,0,0,0,1,0,0
823160,2026-03-29,SEA,home,668227,Randy Arozarena,4,1,2,1,0,0,2,1,0,0
823160,2026-03-29,SEA,home,686527,Dominic Canzone,3,1,1,1,0,0,0,0,0,0
823160,2026-03-29,SEA,home,663728,Cal Raleigh,4,0,1,1,0,0,1,1,1,0
823160,2026-03-29,SEA,home,680977,Brendan Donovan,3,2,2,0,0,1,3,0,1,0
823160,2026-03-29,SEA,home,677594,Julio Rodríguez,4,2,0,0,0,0,0,1,0,0
823160,2026-03-29,SEA,home,660844,Leo Rivas,4,1,1,0,0,0,1,0,2,0
823160,2026-03-29,SEA,home,670042,Luke Raley,5,0,1,0,0,0,1,0,3,0
823160,2026-03-29,CLE,away,800050,Chase DeLauter,3,0,1,0,0,0,0,0,1,0
823160,2026-03-29,CLE,away,682177,Daniel Schneemann,3,0,1,0,0,0,0,0,1,0
823160,2026-03-29,CLE,away,677587,Brayan Rocchio,3,0,0,0,0,0,0,0,0,0
823160,2026-03-29,CLE,away,672356,Gabriel Arias,3,0,0,0,0,0,0,0,2,0
823160,2026-03-29,CLE,away,666310,Bo Naylor,3,0,0,0,0,0,0,0,3,0
823160,2026-03-29,CLE,away,681807,David Fry,1,0,0,0,0,0,0,0,0,0
823160,2026-03-29,CLE,away,608070,José Ramírez,2,0,0,0,0,0,0,1,2,0
823160,2026-03-29,CLE,away,680757,Steven Kwan,3,0,0,0,0,0,0,0,0,0
823160,2026-03-29,CLE,away,682657,Angel Martínez,1,0,0,0,0,0,0,0,1,0
823160,2026-03-29,CLE,away,700932,Kyle Manzardo,3,0,0,0,0,0,0,0,2,0
823160,2026-03-29,CLE,away,692216,CJ Kayfus,2,0,0,0,0,0,0,0,2,0
824135,2026-03-30,KC,home,695600,Carter Jensen,3,0,0,0,0,0,0,0,1,0
824135,2026-03-30,KC,home,663697,Jonathan India,3,1,1,0,0,0,0,0,0,0
824135,2026-03-30,KC,home,686555,Isaac Collins,3,1,1,0,0,1,1,0,1,0
824135,2026-03-30,KC,home,521692,Salvador Perez,4,0,1,0,0,0,0,0,1,0
824135,2026-03-30,KC,home,686469,Vinnie Pasquantino,2,0,0,0,0,0,0,2,1,0
824135,2026-03-30,KC,home,664728,Kyle Isbel,3,1,2,0,0,1,2,0,0,1
824135,2026-03-30,KC,home,672580,Maikel Garcia,4,0,2,1,0,0,0,0,1,0
824135,2026-03-30,KC,home,657041,Lane Thomas,1,0,0,0,0,0,0,0,0,0
824135,2026-03-30,KC,home,695506,Jac Caglianone,3,0,0,0,0,0,0,0,2,0
824135,2026-03-30,KC,home,677951,Bobby Witt Jr.,4,0,0,0,0,0,0,0,0,0
824135,2026-03-30,MIN,away,605170,Victor Caratini,3,0,0,0,0,0,0,0,1,0
824135,2026-03-30,MIN,away,686797,Brooks Lee,3,0,1,0,0,0,0,0,1,0
824135,2026-03-30,MIN,away,668885,Austin Martin,1,0,1,0,0,0,0,2,0,0
824135,2026-03-30,MIN,away,605137,Josh Bell,3,0,0,0,0,0,0,0,1,0
824135,2026-03-30,MIN,away,680777,Ryan Jeffers,4,0,1,0,0,0,0,0,0,0
824135,2026-03-30,MIN,away,681546,James Outman,0,0,0,0,0,0,0,0,0,0
824135,2026-03-30,MIN,away,668904,Royce Lewis,3,0,0,0,0,0,0,0,2,0
824135,2026-03-30,MIN,away,663616,Trevor Larnach,1,0,0,0,0,0,0,0,0,0
824135,2026-03-30,MIN,away,621439,Byron Buxton,4,0,0,0,0,0,0,0,1,0
824135,2026-03-30,MIN,away,670242,Matt Wallner,4,1,1,0,0,1,1,0,0,0
824135,2026-03-30,MIN,away,807712,Luke Keaschall,3,0,0,0,0,0,0,1,0,0
824863,2026-03-30,BAL,home,669236,Jeremiah Jackson,1,0,0,0,0,0,0,0,1,0
824863,2026-03-30,BAL,home,683002,Gunnar Henderson,4,1,2,0,0,1,2,0,1,0
824863,2026-03-30,BAL,home,621493,Taylor Ward,4,0,1,0,0,0,0,0,0,0
824863,2026-03-30,BAL,home,687637,Dylan Beavers,3,0,0,0,0,0,0,0,1,0
824863,2026-03-30,BAL,home,668939,Adley Rutschman,4,0,1,1,0,0,0,0,1,0
824863,2026-03-30,BAL,home,663624,Ryan Mountcastle,1,0,0,0,0,0,0,0,1,0
824863,2026-03-30,BAL,home,641933,Tyler O'Neill,4,0,0,0,0,0,0,0,1,0
824863,2026-03-30,BAL,home,677942,Blaze Alexander,3,0,1,0,0,0,0,0,1,0
824863,2026-03-30,BAL,home,624413,Pete Alonso,4,0,1,0,0,0,0,0,2,0
824863,2026-03-30,BAL,home,681297,Colton Cowser,2,1,1,0,0,0,0,1,0,0
824863,2026-03-30,BAL,home,691723,Coby Mayo,4,0,0,0,0,0,0,0,2,0
824863,2026-03-30,TEX,away,694497,Evan Carter,5,1,2,1,0,0,0,0,2,0
824863,2026-03-30,TEX,away,694671,Wyatt Langford,5,0,1,0,0,0,0,0,1,0
824863,2026-03-30,TEX,away,669394,Jake Burger,4,1,2,1,0,0,2,0,0,0
824863,2026-03-30,TEX,away,592626,Joc Pederson,2,0,0,0,0,0,1,0,1,0
824863,2026-03-30,TEX,away,608369,Corey Seager,3,0,0,0,0,0,0,2,0,0
824863,2026-03-30,TEX,away,673962,Josh Jung,5,0,0,0,0,0,0,0,2,0
824863,2026-03-30,TEX,away,457705,Andrew McCutchen,2,0,1,0,0,0,0,0,1,0
824863,2026-03-30,TEX,away,543309,Kyle Higashioka,3,1,0,0,0,0,0,1,2,0
824863,2026-03-30,TEX,away,607043,Brandon Nimmo,5,2,3,0,0,0,1,0,1,0
824863,2026-03-30,TEX,away,669701,Josh Smith,3,0,1,0,0,0,1,2,1,1
824539,2026-03-30,CIN,home,682829,Elly De La Cruz,3,0,1,0,0,0,0,1,1,0
824539,2026-03-30,CIN,home,701398,Sal Stewart,2,1,1,0,0,0,0,2,1,0
824539,2026-03-30,CIN,home,667472,Dane Myers,0,0,0,0,0,0,0,0,0,0
824539,2026-03-30,CIN,home,680574,Matt McLain,4,0,0,0,0,0,0,0,0,0
824539,2026-03-30,CIN,home,663647,Ke'Bryan Hayes,2,0,0,0,0,0,0,1,0,0
824539,2026-03-30,CIN,home,666181,Will Benson,3,0,1,0,1,0,1,0,1,0
824539,2026-03-30,CIN,home,670770,TJ Friedl,3,0,0,0,0,0,0,1,1,0
824539,2026-03-30,CIN,home,668715,Spencer Steer,2,0,0,0,0,0,1,0,0,0
824539,2026-03-30,CIN,home,553993,Eugenio Suárez,4,1,1,0,0,0,0,0,2,0
824539,2026-03-30,CIN,home,663886,Tyler Stephenson,3,0,0,0,0,0,0,0,1,0
824539,2026-03-30,PIT,away,687462,Spencer Horwitz,4,0,1,0,0,0,0,0,1,0
824539,2026-03-30,PIT,away,664040,Brandon Lowe,2,0,1,0,0,0,0,2,1,0
824539,2026-03-30,PIT,away,668804,Bryan Reynolds,4,0,0,0,0,0,0,0,1,0
824539,2026-03-30,PIT,away,665833,Oneil Cruz,4,0,0,0,0,0,0,0,2,0
824539,2026-03-30,PIT,away,669707,Jared Triolo,4,0,0,0,0,0,0,0,2,0
824539,2026-03-30,PIT,away,695257,Billy Cook,0,0,0,0,0,0,0,0,0,0
824539,2026-03-30,PIT,away,680779,Henry Davis,3,0,0,0,0,0,0,0,3,0
824539,2026-03-30,PIT,away,656811,Ryan O'Hearn,2,0,1,0,0,0,0,2,0,0
824539,2026-03-30,PIT,away,542303,Marcell Ozuna,3,0,0,0,0,0,0,1,1,0
824539,2026-03-30,PIT,away,693304,Nick Gonzales,4,0,1,0,0,0,0,0,0,1
823484,2026-03-30,PHI,home,669016,Brandon Marsh,3,1,2,0,0,0,0,1,0,0
823484,2026-03-30,PHI,home,547180,Bryce Harper,5,0,0,0,0,0,0,0,1,0
823484,2026-03-30,PHI,home,624641,Edmundo Sosa,4,0,0,0,0,0,0,0,1,0
823484,2026-03-30,PHI,home,664761,Alec Bohm,4,0,0,0,0,0,0,0,1,0
823484,2026-03-30,PHI,home,656941,Kyle Schwarber,3,0,0,0,0,0,0,1,2,0
823484,2026-03-30,PHI,home,805249,Otto Kemp,4,0,1,0,0,0,0,0,2,0
823484,2026-03-30,PHI,home,665561,Rafael Marchán,3,1,1,0,0,1,2,0,0,0
823484,2026-03-30,PHI,home,666969,Adolis García,4,0,2,1,0,0,0,0,0,0
823484,2026-03-30,PHI,home,607208,Trea Turner,5,0,1,1,0,0,0,0,2,0
823484,2026-03-30,WSH,away,691781,Brady House,6,1,2,0,0,0,1,0,2,0
823484,2026-03-30,WSH,away,682928,CJ Abrams,6,1,2,0,0,0,1,0,0,0
823484,2026-03-30,WSH,away,686452,Drew Millas,4,0,1,0,0,0,1,1,1,0
823484,2026-03-30,WSH,away,678391,Jorbit Vivas,3,2,2,0,0,0,1,1,0,0
823484,2026-03-30,WSH,away,686894,Joey Wiemer,4,2,2,0,0,0,0,1,0,0
823484,2026-03-30,WSH,away,695734,Daylen Lile,6,2,2,1,0,0,2,0,0,0
823484,2026-03-30,WSH,away,677588,José Tena,5,2,3,0,0,0,2,0,1,0
823484,2026-03-30,WSH,away,695578,James Wood,4,2,1,1,0,0,1,2,2,0
823484,2026-03-30,WSH,away,671277,Luis García Jr.,6,1,2,1,0,0,3,0,0,0
823890,2026-03-30,MIA,home,665052,Griffin Conine,1,1,1,1,0,0,0,1,0,0
823890,2026-03-30,MIA,home,681715,Heriberto Hernández,1,0,0,0,0,0,0,1,1,0
823890,2026-03-30,MIA,home,805300,Jakob Marsee,5,1,2,0,1,0,1,0,1,0
823890,2026-03-30,MIA,home,691594,Javier Sanoja,1,0,0,0,0,0,0,0,0,0
823890,2026-03-30,MIA,home,669364,Xavier Edwards,4,1,2,1,0,0,0,1,1,0
823890,2026-03-30,MIA,home,688363,Graham Pauley,2,0,0,0,0,0,0,0,2,0
823890,2026-03-30,MIA,home,689414,Liam Hicks,4,1,2,0,0,1,3,0,1,0
823890,2026-03-30,MIA,home,683357,Owen Caissie,3,0,0,0,0,0,0,1,1,0
823890,2026-03-30,MIA,home,682663,Agustín Ramírez,4,0,0,0,0,0,0,0,2,0
823890,2026-03-30,MIA,home,681393,Connor Norby,4,0,0,0,0,0,0,0,1,0
823890,2026-03-30,MIA,home,596103,Austin Slater,1,0,0,0,0,0,0,0,1,0
823890,2026-03-30,MIA,home,672640,Otto Lopez,3,0,1,0,0,0,0,0,1,0
823890,2026-03-30,CWS,away,672820,Lenyn Sosa,4,0,0,0,0,0,0,0,1,0
823890,2026-03-30,CWS,away,671976,Tristan Peters,3,1,2,0,0,0,0,0,1,0
823890,2026-03-30,CWS,away,682668,Luisangel Acuña,2,2,0,0,0,0,0,1,1,2
823890,2026-03-30,CWS,away,808959,Munetaka Murakami,5,1,1,0,0,0,0,0,1,0
823890,2026-03-30,CWS,away,695657,Colson Montgomery,4,0,1,0,0,0,0,0,2,0
823890,2026-03-30,CWS,away,669720,Austin Hays,5,1,1,0,0,1,3,0,4,0
823890,2026-03-30,CWS,away,700337,Edgar Quero,3,0,0,0,0,0,0,0,0,0
823890,2026-03-30,CWS,away,677592,Everson Pereira,4,2,2,1,0,0,0,0,0,0
823890,2026-03-30,CWS,away,656537,Derek Hill,0,0,0,0,0,0,0,1,0,0
823890,2026-03-30,CWS,away,678246,Miguel Vargas,4,2,2,0,0,1,6,0,0,0
822834,2026-03-30,TOR,home,676391,Ernie Clement,4,0,1,0,0,0,0,0,0,0
822834,2026-03-30,TOR,home,662139,Daulton Varsho,3,0,0,0,0,0,0,0,1,0
822834,2026-03-30,TOR,home,665926,Andrés Giménez,3,1,1,0,0,1,1,1,0,0
822834,2026-03-30,TOR,home,676914,Davis Schneider,1,1,1,0,0,1,2,0,0,0
822834,2026-03-30,TOR,home,664770,Nathan Lukes,1,0,0,0,0,0,0,0,0,0
822834,2026-03-30,TOR,home,680718,Addison Barger,4,0,0,0,0,0,0,0,2,0
822834,2026-03-30,TOR,home,543807,George Springer,5,1,1,0,0,1,1,0,2,0
822834,2026-03-30,TOR,home,665489,Vladimir Guerrero Jr.,3,0,0,0,0,0,0,0,1,0
822834,2026-03-30,TOR,home,660821,Jesús Sánchez,4,1,2,0,0,0,0,1,0,0
822834,2026-03-30,TOR,home,672386,Alejandro Kirk,3,0,0,0,0,0,0,1,1,0
822834,2026-03-30,TOR,home,672960,Kazuma Okamoto,3,1,1,0,0,1,1,1,2,0
822834,2026-03-30,COL,away,664983,Jake McCarthy,3,0,0,0,0,0,1,0,0,1
822834,2026-03-30,COL,away,687859,Troy Johnston,5,1,2,0,0,1,2,0,1,0
822834,2026-03-30,COL,away,690924,Braxton Fulford,3,2,2,0,0,1,2,0,0,0
822834,2026-03-30,COL,away,650489,Willi Castro,4,1,1,1,0,0,2,0,1,0
822834,2026-03-30,COL,away,690022,Ryan Ritter,2,1,1,0,0,0,0,0,0,0
822834,2026-03-30,COL,away,666397,Edouard Julien,2,0,0,0,0,0,0,0,2,0
822834,2026-03-30,COL,away,696100,Hunter Goodman,4,2,2,1,0,0,1,1,2,0
822834,2026-03-30,COL,away,664954,Brett Sullivan,0,0,0,0,0,0,0,1,0,0
822834,2026-03-30,COL,away,687597,Jordan Beck,4,1,0,0,0,0,0,1,0,1
822834,2026-03-30,COL,away,686668,Brenton Doyle,3,2,2,1,0,0,0,0,0,0
822834,2026-03-30,COL,away,678662,Ezequiel Tovar,6,2,3,2,0,0,3,0,1,1
822834,2026-03-30,COL,away,681198,TJ Rumfield,5,1,3,1,0,0,2,0,1,0
822834,2026-03-30,COL,away,691720,Kyle Karros,4,1,1,0,0,0,0,1,2,0
824943,2026-03-30,ATL,home,641680,Jonah Heim,3,0,0,0,0,0,0,1,2,0
824943,2026-03-30,ATL,home,671739,Michael Harris II,4,0,0,0,0,0,0,0,0,0
824943,2026-03-30,ATL,home,643289,Mauricio Dubón,4,0,3,0,0,0,3,0,1,0
824943,2026-03-30,ATL,home,686948,Drake Baldwin,4,1,1,0,0,0,0,0,0,0
824943,2026-03-30,ATL,home,621566,Matt Olson,3,1,1,1,0,0,1,1,0,0
824943,2026-03-30,ATL,home,660670,Ronald Acuña Jr.,2,1,2,1,0,0,0,2,0,1
824943,2026-03-30,ATL,home,642201,Eli White,1,0,0,0,0,0,0,1,0,0
824943,2026-03-30,ATL,home,645277,Ozzie Albies,4,0,2,0,0,0,0,0,0,0
824943,2026-03-30,ATL,home,663586,Austin Riley,4,0,0,0,0,0,0,0,1,0
824943,2026-03-30,ATL,home,573262,Mike Yastrzemski,2,1,1,0,1,0,0,0,0,0
824943,2026-03-30,OAK,away,671732,Lawrence Butler,4,0,1,0,0,0,0,0,1,0
824943,2026-03-30,OAK,away,667670,Brent Rooker,4,0,2,0,0,0,0,0,0,0
824943,2026-03-30,OAK,away,643446,Jeff McNeil,3,0,0,0,0,0,0,0,1,0
824943,2026-03-30,OAK,away,666126,Carlos Cortes,1,0,1,1,0,0,0,1,0,0
824943,2026-03-30,OAK,away,691777,Max Muncy,4,0,1,1,0,0,0,0,1,0
824943,2026-03-30,OAK,away,691016,Tyler Soderstrom,4,0,2,0,0,0,0,0,0,0
824943,2026-03-30,OAK,away,701762,Nick Kurtz,4,0,0,0,0,0,0,0,1,0
824943,2026-03-30,OAK,away,669127,Shea Langeliers,4,0,0,0,0,0,0,0,2,0
824943,2026-03-30,OAK,away,628451,Andy Ibáñez,1,0,0,0,0,0,0,0,1,0
824943,2026-03-30,OAK,away,805779,Jacob Wilson,4,0,0,0,0,0,0,0,0,0
824702,2026-03-30,CHC,home,624424,Michael Conforto,2,0,0,0,0,0,0,0,2,0
824702,2026-03-30,CHC,home,664023,Ian Happ,4,2,1,0,0,1,1,1,0,0
824702,2026-03-30,CHC,home,608324,Alex Bregman,4,0,1,0,0,0,0,1,0,0
824702,2026-03-30,CHC,home,683737,Michael Busch,3,1,0,0,0,0,0,2,0,0
824702,2026-03-30,CHC,home,608348,Carson Kelly,4,0,1,0,0,0,2,0,1,0
824702,2026-03-30,CHC,home,691718,Pete Crow-Armstrong,3,2,1,0,0,0,0,1,1,0
824702,2026-03-30,CHC,home,694208,Moisés Ballesteros,4,0,1,0,0,0,2,0,1,0
824702,2026-03-30,CHC,home,621020,Dansby Swanson,3,0,2,0,0,0,1,1,0,0
824702,2026-03-30,CHC,home,663538,Nico Hoerner,2,2,1,1,0,0,1,1,0,1
824702,2026-03-30,CHC,home,807713,Matt Shaw,2,0,1,0,0,0,0,0,0,1
824702,2026-03-30,LAA,away,672724,Oswald Peraza,3,0,0,0,0,0,0,0,1,0
824702,2026-03-30,LAA,away,687263,Zach Neto,4,0,1,0,0,0,0,0,1,0
824702,2026-03-30,LAA,away,624585,Jorge Soler,4,1,1,0,0,0,0,0,2,0
824702,2026-03-30,LAA,away,660162,Yoán Moncada,3,1,1,0,0,1,2,1,1,0
824702,2026-03-30,LAA,away,545361,Mike Trout,4,0,0,0,0,0,0,0,2,0
824702,2026-03-30,LAA,away,666176,Jo Adell,3,0,0,0,0,0,0,0,2,0
824702,2026-03-30,LAA,away,694384,Nolan Schanuel,4,0,2,0,0,0,0,0,0,0
824702,2026-03-30,LAA,away,666139,Josh Lowe,3,0,0,0,0,0,0,0,0,0
824702,2026-03-30,LAA,away,681351,Logan O'Hoppe,3,0,0,0,0,0,0,0,0,0
823809,2026-03-30,MIL,home,650859,Luis Rengifo,3,0,1,0,0,0,0,1,0,0
823809,2026-03-30,MIL,home,592885,Christian Yelich,4,0,0,0,0,0,0,0,2,0
823809,2026-03-30,MIL,home,641343,Jake Bauers,3,0,1,0,0,0,0,0,0,1
823809,2026-03-30,MIL,home,686217,Sal Frelick,3,0,0,0,0,0,0,0,0,0
823809,2026-03-30,MIL,home,663604,Brandon Lockridge,3,0,1,0,0,0,0,0,0,0
823809,2026-03-30,MIL,home,669003,Garrett Mitchell,4,0,0,0,0,0,0,0,3,0
823809,2026-03-30,MIL,home,666152,David Hamilton,4,0,0,0,0,0,0,0,0,0
823809,2026-03-30,MIL,home,663368,Blake Perkins,1,0,0,0,0,0,0,0,0,0
823809,2026-03-30,MIL,home,661388,William Contreras,4,1,2,0,0,1,2,0,0,0
823809,2026-03-30,MIL,home,668930,Brice Turang,3,1,1,1,0,0,0,1,1,1
823809,2026-03-30,MIL,home,596142,Gary Sánchez,1,0,0,0,0,0,0,0,1,0
823809,2026-03-30,TB,away,700246,Carson Williams,3,0,0,0,0,0,0,0,2,0
823809,2026-03-30,TB,away,668723,Ryan Vilade,3,0,0,0,0,0,0,0,3,0
823809,2026-03-30,TB,away,802415,Chandler Simpson,4,0,1,0,0,0,0,0,1,1
823809,2026-03-30,TB,away,676356,Jonny DeLuca,3,2,1,0,0,1,1,1,2,0
823809,2026-03-30,TB,away,666018,Jonathan Aranda,3,0,0,0,0,0,0,1,1,0
823809,2026-03-30,TB,away,663743,Nick Fortes,4,0,1,1,0,0,1,0,1,0
823809,2026-03-30,TB,away,650490,Yandy Díaz,4,1,2,0,0,1,1,0,1,0
823809,2026-03-30,TB,away,810938,Ben Williamson,4,0,0,0,0,0,0,0,2,0
823809,2026-03-30,TB,away,691406,Junior Caminero,4,0,2,0,0,0,0,0,0,0
823809,2026-03-30,TB,away,656775,Cedric Mullins,1,0,0,0,0,0,0,0,1,0
823080,2026-03-30,STL,home,669357,Nolan Gorman,4,1,1,0,0,1,1,0,1,0
823080,2026-03-30,STL,home,691023,Jordan Walker,3,0,1,0,0,0,0,1,0,0
823080,2026-03-30,STL,home,701675,Nathan Church,4,0,0,0,0,0,0,0,2,0
823080,2026-03-30,STL,home,687363,Victor Scott II,3,0,0,0,0,0,0,0,3,0
823080,2026-03-30,STL,home,802139,JJ Wetherholt,3,1,0,0,0,0,0,1,0,0
823080,2026-03-30,STL,home,676475,Alec Burleson,4,0,2,1,0,0,1,0,1,0
823080,2026-03-30,STL,home,686780,Pedro Pagés,3,0,0,0,0,0,0,0,1,0
823080,2026-03-30,STL,home,691026,Masyn Winn,3,0,0,0,0,0,0,1,1,0
823080,2026-03-30,STL,home,671056,Iván Herrera,4,0,1,0,0,0,0,0,0,0
823080,2026-03-30,NYM,away,666182,Bo Bichette,5,0,1,0,0,0,2,0,0,0
823080,2026-03-30,NYM,away,682626,Francisco Alvarez,3,0,1,1,0,0,0,1,1,0
823080,2026-03-30,NYM,away,683146,Brett Baty,5,1,1,0,0,0,0,0,1,0
823080,2026-03-30,NYM,away,701807,Carson Benge,4,1,2,0,0,0,0,0,0,1
823080,2026-03-30,NYM,away,543760,Marcus Semien,3,0,0,0,0,0,0,1,2,0
823080,2026-03-30,NYM,away,596019,Francisco Lindor,3,1,1,0,1,0,0,1,0,0
823080,2026-03-30,NYM,away,665742,Juan Soto,3,0,1,0,0,0,1,2,0,0
823080,2026-03-30,NYM,away,593871,Jorge Polanco,5,0,2,1,0,0,0,0,0,0
823080,2026-03-30,NYM,away,676724,Jared Young,4,1,1,1,0,0,1,0,0,0
823080,2026-03-30,NYM,away,673357,Luis Robert Jr.,1,0,0,0,0,0,0,0,0,0
824214,2026-03-30,HOU,home,670623,Isaac Paredes,3,0,1,0,0,0,0,0,0,0
824214,2026-03-30,HOU,home,669397,Nick Allen,0,0,0,0,0,0,0,0,0,0
824214,2026-03-30,HOU,home,701358,Cam Smith,3,1,1,1,0,0,0,1,0,0
824214,2026-03-30,HOU,home,676694,Jake Meyers,4,0,1,0,0,0,0,0,1,0
824214,2026-03-30,HOU,home,694728,Brice Matthews,4,1,1,0,0,1,1,0,2,0
824214,2026-03-30,HOU,home,514888,Jose Altuve,4,4,4,0,0,2,2,1,0,0
824214,2026-03-30,HOU,home,621043,Carlos Correa,4,1,1,0,0,0,0,0,0,0
824214,2026-03-30,HOU,home,572233,Christian Walker,4,0,1,1,0,0,1,0,2,0
824214,2026-03-30,HOU,home,673237,Yainer Diaz,3,0,1,0,0,0,1,0,0,0
824214,2026-03-30,HOU,home,670541,Yordan Alvarez,5,1,2,0,0,1,2,0,1,0
824214,2026-03-30,BOS,away,701350,Roman Anthony,4,0,0,0,0,0,0,0,2,0
824214,2026-03-30,BOS,away,575929,Willson Contreras,4,0,0,0,0,0,0,0,2,0
824214,2026-03-30,BOS,away,596115,Trevor Story,4,0,1,1,0,0,0,0,2,0
824214,2026-03-30,BOS,away,677800,Wilyer Abreu,3,0,2,1,0,0,1,0,1,0
824214,2026-03-30,BOS,away,643396,Isiah Kiner-Falefa,0,0,0,0,0,0,0,0,0,0
824214,2026-03-30,BOS,away,702332,Caleb Durbin,2,0,0,0,0,0,0,0,0,0
824214,2026-03-30,BOS,away,665966,Carlos Narváez,3,0,1,0,0,0,0,0,2,0
824214,2026-03-30,BOS,away,680776,Jarren Duran,3,1,0,0,0,0,0,1,2,0
824214,2026-03-30,BOS,away,678882,Ceddanne Rafaela,3,0,0,0,0,0,0,0,0,0
824214,2026-03-30,BOS,away,807799,Masataka Yoshida,1,0,0,0,0,0,0,0,1,0
824214,2026-03-30,BOS,away,691785,Marcelo Mayer,2,0,0,0,0,0,0,1,0,0
823320,2026-03-30,SD,home,669134,Luis Campusano,2,0,0,0,0,0,0,0,0,0
823320,2026-03-30,SD,home,666023,Freddy Fermin,0,0,0,0,0,0,0,0,0,0
823320,2026-03-30,SD,home,592206,Nick Castellanos,3,0,0,0,0,0,0,0,2,0
823320,2026-03-30,SD,home,701538,Jackson Merrill,4,1,1,0,0,1,2,0,0,0
823320,2026-03-30,SD,home,657757,Gavin Sheets,2,0,0,0,0,0,0,0,2,0
823320,2026-03-30,SD,home,657656,Ramón Laureano,2,0,0,0,0,0,0,1,2,0
823320,2026-03-30,SD,home,592518,Manny Machado,4,0,0,0,0,0,0,0,1,0
823320,2026-03-30,SD,home,609280,Miguel Andujar,1,0,0,0,0,0,0,0,0,0
823320,2026-03-30,SD,home,665487,Fernando Tatis Jr.,3,0,1,0,0,0,0,1,1,0
823320,2026-03-30,SD,home,669369,Bryce Johnson,1,0,0,0,0,0,0,0,1,0
823320,2026-03-30,SD,home,593428,Xander Bogaerts,4,0,1,0,0,0,0,0,0,0
823320,2026-03-30,SD,home,630105,Jake Cronenworth,3,1,0,0,0,0,0,1,2,0
823320,2026-03-30,SF,away,669477,Casey Schmitt,3,0,2,1,0,0,1,0,0,1
823320,2026-03-30,SF,away,671218,Heliot Ramos,4,0,0,0,0,0,0,0,1,0
823320,2026-03-30,SF,away,656305,Matt Chapman,4,1,1,0,0,0,0,0,0,0
823320,2026-03-30,SF,away,672275,Patrick Bailey,4,0,1,0,0,0,1,0,2,0
823320,2026-03-30,SF,away,808982,Jung Hoo Lee,3,1,0,0,0,0,0,1,1,0
823320,2026-03-30,SF,away,646240,Rafael Devers,2,0,0,0,0,0,0,2,0,0
823320,2026-03-30,SF,away,664056,Harrison Bader,4,1,1,0,0,1,1,0,1,0
823320,2026-03-30,SF,away,642715,Willy Adames,4,0,1,0,0,0,0,0,1,0
823320,2026-03-30,SF,away,650333,Luis Arraez,4,0,0,0,0,0,0,0,1,0
823159,2026-03-30,SEA,home,647304,Josh Naylor,4,0,0,0,0,0,0,0,1,0
823159,2026-03-30,SEA,home,645302,Victor Robles,4,0,0,0,0,0,0,0,2,0
823159,2026-03-30,SEA,home,702284,Cole Young,4,0,3,1,0,0,1,0,0,0
823159,2026-03-30,SEA,home,668227,Randy Arozarena,4,1,1,0,0,0,0,0,1,0
823159,2026-03-30,SEA,home,686527,Dominic Canzone,1,0,0,0,0,0,0,0,1,0
823159,2026-03-30,SEA,home,663728,Cal Raleigh,2,0,1,0,0,0,1,0,1,0
823159,2026-03-30,SEA,home,608701,Rob Refsnyder,2,0,0,0,0,0,0,0,1,0
823159,2026-03-30,SEA,home,680977,Brendan Donovan,4,0,2,0,0,0,0,1,1,0
823159,2026-03-30,SEA,home,641598,Mitch Garver,2,0,0,0,0,0,0,2,0,0
823159,2026-03-30,SEA,home,677594,Julio Rodríguez,4,0,0,0,0,0,0,0,2,0
823159,2026-03-30,SEA,home,660844,Leo Rivas,4,1,2,0,0,0,0,0,1,0
823159,2026-03-30,NYY,away,676609,José Caballero,2,0,1,0,0,0,0,1,1,0
823159,2026-03-30,NYY,away,545341,Randal Grichuk,0,0,0,0,0,0,0,0,0,0
823159,2026-03-30,NYY,away,642708,Amed Rosario,1,0,0,0,0,0,1,0,1,0
823159,2026-03-30,NYY,away,592450,Aaron Judge,3,0,1,0,0,0,0,1,1,0
823159,2026-03-30,NYY,away,641857,Ryan McMahon,2,0,0,0,0,0,0,0,1,0
823159,2026-03-30,NYY,away,669224,Austin Wells,3,0,0,0,0,0,0,0,2,0
823159,2026-03-30,NYY,away,700250,Ben Rice,4,1,1,0,0,0,0,0,0,0
823159,2026-03-30,NYY,away,641355,Cody Bellinger,4,0,0,0,0,0,0,0,1,0
823159,2026-03-30,NYY,away,519317,Giancarlo Stanton,4,0,2,1,0,0,0,0,1,0
823159,2026-03-30,NYY,away,665862,Jazz Chisholm Jr.,4,0,1,1,0,0,0,0,1,0
823159,2026-03-30,NYY,away,663757,Trent Grisham,4,0,0,0,0,0,0,0,1,0
825108,2026-03-30,ARI,home,691783,Jordan Lawlar,3,1,2,0,0,0,1,1,0,1
825108,2026-03-30,ARI,home,571448,Nolan Arenado,5,1,1,0,0,0,0,0,0,0
825108,2026-03-30,ARI,home,606466,Ketel Marte,4,1,1,0,0,0,1,1,0,0
825108,2026-03-30,ARI,home,545121,Ildemaro Vargas,4,2,2,0,0,1,1,0,0,0
825108,2026-03-30,ARI,home,672695,Geraldo Perdomo,4,0,0,0,0,0,0,1,0,0
825108,2026-03-30,ARI,home,672515,Gabriel Moreno,4,1,2,1,0,0,1,1,0,0
825108,2026-03-30,ARI,home,682998,Corbin Carroll,4,2,2,0,1,1,4,1,1,0
825108,2026-03-30,ARI,home,467793,Carlos Santana,3,0,0,0,0,0,0,1,0,0
825108,2026-03-30,ARI,home,677950,Alek Thomas,5,1,1,1,0,0,1,0,2,0
825108,2026-03-30,DET,away,682985,Riley Greene,5,1,2,0,0,0,1,0,1,0
825108,2026-03-30,DET,away,595879,Javier Báez,4,1,1,0,0,0,1,0,2,0
825108,2026-03-30,DET,away,805808,Kevin McGonigle,2,1,0,0,0,0,0,2,0,0
825108,2026-03-30,DET,away,681481,Kerry Carpenter,5,0,1,0,0,0,0,0,4,0
825108,2026-03-30,DET,away,679529,Spencer Torkelson,5,0,1,1,0,0,1,0,2,0
825108,2026-03-30,DET,away,650402,Gleyber Torres,4,1,1,0,0,0,0,1,1,0
825108,2026-03-30,DET,away,678009,Parker Meadows,4,0,1,1,0,0,0,0,0,0
825108,2026-03-30,DET,away,693307,Dillon Dingler,3,1,1,1,0,0,1,1,2,0
825108,2026-03-30,DET,away,690993,Colt Keith,5,1,2,2,0,0,2,0,2,0
823972,2026-03-30,LAD,home,669257,Will Smith,1,0,0,0,0,0,0,0,0,0
823972,2026-03-30,LAD,home,687221,Dalton Rushing,2,0,1,0,0,0,0,0,0,0
823972,2026-03-30,LAD,home,663656,Kyle Tucker,4,1,1,0,0,0,0,0,2,0
823972,2026-03-30,LAD,home,571970,Max Muncy,3,0,1,0,0,0,0,0,1,0
823972,2026-03-30,LAD,home,518692,Freddie Freeman,4,0,0,0,0,0,1,0,0,0
823972,2026-03-30,LAD,home,660271,Shohei Ohtani,4,0,1,0,0,0,0,0,1,0
823972,2026-03-30,LAD,home,606192,Teoscar Hernández,4,0,1,0,0,0,0,0,1,0
823972,2026-03-30,LAD,home,681624,Andy Pages,4,0,2,0,0,0,0,0,0,0
823972,2026-03-30,LAD,home,605141,Mookie Betts,4,1,1,1,0,0,1,0,1,0
823972,2026-03-30,LAD,home,500743,Miguel Rojas,3,0,1,1,0,0,0,0,0,0
823972,2026-03-30,CLE,away,800050,Chase DeLauter,4,0,0,0,0,0,0,1,1,0
823972,2026-03-30,CLE,away,595978,Austin Hedges,4,2,2,1,0,0,0,0,1,0
823972,2026-03-30,CLE,away,682177,Daniel Schneemann,4,0,1,1,0,0,2,0,1,0
823972,2026-03-30,CLE,away,677587,Brayan Rocchio,3,0,0,0,0,0,0,1,1,0
823972,2026-03-30,CLE,away,672356,Gabriel Arias,4,0,0,0,0,0,0,0,1,0
823972,2026-03-30,CLE,away,608070,José Ramírez,5,0,1,0,0,0,0,0,1,1
823972,2026-03-30,CLE,away,680757,Steven Kwan,5,1,3,1,0,0,1,0,1,1
823972,2026-03-30,CLE,away,682657,Angel Martínez,3,1,2,0,0,0,0,0,0,1
823972,2026-03-30,CLE,away,700932,Kyle Manzardo,2,0,0,0,0,0,0,0,0,0
823972,2026-03-30,CLE,away,656555,Rhys Hoskins,1,0,0,0,0,0,1,1,1,0
824861,2026-03-31,BAL,home,669236,Jeremiah Jackson,4,0,0,0,0,0,0,0,2,0
824861,2026-03-31,BAL,home,694212,Samuel Basallo,4,0,0,0,0,0,0,0,1,0
824861,2026-03-31,BAL,home,683002,Gunnar Henderson,5,0,1,1,0,0,2,0,1,0
824861,2026-03-31,BAL,home,621493,Taylor Ward,5,1,4,1,0,0,2,0,1,0
824861,2026-03-31,BAL,home,668939,Adley Rutschman,3,0,0,0,0,0,0,1,0,0
824861,2026-03-31,BAL,home,641933,Tyler O'Neill,3,1,0,0,0,0,0,0,2,0
824861,2026-03-31,BAL,home,677942,Blaze Alexander,4,1,1,0,0,0,0,0,3,0
824861,2026-03-31,BAL,home,624413,Pete Alonso,4,1,2,0,0,1,1,0,1,0
824861,2026-03-31,BAL,home,681297,Colton Cowser,4,1,1,0,0,0,0,0,0,0
824861,2026-03-31,TEX,away,694497,Evan Carter,3,1,1,1,0,0,0,1,0,0
824861,2026-03-31,TEX,away,694671,Wyatt Langford,5,1,2,0,1,0,1,0,1,0
824861,2026-03-31,TEX,away,669394,Jake Burger,5,1,1,0,0,0,0,0,3,0
824861,2026-03-31,TEX,away,592626,Joc Pederson,4,0,0,0,0,0,0,1,2,0
824861,2026-03-31,TEX,away,608369,Corey Seager,4,2,2,0,0,1,2,1,1,0
824861,2026-03-31,TEX,away,677649,Ezequiel Duran,4,1,1,0,0,1,1,0,1,0
824861,2026-03-31,TEX,away,607043,Brandon Nimmo,5,1,2,0,0,0,1,0,1,0
824861,2026-03-31,TEX,away,669701,Josh Smith,5,0,1,0,0,0,0,0,1,0
824861,2026-03-31,TEX,away,643376,Danny Jansen,5,1,3,1,0,1,3,0,1,0
824537,2026-03-31,CIN,home,682829,Elly De La Cruz,5,1,1,0,0,1,1,0,1,0
824537,2026-03-31,CIN,home,701398,Sal Stewart,4,1,1,0,0,1,1,1,2,0
824537,2026-03-31,CIN,home,667472,Dane Myers,2,0,1,0,0,0,0,0,1,0
824537,2026-03-31,CIN,home,682622,Noelvi Marte,2,1,0,0,0,0,0,2,1,0
824537,2026-03-31,CIN,home,663993,Nathaniel Lowe,1,0,0,0,0,0,0,0,0,0
824537,2026-03-31,CIN,home,680574,Matt McLain,3,0,0,0,0,0,0,1,3,0
824537,2026-03-31,CIN,home,663647,Ke'Bryan Hayes,3,0,1,0,0,0,0,1,0,0
824537,2026-03-31,CIN,home,666181,Will Benson,2,0,0,0,0,0,0,0,1,0
824537,2026-03-31,CIN,home,670770,TJ Friedl,3,0,0,0,0,0,0,2,1,0
824537,2026-03-31,CIN,home,624431,Jose Trevino,2,0,1,0,0,0,0,1,0,0
824537,2026-03-31,CIN,home,553993,Eugenio Suárez,5,0,1,0,0,0,0,0,2,0
824537,2026-03-31,CIN,home,663886,Tyler Stephenson,0,0,0,0,0,0,0,0,0,0
824537,2026-03-31,PIT,away,694377,Nick Yorke,3,0,0,0,0,0,1,0,1,0
824537,2026-03-31,PIT,away,687462,Spencer Horwitz,1,0,0,0,0,0,0,0,1,0
824537,2026-03-31,PIT,away,664040,Brandon Lowe,4,0,0,0,0,0,0,0,1,0
824537,2026-03-31,PIT,away,668804,Bryan Reynolds,4,1,1,0,0,1,1,0,1,0
824537,2026-03-31,PIT,away,663698,Joey Bart,2,1,0,0,0,0,0,1,1,0
824537,2026-03-31,PIT,away,665833,Oneil Cruz,4,3,3,0,0,2,3,0,1,0
824537,2026-03-31,PIT,away,663968,Jake Mangum,4,0,1,0,0,0,0,1,0,0
824537,2026-03-31,PIT,away,680779,Henry Davis,0,0,0,0,0,0,0,0,0,0
824537,2026-03-31,PIT,away,656811,Ryan O'Hearn,3,1,1,0,0,1,3,1,0,0
824537,2026-03-31,PIT,away,542303,Marcell Ozuna,4,0,0,0,0,0,0,0,1,0
824537,2026-03-31,PIT,away,693304,Nick Gonzales,4,2,2,0,0,0,0,0,0,0
823485,2026-03-31,PHI,home,669016,Brandon Marsh,3,0,1,0,0,0,0,0,0,1
823485,2026-03-31,PHI,home,702222,Justin Crawford,3,1,1,0,0,0,0,0,0,0
823485,2026-03-31,PHI,home,547180,Bryce Harper,4,0,1,0,0,0,1,0,0,0
823485,2026-03-31,PHI,home,592663,J.T. Realmuto,3,0,0,0,0,0,0,0,0,0
823485,2026-03-31,PHI,home,664761,Alec Bohm,3,0,0,0,0,0,0,1,0,0
823485,2026-03-31,PHI,home,681082,Bryson Stott,4,0,0,0,0,0,0,0,1,0
823485,2026-03-31,PHI,home,656941,Kyle Schwarber,3,1,1,0,0,1,1,1,1,0
823485,2026-03-31,PHI,home,666969,Adolis García,3,1,2,0,0,1,1,0,0,0
823485,2026-03-31,PHI,home,607208,Trea Turner,4,0,1,0,0,0,0,0,0,0
823485,2026-03-31,WSH,away,691781,Brady House,0,0,0,0,0,0,0,0,0,0
823485,2026-03-31,WSH,away,682928,CJ Abrams,4,1,1,0,0,0,0,0,0,0
823485,2026-03-31,WSH,away,683083,Nasim Nuñez,4,1,2,0,0,0,0,0,2,1
823485,2026-03-31,WSH,away,678391,Jorbit Vivas,2,0,1,0,0,0,0,0,1,0
823485,2026-03-31,WSH,away,686894,Joey Wiemer,3,0,0,0,0,0,0,1,2,0
823485,2026-03-31,WSH,away,678554,Curtis Mead,1,0,0,0,0,0,0,1,0,0
823485,2026-03-31,WSH,away,695734,Daylen Lile,4,0,3,1,0,0,0,0,0,0
823485,2026-03-31,WSH,away,677588,José Tena,4,0,0,0,0,0,0,0,3,0
823485,2026-03-31,WSH,away,695578,James Wood,5,0,1,1,0,0,1,0,2,0
823485,2026-03-31,WSH,away,696285,Jacob Young,0,0,0,0,0,0,0,0,0,0
823485,2026-03-31,WSH,away,660688,Keibert Ruiz,4,0,0,0,0,0,0,0,1,0
823485,2026-03-31,WSH,away,671277,Luis García Jr.,4,0,0,0,0,0,0,0,1,0
823888,2026-03-31,MIA,home,665052,Griffin Conine,4,2,2,0,0,1,2,0,1,0
823888,2026-03-31,MIA,home,681715,Heriberto Hernández,3,1,1,0,0,0,1,1,0,0
823888,2026-03-31,MIA,home,805300,Jakob Marsee,3,0,0,0,0,0,1,0,0,0
823888,2026-03-31,MIA,home,669364,Xavier Edwards,4,1,2,0,0,0,0,0,0,0
823888,2026-03-31,MIA,home,688363,Graham Pauley,3,0,0,0,0,0,1,0,1,0
823888,2026-03-31,MIA,home,689414,Liam Hicks,3,2,1,1,0,0,2,1,0,0
823888,2026-03-31,MIA,home,683357,Owen Caissie,2,1,1,0,0,0,2,1,1,0
823888,2026-03-31,MIA,home,682663,Agustín Ramírez,4,1,1,1,0,0,0,0,1,0
823888,2026-03-31,MIA,home,672640,Otto Lopez,4,1,1,0,0,0,0,0,1,0
823888,2026-03-31,CWS,away,671976,Tristan Peters,3,0,0,0,0,0,0,1,2,1
823888,2026-03-31,CWS,away,682668,Luisangel Acuña,3,1,1,0,0,0,0,0,0,0
823888,2026-03-31,CWS,away,808959,Munetaka Murakami,4,0,1,0,0,0,1,0,2,0
823888,2026-03-31,CWS,away,805367,Chase Meidroth,4,0,0,0,0,0,0,0,2,0
823888,2026-03-31,CWS,away,695657,Colson Montgomery,4,0,0,0,0,0,0,0,2,0
823888,2026-03-31,CWS,away,669720,Austin Hays,4,0,0,0,0,0,0,0,1,0
823888,2026-03-31,CWS,away,700337,Edgar Quero,2,1,1,0,0,0,0,1,0,0
823888,2026-03-31,CWS,away,643217,Andrew Benintendi,4,0,1,0,0,0,1,0,2,0
823888,2026-03-31,CWS,away,678246,Miguel Vargas,4,0,1,1,0,0,0,0,2,0
822836,2026-03-31,TOR,home,676391,Ernie Clement,4,0,1,1,0,0,1,0,0,0
822836,2026-03-31,TOR,home,662139,Daulton Varsho,4,1,1,0,0,0,0,0,0,0
822836,2026-03-31,TOR,home,665926,Andrés Giménez,4,0,1,0,0,0,0,0,1,1
822836,2026-03-31,TOR,home,664770,Nathan Lukes,4,1,2,0,0,0,1,0,2,0
822836,2026-03-31,TOR,home,543807,George Springer,3,0,1,0,0,0,0,2,2,0
822836,2026-03-31,TOR,home,623168,Tyler Heineman,4,1,2,0,0,0,0,0,1,0
822836,2026-03-31,TOR,home,665489,Vladimir Guerrero Jr.,3,1,2,0,0,0,1,2,0,0
822836,2026-03-31,TOR,home,660821,Jesús Sánchez,4,0,2,0,0,0,1,0,1,0
822836,2026-03-31,TOR,home,664702,Myles Straw,1,1,1,0,0,0,0,0,0,0
822836,2026-03-31,TOR,home,672960,Kazuma Okamoto,5,0,1,0,0,0,1,0,3,0
822836,2026-03-31,COL,away,664983,Jake McCarthy,4,0,1,1,0,0,0,0,0,0
822836,2026-03-31,COL,away,687859,Troy Johnston,2,0,0,0,0,0,0,0,0,0
822836,2026-03-31,COL,away,650489,Willi Castro,4,0,0,0,0,0,0,0,1,0
822836,2026-03-31,COL,away,690022,Ryan Ritter,2,0,0,0,0,0,0,0,0,0
822836,2026-03-31,COL,away,666397,Edouard Julien,1,0,0,0,0,0,0,0,0,0
822836,2026-03-31,COL,away,696100,Hunter Goodman,4,1,1,0,0,1,1,0,1,0
822836,2026-03-31,COL,away,687597,Jordan Beck,2,0,0,0,0,0,0,0,0,0
822836,2026-03-31,COL,away,686668,Brenton Doyle,2,0,1,0,0,0,0,1,1,0
822836,2026-03-31,COL,away,678662,Ezequiel Tovar,4,0,1,0,0,0,0,0,1,0
822836,2026-03-31,COL,away,681198,TJ Rumfield,4,0,3,0,0,0,0,0,1,0
822836,2026-03-31,COL,away,691720,Kyle Karros,3,0,0,0,0,0,0,0,1,0
824942,2026-03-31,ATL,home,671739,Michael Harris II,4,0,1,0,0,0,0,0,1,0
824942,2026-03-31,ATL,home,643289,Mauricio Dubón,4,0,2,0,0,0,0,0,1,0
824942,2026-03-31,ATL,home,686948,Drake Baldwin,4,1,1,0,0,1,1,1,0,0
824942,2026-03-31,ATL,home,621566,Matt Olson,4,0,1,0,0,0,0,0,1,0
824942,2026-03-31,ATL,home,642086,Dominic Smith,3,1,1,0,0,0,0,1,0,0
824942,2026-03-31,ATL,home,660670,Ronald Acuña Jr.,4,0,0,0,0,0,1,0,3,0
824942,2026-03-31,ATL,home,645277,Ozzie Albies,4,0,0,0,0,0,0,0,0,0
824942,2026-03-31,ATL,home,663586,Austin Riley,3,0,0,0,0,0,0,1,0,0
824942,2026-03-31,ATL,home,573262,Mike Yastrzemski,3,0,0,0,0,0,0,1,0,0
824942,2026-03-31,OAK,away,671732,Lawrence Butler,3,1,0,0,0,0,0,1,0,0
824942,2026-03-31,OAK,away,667670,Brent Rooker,4,0,1,0,0,0,0,0,3,0
824942,2026-03-31,OAK,away,691777,Max Muncy,3,2,1,1,0,0,0,1,1,0
824942,2026-03-31,OAK,away,672016,Denzel Clarke,3,0,1,0,0,0,0,1,1,0
824942,2026-03-31,OAK,away,691016,Tyler Soderstrom,4,0,0,0,0,0,0,0,1,0
824942,2026-03-31,OAK,away,701762,Nick Kurtz,4,0,0,0,0,0,0,0,3,0
824942,2026-03-31,OAK,away,669127,Shea Langeliers,4,1,1,0,0,1,1,0,2,0
824942,2026-03-31,OAK,away,628451,Andy Ibáñez,4,1,2,0,0,0,2,0,0,0
824942,2026-03-31,OAK,away,805779,Jacob Wilson,4,0,2,1,0,0,2,0,0,0
824699,2026-03-31,CHC,home,624424,Michael Conforto,1,0,0,0,0,0,0,0,1,0
824699,2026-03-31,CHC,home,664023,Ian Happ,2,0,0,0,0,0,0,2,1,0
824699,2026-03-31,CHC,home,664068,Scott Kingery,0,0,0,0,0,0,0,0,0,0
824699,2026-03-31,CHC,home,608324,Alex Bregman,4,0,0,0,0,0,0,0,0,0
824699,2026-03-31,CHC,home,683737,Michael Busch,3,0,0,0,0,0,0,0,0,0
824699,2026-03-31,CHC,home,608348,Carson Kelly,1,0,1,0,0,0,0,0,0,0
824699,2026-03-31,CHC,home,691718,Pete Crow-Armstrong,3,0,0,0,0,0,0,0,2,0
824699,2026-03-31,CHC,home,665804,Miguel Amaya,3,0,1,0,0,0,0,0,0,0
824699,2026-03-31,CHC,home,694208,Moisés Ballesteros,2,0,1,0,0,0,0,1,1,0
824699,2026-03-31,CHC,home,621020,Dansby Swanson,3,0,0,0,0,0,0,1,2,0
824699,2026-03-31,CHC,home,663538,Nico Hoerner,4,0,1,0,0,0,0,0,1,0
824699,2026-03-31,CHC,home,807713,Matt Shaw,3,0,0,0,0,0,0,0,0,0
824699,2026-03-31,LAA,away,624428,Adam Frazier,0,0,0,0,0,0,0,0,0,0
824699,2026-03-31,LAA,away,672724,Oswald Peraza,3,0,2,1,0,0,0,1,0,1
824699,2026-03-31,LAA,away,687263,Zach Neto,4,0,0,0,0,0,0,1,2,0
824699,2026-03-31,LAA,away,624585,Jorge Soler,3,1,0,0,0,0,0,1,2,0
824699,2026-03-31,LAA,away,545361,Mike Trout,3,0,0,0,0,0,0,2,1,1
824699,2026-03-31,LAA,away,600869,Jeimer Candelario,4,1,1,1,0,0,0,0,2,0
824699,2026-03-31,LAA,away,666176,Jo Adell,4,0,1,0,0,0,0,0,1,0
824699,2026-03-31,LAA,away,694384,Nolan Schanuel,5,0,0,0,0,0,0,0,0,0
824699,2026-03-31,LAA,away,666139,Josh Lowe,3,0,0,0,0,0,0,1,1,0
824699,2026-03-31,LAA,away,669326,Bryce Teodosio,0,0,0,0,0,0,0,0,0,0
824699,2026-03-31,LAA,away,681351,Logan O'Hoppe,3,0,1,0,0,0,2,1,0,0
823807,2026-03-31,MIL,home,650859,Luis Rengifo,4,0,0,0,0,0,0,0,1,0
823807,2026-03-31,MIL,home,687401,Joey Ortiz,3,1,0,0,0,0,0,1,0,0
823807,2026-03-31,MIL,home,592885,Christian Yelich,3,0,0,0,0,0,0,1,1,0
823807,2026-03-31,MIL,home,641343,Jake Bauers,4,2,2,0,0,1,1,0,0,1
823807,2026-03-31,MIL,home,686217,Sal Frelick,4,0,1,0,0,0,0,0,0,0
823807,2026-03-31,MIL,home,663604,Brandon Lockridge,4,1,2,1,0,0,1,0,0,0
823807,2026-03-31,MIL,home,669003,Garrett Mitchell,1,0,0,0,0,0,0,0,1,0
823807,2026-03-31,MIL,home,661388,William Contreras,4,0,0,0,0,0,0,0,2,0
823807,2026-03-31,MIL,home,668930,Brice Turang,3,0,1,0,0,0,2,1,1,1
823807,2026-03-31,MIL,home,596142,Gary Sánchez,1,2,1,0,0,1,1,2,0,0
823807,2026-03-31,TB,away,680700,Richie Palacios,1,0,0,0,0,0,0,0,0,0
823807,2026-03-31,TB,away,700246,Carson Williams,4,0,0,0,0,0,0,0,1,0
823807,2026-03-31,TB,away,668723,Ryan Vilade,0,0,0,0,0,0,0,1,0,0
823807,2026-03-31,TB,away,641584,Jake Fraley,4,0,2,1,0,0,0,0,0,0
823807,2026-03-31,TB,away,802415,Chandler Simpson,3,0,2,0,1,0,0,0,0,1
823807,2026-03-31,TB,away,676356,Jonny DeLuca,1,0,0,0,0,0,0,0,0,0
823807,2026-03-31,TB,away,666018,Jonathan Aranda,4,1,1,0,0,1,1,0,1,0
823807,2026-03-31,TB,away,663743,Nick Fortes,4,1,1,0,0,1,1,0,0,0
823807,2026-03-31,TB,away,650490,Yandy Díaz,4,0,0,0,0,0,0,0,2,0
823807,2026-03-31,TB,away,810938,Ben Williamson,3,0,0,0,0,0,0,0,1,0
823807,2026-03-31,TB,away,691406,Junior Caminero,3,0,1,0,0,0,0,1,1,0
823807,2026-03-31,TB,away,656775,Cedric Mullins,3,0,0,0,0,0,0,0,2,0
823077,2026-03-31,STL,home,669357,Nolan Gorman,4,0,0,0,0,0,0,0,2,0
823077,2026-03-31,STL,home,691023,Jordan Walker,4,0,0,0,0,0,0,0,2,0
823077,2026-03-31,STL,home,701675,Nathan Church,4,0,0,0,0,0,0,0,3,0
823077,2026-03-31,STL,home,687363,Victor Scott II,3,1,2,1,0,0,0,0,0,0
823077,2026-03-31,STL,home,802139,JJ Wetherholt,4,1,2,0,0,0,0,0,2,0
823077,2026-03-31,STL,home,676475,Alec Burleson,2,0,0,0,0,0,0,2,0,0
823077,2026-03-31,STL,home,602104,Ramón Urías,3,1,1,0,0,1,1,0,1,0
823077,2026-03-31,STL,home,691026,Masyn Winn,4,0,0,0,0,0,0,0,0,0
823077,2026-03-31,STL,home,671056,Iván Herrera,2,0,1,1,0,0,2,2,1,0
823077,2026-03-31,NYM,away,620443,Luis Torrens,2,0,0,0,0,0,0,0,1,0
823077,2026-03-31,NYM,away,666182,Bo Bichette,3,0,0,0,0,0,0,1,0,0
823077,2026-03-31,NYM,away,682626,Francisco Alvarez,1,0,0,0,0,0,0,0,0,0
823077,2026-03-31,NYM,away,668901,Mark Vientos,2,0,0,0,0,0,0,0,0,0
823077,2026-03-31,NYM,away,683146,Brett Baty,2,0,0,0,0,0,0,0,0,0
823077,2026-03-31,NYM,away,701807,Carson Benge,3,0,0,0,0,0,0,0,1,0
823077,2026-03-31,NYM,away,543760,Marcus Semien,2,0,0,0,0,0,0,1,1,0
823077,2026-03-31,NYM,away,596019,Francisco Lindor,3,0,0,0,0,0,0,1,0,0
823077,2026-03-31,NYM,away,665742,Juan Soto,4,0,2,1,0,0,0,0,1,0
823077,2026-03-31,NYM,away,673357,Luis Robert Jr.,3,0,0,0,0,0,0,1,0,0
823077,2026-03-31,NYM,away,676724,Jared Young,4,0,1,0,0,0,0,0,1,0
824212,2026-03-31,HOU,home,669397,Nick Allen,1,0,0,0,0,0,0,0,0,0
824212,2026-03-31,HOU,home,701358,Cam Smith,3,1,2,0,0,1,1,1,0,0
824212,2026-03-31,HOU,home,676694,Jake Meyers,4,1,1,0,0,0,0,0,1,0
824212,2026-03-31,HOU,home,694728,Brice Matthews,1,0,0,0,0,0,0,0,1,0
824212,2026-03-31,HOU,home,514888,Jose Altuve,2,1,0,0,0,0,0,2,0,0
824212,2026-03-31,HOU,home,694388,Joey Loperfido,4,0,1,0,0,0,1,0,0,1
824212,2026-03-31,HOU,home,665161,Jeremy Peña,5,1,1,0,0,0,0,0,1,0
824212,2026-03-31,HOU,home,621043,Carlos Correa,3,2,2,1,0,0,2,1,1,0
824212,2026-03-31,HOU,home,572233,Christian Walker,4,1,2,1,0,0,2,0,1,0
824212,2026-03-31,HOU,home,543877,Christian Vázquez,1,0,0,0,0,0,0,0,1,0
824212,2026-03-31,HOU,home,673237,Yainer Diaz,4,0,0,0,0,0,0,0,0,0
824212,2026-03-31,HOU,home,670541,Yordan Alvarez,3,2,2,1,0,1,2,1,0,0
824212,2026-03-31,BOS,away,701350,Roman Anthony,4,0,0,0,0,0,0,0,4,0
824212,2026-03-31,BOS,away,575929,Willson Contreras,4,0,1,0,0,0,0,0,0,0
824212,2026-03-31,BOS,away,657136,Connor Wong,3,0,1,1,0,0,1,0,2,0
824212,2026-03-31,BOS,away,678882,Ceddanne Rafaela,3,1,1,0,0,1,1,0,2,0
824212,2026-03-31,BOS,away,596115,Trevor Story,4,0,1,0,0,0,0,0,1,0
824212,2026-03-31,BOS,away,807799,Masataka Yoshida,2,0,0,0,0,0,0,2,0,0
824212,2026-03-31,BOS,away,677800,Wilyer Abreu,4,0,0,0,0,0,0,0,1,0
824212,2026-03-31,BOS,away,655316,Andruw Monasterio,4,0,0,0,0,0,0,0,2,0
824212,2026-03-31,BOS,away,691785,Marcelo Mayer,3,1,0,0,0,0,0,1,1,0
825107,2026-03-31,ARI,home,691783,Jordan Lawlar,3,1,1,0,0,0,0,0,1,0
825107,2026-03-31,ARI,home,606466,Ketel Marte,3,1,0,0,0,0,0,1,1,0
825107,2026-03-31,ARI,home,672695,Geraldo Perdomo,3,1,1,0,0,0,0,1,0,0
825107,2026-03-31,ARI,home,699912,Jose Fernandez,4,2,3,0,0,2,4,0,1,0
825107,2026-03-31,ARI,home,672515,Gabriel Moreno,4,0,1,1,0,0,1,0,2,0
825107,2026-03-31,ARI,home,682998,Corbin Carroll,3,0,1,1,0,0,2,1,1,0
825107,2026-03-31,ARI,home,543510,James McCann,2,1,1,1,0,0,0,1,1,0
825107,2026-03-31,ARI,home,467793,Carlos Santana,4,0,0,0,0,0,0,0,3,0
825107,2026-03-31,ARI,home,677950,Alek Thomas,4,1,0,0,0,0,0,0,2,1
825107,2026-03-31,DET,away,656716,Zach McKinstry,4,0,0,0,0,0,0,0,2,0
825107,2026-03-31,DET,away,682985,Riley Greene,4,1,1,1,0,0,2,0,0,0
825107,2026-03-31,DET,away,805808,Kevin McGonigle,4,1,1,0,0,0,1,0,0,0
825107,2026-03-31,DET,away,681481,Kerry Carpenter,3,0,1,0,0,0,1,1,1,0
825107,2026-03-31,DET,away,679529,Spencer Torkelson,4,0,0,0,0,0,0,0,1,0
825107,2026-03-31,DET,away,650402,Gleyber Torres,3,0,0,0,0,0,0,1,1,0
825107,2026-03-31,DET,away,668670,Jake Rogers,3,1,1,1,0,0,1,0,1,0
825107,2026-03-31,DET,away,663837,Matt Vierling,0,0,0,0,0,0,0,0,0,0
825107,2026-03-31,DET,away,678009,Parker Meadows,3,1,1,0,0,0,0,0,1,0
825107,2026-03-31,DET,away,690993,Colt Keith,4,1,1,0,0,0,0,0,2,0
823322,2026-03-31,SD,home,666023,Freddy Fermin,4,0,0,0,0,0,0,0,1,0
823322,2026-03-31,SD,home,592206,Nick Castellanos,3,0,1,1,0,0,0,1,0,0
823322,2026-03-31,SD,home,701538,Jackson Merrill,3,1,1,0,0,0,1,1,1,0
823322,2026-03-31,SD,home,657757,Gavin Sheets,4,0,1,0,0,0,0,0,1,0
823322,2026-03-31,SD,home,592518,Manny Machado,3,1,1,0,0,0,0,1,1,0
823322,2026-03-31,SD,home,609280,Miguel Andujar,4,0,1,0,0,0,1,0,2,0
823322,2026-03-31,SD,home,665487,Fernando Tatis Jr.,3,1,1,1,0,0,0,1,1,1
823322,2026-03-31,SD,home,593428,Xander Bogaerts,4,0,0,0,0,0,1,0,1,0
823322,2026-03-31,SD,home,630105,Jake Cronenworth,4,0,0,0,0,0,0,0,0,0
823322,2026-03-31,SF,away,669477,Casey Schmitt,4,0,1,0,0,0,0,0,3,0
823322,2026-03-31,SF,away,671218,Heliot Ramos,4,1,1,0,0,0,2,1,2,0
823322,2026-03-31,SF,away,656305,Matt Chapman,5,2,2,0,0,1,1,0,1,0
823322,2026-03-31,SF,away,672275,Patrick Bailey,3,1,1,0,0,0,0,1,0,0
823322,2026-03-31,SF,away,808982,Jung Hoo Lee,5,0,3,2,0,0,3,0,0,0
823322,2026-03-31,SF,away,646240,Rafael Devers,5,1,2,0,0,0,0,0,0,0
823322,2026-03-31,SF,away,666931,Jared Oliva,0,1,0,0,0,0,0,0,0,1
823322,2026-03-31,SF,away,664056,Harrison Bader,5,1,1,1,0,0,0,0,1,0
823322,2026-03-31,SF,away,683766,Christian Koss,0,0,0,0,0,0,0,0,0,0
823322,2026-03-31,SF,away,642715,Willy Adames,5,2,4,1,0,1,2,0,0,0
823322,2026-03-31,SF,away,650333,Luis Arraez,4,0,1,0,0,0,1,0,0,0
823158,2026-03-31,SEA,home,647304,Josh Naylor,4,0,1,0,0,0,0,0,1,0
823158,2026-03-31,SEA,home,645302,Victor Robles,3,0,0,0,0,0,0,0,1,0
823158,2026-03-31,SEA,home,702284,Cole Young,3,0,1,0,0,0,0,0,0,0
823158,2026-03-31,SEA,home,668227,Randy Arozarena,3,0,0,0,0,0,0,0,0,0
823158,2026-03-31,SEA,home,663728,Cal Raleigh,4,0,0,0,0,0,0,0,2,0
823158,2026-03-31,SEA,home,608701,Rob Refsnyder,4,0,0,0,0,0,0,0,2,0
823158,2026-03-31,SEA,home,680977,Brendan Donovan,3,0,1,0,0,0,0,0,1,0
823158,2026-03-31,SEA,home,660844,Leo Rivas,3,0,0,0,0,0,0,0,0,0
823158,2026-03-31,SEA,home,677594,Julio Rodríguez,3,0,1,0,0,0,0,1,0,0
823158,2026-03-31,NYY,away,676609,José Caballero,4,0,0,0,0,0,0,0,1,0
823158,2026-03-31,NYY,away,592450,Aaron Judge,4,0,0,0,0,0,0,0,2,0
823158,2026-03-31,NYY,away,641857,Ryan McMahon,4,0,0,0,0,0,0,0,3,0
823158,2026-03-31,NYY,away,700250,Ben Rice,2,2,2,1,0,0,1,2,0,0
823158,2026-03-31,NYY,away,641555,J.C. Escarra,4,0,0,0,0,0,0,0,1,0
823158,2026-03-31,NYY,away,641355,Cody Bellinger,3,2,2,0,0,0,0,1,0,1
823158,2026-03-31,NYY,away,519317,Giancarlo Stanton,4,0,2,1,0,0,2,0,0,0
823158,2026-03-31,NYY,away,665862,Jazz Chisholm Jr.,4,0,1,0,0,0,1,0,2,1
823158,2026-03-31,NYY,away,663757,Trent Grisham,4,1,2,1,0,0,0,0,1,0
823969,2026-03-31,LAD,home,669257,Will Smith,4,1,1,0,0,0,0,0,1,0
823969,2026-03-31,LAD,home,663656,Kyle Tucker,4,0,1,0,0,0,0,0,2,0
823969,2026-03-31,LAD,home,571970,Max Muncy,3,2,2,0,0,1,1,1,0,0
823969,2026-03-31,LAD,home,518692,Freddie Freeman,4,1,1,0,0,0,0,0,1,0
823969,2026-03-31,LAD,home,660271,Shohei Ohtani,3,0,1,0,0,0,0,2,1,0
823969,2026-03-31,LAD,home,606192,Teoscar Hernández,4,0,2,0,0,0,1,0,2,0
823969,2026-03-31,LAD,home,681624,Andy Pages,4,0,2,0,0,0,2,0,1,0
823969,2026-03-31,LAD,home,605141,Mookie Betts,4,0,0,0,0,0,0,0,2,0
823969,2026-03-31,LAD,home,500743,Miguel Rojas,2,0,0,0,0,0,0,0,1,0
823969,2026-03-31,LAD,home,690976,Alex Freeland,2,0,0,0,0,0,0,0,0,0
823969,2026-03-31,CLE,away,800050,Chase DeLauter,1,0,0,0,0,0,0,0,0,0
823969,2026-03-31,CLE,away,682177,Daniel Schneemann,1,0,0,0,0,0,0,0,1,0
823969,2026-03-31,CLE,away,677587,Brayan Rocchio,4,0,1,0,0,0,1,0,1,0
823969,2026-03-31,CLE,away,672356,Gabriel Arias,2,0,0,0,0,0,0,1,1,0
823969,2026-03-31,CLE,away,666310,Bo Naylor,4,0,0,0,0,0,0,0,1,0
823969,2026-03-31,CLE,away,681807,David Fry,1,0,0,0,0,0,0,0,1,0
823969,2026-03-31,CLE,away,608070,José Ramírez,4,0,0,0,0,0,0,0,0,0
823969,2026-03-31,CLE,away,680757,Steven Kwan,2,0,0,0,0,0,0,2,0,0
823969,2026-03-31,CLE,away,682657,Angel Martínez,3,0,0,0,0,0,0,0,1,0
823969,2026-03-31,CLE,away,700932,Kyle Manzardo,2,1,0,0,0,0,0,1,0,0
823969,2026-03-31,CLE,away,692216,CJ Kayfus,2,0,0,0,0,0,0,0,2,0
823969,2026-03-31,CLE,away,656555,Rhys Hoskins,3,0,1,1,0,0,0,1,2,0
824940,2026-04-01,ATL,home,671739,Michael Harris II,4,0,0,0,0,0,0,0,2,0
824940,2026-04-01,ATL,home,643289,Mauricio Dubón,3,1,1,0,0,0,0,0,0,0
824940,2026-04-01,ATL,home,686948,Drake Baldwin,3,1,2,1,0,0,4,1,0,0
824940,2026-04-01,ATL,home,621566,Matt Olson,4,0,1,0,0,0,1,0,2,0
824940,2026-04-01,ATL,home,642086,Dominic Smith,4,2,2,0,0,0,0,0,2,0
824940,2026-04-01,ATL,home,660670,Ronald Acuña Jr.,2,0,0,0,0,0,0,2,0,0
824940,2026-04-01,ATL,home,645277,Ozzie Albies,3,1,0,0,0,0,0,1,1,0
824940,2026-04-01,ATL,home,663586,Austin Riley,3,0,1,0,0,0,0,1,1,0
824940,2026-04-01,ATL,home,573262,Mike Yastrzemski,4,0,0,0,0,0,0,0,2,0
824940,2026-04-01,OAK,away,671732,Lawrence Butler,1,0,0,0,0,0,0,0,0,0
824940,2026-04-01,OAK,away,667670,Brent Rooker,3,0,0,0,0,0,0,0,1,0
824940,2026-04-01,OAK,away,643446,Jeff McNeil,2,0,0,0,0,0,0,0,2,0
824940,2026-04-01,OAK,away,642851,Austin Wynns,3,0,1,0,0,0,0,0,0,0
824940,2026-04-01,OAK,away,691777,Max Muncy,3,0,0,0,0,0,0,0,2,0
824940,2026-04-01,OAK,away,672016,Denzel Clarke,2,0,0,0,0,0,0,0,0,0
824940,2026-04-01,OAK,away,691016,Tyler Soderstrom,3,0,0,0,0,0,0,0,1,0
824940,2026-04-01,OAK,away,687231,Darell Hernaiz,3,0,0,0,0,0,0,0,0,0
824940,2026-04-01,OAK,away,669127,Shea Langeliers,4,1,2,0,0,1,1,0,0,0
824940,2026-04-01,OAK,away,628451,Andy Ibáñez,2,0,0,0,0,0,0,0,0,0
824940,2026-04-01,OAK,away,805779,Jacob Wilson,4,0,1,1,0,0,0,0,0,0
824860,2026-04-01,BAL,home,669236,Jeremiah Jackson,3,0,1,0,0,0,2,0,0,0
824860,2026-04-01,BAL,home,694212,Samuel Basallo,5,1,2,0,0,1,1,0,1,0
824860,2026-04-01,BAL,home,683002,Gunnar Henderson,4,0,0,0,0,0,0,1,1,0
824860,2026-04-01,BAL,home,665750,Leody Taveras,2,1,2,1,0,0,2,2,0,0
824860,2026-04-01,BAL,home,621493,Taylor Ward,4,0,2,1,0,0,2,0,1,0
824860,2026-04-01,BAL,home,687637,Dylan Beavers,5,3,3,0,0,1,1,0,1,0
824860,2026-04-01,BAL,home,624413,Pete Alonso,4,1,1,0,0,0,0,1,0,0
824860,2026-04-01,BAL,home,681297,Colton Cowser,2,1,1,0,0,0,0,1,0,0
824860,2026-04-01,BAL,home,691723,Coby Mayo,4,1,0,0,0,0,0,1,3,0
824860,2026-04-01,TEX,away,694497,Evan Carter,2,0,0,0,0,0,0,0,1,0
824860,2026-04-01,TEX,away,694671,Wyatt Langford,4,0,0,0,0,0,0,0,1,0
824860,2026-04-01,TEX,away,669394,Jake Burger,4,0,0,0,0,0,0,0,1,0
824860,2026-04-01,TEX,away,608369,Corey Seager,4,1,1,0,0,1,1,0,0,0
824860,2026-04-01,TEX,away,673962,Josh Jung,4,0,2,0,0,0,1,0,0,0
824860,2026-04-01,TEX,away,457705,Andrew McCutchen,3,1,1,0,0,0,0,1,1,0
824860,2026-04-01,TEX,away,677649,Ezequiel Duran,2,0,1,0,0,0,1,0,0,0
824860,2026-04-01,TEX,away,607043,Brandon Nimmo,3,0,1,1,0,0,0,1,1,0
824860,2026-04-01,TEX,away,669701,Josh Smith,2,0,0,0,0,0,0,0,0,0
824860,2026-04-01,TEX,away,664059,Sam Haggerty,2,0,1,0,0,0,0,0,0,0
824860,2026-04-01,TEX,away,643376,Danny Jansen,4,1,1,0,0,0,0,0,0,0
824536,2026-04-01,CIN,home,682829,Elly De La Cruz,4,1,1,0,0,0,0,0,1,0
824536,2026-04-01,CIN,home,701398,Sal Stewart,3,1,0,0,0,0,0,1,0,0
824536,2026-04-01,CIN,home,667472,Dane Myers,2,0,1,0,0,0,0,0,0,0
824536,2026-04-01,CIN,home,663993,Nathaniel Lowe,2,0,1,1,0,0,1,0,0,0
824536,2026-04-01,CIN,home,680574,Matt McLain,4,0,0,0,0,0,0,0,3,0
824536,2026-04-01,CIN,home,663647,Ke'Bryan Hayes,3,0,0,0,0,0,0,0,0,0
824536,2026-04-01,CIN,home,666181,Will Benson,2,0,0,0,0,0,0,0,0,0
824536,2026-04-01,CIN,home,670770,TJ Friedl,2,0,0,0,0,0,0,2,0,0
824536,2026-04-01,CIN,home,668715,Spencer Steer,4,0,0,0,0,0,0,0,3,0
824536,2026-04-01,CIN,home,553993,Eugenio Suárez,2,1,1,0,0,1,2,0,1,0
824536,2026-04-01,CIN,home,663886,Tyler Stephenson,4,0,1,0,0,0,0,0,1,0
824536,2026-04-01,PIT,away,694377,Nick Yorke,2,0,1,0,0,0,0,2,0,0
824536,2026-04-01,PIT,away,687462,Spencer Horwitz,3,1,1,0,0,0,1,1,2,0
824536,2026-04-01,PIT,away,668804,Bryan Reynolds,5,2,2,0,0,1,2,0,1,0
824536,2026-04-01,PIT,away,665833,Oneil Cruz,5,2,2,0,0,1,3,0,1,0
824536,2026-04-01,PIT,away,669707,Jared Triolo,3,0,1,0,0,0,0,1,1,0
824536,2026-04-01,PIT,away,663968,Jake Mangum,5,0,0,0,0,0,0,0,2,0
824536,2026-04-01,PIT,away,680779,Henry Davis,3,1,0,0,0,0,0,0,1,0
824536,2026-04-01,PIT,away,693304,Nick Gonzales,5,1,2,1,0,0,2,0,1,0
824536,2026-04-01,PIT,away,542303,Marcell Ozuna,4,1,0,0,0,0,0,1,1,0
823483,2026-04-01,PHI,home,669016,Brandon Marsh,5,1,1,0,0,0,0,0,0,0
823483,2026-04-01,PHI,home,702222,Justin Crawford,5,0,3,1,0,0,1,0,1,0
823483,2026-04-01,PHI,home,547180,Bryce Harper,5,1,1,0,0,1,1,0,1,0
823483,2026-04-01,PHI,home,592663,J.T. Realmuto,3,1,2,0,0,1,1,1,0,0
823483,2026-04-01,PHI,home,624641,Edmundo Sosa,2,0,1,0,0,0,2,0,0,0
823483,2026-04-01,PHI,home,664761,Alec Bohm,4,0,0,0,0,0,0,1,0,0
823483,2026-04-01,PHI,home,681082,Bryson Stott,3,0,0,0,0,0,0,0,1,0
823483,2026-04-01,PHI,home,656941,Kyle Schwarber,3,0,1,1,0,0,1,1,1,0
823483,2026-04-01,PHI,home,664238,Dylan Moore,0,1,0,0,0,0,0,0,0,0
823483,2026-04-01,PHI,home,666969,Adolis García,4,0,2,0,0,0,0,1,0,0
823483,2026-04-01,PHI,home,607208,Trea Turner,4,2,1,0,0,0,0,1,0,1
823483,2026-04-01,WSH,away,691781,Brady House,4,0,2,1,0,0,0,1,0,0
823483,2026-04-01,WSH,away,682928,CJ Abrams,4,1,1,0,0,1,3,1,1,0
823483,2026-04-01,WSH,away,683083,Nasim Nuñez,4,0,0,0,0,0,0,0,2,0
823483,2026-04-01,WSH,away,686452,Drew Millas,4,0,1,0,0,0,1,0,2,0
823483,2026-04-01,WSH,away,686894,Joey Wiemer,4,2,2,0,0,0,0,1,2,0
823483,2026-04-01,WSH,away,678554,Curtis Mead,3,0,0,0,0,0,0,0,0,0
823483,2026-04-01,WSH,away,695734,Daylen Lile,5,1,2,0,0,0,0,0,1,0
823483,2026-04-01,WSH,away,695578,James Wood,5,0,0,0,0,0,0,0,1,0
823483,2026-04-01,WSH,away,696285,Jacob Young,3,1,1,0,0,0,0,1,1,1
823483,2026-04-01,WSH,away,671277,Luis García Jr.,2,0,1,0,0,0,0,0,1,0
822835,2026-04-01,TOR,home,676391,Ernie Clement,4,0,2,0,0,0,0,0,0,0
822835,2026-04-01,TOR,home,662139,Daulton Varsho,0,0,0,0,0,0,0,0,0,0
822835,2026-04-01,TOR,home,665926,Andrés Giménez,4,0,0,0,0,0,0,0,1,0
822835,2026-04-01,TOR,home,676914,Davis Schneider,3,0,1,0,0,0,1,0,1,0
822835,2026-04-01,TOR,home,664770,Nathan Lukes,2,0,0,0,0,0,0,0,0,0
822835,2026-04-01,TOR,home,680718,Addison Barger,1,0,0,0,0,0,0,0,1,0
822835,2026-04-01,TOR,home,543807,George Springer,4,0,0,0,0,0,0,1,3,0
822835,2026-04-01,TOR,home,623168,Tyler Heineman,1,0,0,0,0,0,0,0,0,0
822835,2026-04-01,TOR,home,665489,Vladimir Guerrero Jr.,4,0,0,0,0,0,0,0,0,0
822835,2026-04-01,TOR,home,660821,Jesús Sánchez,3,0,0,0,0,0,0,0,1,0
822835,2026-04-01,TOR,home,664702,Myles Straw,2,1,2,0,0,0,0,0,0,0
822835,2026-04-01,TOR,home,672386,Alejandro Kirk,4,0,1,0,0,0,0,0,0,0
822835,2026-04-01,TOR,home,672960,Kazuma Okamoto,4,0,1,0,0,0,0,0,2,0
822835,2026-04-01,COL,away,664983,Jake McCarthy,0,1,0,0,0,0,0,0,0,1
822835,2026-04-01,COL,away,687859,Troy Johnston,4,0,2,1,0,0,1,0,1,0
822835,2026-04-01,COL,away,650489,Willi Castro,4,0,0,0,0,0,0,1,3,0
822835,2026-04-01,COL,away,671289,Tyler Freeman,1,0,1,0,0,0,1,0,0,0
822835,2026-04-01,COL,away,690022,Ryan Ritter,1,0,0,0,0,0,0,0,1,0
822835,2026-04-01,COL,away,666397,Edouard Julien,1,0,0,0,0,0,0,0,1,0
822835,2026-04-01,COL,away,696100,Hunter Goodman,4,0,0,0,0,0,0,1,3,0
822835,2026-04-01,COL,away,687597,Jordan Beck,3,0,0,0,0,0,0,0,2,0
822835,2026-04-01,COL,away,664954,Brett Sullivan,4,0,1,0,0,0,0,0,2,0
822835,2026-04-01,COL,away,686668,Brenton Doyle,4,1,0,0,0,0,0,0,2,0
822835,2026-04-01,COL,away,678662,Ezequiel Tovar,5,0,1,0,0,0,0,0,1,0
822835,2026-04-01,COL,away,681198,TJ Rumfield,3,0,1,0,0,0,0,0,0,0
822835,2026-04-01,COL,away,691720,Kyle Karros,2,0,0,0,0,0,0,1,1,0
823889,2026-04-01,MIA,home,681715,Heriberto Hernández,3,1,1,0,0,0,0,1,1,0
823889,2026-04-01,MIA,home,805300,Jakob Marsee,3,1,0,0,0,0,0,2,1,0
823889,2026-04-01,MIA,home,691594,Javier Sanoja,4,0,2,1,0,0,2,0,0,0
823889,2026-04-01,MIA,home,669364,Xavier Edwards,3,1,1,0,0,0,0,0,1,0
823889,2026-04-01,MIA,home,688363,Graham Pauley,4,1,2,2,0,0,0,0,0,0
823889,2026-04-01,MIA,home,689414,Liam Hicks,4,2,3,0,0,1,4,0,0,0
823889,2026-04-01,MIA,home,683357,Owen Caissie,5,0,1,0,0,0,2,0,2,0
823889,2026-04-01,MIA,home,677870,Leo Jiménez,2,0,0,0,0,0,0,0,0,0
823889,2026-04-01,MIA,home,681393,Connor Norby,5,1,1,1,0,0,1,0,1,0
823889,2026-04-01,MIA,home,672640,Otto Lopez,4,3,2,0,1,1,1,1,0,0
823889,2026-04-01,CWS,away,672820,Lenyn Sosa,1,0,0,0,0,0,0,0,0,0
823889,2026-04-01,CWS,away,671976,Tristan Peters,3,0,1,0,0,0,0,0,0,0
823889,2026-04-01,CWS,away,682668,Luisangel Acuña,3,0,1,0,0,0,0,0,0,0
823889,2026-04-01,CWS,away,808959,Munetaka Murakami,3,0,0,0,0,0,0,0,2,0
823889,2026-04-01,CWS,away,805367,Chase Meidroth,4,0,1,0,0,0,0,0,0,0
823889,2026-04-01,CWS,away,695657,Colson Montgomery,4,0,0,0,0,0,0,0,1,0
823889,2026-04-01,CWS,away,624512,Reese McGuire,3,0,0,0,0,0,0,0,0,0
823889,2026-04-01,CWS,away,643217,Andrew Benintendi,4,0,0,0,0,0,0,0,2,0
823889,2026-04-01,CWS,away,677592,Everson Pereira,2,0,0,0,0,0,0,0,2,0
823889,2026-04-01,CWS,away,656537,Derek Hill,1,0,0,0,0,0,0,0,0,0
823889,2026-04-01,CWS,away,678246,Miguel Vargas,2,0,0,0,0,0,0,0,0,0
823078,2026-04-01,STL,home,669357,Nolan Gorman,3,0,1,0,0,0,1,1,0,0
823078,2026-04-01,STL,home,691023,Jordan Walker,2,0,0,0,0,0,0,0,2,0
823078,2026-04-01,STL,home,701675,Nathan Church,2,0,0,0,0,0,0,0,0,0
823078,2026-04-01,STL,home,687363,Victor Scott II,4,0,0,0,0,0,0,0,1,0
823078,2026-04-01,STL,home,802139,JJ Wetherholt,5,2,1,0,0,0,0,0,2,0
823078,2026-04-01,STL,home,676475,Alec Burleson,5,0,0,0,0,0,0,0,1,0
823078,2026-04-01,STL,home,695336,Thomas Saggese,4,0,1,0,0,0,0,0,2,0
823078,2026-04-01,STL,home,686780,Pedro Pagés,4,0,0,0,0,0,0,0,3,0
823078,2026-04-01,STL,home,691026,Masyn Winn,4,0,1,0,0,0,1,1,1,1
823078,2026-04-01,STL,home,671056,Iván Herrera,3,0,1,0,0,0,0,2,1,0
823078,2026-04-01,NYM,away,666182,Bo Bichette,5,0,1,0,0,0,0,0,0,0
823078,2026-04-01,NYM,away,621438,Tyrone Taylor,2,0,0,0,0,0,0,0,0,0
823078,2026-04-01,NYM,away,682626,Francisco Alvarez,3,0,0,0,0,0,0,0,1,0
823078,2026-04-01,NYM,away,668901,Mark Vientos,2,0,1,1,0,0,0,0,0,0
823078,2026-04-01,NYM,away,683146,Brett Baty,3,0,0,0,0,0,0,0,0,0
823078,2026-04-01,NYM,away,701807,Carson Benge,2,0,0,0,0,0,0,0,1,0
823078,2026-04-01,NYM,away,543760,Marcus Semien,4,0,0,0,0,0,0,1,2,0
823078,2026-04-01,NYM,away,596019,Francisco Lindor,4,0,0,0,0,0,0,1,0,0
823078,2026-04-01,NYM,away,665742,Juan Soto,5,1,1,0,0,1,1,0,1,0
823078,2026-04-01,NYM,away,593871,Jorge Polanco,4,0,1,1,0,0,0,0,0,0
823078,2026-04-01,NYM,away,676724,Jared Young,0,0,0,0,0,0,0,1,0,0
823078,2026-04-01,NYM,away,673357,Luis Robert Jr.,4,0,1,0,0,0,0,1,1,0
823806,2026-04-01,MIL,home,687401,Joey Ortiz,4,1,1,0,0,0,0,0,0,0
823806,2026-04-01,MIL,home,592885,Christian Yelich,4,1,2,0,0,0,2,0,2,0
823806,2026-04-01,MIL,home,641343,Jake Bauers,3,1,0,0,0,0,0,1,1,0
823806,2026-04-01,MIL,home,686217,Sal Frelick,4,0,0,0,0,0,0,0,2,0
823806,2026-04-01,MIL,home,669003,Garrett Mitchell,4,1,2,1,0,0,2,0,2,1
823806,2026-04-01,MIL,home,666152,David Hamilton,4,1,1,0,0,0,1,0,2,1
823806,2026-04-01,MIL,home,663368,Blake Perkins,4,0,0,0,0,0,1,0,1,0
823806,2026-04-01,MIL,home,661388,William Contreras,4,1,2,0,0,0,0,0,0,0
823806,2026-04-01,MIL,home,668930,Brice Turang,2,2,1,0,0,1,2,1,0,0
823806,2026-04-01,TB,away,700246,Carson Williams,0,0,0,0,0,0,0,0,0,0
823806,2026-04-01,TB,away,680700,Richie Palacios,1,1,0,0,0,0,0,1,0,0
823806,2026-04-01,TB,away,668723,Ryan Vilade,1,0,0,0,0,0,0,0,1,0
823806,2026-04-01,TB,away,641584,Jake Fraley,3,0,1,1,0,0,0,0,1,0
823806,2026-04-01,TB,away,802415,Chandler Simpson,3,0,2,0,0,0,0,1,0,0
823806,2026-04-01,TB,away,676356,Jonny DeLuca,1,0,0,0,0,0,0,0,0,0
823806,2026-04-01,TB,away,666018,Jonathan Aranda,3,0,0,0,0,0,0,1,0,0
823806,2026-04-01,TB,away,663743,Nick Fortes,4,0,1,0,0,0,0,0,1,0
823806,2026-04-01,TB,away,650490,Yandy Díaz,4,1,1,0,0,1,2,0,1,0
823806,2026-04-01,TB,away,810938,Ben Williamson,4,0,0,0,0,0,0,0,2,0
823806,2026-04-01,TB,away,691406,Junior Caminero,4,0,0,0,0,0,0,0,2,0
823806,2026-04-01,TB,away,656775,Cedric Mullins,3,0,0,0,0,0,0,0,3,0
824211,2026-04-01,HOU,home,670623,Isaac Paredes,3,1,1,1,0,0,1,0,1,0
824211,2026-04-01,HOU,home,701358,Cam Smith,4,0,1,0,0,0,0,0,2,1
824211,2026-04-01,HOU,home,676694,Jake Meyers,3,0,0,0,0,0,0,1,1,0
824211,2026-04-01,HOU,home,694728,Brice Matthews,3,0,0,0,0,0,0,0,2,0
824211,2026-04-01,HOU,home,514888,Jose Altuve,4,1,1,0,0,0,0,0,1,0
824211,2026-04-01,HOU,home,694388,Joey Loperfido,0,0,0,0,0,0,0,1,0,0
824211,2026-04-01,HOU,home,621043,Carlos Correa,4,1,1,0,0,1,3,0,0,0
824211,2026-04-01,HOU,home,572233,Christian Walker,4,0,1,0,0,0,1,0,1,0
824211,2026-04-01,HOU,home,543877,Christian Vázquez,4,1,1,0,0,1,1,0,1,0
824211,2026-04-01,HOU,home,670541,Yordan Alvarez,3,2,2,1,0,0,0,0,0,0
824211,2026-04-01,BOS,away,643396,Isiah Kiner-Falefa,2,1,0,0,0,0,0,1,1,0
824211,2026-04-01,BOS,away,701350,Roman Anthony,1,1,1,0,0,1,1,0,0,0
824211,2026-04-01,BOS,away,575929,Willson Contreras,3,0,1,0,0,0,1,1,1,0
824211,2026-04-01,BOS,away,702332,Caleb Durbin,4,0,0,0,0,0,0,0,2,0
824211,2026-04-01,BOS,away,680776,Jarren Duran,5,1,1,0,0,0,1,0,2,0
824211,2026-04-01,BOS,away,657136,Connor Wong,3,0,2,1,0,0,0,0,0,0
824211,2026-04-01,BOS,away,678882,Ceddanne Rafaela,3,0,0,0,0,0,0,0,1,0
824211,2026-04-01,BOS,away,596115,Trevor Story,5,0,0,0,0,0,0,0,3,0
824211,2026-04-01,BOS,away,807799,Masataka Yoshida,3,0,0,0,0,0,0,1,1,0
824211,2026-04-01,BOS,away,677800,Wilyer Abreu,4,1,2,0,0,1,1,0,1,0
824211,2026-04-01,BOS,away,691785,Marcelo Mayer,1,0,0,0,0,0,0,0,1,0
824698,2026-04-01,CHC,home,664023,Ian Happ,5,1,1,1,0,0,0,0,2,0
824698,2026-04-01,CHC,home,608324,Alex Bregman,3,0,1,0,0,0,1,2,0,0
824698,2026-04-01,CHC,home,608348,Carson Kelly,4,2,0,0,0,0,0,1,2,0
824698,2026-04-01,CHC,home,683737,Michael Busch,3,1,2,0,0,0,0,1,1,0
824698,2026-04-01,CHC,home,691718,Pete Crow-Armstrong,4,0,1,0,0,0,1,0,2,0
824698,2026-04-01,CHC,home,665804,Miguel Amaya,1,1,0,0,0,0,0,1,0,0
824698,2026-04-01,CHC,home,694208,Moisés Ballesteros,2,0,0,0,0,0,0,0,0,0
824698,2026-04-01,CHC,home,621020,Dansby Swanson,3,0,0,0,0,0,1,0,2,0
824698,2026-04-01,CHC,home,663538,Nico Hoerner,5,1,3,2,0,0,1,0,1,1
824698,2026-04-01,CHC,home,807713,Matt Shaw,4,0,2,0,0,0,2,0,0,0
824698,2026-04-01,LAA,away,672724,Oswald Peraza,4,0,0,0,0,0,0,0,3,0
824698,2026-04-01,LAA,away,687263,Zach Neto,3,1,2,0,0,0,0,1,1,0
824698,2026-04-01,LAA,away,624585,Jorge Soler,4,0,0,0,0,0,0,0,2,0
824698,2026-04-01,LAA,away,660162,Yoán Moncada,4,0,1,0,0,0,0,0,2,0
824698,2026-04-01,LAA,away,518595,Travis d'Arnaud,3,0,0,0,0,0,0,0,1,0
824698,2026-04-01,LAA,away,545361,Mike Trout,3,1,0,0,0,0,0,1,2,0
824698,2026-04-01,LAA,away,600869,Jeimer Candelario,3,0,0,0,0,0,0,0,3,0
824698,2026-04-01,LAA,away,666176,Jo Adell,4,0,1,0,0,0,1,0,0,0
824698,2026-04-01,LAA,away,669326,Bryce Teodosio,3,0,0,0,0,0,0,0,2,0
825106,2026-04-01,ARI,home,691783,Jordan Lawlar,3,0,1,0,0,0,0,0,1,0
825106,2026-04-01,ARI,home,694374,Tim Tawa,3,0,1,1,0,0,0,0,0,0
825106,2026-04-01,ARI,home,571448,Nolan Arenado,3,0,1,0,0,0,0,0,1,0
825106,2026-04-01,ARI,home,606466,Ketel Marte,3,0,0,0,0,0,0,1,1,0
825106,2026-04-01,ARI,home,545121,Ildemaro Vargas,3,0,1,0,0,0,0,0,0,0
825106,2026-04-01,ARI,home,672695,Geraldo Perdomo,4,0,0,0,0,0,0,0,0,0
825106,2026-04-01,ARI,home,699912,Jose Fernandez,3,0,0,0,0,0,0,0,0,0
825106,2026-04-01,ARI,home,672515,Gabriel Moreno,3,0,0,0,0,0,0,0,0,0
825106,2026-04-01,ARI,home,682998,Corbin Carroll,3,1,2,0,0,1,1,1,0,0
825106,2026-04-01,DET,away,663330,Jahmai Jones,0,0,0,0,0,0,0,0,0,0
825106,2026-04-01,DET,away,682985,Riley Greene,4,0,1,1,0,0,0,0,2,0
825106,2026-04-01,DET,away,595879,Javier Báez,3,0,0,0,0,0,0,0,1,0
825106,2026-04-01,DET,away,805808,Kevin McGonigle,4,0,2,0,1,0,0,0,0,0
825106,2026-04-01,DET,away,681481,Kerry Carpenter,3,0,0,0,0,0,0,0,1,0
825106,2026-04-01,DET,away,650402,Gleyber Torres,4,0,1,0,0,0,0,0,0,0
825106,2026-04-01,DET,away,663837,Matt Vierling,3,0,1,0,0,0,0,0,0,0
825106,2026-04-01,DET,away,678009,Parker Meadows,3,0,0,0,0,0,0,0,0,0
825106,2026-04-01,DET,away,693307,Dillon Dingler,4,0,1,0,0,0,0,0,1,0
825106,2026-04-01,DET,away,690993,Colt Keith,4,0,1,1,0,0,0,0,0,0
823321,2026-04-01,SD,home,666023,Freddy Fermin,4,0,0,0,0,0,0,0,1,0
823321,2026-04-01,SD,home,701538,Jackson Merrill,5,1,1,0,0,0,0,0,1,0
823321,2026-04-01,SD,home,657757,Gavin Sheets,3,2,2,2,0,0,1,1,0,0
823321,2026-04-01,SD,home,657656,Ramón Laureano,4,2,2,0,0,1,2,0,0,0
823321,2026-04-01,SD,home,592518,Manny Machado,4,1,1,1,0,0,0,0,1,0
823321,2026-04-01,SD,home,665487,Fernando Tatis Jr.,4,0,1,0,0,0,1,1,0,0
823321,2026-04-01,SD,home,669369,Bryce Johnson,3,0,1,1,0,0,0,1,2,0
823321,2026-04-01,SD,home,593428,Xander Bogaerts,4,0,0,0,0,0,1,1,1,0
823321,2026-04-01,SD,home,630105,Jake Cronenworth,3,1,1,0,0,0,0,1,1,0
823321,2026-04-01,SF,away,669477,Casey Schmitt,3,0,0,0,0,0,0,0,1,0
823321,2026-04-01,SF,away,666464,Jerar Encarnacion,1,0,0,0,0,0,0,0,0,0
823321,2026-04-01,SF,away,671218,Heliot Ramos,4,0,0,0,0,0,0,0,2,0
823321,2026-04-01,SF,away,656305,Matt Chapman,4,0,0,0,0,0,0,0,3,0
823321,2026-04-01,SF,away,672275,Patrick Bailey,2,0,0,0,0,0,0,0,2,0
823321,2026-04-01,SF,away,808982,Jung Hoo Lee,3,0,0,0,0,0,0,1,1,0
823321,2026-04-01,SF,away,646240,Rafael Devers,3,0,0,0,0,0,0,1,2,0
823321,2026-04-01,SF,away,664056,Harrison Bader,3,0,1,0,0,0,1,1,1,0
823321,2026-04-01,SF,away,642715,Willy Adames,4,0,0,0,0,0,0,0,2,0
823321,2026-04-01,SF,away,650333,Luis Arraez,4,1,3,1,0,0,0,0,0,1
823321,2026-04-01,SF,away,691740,Daniel Susac,0,0,0,0,0,0,0,0,0,0
823157,2026-04-01,SEA,home,647304,Josh Naylor,4,0,0,0,0,0,0,0,0,0
823157,2026-04-01,SEA,home,702284,Cole Young,4,1,1,0,0,0,0,0,1,0
823157,2026-04-01,SEA,home,668227,Randy Arozarena,4,1,1,1,0,0,0,0,1,0
823157,2026-04-01,SEA,home,686527,Dominic Canzone,4,1,2,0,0,0,1,0,1,1
823157,2026-04-01,SEA,home,663728,Cal Raleigh,4,0,1,0,0,0,2,0,2,0
823157,2026-04-01,SEA,home,680977,Brendan Donovan,3,0,1,1,0,0,0,1,0,0
823157,2026-04-01,SEA,home,677594,Julio Rodríguez,4,0,0,0,0,0,0,0,2,0
823157,2026-04-01,SEA,home,660844,Leo Rivas,3,0,0,0,0,0,0,0,3,0
823157,2026-04-01,SEA,home,670042,Luke Raley,4,0,1,0,0,0,0,0,0,0
823157,2026-04-01,NYY,away,676609,José Caballero,3,0,0,0,0,0,0,0,1,0
823157,2026-04-01,NYY,away,642708,Amed Rosario,3,0,1,0,0,0,0,0,0,0
823157,2026-04-01,NYY,away,592450,Aaron Judge,4,0,0,0,0,0,0,0,1,0
823157,2026-04-01,NYY,away,641857,Ryan McMahon,1,0,0,0,0,0,0,0,0,0
823157,2026-04-01,NYY,away,502671,Paul Goldschmidt,4,1,1,0,0,1,3,0,2,0
823157,2026-04-01,NYY,away,669224,Austin Wells,3,0,1,0,0,0,0,0,1,0
823157,2026-04-01,NYY,away,700250,Ben Rice,3,2,2,1,0,1,2,1,0,0
823157,2026-04-01,NYY,away,641355,Cody Bellinger,3,1,0,0,0,0,0,1,1,1
823157,2026-04-01,NYY,away,665862,Jazz Chisholm Jr.,4,0,1,0,0,0,0,0,2,0
823157,2026-04-01,NYY,away,663757,Trent Grisham,3,1,0,0,0,0,0,1,1,0
824136,2026-04-01,KC,home,695600,Carter Jensen,5,0,1,0,0,0,0,0,3,0
824136,2026-04-01,KC,home,686475,Tyler Tolbert,1,0,0,0,0,0,0,0,0,0
824136,2026-04-01,KC,home,663697,Jonathan India,5,1,2,0,0,1,5,0,1,0
824136,2026-04-01,KC,home,686555,Isaac Collins,3,2,1,1,0,0,1,1,1,0
824136,2026-04-01,KC,home,521692,Salvador Perez,4,1,1,1,0,0,0,1,1,0
824136,2026-04-01,KC,home,679845,Nick Loftin,0,0,0,0,0,0,0,1,0,0
824136,2026-04-01,KC,home,686469,Vinnie Pasquantino,4,2,1,1,0,0,1,1,2,0
824136,2026-04-01,KC,home,664728,Kyle Isbel,4,3,4,0,0,1,2,0,0,1
824136,2026-04-01,KC,home,672580,Maikel Garcia,2,1,1,0,0,0,3,1,0,0
824136,2026-04-01,KC,home,695506,Jac Caglianone,4,3,3,1,0,0,0,0,0,0
824136,2026-04-01,KC,home,677951,Bobby Witt Jr.,3,0,1,0,0,0,1,0,0,1
824136,2026-04-01,MIN,away,605170,Victor Caratini,4,0,1,0,0,0,1,1,0,0
824136,2026-04-01,MIN,away,686797,Brooks Lee,4,1,1,0,0,0,1,1,1,0
824136,2026-04-01,MIN,away,668885,Austin Martin,3,0,1,0,0,0,2,2,0,0
824136,2026-04-01,MIN,away,656484,Tristan Gray,1,0,1,0,0,0,0,1,0,0
824136,2026-04-01,MIN,away,605137,Josh Bell,3,3,1,0,0,1,3,2,1,0
824136,2026-04-01,MIN,away,680777,Ryan Jeffers,3,2,1,1,0,0,0,2,2,0
824136,2026-04-01,MIN,away,681546,James Outman,2,0,0,0,0,0,0,0,1,0
824136,2026-04-01,MIN,away,668904,Royce Lewis,3,2,1,1,0,0,0,0,0,0
824136,2026-04-01,MIN,away,621439,Byron Buxton,4,0,0,0,0,0,0,0,2,0
824136,2026-04-01,MIN,away,670242,Matt Wallner,5,1,1,0,0,0,0,0,3,0
824136,2026-04-01,MIN,away,807712,Luke Keaschall,5,0,1,1,0,0,2,0,1,0
823970,2026-04-01,LAD,home,669257,Will Smith,4,0,0,0,0,0,0,0,3,0
823970,2026-04-01,LAD,home,663656,Kyle Tucker,4,0,0,0,0,0,0,0,1,0
823970,2026-04-01,LAD,home,571970,Max Muncy,3,0,0,0,0,0,0,0,2,0
823970,2026-04-01,LAD,home,518692,Freddie Freeman,4,1,1,0,0,1,1,0,0,0
823970,2026-04-01,LAD,home,660271,Shohei Ohtani,3,0,0,0,0,0,0,1,2,0
823970,2026-04-01,LAD,home,606192,Teoscar Hernández,3,0,1,0,0,0,0,0,2,0
823970,2026-04-01,LAD,home,681624,Andy Pages,3,0,3,1,0,0,0,0,0,0
823970,2026-04-01,LAD,home,605141,Mookie Betts,3,0,0,0,0,0,0,1,0,0
823970,2026-04-01,LAD,home,690976,Alex Freeland,2,0,0,0,0,0,0,1,2,0
823970,2026-04-01,CLE,away,682177,Daniel Schneemann,4,1,1,1,0,0,0,0,0,1
823970,2026-04-01,CLE,away,677587,Brayan Rocchio,3,0,1,0,0,0,0,0,0,0
823970,2026-04-01,CLE,away,672356,Gabriel Arias,3,1,1,0,0,1,1,0,2,0
823970,2026-04-01,CLE,away,666310,Bo Naylor,4,0,2,0,0,0,0,0,1,0
823970,2026-04-01,CLE,away,608070,José Ramírez,3,1,1,0,0,1,2,1,0,0
823970,2026-04-01,CLE,away,680757,Steven Kwan,3,0,0,0,0,0,0,1,0,0
823970,2026-04-01,CLE,away,682657,Angel Martínez,2,1,0,0,0,0,0,1,0,0
823970,2026-04-01,CLE,away,700932,Kyle Manzardo,4,0,0,0,0,0,0,0,1,0
823970,2026-04-01,CLE,away,656555,Rhys Hoskins,4,0,0,0,0,0,0,0,1,0
824133,2026-04-02,KC,home,695600,Carter Jensen,0,0,0,0,0,0,0,0,0,0
824133,2026-04-02,KC,home,686475,Tyler Tolbert,0,0,0,0,0,0,0,0,0,1
824133,2026-04-02,KC,home,663697,Jonathan India,4,0,0,0,0,0,0,0,0,0
824133,2026-04-02,KC,home,686555,Isaac Collins,3,0,1,0,0,0,0,1,1,0
824133,2026-04-02,KC,home,521692,Salvador Perez,4,0,1,0,0,0,0,0,0,0
824133,2026-04-02,KC,home,686469,Vinnie Pasquantino,3,0,1,0,0,0,1,0,0,0
824133,2026-04-02,KC,home,664728,Kyle Isbel,4,0,1,0,0,0,0,0,1,0
824133,2026-04-02,KC,home,672580,Maikel Garcia,3,1,1,0,0,0,0,1,0,0
824133,2026-04-02,KC,home,657041,Lane Thomas,4,0,0,0,0,0,0,0,1,0
824133,2026-04-02,KC,home,695506,Jac Caglianone,4,0,1,0,0,0,0,0,1,0
824133,2026-04-02,KC,home,677951,Bobby Witt Jr.,4,0,1,0,0,0,0,0,2,0
824133,2026-04-02,MIN,away,605170,Victor Caratini,3,0,1,0,0,0,0,0,0,0
824133,2026-04-02,MIN,away,665019,Kody Clemens,3,2,2,0,0,1,1,1,0,1
824133,2026-04-02,MIN,away,668885,Austin Martin,3,0,0,0,0,0,0,0,2,0
824133,2026-04-02,MIN,away,656484,Tristan Gray,4,0,0,0,0,0,0,0,3,0
824133,2026-04-02,MIN,away,605137,Josh Bell,3,2,1,0,0,1,1,1,1,0
824133,2026-04-02,MIN,away,681546,James Outman,0,0,0,0,0,0,0,0,0,1
824133,2026-04-02,MIN,away,668904,Royce Lewis,4,0,1,1,0,0,0,0,3,0
824133,2026-04-02,MIN,away,663616,Trevor Larnach,0,0,0,0,0,0,0,1,0,0
824133,2026-04-02,MIN,away,621439,Byron Buxton,3,0,0,0,0,0,1,0,1,0
824133,2026-04-02,MIN,away,670242,Matt Wallner,4,1,1,0,0,1,1,0,1,0
824133,2026-04-02,MIN,away,807712,Luke Keaschall,4,0,2,0,0,0,0,0,1,0
825105,2026-04-02,ARI,home,691783,Jordan Lawlar,2,1,1,0,0,1,1,0,1,0
825105,2026-04-02,ARI,home,694374,Tim Tawa,1,0,0,0,0,0,0,0,0,0
825105,2026-04-02,ARI,home,571448,Nolan Arenado,2,0,1,0,0,0,0,0,0,0
825105,2026-04-02,ARI,home,606466,Ketel Marte,4,0,0,0,0,0,0,0,0,0
825105,2026-04-02,ARI,home,545121,Ildemaro Vargas,2,0,2,1,0,0,1,0,0,0
825105,2026-04-02,ARI,home,672695,Geraldo Perdomo,1,0,1,1,0,0,0,1,0,0
825105,2026-04-02,ARI,home,699912,Jose Fernandez,2,0,0,0,0,0,0,0,0,0
825105,2026-04-02,ARI,home,672515,Gabriel Moreno,3,1,0,0,0,0,0,1,0,0
825105,2026-04-02,ARI,home,682998,Corbin Carroll,3,0,0,0,0,0,0,0,2,0
825105,2026-04-02,ARI,home,543510,James McCann,1,0,0,0,0,0,0,0,0,0
825105,2026-04-02,ARI,home,467793,Carlos Santana,4,0,0,0,0,0,0,0,1,0
825105,2026-04-02,ARI,home,678489,Jorge Barrosa,3,0,1,1,0,0,0,0,0,0
825105,2026-04-02,ARI,home,677950,Alek Thomas,4,0,0,0,0,0,0,0,1,0
825105,2026-04-02,ATL,away,671739,Michael Harris II,6,1,2,1,0,0,2,0,0,0
825105,2026-04-02,ATL,away,622761,Jorge Mateo,1,1,1,0,0,1,2,0,0,0
825105,2026-04-02,ATL,away,643289,Mauricio Dubón,4,3,2,0,0,1,1,1,0,0
825105,2026-04-02,ATL,away,686948,Drake Baldwin,6,3,1,0,0,0,1,0,1,0
825105,2026-04-02,ATL,away,621566,Matt Olson,5,3,3,2,0,1,3,1,1,0
825105,2026-04-02,ATL,away,642086,Dominic Smith,3,2,1,0,0,1,1,1,0,0
825105,2026-04-02,ATL,away,660670,Ronald Acuña Jr.,4,0,1,0,0,0,1,1,1,0
825105,2026-04-02,ATL,away,571657,Kyle Farmer,1,0,1,0,0,0,1,0,0,0
825105,2026-04-02,ATL,away,642201,Eli White,1,0,0,0,0,0,0,0,0,0
825105,2026-04-02,ATL,away,645277,Ozzie Albies,5,2,2,0,0,0,1,1,2,0
825105,2026-04-02,ATL,away,663586,Austin Riley,3,1,1,1,0,0,2,1,1,0
825105,2026-04-02,ATL,away,573262,Mike Yastrzemski,4,1,1,1,0,0,2,2,0,0
823242,2026-04-02,SF,home,669477,Casey Schmitt,3,0,3,0,0,0,1,1,0,0
823242,2026-04-02,SF,home,671218,Heliot Ramos,5,2,1,0,0,0,0,0,1,0
823242,2026-04-02,SF,home,656305,Matt Chapman,5,1,2,1,0,0,1,0,0,0
823242,2026-04-02,SF,home,808982,Jung Hoo Lee,2,1,0,0,0,0,1,1,0,0
823242,2026-04-02,SF,home,646240,Rafael Devers,5,1,2,0,0,1,1,0,1,0
823242,2026-04-02,SF,home,664056,Harrison Bader,3,0,0,0,0,0,1,0,1,0
823242,2026-04-02,SF,home,642715,Willy Adames,4,0,0,0,0,0,0,1,3,0
823242,2026-04-02,SF,home,650333,Luis Arraez,5,2,2,0,1,0,1,0,1,0
823242,2026-04-02,SF,home,691740,Daniel Susac,3,0,3,0,0,0,0,1,0,0
823242,2026-04-02,NYM,away,666182,Bo Bichette,4,0,1,1,0,0,1,0,1,0
823242,2026-04-02,NYM,away,621438,Tyrone Taylor,3,0,0,0,0,0,0,0,1,0
823242,2026-04-02,NYM,away,682626,Francisco Alvarez,3,0,1,0,0,0,0,0,1,0
823242,2026-04-02,NYM,away,668901,Mark Vientos,4,1,1,0,0,1,1,0,2,0
823242,2026-04-02,NYM,away,543760,Marcus Semien,3,0,1,0,0,0,0,0,0,0
823242,2026-04-02,NYM,away,596019,Francisco Lindor,2,0,0,0,0,0,0,2,1,0
823242,2026-04-02,NYM,away,665742,Juan Soto,4,1,1,0,0,0,0,0,1,0
823242,2026-04-02,NYM,away,593871,Jorge Polanco,4,0,0,0,0,0,0,0,1,0
823242,2026-04-02,NYM,away,673357,Luis Robert Jr.,3,0,0,0,0,0,0,1,2,0
822758,2026-04-03,WSH,home,691781,Brady House,3,1,1,0,0,0,0,2,1,0
822758,2026-04-03,WSH,home,682928,CJ Abrams,5,1,2,0,0,1,4,0,1,0
822758,2026-04-03,WSH,home,683083,Nasim Nuñez,5,1,1,0,0,0,0,0,0,0
822758,2026-04-03,WSH,home,678391,Jorbit Vivas,3,1,1,0,0,0,0,1,0,0
822758,2026-04-03,WSH,home,695734,Daylen Lile,5,1,1,0,0,0,0,0,0,0
822758,2026-04-03,WSH,home,695578,James Wood,4,1,1,1,0,0,0,1,2,0
822758,2026-04-03,WSH,home,696285,Jacob Young,3,0,1,0,0,0,1,1,0,0
822758,2026-04-03,WSH,home,660688,Keibert Ruiz,4,0,1,1,0,0,1,0,0,0
822758,2026-04-03,WSH,home,671277,Luis García Jr.,5,0,2,1,0,0,0,0,1,0
822758,2026-04-03,LAD,away,669257,Will Smith,4,0,1,0,0,0,0,1,0,0
822758,2026-04-03,LAD,away,663656,Kyle Tucker,6,2,3,0,0,1,2,0,0,0
822758,2026-04-03,LAD,away,571970,Max Muncy,5,1,1,0,0,0,0,0,2,0
822758,2026-04-03,LAD,away,518692,Freddie Freeman,4,1,1,0,0,1,2,0,0,0
822758,2026-04-03,LAD,away,669289,Santiago Espinal,0,0,0,0,0,0,0,0,0,0
822758,2026-04-03,LAD,away,660271,Shohei Ohtani,5,1,2,0,0,1,4,0,2,0
822758,2026-04-03,LAD,away,606192,Teoscar Hernández,4,3,3,1,0,0,1,0,1,0
822758,2026-04-03,LAD,away,681624,Andy Pages,4,2,3,0,0,1,2,1,1,0
822758,2026-04-03,LAD,away,605141,Mookie Betts,6,2,2,0,0,1,2,0,0,0
822758,2026-04-03,LAD,away,669743,Alex Call,0,1,0,0,0,0,0,1,0,0
822758,2026-04-03,LAD,away,690976,Alex Freeland,3,0,0,0,0,0,0,2,2,0
824299,2026-04-03,DET,home,656716,Zach McKinstry,4,0,1,0,0,0,0,0,0,0
824299,2026-04-03,DET,home,682985,Riley Greene,4,1,2,1,0,0,1,0,0,0
824299,2026-04-03,DET,home,595879,Javier Báez,3,0,2,0,0,0,1,0,0,1
824299,2026-04-03,DET,home,805808,Kevin McGonigle,4,0,1,1,0,0,0,0,0,0
824299,2026-04-03,DET,home,681481,Kerry Carpenter,3,0,2,0,0,0,0,1,1,0
824299,2026-04-03,DET,home,679529,Spencer Torkelson,4,0,0,0,0,0,0,0,2,0
824299,2026-04-03,DET,home,650402,Gleyber Torres,3,1,1,0,0,0,0,1,0,0
824299,2026-04-03,DET,home,678009,Parker Meadows,3,1,0,0,0,0,0,0,1,1
824299,2026-04-03,DET,home,693307,Dillon Dingler,4,1,1,0,0,1,2,0,1,0
824299,2026-04-03,STL,away,669357,Nolan Gorman,1,0,0,0,0,0,0,0,1,0
824299,2026-04-03,STL,away,691023,Jordan Walker,4,0,0,0,0,0,0,0,1,0
824299,2026-04-03,STL,away,701675,Nathan Church,1,0,0,0,0,0,0,0,1,0
824299,2026-04-03,STL,away,687363,Victor Scott II,4,0,1,0,0,0,0,0,1,0
824299,2026-04-03,STL,away,665877,José Fermín,2,0,0,0,0,0,0,0,0,0
824299,2026-04-03,STL,away,802139,JJ Wetherholt,2,0,0,0,0,0,0,0,1,0
824299,2026-04-03,STL,away,676475,Alec Burleson,3,0,1,0,0,0,0,1,0,0
824299,2026-04-03,STL,away,695336,Thomas Saggese,3,0,1,0,0,0,0,1,1,0
824299,2026-04-03,STL,away,650968,Yohel Pozo,4,0,0,0,0,0,0,0,0,0
824299,2026-04-03,STL,away,602104,Ramón Urías,3,0,0,0,0,0,0,0,2,0
824299,2026-04-03,STL,away,691026,Masyn Winn,3,0,1,0,0,0,0,0,0,0
824299,2026-04-03,STL,away,671056,Iván Herrera,3,0,1,0,0,0,0,1,1,0
823568,2026-04-03,NYY,home,676609,José Caballero,3,1,0,0,0,0,0,1,1,2
823568,2026-04-03,NYY,home,592450,Aaron Judge,3,2,2,0,0,1,3,1,1,1
823568,2026-04-03,NYY,home,641857,Ryan McMahon,2,0,0,0,0,0,0,2,1,0
823568,2026-04-03,NYY,home,669224,Austin Wells,2,1,0,0,0,0,0,2,1,0
823568,2026-04-03,NYY,home,700250,Ben Rice,5,1,2,1,0,1,3,0,3,0
823568,2026-04-03,NYY,home,641355,Cody Bellinger,4,1,1,1,0,0,0,1,0,0
823568,2026-04-03,NYY,home,519317,Giancarlo Stanton,5,0,0,0,0,0,0,0,1,0
823568,2026-04-03,NYY,home,665862,Jazz Chisholm Jr.,3,1,1,1,0,0,0,1,1,2
823568,2026-04-03,NYY,home,663757,Trent Grisham,2,1,0,0,0,0,1,3,1,0
823568,2026-04-03,MIA,away,665052,Griffin Conine,2,0,0,0,0,0,0,0,1,0
823568,2026-04-03,MIA,away,681715,Heriberto Hernández,1,0,0,0,0,0,0,0,1,0
823568,2026-04-03,MIA,away,805300,Jakob Marsee,4,0,0,0,0,0,0,0,2,0
823568,2026-04-03,MIA,away,669364,Xavier Edwards,4,1,2,0,0,1,1,0,0,0
823568,2026-04-03,MIA,away,688363,Graham Pauley,2,0,0,0,0,0,0,0,0,0
823568,2026-04-03,MIA,away,689414,Liam Hicks,4,0,0,0,0,0,0,0,0,0
823568,2026-04-03,MIA,away,683357,Owen Caissie,3,1,1,0,0,1,1,0,1,0
823568,2026-04-03,MIA,away,682663,Agustín Ramírez,3,0,1,0,0,0,0,0,1,0
823568,2026-04-03,MIA,away,677870,Leo Jiménez,0,0,0,0,0,0,0,0,0,0
823568,2026-04-03,MIA,away,681393,Connor Norby,3,0,0,0,0,0,0,0,2,0
823568,2026-04-03,MIA,away,596103,Austin Slater,1,0,0,0,0,0,0,0,0,0
823568,2026-04-03,MIA,away,672640,Otto Lopez,3,0,0,0,0,0,0,0,2,0
824786,2026-04-03,BOS,home,701350,Roman Anthony,4,0,1,0,0,0,0,0,1,0
824786,2026-04-03,BOS,home,575929,Willson Contreras,3,1,1,0,0,1,1,1,1,0
824786,2026-04-03,BOS,home,596115,Trevor Story,4,0,0,0,0,0,0,0,1,0
824786,2026-04-03,BOS,home,677800,Wilyer Abreu,4,1,1,0,0,0,0,0,2,0
824786,2026-04-03,BOS,home,702332,Caleb Durbin,4,0,1,0,0,0,1,0,1,0
824786,2026-04-03,BOS,home,665966,Carlos Narváez,3,0,1,0,0,0,0,0,1,0
824786,2026-04-03,BOS,home,680776,Jarren Duran,4,1,1,1,0,0,0,0,0,0
824786,2026-04-03,BOS,home,678882,Ceddanne Rafaela,3,0,1,0,0,0,1,0,1,0
824786,2026-04-03,BOS,home,691785,Marcelo Mayer,2,2,2,1,0,1,2,0,0,0
824786,2026-04-03,SD,away,669134,Luis Campusano,2,0,1,1,0,0,1,0,0,0
824786,2026-04-03,SD,away,666023,Freddy Fermin,0,0,0,0,0,0,0,0,0,0
824786,2026-04-03,SD,away,701538,Jackson Merrill,4,0,0,0,0,0,0,0,1,0
824786,2026-04-03,SD,away,657757,Gavin Sheets,3,1,2,0,0,0,1,0,0,1
824786,2026-04-03,SD,away,657656,Ramón Laureano,4,0,0,0,0,0,0,0,1,0
824786,2026-04-03,SD,away,592518,Manny Machado,3,0,0,0,0,0,0,1,1,0
824786,2026-04-03,SD,away,609280,Miguel Andujar,3,1,1,0,1,0,0,0,1,0
824786,2026-04-03,SD,away,665487,Fernando Tatis Jr.,4,0,0,0,0,0,0,0,0,0
824786,2026-04-03,SD,away,669369,Bryce Johnson,1,0,0,0,0,0,0,0,1,0
824786,2026-04-03,SD,away,593428,Xander Bogaerts,4,0,0,0,0,0,0,0,0,0
824786,2026-04-03,SD,away,630105,Jake Cronenworth,3,0,0,0,0,0,0,0,1,0
824621,2026-04-03,CWS,home,672820,Lenyn Sosa,0,0,0,0,0,0,0,0,0,0
824621,2026-04-03,CWS,home,671976,Tristan Peters,5,0,2,0,0,0,1,0,2,0
824621,2026-04-03,CWS,home,682668,Luisangel Acuña,3,0,1,0,0,0,0,0,2,1
824621,2026-04-03,CWS,home,808959,Munetaka Murakami,4,0,1,0,0,0,0,1,2,0
824621,2026-04-03,CWS,home,805367,Chase Meidroth,4,1,1,0,0,0,0,1,2,0
824621,2026-04-03,CWS,home,695657,Colson Montgomery,4,1,1,0,0,0,0,1,1,1
824621,2026-04-03,CWS,home,669720,Austin Hays,5,0,1,0,0,0,2,0,1,0
824621,2026-04-03,CWS,home,624512,Reese McGuire,0,0,0,0,0,0,0,0,0,0
824621,2026-04-03,CWS,home,700337,Edgar Quero,4,0,2,0,0,0,0,0,0,0
824621,2026-04-03,CWS,home,643217,Andrew Benintendi,4,0,1,0,0,0,0,0,2,0
824621,2026-04-03,CWS,home,656537,Derek Hill,1,1,1,0,0,0,0,0,0,0
824621,2026-04-03,CWS,home,678246,Miguel Vargas,4,2,0,0,0,0,0,1,0,1
824621,2026-04-03,TOR,away,676391,Ernie Clement,4,1,1,0,0,0,0,0,0,0
824621,2026-04-03,TOR,away,662139,Daulton Varsho,4,0,1,1,0,0,0,0,1,0
824621,2026-04-03,TOR,away,665926,Andrés Giménez,4,1,1,0,0,1,2,0,2,0
824621,2026-04-03,TOR,away,676914,Davis Schneider,0,1,0,0,0,0,0,0,0,0
824621,2026-04-03,TOR,away,680718,Addison Barger,3,1,1,1,0,0,0,0,0,0
824621,2026-04-03,TOR,away,543807,George Springer,4,0,1,0,0,0,0,1,0,1
824621,2026-04-03,TOR,away,623168,Tyler Heineman,0,0,0,0,0,0,0,0,0,0
824621,2026-04-03,TOR,away,665489,Vladimir Guerrero Jr.,4,0,1,0,0,0,0,0,1,0
824621,2026-04-03,TOR,away,660821,Jesús Sánchez,5,0,0,0,0,0,0,0,3,0
824621,2026-04-03,TOR,away,664702,Myles Straw,1,0,0,0,0,0,0,0,0,0
824621,2026-04-03,TOR,away,672386,Alejandro Kirk,4,0,1,1,0,0,1,0,0,0
824621,2026-04-03,TOR,away,672960,Kazuma Okamoto,4,0,0,0,0,0,0,0,4,0
822919,2026-04-03,TEX,home,694497,Evan Carter,4,1,1,1,0,0,0,0,2,0
822919,2026-04-03,TEX,home,694671,Wyatt Langford,4,0,2,1,1,0,1,0,0,0
822919,2026-04-03,TEX,home,669394,Jake Burger,4,0,1,1,0,0,0,0,1,0
822919,2026-04-03,TEX,home,592626,Joc Pederson,2,0,0,0,0,0,0,0,0,0
822919,2026-04-03,TEX,home,608369,Corey Seager,4,0,0,0,0,0,0,0,3,0
822919,2026-04-03,TEX,home,673962,Josh Jung,3,1,1,0,0,0,0,1,0,0
822919,2026-04-03,TEX,home,457705,Andrew McCutchen,2,0,0,0,0,0,0,0,0,0
822919,2026-04-03,TEX,home,607043,Brandon Nimmo,4,1,2,0,1,0,0,1,2,0
822919,2026-04-03,TEX,home,669701,Josh Smith,4,0,0,0,0,0,0,0,0,0
822919,2026-04-03,TEX,home,643376,Danny Jansen,4,0,1,1,0,0,2,0,1,0
822919,2026-04-03,CIN,away,682829,Elly De La Cruz,4,1,1,0,0,1,1,0,2,0
822919,2026-04-03,CIN,away,667472,Dane Myers,4,0,0,0,0,0,0,0,2,0
822919,2026-04-03,CIN,away,701398,Sal Stewart,4,0,0,0,0,0,0,0,1,0
822919,2026-04-03,CIN,away,682622,Noelvi Marte,2,0,0,0,0,0,0,0,1,0
822919,2026-04-03,CIN,away,680574,Matt McLain,5,0,2,0,0,0,0,0,0,0
822919,2026-04-03,CIN,away,663647,Ke'Bryan Hayes,4,0,1,0,0,0,0,0,1,0
822919,2026-04-03,CIN,away,666181,Will Benson,2,0,0,0,0,0,0,0,1,0
822919,2026-04-03,CIN,away,670770,TJ Friedl,0,0,0,0,0,0,0,0,0,0
822919,2026-04-03,CIN,away,668715,Spencer Steer,4,2,2,1,0,1,2,0,1,0
822919,2026-04-03,CIN,away,553993,Eugenio Suárez,4,1,2,0,0,0,0,0,1,0
822919,2026-04-03,CIN,away,663886,Tyler Stephenson,4,1,2,0,0,1,2,0,1,0
824458,2026-04-03,CLE,home,800050,Chase DeLauter,4,1,3,0,0,1,3,0,0,0
824458,2026-04-03,CLE,home,682177,Daniel Schneemann,4,1,1,1,0,0,0,0,1,0
824458,2026-04-03,CLE,home,677587,Brayan Rocchio,2,0,1,0,0,0,0,0,0,0
824458,2026-04-03,CLE,home,672356,Gabriel Arias,2,1,1,0,0,1,1,1,1,0
824458,2026-04-03,CLE,home,666310,Bo Naylor,4,0,1,0,0,0,0,0,1,0
824458,2026-04-03,CLE,home,608070,José Ramírez,4,0,2,0,0,0,0,0,0,0
824458,2026-04-03,CLE,home,680757,Steven Kwan,3,1,0,0,0,0,0,1,1,0
824458,2026-04-03,CLE,home,682657,Angel Martínez,3,0,0,0,0,0,0,1,0,0
824458,2026-04-03,CLE,home,700932,Kyle Manzardo,3,0,0,0,0,0,0,1,1,0
824458,2026-04-03,CHC,away,664023,Ian Happ,4,0,0,0,0,0,0,0,3,0
824458,2026-04-03,CHC,away,608324,Alex Bregman,4,0,1,0,0,0,0,0,2,0
824458,2026-04-03,CHC,away,608348,Carson Kelly,4,0,2,0,0,0,0,0,0,0
824458,2026-04-03,CHC,away,683737,Michael Busch,4,0,0,0,0,0,0,0,1,0
824458,2026-04-03,CHC,away,691718,Pete Crow-Armstrong,3,1,1,1,0,0,0,0,0,1
824458,2026-04-03,CHC,away,665804,Miguel Amaya,2,0,1,1,0,0,1,0,0,0
824458,2026-04-03,CHC,away,694208,Moisés Ballesteros,1,0,0,0,0,0,0,0,1,0
824458,2026-04-03,CHC,away,621020,Dansby Swanson,4,0,0,0,0,0,0,0,2,0
824458,2026-04-03,CHC,away,663538,Nico Hoerner,2,0,0,0,0,0,0,2,0,0
824458,2026-04-03,CHC,away,807713,Matt Shaw,3,0,0,0,0,0,0,0,1,0
823732,2026-04-03,MIN,home,665019,Kody Clemens,4,0,0,0,0,0,0,1,3,0
823732,2026-04-03,MIN,home,668885,Austin Martin,0,1,0,0,0,0,0,0,0,0
823732,2026-04-03,MIN,home,656484,Tristan Gray,2,1,1,0,0,1,5,1,0,0
823732,2026-04-03,MIN,home,605137,Josh Bell,5,2,2,1,0,0,2,0,2,0
823732,2026-04-03,MIN,home,680777,Ryan Jeffers,3,2,2,0,0,0,0,0,1,0
823732,2026-04-03,MIN,home,681546,James Outman,1,1,0,0,0,0,0,0,0,1
823732,2026-04-03,MIN,home,668904,Royce Lewis,2,1,0,0,0,0,2,2,0,0
823732,2026-04-03,MIN,home,663616,Trevor Larnach,2,0,1,1,0,0,1,2,0,0
823732,2026-04-03,MIN,home,621439,Byron Buxton,3,0,0,0,0,0,0,0,1,0
823732,2026-04-03,MIN,home,670242,Matt Wallner,5,0,0,0,0,0,0,0,5,0
823732,2026-04-03,MIN,home,807712,Luke Keaschall,5,2,1,0,0,0,0,0,0,1
823732,2026-04-03,TB,away,700246,Carson Williams,4,0,0,0,0,0,0,0,3,0
823732,2026-04-03,TB,away,668723,Ryan Vilade,1,0,0,0,0,0,0,0,1,0
823732,2026-04-03,TB,away,641584,Jake Fraley,3,1,1,1,0,0,0,0,0,0
823732,2026-04-03,TB,away,802415,Chandler Simpson,3,0,0,0,0,0,0,1,0,0
823732,2026-04-03,TB,away,676356,Jonny DeLuca,1,0,0,0,0,0,0,0,0,0
823732,2026-04-03,TB,away,666018,Jonathan Aranda,5,0,0,0,0,0,0,0,1,0
823732,2026-04-03,TB,away,663743,Nick Fortes,3,1,1,1,0,0,2,0,1,0
823732,2026-04-03,TB,away,650490,Yandy Díaz,2,1,1,0,0,0,0,2,0,0
823732,2026-04-03,TB,away,810938,Ben Williamson,4,0,2,1,0,0,1,0,0,0
823732,2026-04-03,TB,away,691406,Junior Caminero,5,1,2,1,0,0,0,0,0,0
823732,2026-04-03,TB,away,656775,Cedric Mullins,4,0,1,0,0,0,1,0,1,0
824377,2026-04-03,COL,home,666160,Mickey Moniak,4,1,1,0,0,0,0,0,1,0
824377,2026-04-03,COL,home,664983,Jake McCarthy,3,0,0,0,0,0,0,0,1,0
824377,2026-04-03,COL,home,687859,Troy Johnston,4,0,1,0,0,0,0,0,1,0
824377,2026-04-03,COL,home,650489,Willi Castro,4,0,1,1,0,0,1,0,1,0
824377,2026-04-03,COL,home,666397,Edouard Julien,0,0,0,0,0,0,0,1,0,0
824377,2026-04-03,COL,home,696100,Hunter Goodman,4,0,0,0,0,0,0,0,3,0
824377,2026-04-03,COL,home,686668,Brenton Doyle,4,0,1,0,0,0,0,0,3,0
824377,2026-04-03,COL,home,678662,Ezequiel Tovar,3,0,1,0,0,0,0,0,1,0
824377,2026-04-03,COL,home,681198,TJ Rumfield,3,0,0,0,0,0,0,1,2,0
824377,2026-04-03,COL,home,691720,Kyle Karros,3,0,0,0,0,0,0,0,2,0
824377,2026-04-03,PHI,away,669016,Brandon Marsh,5,1,1,0,0,1,3,0,1,0
824377,2026-04-03,PHI,away,702222,Justin Crawford,4,0,0,0,0,0,0,0,1,0
824377,2026-04-03,PHI,away,547180,Bryce Harper,3,2,2,1,0,1,1,1,0,0
824377,2026-04-03,PHI,away,592663,J.T. Realmuto,4,1,1,1,0,0,0,0,0,0
824377,2026-04-03,PHI,away,624641,Edmundo Sosa,1,0,0,0,0,0,0,0,0,0
824377,2026-04-03,PHI,away,664761,Alec Bohm,5,1,2,0,0,0,3,0,1,0
824377,2026-04-03,PHI,away,681082,Bryson Stott,5,1,2,1,0,0,1,0,1,0
824377,2026-04-03,PHI,away,656941,Kyle Schwarber,3,2,1,0,0,1,1,2,1,0
824377,2026-04-03,PHI,away,805249,Otto Kemp,1,0,0,0,0,0,0,0,1,0
824377,2026-04-03,PHI,away,664238,Dylan Moore,1,0,0,0,0,0,0,0,1,0
824377,2026-04-03,PHI,away,666969,Adolis García,4,0,1,0,0,0,0,0,1,0
824377,2026-04-03,PHI,away,607208,Trea Turner,4,2,3,1,0,0,1,0,1,0
823406,2026-04-03,PIT,home,687462,Spencer Horwitz,3,0,0,0,0,0,0,1,1,0
823406,2026-04-03,PIT,home,664040,Brandon Lowe,3,0,1,1,0,0,0,1,2,0
823406,2026-04-03,PIT,home,668804,Bryan Reynolds,3,1,0,0,0,0,0,1,1,0
823406,2026-04-03,PIT,home,665833,Oneil Cruz,4,0,1,0,0,0,1,0,1,0
823406,2026-04-03,PIT,home,669707,Jared Triolo,3,1,2,0,0,0,1,0,1,0
823406,2026-04-03,PIT,home,663968,Jake Mangum,0,0,0,0,0,0,0,0,0,0
823406,2026-04-03,PIT,home,680779,Henry Davis,3,1,1,1,0,0,1,0,0,0
823406,2026-04-03,PIT,home,804606,Konnor Griffin,3,1,1,1,0,0,1,1,1,0
823406,2026-04-03,PIT,home,656811,Ryan O'Hearn,2,1,0,0,0,0,1,1,1,0
823406,2026-04-03,PIT,home,542303,Marcell Ozuna,3,0,0,0,0,0,0,1,2,0
823406,2026-04-03,BAL,away,669236,Jeremiah Jackson,3,0,0,0,0,0,0,0,0,0
823406,2026-04-03,BAL,away,694212,Samuel Basallo,4,0,0,0,0,0,0,0,1,0
823406,2026-04-03,BAL,away,683002,Gunnar Henderson,5,2,3,1,0,1,2,0,0,0
823406,2026-04-03,BAL,away,665750,Leody Taveras,1,0,0,0,0,0,0,0,1,0
823406,2026-04-03,BAL,away,621493,Taylor Ward,3,0,1,1,0,0,1,2,2,0
823406,2026-04-03,BAL,away,687637,Dylan Beavers,4,0,2,0,0,0,0,0,0,0
823406,2026-04-03,BAL,away,668939,Adley Rutschman,3,0,1,1,0,0,1,1,0,0
823406,2026-04-03,BAL,away,677942,Blaze Alexander,4,2,2,0,0,0,0,0,1,0
823406,2026-04-03,BAL,away,624413,Pete Alonso,4,0,0,0,0,0,0,1,3,0
823406,2026-04-03,BAL,away,681297,Colton Cowser,3,0,0,0,0,0,0,1,1,0
823406,2026-04-03,BAL,away,691723,Coby Mayo,0,0,0,0,0,0,0,0,0,0
824056,2026-04-03,LAA,home,672724,Oswald Peraza,3,0,1,0,0,0,0,0,1,0
824056,2026-04-03,LAA,home,687263,Zach Neto,4,0,0,0,0,0,0,0,1,0
824056,2026-04-03,LAA,home,624585,Jorge Soler,3,0,0,0,0,0,1,0,1,0
824056,2026-04-03,LAA,home,660162,Yoán Moncada,4,0,0,0,0,0,0,0,3,0
824056,2026-04-03,LAA,home,545361,Mike Trout,2,1,0,0,0,0,0,1,1,0
824056,2026-04-03,LAA,home,666176,Jo Adell,3,0,0,0,0,0,0,0,2,0
824056,2026-04-03,LAA,home,694384,Nolan Schanuel,4,0,0,0,0,0,0,0,1,0
824056,2026-04-03,LAA,home,666139,Josh Lowe,3,0,0,0,0,0,0,0,2,0
824056,2026-04-03,LAA,home,681351,Logan O'Hoppe,3,0,0,0,0,0,0,0,0,0
824056,2026-04-03,SEA,away,647304,Josh Naylor,5,0,2,0,0,0,2,0,0,0
824056,2026-04-03,SEA,away,645302,Victor Robles,3,0,1,0,0,0,0,0,0,0
824056,2026-04-03,SEA,away,702284,Cole Young,4,1,1,0,1,0,1,0,2,0
824056,2026-04-03,SEA,away,668227,Randy Arozarena,4,0,2,0,0,0,0,1,0,0
824056,2026-04-03,SEA,away,641487,J.P. Crawford,3,0,0,0,0,0,0,1,2,0
824056,2026-04-03,SEA,away,663728,Cal Raleigh,4,0,0,0,0,0,0,1,1,0
824056,2026-04-03,SEA,away,608701,Rob Refsnyder,3,0,0,0,0,0,0,2,0,0
824056,2026-04-03,SEA,away,680977,Brendan Donovan,3,0,0,0,0,0,0,0,0,0
824056,2026-04-03,SEA,away,677594,Julio Rodríguez,4,1,1,0,0,0,0,1,1,0
824056,2026-04-03,SEA,away,660844,Leo Rivas,2,0,0,0,0,0,0,0,1,0
824056,2026-04-03,SEA,away,670042,Luke Raley,1,1,0,0,0,0,0,0,0,0
825026,2026-04-03,OAK,home,671732,Lawrence Butler,5,2,3,0,0,1,4,0,1,0
825026,2026-04-03,OAK,home,667670,Brent Rooker,3,2,0,0,0,0,0,2,0,0
825026,2026-04-03,OAK,home,643446,Jeff McNeil,4,0,1,0,0,0,0,0,0,0
825026,2026-04-03,OAK,home,691777,Max Muncy,4,2,3,1,0,1,3,0,0,0
825026,2026-04-03,OAK,home,672016,Denzel Clarke,3,1,1,0,0,0,1,1,2,0
825026,2026-04-03,OAK,home,691016,Tyler Soderstrom,4,2,2,1,0,0,2,1,0,0
825026,2026-04-03,OAK,home,687231,Darell Hernaiz,1,0,1,0,0,0,0,0,0,0
825026,2026-04-03,OAK,home,701762,Nick Kurtz,4,0,0,0,0,0,0,1,2,0
825026,2026-04-03,OAK,home,669127,Shea Langeliers,3,1,0,0,0,0,0,2,1,0
825026,2026-04-03,OAK,home,628451,Andy Ibáñez,0,0,0,0,0,0,0,0,0,0
825026,2026-04-03,OAK,home,805779,Jacob Wilson,4,1,2,0,0,0,1,0,0,0
825026,2026-04-03,HOU,away,694376,Shay Whitcomb,2,0,0,0,0,0,0,0,2,0
825026,2026-04-03,HOU,away,669397,Nick Allen,2,2,2,0,0,0,0,0,0,0
825026,2026-04-03,HOU,away,701358,Cam Smith,4,1,1,0,0,0,0,0,2,0
825026,2026-04-03,HOU,away,676694,Jake Meyers,2,0,0,0,0,0,1,1,1,0
825026,2026-04-03,HOU,away,694728,Brice Matthews,3,0,0,0,0,0,1,1,0,0
825026,2026-04-03,HOU,away,514888,Jose Altuve,1,0,0,0,0,0,0,1,1,0
825026,2026-04-03,HOU,away,694388,Joey Loperfido,2,0,0,0,0,0,0,0,1,0
825026,2026-04-03,HOU,away,665161,Jeremy Peña,4,0,1,1,0,0,0,1,1,0
825026,2026-04-03,HOU,away,621043,Carlos Correa,2,0,0,0,0,0,0,0,1,0
825026,2026-04-03,HOU,away,572233,Christian Walker,2,0,0,0,0,0,0,0,0,0
825026,2026-04-03,HOU,away,543877,Christian Vázquez,3,0,0,0,0,0,0,0,0,0
825026,2026-04-03,HOU,away,673237,Yainer Diaz,3,1,2,1,0,0,1,1,1,0
825026,2026-04-03,HOU,away,670541,Yordan Alvarez,1,0,0,0,0,0,1,0,0,0
825103,2026-04-03,ARI,home,694374,Tim Tawa,2,0,0,0,0,0,0,1,0,0
825103,2026-04-03,ARI,home,571448,Nolan Arenado,3,0,0,0,0,0,0,0,1,0
825103,2026-04-03,ARI,home,606466,Ketel Marte,4,0,1,0,0,0,0,0,0,0
825103,2026-04-03,ARI,home,672695,Geraldo Perdomo,4,0,0,0,0,0,0,0,0,0
825103,2026-04-03,ARI,home,672515,Gabriel Moreno,4,0,0,0,0,0,0,0,1,0
825103,2026-04-03,ARI,home,682998,Corbin Carroll,2,0,0,0,0,0,0,2,1,0
825103,2026-04-03,ARI,home,543510,James McCann,3,0,0,0,0,0,0,0,1,0
825103,2026-04-03,ARI,home,467793,Carlos Santana,3,0,0,0,0,0,0,0,1,0
825103,2026-04-03,ARI,home,677950,Alek Thomas,3,0,1,0,0,0,0,0,0,0
825103,2026-04-03,ATL,away,641680,Jonah Heim,2,0,0,0,0,0,0,0,0,0
825103,2026-04-03,ATL,away,663158,Robert Suarez,0,0,0,0,0,0,0,0,0,0
825103,2026-04-03,ATL,away,671739,Michael Harris II,2,0,0,0,0,0,0,1,0,0
825103,2026-04-03,ATL,away,643289,Mauricio Dubón,4,0,0,0,0,0,0,0,1,0
825103,2026-04-03,ATL,away,686948,Drake Baldwin,4,0,1,0,0,0,0,0,0,0
825103,2026-04-03,ATL,away,621566,Matt Olson,4,1,1,0,0,1,1,0,1,0
825103,2026-04-03,ATL,away,642086,Dominic Smith,1,0,0,0,0,0,0,0,1,0
825103,2026-04-03,ATL,away,660670,Ronald Acuña Jr.,4,0,1,0,0,0,0,0,0,1
825103,2026-04-03,ATL,away,642201,Eli White,3,0,0,0,0,0,0,0,0,0
825103,2026-04-03,ATL,away,645277,Ozzie Albies,4,1,3,0,0,1,1,0,0,0
825103,2026-04-03,ATL,away,628452,Raisel Iglesias,0,0,0,0,0,0,0,0,0,0
825103,2026-04-03,ATL,away,663586,Austin Riley,4,0,0,0,0,0,0,0,1,0
825103,2026-04-03,ATL,away,573262,Mike Yastrzemski,1,0,0,0,0,0,0,0,1,0
823240,2026-04-03,SF,home,666464,Jerar Encarnacion,3,1,1,1,0,0,0,0,1,0
823240,2026-04-03,SF,home,671218,Heliot Ramos,4,0,2,0,0,0,0,0,1,0
823240,2026-04-03,SF,home,656305,Matt Chapman,4,0,0,0,0,0,0,0,1,0
823240,2026-04-03,SF,home,672275,Patrick Bailey,3,1,0,0,0,0,0,1,0,0
823240,2026-04-03,SF,home,808982,Jung Hoo Lee,4,0,0,0,0,0,0,0,0,0
823240,2026-04-03,SF,home,646240,Rafael Devers,4,0,0,0,0,0,0,0,3,0
823240,2026-04-03,SF,home,664056,Harrison Bader,3,1,0,0,0,0,0,1,1,0
823240,2026-04-03,SF,home,642715,Willy Adames,3,0,1,1,0,0,1,1,1,0
823240,2026-04-03,SF,home,650333,Luis Arraez,4,0,1,0,0,0,1,0,0,0
823240,2026-04-03,NYM,away,621438,Tyrone Taylor,4,0,0,0,0,0,0,0,1,0
823240,2026-04-03,NYM,away,666182,Bo Bichette,5,2,3,1,0,0,1,0,1,0
823240,2026-04-03,NYM,away,682626,Francisco Alvarez,5,2,2,0,0,2,2,0,1,0
823240,2026-04-03,NYM,away,668901,Mark Vientos,3,1,2,0,0,0,1,2,1,0
823240,2026-04-03,NYM,away,683146,Brett Baty,5,1,1,1,0,0,1,0,3,0
823240,2026-04-03,NYM,away,701807,Carson Benge,4,0,0,0,0,0,1,1,1,1
823240,2026-04-03,NYM,away,543760,Marcus Semien,5,1,3,0,0,1,3,0,1,0
823240,2026-04-03,NYM,away,596019,Francisco Lindor,4,2,2,0,0,0,0,1,1,1
823240,2026-04-03,NYM,away,665742,Juan Soto,1,0,1,0,0,0,0,0,0,0
823240,2026-04-03,NYM,away,673357,Luis Robert Jr.,3,1,1,0,0,0,1,2,0,0
824622,2026-04-04,CWS,home,672820,Lenyn Sosa,3,1,1,0,0,0,0,0,0,0
824622,2026-04-04,CWS,home,671976,Tristan Peters,3,0,0,0,0,0,0,0,1,0
824622,2026-04-04,CWS,home,682668,Luisangel Acuña,4,0,1,0,0,0,0,0,1,0
824622,2026-04-04,CWS,home,808959,Munetaka Murakami,3,1,1,0,0,1,3,0,1,0
824622,2026-04-04,CWS,home,805367,Chase Meidroth,4,0,0,0,0,0,0,0,0,0
824622,2026-04-04,CWS,home,695657,Colson Montgomery,3,1,1,0,0,1,1,1,1,0
824622,2026-04-04,CWS,home,669720,Austin Hays,3,1,1,0,0,0,0,1,2,0
824622,2026-04-04,CWS,home,624512,Reese McGuire,3,0,0,0,0,0,0,0,0,0
824622,2026-04-04,CWS,home,643217,Andrew Benintendi,1,0,0,0,0,0,0,0,0,0
824622,2026-04-04,CWS,home,678246,Miguel Vargas,2,2,2,2,0,0,0,2,0,1
824622,2026-04-04,TOR,away,676391,Ernie Clement,4,0,0,0,0,0,0,0,0,1
824622,2026-04-04,TOR,away,662139,Daulton Varsho,3,0,0,0,0,0,0,1,0,0
824622,2026-04-04,TOR,away,665926,Andrés Giménez,4,0,0,0,0,0,0,0,0,0
824622,2026-04-04,TOR,away,676914,Davis Schneider,2,1,1,0,0,0,0,1,0,0
824622,2026-04-04,TOR,away,664770,Nathan Lukes,1,0,0,0,0,0,1,0,0,0
824622,2026-04-04,TOR,away,680718,Addison Barger,0,0,0,0,0,0,0,1,0,0
824622,2026-04-04,TOR,away,543807,George Springer,4,0,0,0,0,0,0,1,1,0
824622,2026-04-04,TOR,away,623168,Tyler Heineman,3,0,1,0,0,0,0,0,0,0
824622,2026-04-04,TOR,away,665489,Vladimir Guerrero Jr.,4,1,1,0,0,1,2,0,1,0
824622,2026-04-04,TOR,away,660821,Jesús Sánchez,1,0,1,0,0,0,0,0,0,0
824622,2026-04-04,TOR,away,664702,Myles Straw,3,1,1,0,0,0,0,0,0,0
824622,2026-04-04,TOR,away,672960,Kazuma Okamoto,3,0,1,0,0,0,0,1,0,0
824132,2026-04-04,KC,home,695600,Carter Jensen,1,0,0,0,0,0,0,0,1,0
824132,2026-04-04,KC,home,686555,Isaac Collins,4,0,1,0,0,0,0,0,1,0
824132,2026-04-04,KC,home,521692,Salvador Perez,4,0,0,0,0,0,0,0,1,0
824132,2026-04-04,KC,home,679845,Nick Loftin,3,1,0,0,0,0,0,1,0,0
824132,2026-04-04,KC,home,516782,Starling Marte,3,0,1,1,0,0,0,0,2,0
824132,2026-04-04,KC,home,686469,Vinnie Pasquantino,5,0,1,0,0,0,0,0,2,0
824132,2026-04-04,KC,home,664728,Kyle Isbel,2,0,1,1,0,0,0,0,0,0
824132,2026-04-04,KC,home,672580,Maikel Garcia,4,0,0,0,0,0,0,1,2,0
824132,2026-04-04,KC,home,657041,Lane Thomas,1,1,1,1,0,0,1,1,0,0
824132,2026-04-04,KC,home,695506,Jac Caglianone,3,0,2,0,0,0,0,1,0,0
824132,2026-04-04,KC,home,677951,Bobby Witt Jr.,3,0,1,0,0,0,1,2,0,1
824132,2026-04-04,MIL,away,650859,Luis Rengifo,5,1,2,2,0,0,0,0,1,0
824132,2026-04-04,MIL,away,592885,Christian Yelich,5,2,2,0,0,0,0,0,2,0
824132,2026-04-04,MIL,away,641343,Jake Bauers,3,0,0,0,0,0,0,1,1,0
824132,2026-04-04,MIL,away,686217,Sal Frelick,3,0,1,0,0,0,0,1,0,0
824132,2026-04-04,MIL,away,663604,Brandon Lockridge,4,0,1,0,0,0,0,0,1,0
824132,2026-04-04,MIL,away,669003,Garrett Mitchell,4,1,2,1,0,1,5,0,2,0
824132,2026-04-04,MIL,away,666152,David Hamilton,2,0,1,0,0,0,0,2,1,0
824132,2026-04-04,MIL,away,661388,William Contreras,4,1,1,1,0,0,0,1,1,0
824132,2026-04-04,MIL,away,668930,Brice Turang,4,0,0,0,0,0,0,1,3,0
824134,2026-04-04,KC,home,695600,Carter Jensen,3,1,2,1,0,0,2,1,0,0
824134,2026-04-04,KC,home,663697,Jonathan India,4,2,2,0,0,0,0,0,1,0
824134,2026-04-04,KC,home,686555,Isaac Collins,3,1,1,0,0,0,1,1,1,0
824134,2026-04-04,KC,home,521692,Salvador Perez,2,2,1,0,0,1,1,2,0,0
824134,2026-04-04,KC,home,686469,Vinnie Pasquantino,4,0,0,0,0,0,0,1,1,0
824134,2026-04-04,KC,home,664728,Kyle Isbel,3,1,1,0,0,0,1,0,2,0
824134,2026-04-04,KC,home,672580,Maikel Garcia,5,1,3,1,0,0,1,0,0,0
824134,2026-04-04,KC,home,695506,Jac Caglianone,3,0,0,0,0,0,0,1,1,0
824134,2026-04-04,KC,home,677951,Bobby Witt Jr.,4,0,0,0,0,0,0,1,3,0
824134,2026-04-04,MIL,away,687401,Joey Ortiz,4,0,1,0,0,0,0,0,2,1
824134,2026-04-04,MIL,away,592885,Christian Yelich,3,0,0,0,0,0,0,0,0,0
824134,2026-04-04,MIL,away,641343,Jake Bauers,4,0,0,0,0,0,0,0,1,0
824134,2026-04-04,MIL,away,686217,Sal Frelick,2,0,1,0,0,0,0,0,1,0
824134,2026-04-04,MIL,away,663604,Brandon Lockridge,2,0,0,0,0,0,0,0,0,1
824134,2026-04-04,MIL,away,669003,Garrett Mitchell,4,0,1,1,0,0,1,0,1,0
824134,2026-04-04,MIL,away,666152,David Hamilton,3,1,1,0,0,0,0,1,1,0
824134,2026-04-04,MIL,away,663368,Blake Perkins,3,0,0,0,0,0,0,1,2,0
824134,2026-04-04,MIL,away,668930,Brice Turang,4,1,1,0,1,0,1,0,2,0
824134,2026-04-04,MIL,away,682641,Luis Matos,0,0,0,0,0,0,0,1,0,0
824134,2026-04-04,MIL,away,596142,Gary Sánchez,4,0,0,0,0,0,0,0,2,0
822757,2026-04-04,WSH,home,691781,Brady House,4,0,0,0,0,0,0,0,3,0
822757,2026-04-04,WSH,home,682928,CJ Abrams,2,2,1,0,0,1,2,2,1,1
822757,2026-04-04,WSH,home,686452,Drew Millas,4,0,0,0,0,0,0,0,2,0
822757,2026-04-04,WSH,home,678391,Jorbit Vivas,3,1,1,0,0,0,0,0,1,0
822757,2026-04-04,WSH,home,678554,Curtis Mead,4,0,1,1,0,0,1,0,2,0
822757,2026-04-04,WSH,home,695734,Daylen Lile,4,0,0,0,0,0,0,0,0,0
822757,2026-04-04,WSH,home,677588,José Tena,1,0,1,0,0,0,1,0,0,0
822757,2026-04-04,WSH,home,695578,James Wood,5,0,0,0,0,0,0,0,2,0
822757,2026-04-04,WSH,home,696285,Jacob Young,3,1,1,0,0,0,0,0,0,0
822757,2026-04-04,WSH,home,671277,Luis García Jr.,4,1,3,1,1,0,1,0,0,0
822757,2026-04-04,LAD,away,669257,Will Smith,5,1,3,0,0,0,0,0,0,0
822757,2026-04-04,LAD,away,663656,Kyle Tucker,3,2,2,0,0,0,1,2,0,0
822757,2026-04-04,LAD,away,571970,Max Muncy,5,1,1,0,0,0,0,0,2,0
822757,2026-04-04,LAD,away,518692,Freddie Freeman,5,0,2,2,0,0,4,0,1,0
822757,2026-04-04,LAD,away,660271,Shohei Ohtani,6,1,2,0,0,0,0,0,2,0
822757,2026-04-04,LAD,away,681624,Andy Pages,5,2,3,0,0,1,3,0,1,1
822757,2026-04-04,LAD,away,605141,Mookie Betts,0,1,0,0,0,0,0,1,0,0
822757,2026-04-04,LAD,away,669743,Alex Call,5,1,2,1,0,0,1,0,0,0
822757,2026-04-04,LAD,away,500743,Miguel Rojas,3,0,0,0,0,0,1,0,0,0
822757,2026-04-04,LAD,away,690976,Alex Freeland,5,1,1,0,0,0,0,0,2,0
825027,2026-04-04,OAK,home,671732,Lawrence Butler,3,0,0,0,0,0,0,0,2,0
825027,2026-04-04,OAK,home,667670,Brent Rooker,3,0,0,0,0,0,0,1,2,0
825027,2026-04-04,OAK,home,643446,Jeff McNeil,3,0,1,0,0,0,0,0,1,0
825027,2026-04-04,OAK,home,642851,Austin Wynns,1,0,0,0,0,0,0,0,0,0
825027,2026-04-04,OAK,home,666126,Carlos Cortes,1,0,1,0,0,0,0,0,0,0
825027,2026-04-04,OAK,home,691777,Max Muncy,4,0,2,0,0,0,0,0,2,0
825027,2026-04-04,OAK,home,672016,Denzel Clarke,3,0,0,0,0,0,0,0,1,0
825027,2026-04-04,OAK,home,691016,Tyler Soderstrom,2,0,0,0,0,0,0,1,2,0
825027,2026-04-04,OAK,home,687231,Darell Hernaiz,1,0,0,0,0,0,0,0,0,0
825027,2026-04-04,OAK,home,701762,Nick Kurtz,3,0,1,0,0,0,0,1,0,0
825027,2026-04-04,OAK,home,669127,Shea Langeliers,3,0,0,0,0,0,0,0,3,0
825027,2026-04-04,OAK,home,805779,Jacob Wilson,4,0,0,0,0,0,0,0,0,0
825027,2026-04-04,HOU,away,694376,Shay Whitcomb,0,0,0,0,0,0,0,1,0,0
825027,2026-04-04,HOU,away,669397,Nick Allen,3,0,0,0,0,0,0,0,1,0
825027,2026-04-04,HOU,away,701358,Cam Smith,1,1,1,0,0,1,1,0,0,0
825027,2026-04-04,HOU,away,676694,Jake Meyers,5,1,1,0,0,0,0,0,1,0
825027,2026-04-04,HOU,away,694728,Brice Matthews,0,0,0,0,0,0,0,1,0,0
825027,2026-04-04,HOU,away,514888,Jose Altuve,4,0,1,0,0,0,1,1,0,0
825027,2026-04-04,HOU,away,694388,Joey Loperfido,4,2,3,1,0,0,2,2,1,0
825027,2026-04-04,HOU,away,665161,Jeremy Peña,3,1,2,2,0,0,0,1,0,0
825027,2026-04-04,HOU,away,621043,Carlos Correa,4,1,0,0,0,0,0,1,0,0
825027,2026-04-04,HOU,away,572233,Christian Walker,5,3,3,1,0,1,2,1,1,0
825027,2026-04-04,HOU,away,543877,Christian Vázquez,6,0,3,2,0,0,2,0,1,0
825027,2026-04-04,HOU,away,673237,Yainer Diaz,5,1,3,0,0,0,2,1,0,0
825027,2026-04-04,HOU,away,670541,Yordan Alvarez,1,1,1,0,0,0,1,4,0,0
823404,2026-04-04,PIT,home,694377,Nick Yorke,1,1,1,1,0,0,1,0,0,0
823404,2026-04-04,PIT,home,687462,Spencer Horwitz,3,0,1,1,0,0,1,0,0,0
823404,2026-04-04,PIT,home,664040,Brandon Lowe,4,0,0,0,0,0,0,1,1,0
823404,2026-04-04,PIT,home,668804,Bryan Reynolds,4,2,3,1,0,0,0,1,1,0
823404,2026-04-04,PIT,home,663698,Joey Bart,3,0,0,0,0,0,0,0,1,0
823404,2026-04-04,PIT,home,665833,Oneil Cruz,4,0,1,0,0,0,0,1,1,0
823404,2026-04-04,PIT,home,663968,Jake Mangum,1,0,0,0,0,0,0,0,0,0
823404,2026-04-04,PIT,home,680779,Henry Davis,0,0,0,0,0,0,0,0,0,0
823404,2026-04-04,PIT,home,804606,Konnor Griffin,3,0,0,0,0,0,0,0,0,0
823404,2026-04-04,PIT,home,656811,Ryan O'Hearn,4,0,1,0,0,0,0,1,1,0
823404,2026-04-04,PIT,home,542303,Marcell Ozuna,4,0,1,0,0,0,0,0,2,0
823404,2026-04-04,PIT,home,693304,Nick Gonzales,2,0,0,0,0,0,0,2,0,0
823404,2026-04-04,BAL,away,624413,Pete Alonso,4,0,0,0,0,0,0,0,2,0
823404,2026-04-04,BAL,away,683002,Gunnar Henderson,3,1,1,0,0,0,0,2,1,0
823404,2026-04-04,BAL,away,665750,Leody Taveras,2,0,1,0,0,0,1,2,0,0
823404,2026-04-04,BAL,away,621493,Taylor Ward,4,0,0,0,0,0,0,1,1,0
823404,2026-04-04,BAL,away,687637,Dylan Beavers,4,0,1,0,0,0,1,0,1,0
823404,2026-04-04,BAL,away,681297,Colton Cowser,2,0,0,0,0,0,0,0,2,0
823404,2026-04-04,BAL,away,668939,Adley Rutschman,4,1,2,0,0,0,0,0,0,0
823404,2026-04-04,BAL,away,641933,Tyler O'Neill,2,0,0,0,0,0,0,0,0,0
823404,2026-04-04,BAL,away,691723,Coby Mayo,3,0,1,0,0,0,0,1,1,0
823404,2026-04-04,BAL,away,677942,Blaze Alexander,3,0,0,0,0,0,0,1,0,1
824782,2026-04-04,BOS,home,701350,Roman Anthony,4,0,2,0,1,0,0,0,0,0
824782,2026-04-04,BOS,home,575929,Willson Contreras,4,1,1,0,0,0,0,0,1,0
824782,2026-04-04,BOS,home,596115,Trevor Story,4,0,0,0,0,0,0,0,1,0
824782,2026-04-04,BOS,home,677800,Wilyer Abreu,3,0,1,0,0,0,0,1,1,0
824782,2026-04-04,BOS,home,655316,Andruw Monasterio,1,0,0,0,0,0,1,0,0,0
824782,2026-04-04,BOS,home,702332,Caleb Durbin,3,0,1,0,0,0,0,0,0,0
824782,2026-04-04,BOS,home,665966,Carlos Narváez,3,0,0,0,0,0,0,0,0,0
824782,2026-04-04,BOS,home,680776,Jarren Duran,3,0,1,0,0,0,0,0,1,0
824782,2026-04-04,BOS,home,678882,Ceddanne Rafaela,3,1,2,0,0,0,0,0,1,0
824782,2026-04-04,BOS,home,807799,Masataka Yoshida,1,0,0,0,0,0,0,0,1,0
824782,2026-04-04,BOS,home,691785,Marcelo Mayer,3,0,0,0,0,0,1,0,2,0
824782,2026-04-04,BOS,home,547973,Aroldis Chapman,0,0,0,0,0,0,0,0,0,0
824782,2026-04-04,SD,away,666023,Freddy Fermin,3,1,1,1,0,0,1,1,1,0
824782,2026-04-04,SD,away,592206,Nick Castellanos,1,0,0,0,0,0,0,0,1,0
824782,2026-04-04,SD,away,701538,Jackson Merrill,0,0,0,0,0,0,0,0,0,0
824782,2026-04-04,SD,away,657656,Ramón Laureano,4,0,1,0,0,0,1,1,0,0
824782,2026-04-04,SD,away,592518,Manny Machado,1,0,0,0,0,0,0,3,0,0
824782,2026-04-04,SD,away,609280,Miguel Andujar,5,1,3,1,0,0,0,0,1,0
824782,2026-04-04,SD,away,665487,Fernando Tatis Jr.,5,1,1,1,0,0,0,0,4,0
824782,2026-04-04,SD,away,664034,Ty France,4,0,1,0,0,0,0,0,0,0
824782,2026-04-04,SD,away,669369,Bryce Johnson,3,0,0,0,0,0,1,0,1,0
824782,2026-04-04,SD,away,593428,Xander Bogaerts,4,0,0,0,0,0,0,0,1,0
824782,2026-04-04,SD,away,630105,Jake Cronenworth,4,0,0,0,0,0,0,0,0,0
822920,2026-04-04,TEX,home,694497,Evan Carter,2,0,1,0,0,0,0,2,1,0
822920,2026-04-04,TEX,home,694671,Wyatt Langford,4,0,0,0,0,0,0,0,3,0
822920,2026-04-04,TEX,home,669394,Jake Burger,3,0,1,0,0,0,0,1,0,0
822920,2026-04-04,TEX,home,592626,Joc Pederson,4,0,0,0,0,0,0,0,0,0
822920,2026-04-04,TEX,home,608369,Corey Seager,4,0,1,0,0,0,0,0,0,0
822920,2026-04-04,TEX,home,673962,Josh Jung,4,0,1,0,0,0,0,0,1,0
822920,2026-04-04,TEX,home,677649,Ezequiel Duran,0,0,0,0,0,0,0,0,0,0
822920,2026-04-04,TEX,home,607043,Brandon Nimmo,3,0,0,0,0,0,0,1,1,0
822920,2026-04-04,TEX,home,669701,Josh Smith,3,0,0,0,0,0,0,1,0,0
822920,2026-04-04,TEX,home,643376,Danny Jansen,3,0,0,0,0,0,0,0,1,0
822920,2026-04-04,CIN,away,682829,Elly De La Cruz,4,1,1,0,0,0,1,0,1,0
822920,2026-04-04,CIN,away,667472,Dane Myers,2,0,0,0,0,0,0,0,0,0
822920,2026-04-04,CIN,away,701398,Sal Stewart,4,0,2,0,0,0,1,0,1,0
822920,2026-04-04,CIN,away,663993,Nathaniel Lowe,4,0,1,0,0,0,0,0,0,0
822920,2026-04-04,CIN,away,680574,Matt McLain,4,1,2,0,0,0,0,0,1,0
822920,2026-04-04,CIN,away,663647,Ke'Bryan Hayes,0,0,0,0,0,0,0,0,0,0
822920,2026-04-04,CIN,away,666181,Will Benson,2,0,0,0,0,0,0,0,0,0
822920,2026-04-04,CIN,away,670770,TJ Friedl,4,0,0,0,0,0,0,1,1,0
822920,2026-04-04,CIN,away,668715,Spencer Steer,4,0,2,1,0,0,0,0,0,0
822920,2026-04-04,CIN,away,624431,Jose Trevino,4,0,0,0,0,0,0,0,1,0
822920,2026-04-04,CIN,away,553993,Eugenio Suárez,4,0,0,0,0,0,0,0,2,0
823569,2026-04-04,NYY,home,676609,José Caballero,3,1,0,0,0,0,0,0,3,0
823569,2026-04-04,NYY,home,545341,Randal Grichuk,0,0,0,0,0,0,0,0,0,0
823569,2026-04-04,NYY,home,592450,Aaron Judge,4,2,2,0,0,0,1,1,0,0
823569,2026-04-04,NYY,home,641857,Ryan McMahon,3,1,0,0,0,0,0,1,2,0
823569,2026-04-04,NYY,home,502671,Paul Goldschmidt,0,1,0,0,0,0,0,1,0,0
823569,2026-04-04,NYY,home,669224,Austin Wells,2,0,1,0,0,0,0,0,0,0
823569,2026-04-04,NYY,home,700250,Ben Rice,3,1,0,0,0,0,0,2,3,0
823569,2026-04-04,NYY,home,641555,J.C. Escarra,1,0,0,0,0,0,0,0,0,0
823569,2026-04-04,NYY,home,641355,Cody Bellinger,3,1,1,0,0,1,3,1,0,0
823569,2026-04-04,NYY,home,519317,Giancarlo Stanton,3,1,1,0,0,0,2,2,1,1
823569,2026-04-04,NYY,home,665862,Jazz Chisholm Jr.,5,0,0,0,0,0,0,0,2,0
823569,2026-04-04,NYY,home,663757,Trent Grisham,3,1,1,0,0,0,1,2,0,0
823569,2026-04-04,MIA,away,665052,Griffin Conine,3,0,0,0,0,0,0,0,1,0
823569,2026-04-04,MIA,away,681715,Heriberto Hernández,5,0,1,0,1,0,2,0,1,0
823569,2026-04-04,MIA,away,805300,Jakob Marsee,5,0,1,0,0,0,0,0,2,0
823569,2026-04-04,MIA,away,691594,Javier Sanoja,5,0,2,1,0,0,2,0,1,0
823569,2026-04-04,MIA,away,669364,Xavier Edwards,4,2,3,1,0,0,1,1,0,0
823569,2026-04-04,MIA,away,689414,Liam Hicks,1,1,1,0,0,0,0,1,0,0
823569,2026-04-04,MIA,away,683357,Owen Caissie,2,0,0,0,0,0,0,0,2,0
823569,2026-04-04,MIA,away,682663,Agustín Ramírez,3,2,2,0,0,0,1,2,0,0
823569,2026-04-04,MIA,away,677870,Leo Jiménez,3,0,2,0,0,0,0,0,0,0
823569,2026-04-04,MIA,away,681393,Connor Norby,3,0,1,0,0,0,0,0,0,0
823569,2026-04-04,MIA,away,596103,Austin Slater,2,0,0,0,0,0,0,1,1,0
823569,2026-04-04,MIA,away,672640,Otto Lopez,5,2,2,0,0,0,0,0,2,0
823730,2026-04-04,MIN,home,605170,Victor Caratini,4,0,0,0,0,0,0,0,1,0
823730,2026-04-04,MIN,home,686797,Brooks Lee,3,0,1,0,0,0,1,0,1,0
823730,2026-04-04,MIN,home,668885,Austin Martin,3,0,0,0,0,0,0,1,0,0
823730,2026-04-04,MIN,home,605137,Josh Bell,3,0,0,0,0,0,0,1,2,0
823730,2026-04-04,MIN,home,680777,Ryan Jeffers,3,0,0,0,0,0,0,1,1,0
823730,2026-04-04,MIN,home,681546,James Outman,3,0,0,0,0,0,0,0,2,0
823730,2026-04-04,MIN,home,668904,Royce Lewis,3,0,0,0,0,0,0,1,1,0
823730,2026-04-04,MIN,home,670242,Matt Wallner,4,1,1,0,0,0,0,0,2,0
823730,2026-04-04,MIN,home,807712,Luke Keaschall,4,0,1,0,0,0,0,0,2,0
823730,2026-04-04,TB,away,680700,Richie Palacios,2,2,1,0,0,0,0,1,0,1
823730,2026-04-04,TB,away,641584,Jake Fraley,2,0,0,0,0,0,0,3,0,0
823730,2026-04-04,TB,away,802415,Chandler Simpson,5,1,2,0,0,0,0,0,0,0
823730,2026-04-04,TB,away,676439,Hunter Feduccia,4,0,1,0,0,0,1,0,1,0
823730,2026-04-04,TB,away,666018,Jonathan Aranda,5,0,1,1,0,0,2,0,3,0
823730,2026-04-04,TB,away,650490,Yandy Díaz,3,0,1,0,1,0,2,0,0,0
823730,2026-04-04,TB,away,810938,Ben Williamson,4,2,1,0,0,0,1,1,0,1
823730,2026-04-04,TB,away,691406,Junior Caminero,5,0,1,0,0,0,0,0,0,0
823730,2026-04-04,TB,away,656775,Cedric Mullins,5,2,2,0,0,0,0,0,1,2
825104,2026-04-04,ARI,home,680728,Adrian Del Castillo,3,0,0,0,0,0,0,0,2,0
825104,2026-04-04,ARI,home,571448,Nolan Arenado,3,1,1,0,0,0,0,0,0,0
825104,2026-04-04,ARI,home,606466,Ketel Marte,3,0,0,0,0,0,0,0,2,0
825104,2026-04-04,ARI,home,672695,Geraldo Perdomo,3,0,0,0,0,0,0,0,0,0
825104,2026-04-04,ARI,home,699912,Jose Fernandez,3,0,1,0,0,0,0,0,2,0
825104,2026-04-04,ARI,home,672515,Gabriel Moreno,3,1,2,0,0,0,0,0,0,0
825104,2026-04-04,ARI,home,682998,Corbin Carroll,2,0,0,0,0,0,0,1,1,0
825104,2026-04-04,ARI,home,677950,Alek Thomas,3,0,0,0,0,0,0,0,1,0
825104,2026-04-04,ARI,home,678489,Jorge Barrosa,3,0,0,0,0,0,0,0,1,0
825104,2026-04-04,ATL,away,671739,Michael Harris II,4,0,1,0,0,0,0,0,1,0
825104,2026-04-04,ATL,away,643289,Mauricio Dubón,3,0,1,0,0,0,0,0,0,0
825104,2026-04-04,ATL,away,686948,Drake Baldwin,3,0,0,0,0,0,0,0,0,0
825104,2026-04-04,ATL,away,621566,Matt Olson,3,0,1,1,0,0,0,1,1,0
825104,2026-04-04,ATL,away,642086,Dominic Smith,3,0,1,0,0,0,1,0,0,0
825104,2026-04-04,ATL,away,660670,Ronald Acuña Jr.,3,0,0,0,0,0,0,1,0,0
825104,2026-04-04,ATL,away,645277,Ozzie Albies,4,0,0,0,0,0,0,0,1,0
825104,2026-04-04,ATL,away,663586,Austin Riley,4,0,0,0,0,0,0,0,2,0
825104,2026-04-04,ATL,away,573262,Mike Yastrzemski,3,1,0,0,0,0,0,1,2,0
824378,2026-04-04,COL,home,666160,Mickey Moniak,1,0,0,0,0,0,0,0,0,0
824378,2026-04-04,COL,home,680767,Victor Vodnik,0,0,0,0,0,0,0,0,0,0
824378,2026-04-04,COL,home,664983,Jake McCarthy,0,0,0,0,0,0,0,0,0,0
824378,2026-04-04,COL,home,687859,Troy Johnston,2,1,1,0,0,0,0,1,0,0
824378,2026-04-04,COL,home,650489,Willi Castro,4,0,0,0,0,0,0,0,3,0
824378,2026-04-04,COL,home,671289,Tyler Freeman,4,0,1,0,0,0,0,0,0,1
824378,2026-04-04,COL,home,696100,Hunter Goodman,4,0,0,0,0,0,0,0,3,0
824378,2026-04-04,COL,home,687597,Jordan Beck,3,0,0,0,0,0,0,0,1,0
824378,2026-04-04,COL,home,664954,Brett Sullivan,3,0,2,0,0,0,1,0,1,0
824378,2026-04-04,COL,home,686668,Brenton Doyle,3,0,0,0,0,0,0,0,2,0
824378,2026-04-04,COL,home,678662,Ezequiel Tovar,4,0,1,0,0,0,0,0,2,0
824378,2026-04-04,COL,home,681198,TJ Rumfield,1,0,0,0,0,0,0,0,0,0
824378,2026-04-04,COL,home,691720,Kyle Karros,3,0,1,0,0,0,0,0,1,0
824378,2026-04-04,PHI,away,669016,Brandon Marsh,4,1,1,0,0,0,0,0,1,0
824378,2026-04-04,PHI,away,702222,Justin Crawford,4,0,1,0,0,0,0,0,0,1
824378,2026-04-04,PHI,away,547180,Bryce Harper,4,0,0,0,0,0,0,0,0,0
824378,2026-04-04,PHI,away,592663,J.T. Realmuto,3,0,0,0,0,0,0,1,1,0
824378,2026-04-04,PHI,away,664761,Alec Bohm,4,0,1,0,0,0,0,0,1,0
824378,2026-04-04,PHI,away,681082,Bryson Stott,3,0,1,0,0,0,0,1,0,1
824378,2026-04-04,PHI,away,656941,Kyle Schwarber,4,0,1,1,0,0,1,1,2,0
824378,2026-04-04,PHI,away,666969,Adolis García,4,0,0,0,0,0,0,0,3,0
824378,2026-04-04,PHI,away,607208,Trea Turner,4,1,2,1,0,0,1,1,2,0
823239,2026-04-04,SF,home,666464,Jerar Encarnacion,3,0,1,0,0,0,0,0,0,0
823239,2026-04-04,SF,home,671218,Heliot Ramos,4,0,0,0,0,0,0,0,1,0
823239,2026-04-04,SF,home,672275,Patrick Bailey,3,0,0,0,0,0,0,0,0,0
823239,2026-04-04,SF,home,656305,Matt Chapman,4,0,1,0,0,0,0,0,0,0
823239,2026-04-04,SF,home,808982,Jung Hoo Lee,2,0,1,0,0,0,0,1,1,0
823239,2026-04-04,SF,home,646240,Rafael Devers,4,0,0,0,0,0,0,0,1,0
823239,2026-04-04,SF,home,666931,Jared Oliva,0,0,0,0,0,0,0,0,0,0
823239,2026-04-04,SF,home,664056,Harrison Bader,3,0,0,0,0,0,0,0,2,0
823239,2026-04-04,SF,home,642715,Willy Adames,3,0,0,0,0,0,0,1,0,0
823239,2026-04-04,SF,home,650333,Luis Arraez,4,0,0,0,0,0,0,0,0,0
823239,2026-04-04,SF,home,691740,Daniel Susac,0,0,0,0,0,0,0,0,0,0
823239,2026-04-04,NYM,away,620443,Luis Torrens,4,1,1,0,0,0,1,0,0,0
823239,2026-04-04,NYM,away,666182,Bo Bichette,5,1,2,0,0,0,1,0,2,0
823239,2026-04-04,NYM,away,621438,Tyrone Taylor,3,1,2,0,0,1,4,0,0,0
823239,2026-04-04,NYM,away,668901,Mark Vientos,5,2,3,1,0,0,1,0,0,0
823239,2026-04-04,NYM,away,683146,Brett Baty,5,2,2,1,0,0,0,0,1,0
823239,2026-04-04,NYM,away,701807,Carson Benge,4,0,0,0,0,0,1,0,2,0
823239,2026-04-04,NYM,away,543760,Marcus Semien,3,1,2,0,0,0,0,1,1,0
823239,2026-04-04,NYM,away,596019,Francisco Lindor,5,0,0,0,0,0,0,0,2,0
823239,2026-04-04,NYM,away,593871,Jorge Polanco,5,0,0,0,0,0,0,0,2,0
823239,2026-04-04,NYM,away,676724,Jared Young,1,1,0,0,0,0,0,1,0,0
824054,2026-04-04,LAA,home,624428,Adam Frazier,0,0,0,0,0,0,0,0,0,0
824054,2026-04-04,LAA,home,672724,Oswald Peraza,3,0,0,0,0,0,0,0,0,0
824054,2026-04-04,LAA,home,687263,Zach Neto,4,1,2,0,0,1,1,0,1,0
824054,2026-04-04,LAA,home,624585,Jorge Soler,3,0,1,0,0,0,0,0,2,0
824054,2026-04-04,LAA,home,660162,Yoán Moncada,3,0,0,0,0,0,0,0,2,0
824054,2026-04-04,LAA,home,545361,Mike Trout,4,0,0,0,0,0,0,0,1,0
824054,2026-04-04,LAA,home,666176,Jo Adell,3,0,1,0,0,0,0,0,0,0
824054,2026-04-04,LAA,home,694384,Nolan Schanuel,3,0,1,1,0,0,0,0,0,0
824054,2026-04-04,LAA,home,666139,Josh Lowe,3,0,1,0,0,0,0,0,0,0
824054,2026-04-04,LAA,home,669326,Bryce Teodosio,0,0,0,0,0,0,0,0,0,0
824054,2026-04-04,LAA,home,681351,Logan O'Hoppe,3,0,1,0,0,0,0,0,1,0
824054,2026-04-04,SEA,away,647304,Josh Naylor,3,0,1,0,0,0,0,1,0,0
824054,2026-04-04,SEA,away,702284,Cole Young,3,0,0,0,0,0,0,0,2,0
824054,2026-04-04,SEA,away,668227,Randy Arozarena,4,0,1,0,0,0,0,0,1,0
824054,2026-04-04,SEA,away,641487,J.P. Crawford,3,0,1,1,0,0,0,1,1,0
824054,2026-04-04,SEA,away,686527,Dominic Canzone,3,0,0,0,0,0,0,0,1,0
824054,2026-04-04,SEA,away,663728,Cal Raleigh,4,0,0,0,0,0,0,0,1,0
824054,2026-04-04,SEA,away,608701,Rob Refsnyder,1,0,0,0,0,0,0,0,0,0
824054,2026-04-04,SEA,away,677594,Julio Rodríguez,4,0,2,0,0,0,0,0,0,0
824054,2026-04-04,SEA,away,660844,Leo Rivas,3,0,0,0,0,0,0,1,2,0
824054,2026-04-04,SEA,away,670042,Luke Raley,4,0,0,0,0,0,0,0,2,0
824459,2026-04-05,CLE,home,800050,Chase DeLauter,3,0,0,0,0,0,0,1,0,0
824459,2026-04-05,CLE,home,682177,Daniel Schneemann,4,0,0,0,0,0,0,0,2,0
824459,2026-04-05,CLE,home,677587,Brayan Rocchio,1,0,0,0,0,0,0,2,0,0
824459,2026-04-05,CLE,home,672356,Gabriel Arias,3,0,0,0,0,0,0,0,1,0
824459,2026-04-05,CLE,home,666310,Bo Naylor,3,0,0,0,0,0,0,1,0,0
824459,2026-04-05,CLE,home,681807,David Fry,1,0,0,0,0,0,0,0,0,0
824459,2026-04-05,CLE,home,608070,José Ramírez,3,0,0,0,0,0,0,1,1,0
824459,2026-04-05,CLE,home,680757,Steven Kwan,2,0,0,0,0,0,0,0,1,0
824459,2026-04-05,CLE,home,682657,Angel Martínez,0,0,0,0,0,0,0,0,0,0
824459,2026-04-05,CLE,home,700932,Kyle Manzardo,3,0,0,0,0,0,0,1,0,0
824459,2026-04-05,CLE,home,692216,CJ Kayfus,2,0,1,1,0,0,0,0,0,0
824459,2026-04-05,CHC,away,624424,Michael Conforto,2,0,1,0,0,0,0,1,0,0
824459,2026-04-05,CHC,away,666185,Dylan Carlson,0,1,0,0,0,0,0,0,0,0
824459,2026-04-05,CHC,away,664023,Ian Happ,4,0,0,0,0,0,0,0,4,0
824459,2026-04-05,CHC,away,608324,Alex Bregman,4,0,0,0,0,0,0,0,0,0
824459,2026-04-05,CHC,away,683737,Michael Busch,4,0,0,0,0,0,0,0,1,0
824459,2026-04-05,CHC,away,691718,Pete Crow-Armstrong,4,0,0,0,0,0,0,0,2,0
824459,2026-04-05,CHC,away,665804,Miguel Amaya,2,0,1,0,0,0,1,1,1,0
824459,2026-04-05,CHC,away,621020,Dansby Swanson,4,0,0,0,0,0,0,0,1,0
824459,2026-04-05,CHC,away,663538,Nico Hoerner,2,0,0,0,0,0,0,0,1,0
824459,2026-04-05,CHC,away,807713,Matt Shaw,2,0,0,0,0,0,0,0,0,0
824460,2026-04-05,CLE,home,800050,Chase DeLauter,3,1,1,0,0,0,1,0,1,0
824460,2026-04-05,CLE,home,595978,Austin Hedges,4,0,2,1,0,0,1,0,0,0
824460,2026-04-05,CLE,home,677587,Brayan Rocchio,4,0,0,0,0,0,0,0,1,0
824460,2026-04-05,CLE,home,672356,Gabriel Arias,4,0,2,0,0,0,2,0,0,0
824460,2026-04-05,CLE,home,681807,David Fry,1,0,1,0,0,0,0,1,0,0
824460,2026-04-05,CLE,home,608070,José Ramírez,4,0,0,0,0,0,0,0,0,0
824460,2026-04-05,CLE,home,680757,Steven Kwan,5,1,1,1,0,0,0,0,1,0
824460,2026-04-05,CLE,home,682657,Angel Martínez,3,1,0,0,0,0,0,1,0,0
824460,2026-04-05,CLE,home,656555,Rhys Hoskins,2,1,0,0,0,0,0,2,1,0
824460,2026-04-05,CLE,home,692216,CJ Kayfus,2,2,2,0,0,1,2,0,0,0
824460,2026-04-05,CHC,away,666185,Dylan Carlson,3,0,0,0,0,0,0,0,2,0
824460,2026-04-05,CHC,away,664023,Ian Happ,5,1,2,0,0,1,2,0,2,0
824460,2026-04-05,CHC,away,664068,Scott Kingery,0,0,0,0,0,0,0,0,0,1
824460,2026-04-05,CHC,away,608324,Alex Bregman,4,0,0,0,0,0,0,1,1,0
824460,2026-04-05,CHC,away,683737,Michael Busch,3,0,0,0,0,0,0,1,1,0
824460,2026-04-05,CHC,away,608348,Carson Kelly,4,1,1,0,0,0,0,1,2,0
824460,2026-04-05,CHC,away,691718,Pete Crow-Armstrong,4,0,1,0,0,0,0,0,0,0
824460,2026-04-05,CHC,away,694208,Moisés Ballesteros,1,0,0,0,0,0,0,0,1,0
824460,2026-04-05,CHC,away,621020,Dansby Swanson,4,1,1,0,0,1,2,0,2,0
824460,2026-04-05,CHC,away,663538,Nico Hoerner,3,1,1,1,0,0,0,2,0,0
824460,2026-04-05,CHC,away,807713,Matt Shaw,3,1,1,0,0,1,1,1,1,0
822756,2026-04-05,WSH,home,691781,Brady House,1,0,0,0,0,0,0,0,1,0
822756,2026-04-05,WSH,home,683083,Nasim Nuñez,4,0,1,0,0,0,0,1,0,2
822756,2026-04-05,WSH,home,682928,CJ Abrams,3,1,1,0,0,0,0,1,1,1
822756,2026-04-05,WSH,home,686452,Drew Millas,0,0,0,0,0,0,0,0,0,0
822756,2026-04-05,WSH,home,686894,Joey Wiemer,4,0,0,0,0,0,0,0,2,0
822756,2026-04-05,WSH,home,678391,Jorbit Vivas,2,0,1,0,0,0,0,1,1,0
822756,2026-04-05,WSH,home,678554,Curtis Mead,1,0,0,0,0,0,0,1,0,0
822756,2026-04-05,WSH,home,695734,Daylen Lile,4,0,0,0,0,0,0,0,1,0
822756,2026-04-05,WSH,home,677588,José Tena,2,1,1,0,0,0,0,0,0,0
822756,2026-04-05,WSH,home,695578,James Wood,4,2,1,0,0,1,3,1,1,0
822756,2026-04-05,WSH,home,696285,Jacob Young,1,0,0,0,0,0,0,0,0,0
822756,2026-04-05,WSH,home,660688,Keibert Ruiz,3,1,1,0,0,0,1,0,0,0
822756,2026-04-05,WSH,home,671277,Luis García Jr.,5,1,1,0,0,1,2,0,1,0
822756,2026-04-05,LAD,away,669257,Will Smith,0,0,0,0,0,0,0,1,0,0
822756,2026-04-05,LAD,away,687221,Dalton Rushing,3,1,1,0,0,1,2,0,1,0
822756,2026-04-05,LAD,away,663656,Kyle Tucker,1,0,0,0,0,0,1,0,0,0
822756,2026-04-05,LAD,away,518692,Freddie Freeman,5,1,1,0,0,0,0,0,0,0
822756,2026-04-05,LAD,away,808975,Hyeseong Kim,0,0,0,0,0,0,0,0,0,0
822756,2026-04-05,LAD,away,669289,Santiago Espinal,4,1,1,0,0,0,2,0,0,0
822756,2026-04-05,LAD,away,660271,Shohei Ohtani,4,1,2,1,0,1,2,0,1,0
822756,2026-04-05,LAD,away,606192,Teoscar Hernández,4,1,2,0,0,1,1,1,1,0
822756,2026-04-05,LAD,away,681624,Andy Pages,4,1,1,1,0,0,0,1,3,0
822756,2026-04-05,LAD,away,669743,Alex Call,3,2,2,1,0,0,0,2,0,0
822756,2026-04-05,LAD,away,500743,Miguel Rojas,5,0,1,0,0,0,0,0,2,0
822756,2026-04-05,LAD,away,690976,Alex Freeland,3,0,0,0,0,0,0,0,2,0
823405,2026-04-05,PIT,home,694377,Nick Yorke,3,0,1,0,0,0,0,0,1,0
823405,2026-04-05,PIT,home,687462,Spencer Horwitz,2,1,1,0,0,0,0,2,0,0
823405,2026-04-05,PIT,home,664040,Brandon Lowe,5,1,1,0,0,0,0,0,0,0
823405,2026-04-05,PIT,home,668804,Bryan Reynolds,2,1,0,0,0,0,1,2,0,0
823405,2026-04-05,PIT,home,665833,Oneil Cruz,4,2,2,0,0,1,3,0,0,0
823405,2026-04-05,PIT,home,663968,Jake Mangum,4,2,2,0,0,0,0,0,0,0
823405,2026-04-05,PIT,home,695257,Billy Cook,0,0,0,0,0,0,0,0,0,0
823405,2026-04-05,PIT,home,680779,Henry Davis,4,0,1,0,0,0,0,0,0,0
823405,2026-04-05,PIT,home,804606,Konnor Griffin,3,0,0,0,0,0,0,1,1,0
823405,2026-04-05,PIT,home,656811,Ryan O'Hearn,5,1,2,1,0,1,4,0,1,0
823405,2026-04-05,BAL,away,669236,Jeremiah Jackson,3,0,1,0,0,0,1,0,0,0
823405,2026-04-05,BAL,away,694212,Samuel Basallo,4,0,0,0,0,0,0,0,4,0
823405,2026-04-05,BAL,away,683002,Gunnar Henderson,4,0,0,0,0,0,0,0,1,0
823405,2026-04-05,BAL,away,665750,Leody Taveras,3,0,1,0,0,0,0,0,2,0
823405,2026-04-05,BAL,away,621493,Taylor Ward,4,1,3,1,0,0,0,0,1,0
823405,2026-04-05,BAL,away,687637,Dylan Beavers,4,0,1,0,0,0,0,0,1,0
823405,2026-04-05,BAL,away,641933,Tyler O'Neill,4,1,1,0,0,0,0,0,2,0
823405,2026-04-05,BAL,away,677942,Blaze Alexander,3,0,0,0,0,0,0,0,2,0
823405,2026-04-05,BAL,away,624413,Pete Alonso,4,0,1,1,0,0,1,0,1,0
824781,2026-04-05,BOS,home,701350,Roman Anthony,4,1,0,0,0,0,0,1,1,0
824781,2026-04-05,BOS,home,575929,Willson Contreras,4,1,0,0,0,0,0,1,2,0
824781,2026-04-05,BOS,home,596115,Trevor Story,5,0,1,0,0,0,0,0,2,0
824781,2026-04-05,BOS,home,677800,Wilyer Abreu,4,2,3,1,1,0,1,0,0,0
824781,2026-04-05,BOS,home,702332,Caleb Durbin,3,0,0,0,0,0,0,1,0,0
824781,2026-04-05,BOS,home,665966,Carlos Narváez,3,1,1,0,0,0,0,1,0,0
824781,2026-04-05,BOS,home,680776,Jarren Duran,5,1,1,1,0,0,2,0,3,0
824781,2026-04-05,BOS,home,678882,Ceddanne Rafaela,0,0,0,0,0,0,0,0,0,0
824781,2026-04-05,BOS,home,807799,Masataka Yoshida,4,0,3,2,0,0,3,0,0,1
824781,2026-04-05,BOS,home,691785,Marcelo Mayer,4,0,0,0,0,0,0,0,2,0
824781,2026-04-05,SD,away,669134,Luis Campusano,3,1,1,0,0,0,0,0,2,0
824781,2026-04-05,SD,away,666023,Freddy Fermin,0,0,0,0,0,0,0,0,0,0
824781,2026-04-05,SD,away,592206,Nick Castellanos,3,0,1,0,0,0,2,0,0,0
824781,2026-04-05,SD,away,701538,Jackson Merrill,5,3,3,0,0,1,2,0,0,0
824781,2026-04-05,SD,away,657757,Gavin Sheets,1,1,1,1,0,0,0,0,0,0
824781,2026-04-05,SD,away,657656,Ramón Laureano,5,0,0,0,0,0,0,0,1,0
824781,2026-04-05,SD,away,592518,Manny Machado,4,2,2,0,0,1,3,0,1,0
824781,2026-04-05,SD,away,609280,Miguel Andujar,3,0,0,0,0,0,0,1,2,0
824781,2026-04-05,SD,away,665487,Fernando Tatis Jr.,3,1,1,1,0,0,1,1,1,0
824781,2026-04-05,SD,away,664034,Ty France,1,0,0,0,0,0,0,0,0,0
824781,2026-04-05,SD,away,593428,Xander Bogaerts,3,0,3,1,0,0,0,1,0,0
824781,2026-04-05,SD,away,630105,Jake Cronenworth,4,0,0,0,0,0,0,0,0,0
823566,2026-04-05,NYY,home,676609,José Caballero,4,0,0,0,0,0,0,0,0,0
823566,2026-04-05,NYY,home,592450,Aaron Judge,5,2,2,1,0,0,0,0,1,0
823566,2026-04-05,NYY,home,641857,Ryan McMahon,3,0,1,0,0,0,0,1,1,0
823566,2026-04-05,NYY,home,669224,Austin Wells,4,0,0,0,0,0,0,1,2,0
823566,2026-04-05,NYY,home,700250,Ben Rice,2,2,1,0,0,1,3,3,0,0
823566,2026-04-05,NYY,home,641555,J.C. Escarra,1,0,0,0,0,0,0,0,1,0
823566,2026-04-05,NYY,home,641355,Cody Bellinger,2,1,0,0,0,0,0,3,0,0
823566,2026-04-05,NYY,home,519317,Giancarlo Stanton,5,0,2,0,0,0,0,0,2,0
823566,2026-04-05,NYY,home,665862,Jazz Chisholm Jr.,5,0,1,1,0,0,2,0,0,0
823566,2026-04-05,NYY,home,663757,Trent Grisham,4,1,0,0,0,0,0,1,2,0
823566,2026-04-05,MIA,away,665052,Griffin Conine,0,1,0,0,0,0,0,0,0,0
823566,2026-04-05,MIA,away,681715,Heriberto Hernández,3,0,0,0,0,0,1,0,0,0
823566,2026-04-05,MIA,away,805300,Jakob Marsee,3,2,0,0,0,0,0,2,2,0
823566,2026-04-05,MIA,away,691594,Javier Sanoja,4,0,0,0,0,0,0,0,1,0
823566,2026-04-05,MIA,away,669364,Xavier Edwards,4,0,2,1,0,0,3,0,0,1
823566,2026-04-05,MIA,away,688363,Graham Pauley,1,1,1,1,0,0,2,0,0,0
823566,2026-04-05,MIA,away,689414,Liam Hicks,4,0,0,0,0,0,0,0,0,0
823566,2026-04-05,MIA,away,683357,Owen Caissie,2,0,0,0,0,0,0,0,2,0
823566,2026-04-05,MIA,away,682663,Agustín Ramírez,5,0,0,0,0,0,0,0,3,0
823566,2026-04-05,MIA,away,681393,Connor Norby,1,1,0,0,0,0,0,2,0,0
823566,2026-04-05,MIA,away,596103,Austin Slater,3,1,2,0,0,0,0,0,1,1
823566,2026-04-05,MIA,away,672640,Otto Lopez,3,1,2,0,0,0,1,1,0,1
823729,2026-04-05,MIN,home,665019,Kody Clemens,4,0,0,0,0,0,0,0,1,0
823729,2026-04-05,MIN,home,686797,Brooks Lee,2,0,0,0,0,0,0,1,0,0
823729,2026-04-05,MIN,home,668885,Austin Martin,3,0,1,0,0,0,0,0,1,0
823729,2026-04-05,MIN,home,656484,Tristan Gray,3,0,0,0,0,0,0,0,1,0
823729,2026-04-05,MIN,home,605137,Josh Bell,1,0,0,0,0,0,0,0,0,0
823729,2026-04-05,MIN,home,680777,Ryan Jeffers,4,0,0,0,0,0,0,0,1,0
823729,2026-04-05,MIN,home,663616,Trevor Larnach,3,0,0,0,0,0,0,1,0,0
823729,2026-04-05,MIN,home,621439,Byron Buxton,4,0,0,0,0,0,0,0,1,0
823729,2026-04-05,MIN,home,670242,Matt Wallner,4,1,2,0,0,1,1,0,2,0
823729,2026-04-05,MIN,home,807712,Luke Keaschall,4,0,0,0,0,0,0,0,0,0
823729,2026-04-05,TB,away,680700,Richie Palacios,3,1,2,0,0,1,2,1,0,1
823729,2026-04-05,TB,away,641584,Jake Fraley,1,0,0,0,0,0,0,0,0,0
823729,2026-04-05,TB,away,802415,Chandler Simpson,5,0,1,0,0,0,0,0,0,0
823729,2026-04-05,TB,away,676356,Jonny DeLuca,3,0,0,0,0,0,0,0,1,0
823729,2026-04-05,TB,away,676439,Hunter Feduccia,1,0,1,0,0,0,0,1,0,0
823729,2026-04-05,TB,away,666018,Jonathan Aranda,4,0,0,0,0,0,0,1,0,0
823729,2026-04-05,TB,away,663743,Nick Fortes,2,0,1,0,0,0,0,0,0,0
823729,2026-04-05,TB,away,650490,Yandy Díaz,4,1,1,0,0,0,0,1,1,0
823729,2026-04-05,TB,away,810938,Ben Williamson,4,1,1,0,0,0,0,0,2,0
823729,2026-04-05,TB,away,691406,Junior Caminero,4,1,1,0,0,1,2,1,0,0
823729,2026-04-05,TB,away,656775,Cedric Mullins,5,0,0,0,0,0,0,0,1,0
824620,2026-04-05,CWS,home,672820,Lenyn Sosa,3,0,1,1,0,0,1,0,0,0
824620,2026-04-05,CWS,home,695020,Tanner Murray,2,0,0,0,0,0,0,0,0,0
824620,2026-04-05,CWS,home,682668,Luisangel Acuña,4,1,2,0,0,0,0,0,0,1
824620,2026-04-05,CWS,home,808959,Munetaka Murakami,3,1,0,0,0,0,0,1,1,0
824620,2026-04-05,CWS,home,805367,Chase Meidroth,4,1,1,1,0,0,0,0,1,0
824620,2026-04-05,CWS,home,695657,Colson Montgomery,2,0,1,0,0,0,0,0,1,0
824620,2026-04-05,CWS,home,669720,Austin Hays,4,0,1,0,0,0,1,0,0,0
824620,2026-04-05,CWS,home,700337,Edgar Quero,2,0,1,0,0,0,0,2,0,0
824620,2026-04-05,CWS,home,643217,Andrew Benintendi,1,0,0,0,0,0,0,0,0,0
824620,2026-04-05,CWS,home,656537,Derek Hill,3,0,0,0,0,0,0,1,3,0
824620,2026-04-05,CWS,home,678246,Miguel Vargas,4,0,1,0,1,0,1,0,0,0
824620,2026-04-05,TOR,away,676391,Ernie Clement,4,0,2,0,0,0,0,0,1,0
824620,2026-04-05,TOR,away,662139,Daulton Varsho,4,0,1,0,0,0,0,0,1,0
824620,2026-04-05,TOR,away,665926,Andrés Giménez,3,0,0,0,0,0,0,1,1,0
824620,2026-04-05,TOR,away,678218,Brandon Valenzuela,3,0,1,0,0,0,0,0,2,0
824620,2026-04-05,TOR,away,664770,Nathan Lukes,4,0,0,0,0,0,0,0,1,0
824620,2026-04-05,TOR,away,680718,Addison Barger,3,0,0,0,0,0,0,0,0,0
824620,2026-04-05,TOR,away,543807,George Springer,4,0,1,0,0,0,0,0,1,0
824620,2026-04-05,TOR,away,665489,Vladimir Guerrero Jr.,3,0,1,0,0,0,0,1,0,0
824620,2026-04-05,TOR,away,660821,Jesús Sánchez,1,0,0,0,0,0,0,0,0,0
824620,2026-04-05,TOR,away,672960,Kazuma Okamoto,3,0,0,0,0,0,0,1,2,0
824131,2026-04-05,KC,home,663697,Jonathan India,1,2,0,0,0,0,0,2,0,0
824131,2026-04-05,KC,home,686475,Tyler Tolbert,0,0,0,0,0,0,0,0,0,0
824131,2026-04-05,KC,home,686555,Isaac Collins,2,1,1,0,0,0,0,0,0,0
824131,2026-04-05,KC,home,521692,Salvador Perez,4,0,1,1,0,0,0,0,0,0
824131,2026-04-05,KC,home,679845,Nick Loftin,2,0,1,0,0,0,0,0,1,0
824131,2026-04-05,KC,home,516782,Starling Marte,4,1,1,0,0,0,0,0,2,0
824131,2026-04-05,KC,home,686469,Vinnie Pasquantino,5,0,2,0,0,0,2,0,1,0
824131,2026-04-05,KC,home,672580,Maikel Garcia,5,1,2,0,0,1,3,0,1,0
824131,2026-04-05,KC,home,657041,Lane Thomas,3,0,0,0,0,0,0,1,0,0
824131,2026-04-05,KC,home,695506,Jac Caglianone,4,0,0,0,0,0,0,0,3,0
824131,2026-04-05,KC,home,677951,Bobby Witt Jr.,4,0,1,0,0,0,0,1,1,1
824131,2026-04-05,MIL,away,650859,Luis Rengifo,5,1,1,1,0,0,0,0,1,0
824131,2026-04-05,MIL,away,687401,Joey Ortiz,4,0,0,0,0,0,0,0,2,0
824131,2026-04-05,MIL,away,592885,Christian Yelich,5,2,2,1,1,0,1,0,1,0
824131,2026-04-05,MIL,away,641343,Jake Bauers,1,1,1,1,0,0,1,0,0,0
824131,2026-04-05,MIL,away,663604,Brandon Lockridge,2,1,1,0,0,0,1,2,0,1
824131,2026-04-05,MIL,away,669003,Garrett Mitchell,0,0,0,0,0,0,0,1,0,0
824131,2026-04-05,MIL,away,663368,Blake Perkins,5,0,1,1,0,0,1,0,3,1
824131,2026-04-05,MIL,away,661388,William Contreras,3,1,2,1,0,0,2,2,0,0
824131,2026-04-05,MIL,away,668930,Brice Turang,3,1,0,0,0,0,0,2,0,1
824131,2026-04-05,MIL,away,682641,Luis Matos,4,0,1,0,0,0,0,0,3,0
824131,2026-04-05,MIL,away,596142,Gary Sánchez,3,1,1,0,0,1,2,1,1,0
822917,2026-04-05,TEX,home,694497,Evan Carter,4,0,1,0,0,0,0,0,2,1
822917,2026-04-05,TEX,home,694671,Wyatt Langford,4,0,0,0,0,0,0,0,1,1
822917,2026-04-05,TEX,home,669394,Jake Burger,4,0,1,1,0,0,0,0,2,0
822917,2026-04-05,TEX,home,592626,Joc Pederson,3,1,1,0,0,1,1,1,1,0
822917,2026-04-05,TEX,home,608369,Corey Seager,4,0,0,0,0,0,0,0,2,0
822917,2026-04-05,TEX,home,673962,Josh Jung,1,0,0,0,0,0,0,0,1,0
822917,2026-04-05,TEX,home,457705,Andrew McCutchen,1,0,0,0,0,0,0,0,1,0
822917,2026-04-05,TEX,home,543309,Kyle Higashioka,3,0,1,0,0,0,0,1,1,0
822917,2026-04-05,TEX,home,677649,Ezequiel Duran,2,0,0,0,0,0,0,0,0,0
822917,2026-04-05,TEX,home,607043,Brandon Nimmo,4,0,2,0,0,0,0,0,2,0
822917,2026-04-05,TEX,home,669701,Josh Smith,2,0,0,0,0,0,0,1,1,0
822917,2026-04-05,TEX,home,664059,Sam Haggerty,1,0,0,0,0,0,0,0,1,0
822917,2026-04-05,CIN,away,682829,Elly De La Cruz,5,1,2,0,0,0,1,0,1,1
822917,2026-04-05,CIN,away,667472,Dane Myers,0,0,0,0,0,0,0,0,0,0
822917,2026-04-05,CIN,away,701398,Sal Stewart,3,0,0,0,0,0,0,1,1,1
822917,2026-04-05,CIN,away,682622,Noelvi Marte,2,0,1,0,0,0,0,0,0,0
822917,2026-04-05,CIN,away,680574,Matt McLain,4,1,0,0,0,0,0,1,3,1
822917,2026-04-05,CIN,away,663647,Ke'Bryan Hayes,4,0,1,0,0,0,0,0,0,0
822917,2026-04-05,CIN,away,666181,Will Benson,2,0,2,1,0,0,0,0,0,0
822917,2026-04-05,CIN,away,670770,TJ Friedl,4,0,1,0,0,0,0,1,2,1
822917,2026-04-05,CIN,away,668715,Spencer Steer,4,0,1,0,0,0,0,0,2,0
822917,2026-04-05,CIN,away,663886,Tyler Stephenson,4,0,0,0,0,0,0,0,2,0
822917,2026-04-05,CIN,away,553993,Eugenio Suárez,3,0,1,0,0,0,1,1,1,0
824379,2026-04-05,COL,home,666160,Mickey Moniak,4,2,2,0,0,2,2,0,1,0
824379,2026-04-05,COL,home,664983,Jake McCarthy,2,0,1,1,0,0,0,0,0,0
824379,2026-04-05,COL,home,687859,Troy Johnston,4,0,0,0,0,0,0,0,1,0
824379,2026-04-05,COL,home,650489,Willi Castro,2,0,1,0,0,0,0,1,1,0
824379,2026-04-05,COL,home,666397,Edouard Julien,2,0,0,0,0,0,0,0,1,0
824379,2026-04-05,COL,home,696100,Hunter Goodman,4,1,2,0,0,0,0,0,2,0
824379,2026-04-05,COL,home,687597,Jordan Beck,3,0,0,0,0,0,0,0,1,0
824379,2026-04-05,COL,home,686668,Brenton Doyle,1,0,0,0,0,0,0,0,0,0
824379,2026-04-05,COL,home,678662,Ezequiel Tovar,3,0,0,0,0,0,0,1,1,0
824379,2026-04-05,COL,home,681198,TJ Rumfield,4,1,1,0,0,1,2,0,0,0
824379,2026-04-05,COL,home,691720,Kyle Karros,1,0,0,0,0,0,0,0,0,0
824379,2026-04-05,PHI,away,669016,Brandon Marsh,4,0,1,1,0,0,0,0,2,0
824379,2026-04-05,PHI,away,702222,Justin Crawford,3,0,1,0,0,0,0,0,0,0
824379,2026-04-05,PHI,away,547180,Bryce Harper,4,0,0,0,0,0,0,0,2,0
824379,2026-04-05,PHI,away,664761,Alec Bohm,4,0,1,0,0,0,0,0,1,0
824379,2026-04-05,PHI,away,681082,Bryson Stott,4,0,0,0,0,0,0,0,2,0
824379,2026-04-05,PHI,away,656941,Kyle Schwarber,3,0,0,0,0,0,0,1,1,0
824379,2026-04-05,PHI,away,665561,Rafael Marchán,4,0,0,0,0,0,0,0,1,0
824379,2026-04-05,PHI,away,666969,Adolis García,4,1,2,0,0,1,1,0,0,0
824379,2026-04-05,PHI,away,607208,Trea Turner,4,0,1,1,0,0,0,0,1,0
825025,2026-04-05,OAK,home,671732,Lawrence Butler,5,1,1,1,0,0,0,0,2,0
825025,2026-04-05,OAK,home,667670,Brent Rooker,4,2,2,0,0,2,6,1,1,0
825025,2026-04-05,OAK,home,643446,Jeff McNeil,3,1,1,0,0,0,1,2,1,0
825025,2026-04-05,OAK,home,666126,Carlos Cortes,3,1,2,1,0,0,2,1,0,0
825025,2026-04-05,OAK,home,691777,Max Muncy,5,2,2,0,0,0,0,0,0,0
825025,2026-04-05,OAK,home,672016,Denzel Clarke,1,0,1,0,0,0,0,0,0,0
825025,2026-04-05,OAK,home,691016,Tyler Soderstrom,4,3,1,0,1,0,3,2,1,0
825025,2026-04-05,OAK,home,701762,Nick Kurtz,3,1,2,1,0,0,0,3,1,1
825025,2026-04-05,OAK,home,669127,Shea Langeliers,6,1,2,0,0,0,0,0,0,0
825025,2026-04-05,OAK,home,805779,Jacob Wilson,5,0,2,0,0,0,0,0,0,0
825025,2026-04-05,HOU,away,669397,Nick Allen,3,2,1,0,0,0,0,2,1,0
825025,2026-04-05,HOU,away,701358,Cam Smith,5,0,2,0,0,0,3,1,1,1
825025,2026-04-05,HOU,away,676694,Jake Meyers,4,1,2,0,0,1,1,1,0,0
825025,2026-04-05,HOU,away,694728,Brice Matthews,1,0,0,0,0,0,0,0,1,0
825025,2026-04-05,HOU,away,514888,Jose Altuve,4,2,2,1,0,0,1,2,1,0
825025,2026-04-05,HOU,away,694388,Joey Loperfido,3,1,0,0,0,0,0,1,2,0
825025,2026-04-05,HOU,away,621043,Carlos Correa,5,2,2,0,0,0,1,1,2,1
825025,2026-04-05,HOU,away,572233,Christian Walker,5,1,1,0,0,1,2,1,1,0
825025,2026-04-05,HOU,away,673237,Yainer Diaz,6,0,0,0,0,0,0,0,0,0
825025,2026-04-05,HOU,away,670541,Yordan Alvarez,4,1,1,0,0,1,2,2,2,0
823238,2026-04-05,SF,home,666464,Jerar Encarnacion,3,0,1,0,0,0,0,0,1,0
823238,2026-04-05,SF,home,671218,Heliot Ramos,4,0,1,0,0,0,0,0,1,0
823238,2026-04-05,SF,home,656305,Matt Chapman,3,1,2,1,0,0,1,1,0,0
823238,2026-04-05,SF,home,672275,Patrick Bailey,3,1,1,0,0,0,0,0,0,1
823238,2026-04-05,SF,home,808982,Jung Hoo Lee,4,0,0,0,0,0,0,0,3,0
823238,2026-04-05,SF,home,646240,Rafael Devers,3,0,1,0,0,0,1,1,1,0
823238,2026-04-05,SF,home,664056,Harrison Bader,3,0,0,0,0,0,0,0,1,0
823238,2026-04-05,SF,home,642715,Willy Adames,4,0,0,0,0,0,0,0,1,0
823238,2026-04-05,SF,home,650333,Luis Arraez,4,0,1,0,0,0,0,0,0,0
823238,2026-04-05,NYM,away,620443,Luis Torrens,2,1,1,1,0,0,2,0,0,0
823238,2026-04-05,NYM,away,666182,Bo Bichette,4,0,0,0,0,0,0,1,0,0
823238,2026-04-05,NYM,away,621438,Tyrone Taylor,1,1,0,0,0,0,0,0,0,0
823238,2026-04-05,NYM,away,682626,Francisco Alvarez,3,0,1,0,0,0,0,0,2,0
823238,2026-04-05,NYM,away,668901,Mark Vientos,4,1,2,0,0,0,1,0,0,0
823238,2026-04-05,NYM,away,596133,Luke Weaver,0,0,0,0,0,0,0,0,0,0
823238,2026-04-05,NYM,away,701807,Carson Benge,3,0,0,0,0,0,0,1,1,1
823238,2026-04-05,NYM,away,642207,Devin Williams,0,0,0,0,0,0,0,0,0,0
823238,2026-04-05,NYM,away,543760,Marcus Semien,4,0,1,1,0,0,1,0,1,0
823238,2026-04-05,NYM,away,596019,Francisco Lindor,5,0,0,0,0,0,0,0,1,0
823238,2026-04-05,NYM,away,593871,Jorge Polanco,4,0,2,1,0,0,0,0,0,0
823238,2026-04-05,NYM,away,673357,Luis Robert Jr.,5,2,3,0,0,0,0,0,0,2
823238,2026-04-05,NYM,away,676724,Jared Young,3,0,3,1,0,0,0,0,0,0
824053,2026-04-05,LAA,home,624428,Adam Frazier,4,1,3,1,0,0,1,0,1,0
824053,2026-04-05,LAA,home,672724,Oswald Peraza,0,0,0,0,0,0,0,0,0,0
824053,2026-04-05,LAA,home,687263,Zach Neto,5,1,1,1,0,0,1,1,2,0
824053,2026-04-05,LAA,home,624585,Jorge Soler,4,0,2,0,0,0,2,1,1,0
824053,2026-04-05,LAA,home,545361,Mike Trout,4,1,1,1,0,0,0,0,2,0
824053,2026-04-05,LAA,home,600869,Jeimer Candelario,5,1,1,1,0,0,0,0,0,0
824053,2026-04-05,LAA,home,666176,Jo Adell,5,2,1,0,0,0,1,0,2,0
824053,2026-04-05,LAA,home,694384,Nolan Schanuel,5,0,1,0,0,0,2,0,0,0
824053,2026-04-05,LAA,home,666139,Josh Lowe,2,1,0,0,0,0,0,0,1,1
824053,2026-04-05,LAA,home,669326,Bryce Teodosio,0,0,0,0,0,0,0,0,0,0
824053,2026-04-05,LAA,home,681351,Logan O'Hoppe,3,1,1,0,0,0,1,1,0,0
824053,2026-04-05,SEA,away,647304,Josh Naylor,5,0,1,0,0,0,0,0,0,0
824053,2026-04-05,SEA,away,702284,Cole Young,4,2,1,0,0,1,3,1,0,0
824053,2026-04-05,SEA,away,668227,Randy Arozarena,2,2,1,0,0,0,1,2,0,1
824053,2026-04-05,SEA,away,641487,J.P. Crawford,4,1,0,0,0,0,0,1,2,0
824053,2026-04-05,SEA,away,686527,Dominic Canzone,1,0,0,0,0,0,0,0,0,0
824053,2026-04-05,SEA,away,663728,Cal Raleigh,5,1,1,1,0,0,0,1,3,0
824053,2026-04-05,SEA,away,641598,Mitch Garver,3,0,0,0,0,0,0,1,3,0
824053,2026-04-05,SEA,away,642100,Gabe Speier,0,0,0,0,0,0,0,0,0,0
824053,2026-04-05,SEA,away,677594,Julio Rodríguez,5,1,1,0,0,0,1,0,2,0
824053,2026-04-05,SEA,away,660844,Leo Rivas,3,0,1,0,0,0,2,2,1,0
824053,2026-04-05,SEA,away,670042,Luke Raley,5,0,1,1,0,0,0,0,4,0
825102,2026-04-05,ARI,home,694374,Tim Tawa,4,0,0,0,0,0,0,0,0,0
825102,2026-04-05,ARI,home,571448,Nolan Arenado,3,1,1,0,0,0,1,1,1,0
825102,2026-04-05,ARI,home,606466,Ketel Marte,5,1,2,2,0,0,1,0,0,0
825102,2026-04-05,ARI,home,545121,Ildemaro Vargas,2,0,1,0,1,0,2,1,1,0
825102,2026-04-05,ARI,home,672695,Geraldo Perdomo,2,0,0,0,0,0,1,0,0,0
825102,2026-04-05,ARI,home,699912,Jose Fernandez,4,0,0,0,0,0,0,0,1,1
825102,2026-04-05,ARI,home,672515,Gabriel Moreno,1,0,0,0,0,0,0,0,1,0
825102,2026-04-05,ARI,home,682998,Corbin Carroll,4,2,3,0,1,0,1,0,0,1
825102,2026-04-05,ARI,home,543510,James McCann,3,0,0,0,0,0,0,0,0,0
825102,2026-04-05,ARI,home,467793,Carlos Santana,1,0,1,0,0,0,0,0,0,0
825102,2026-04-05,ARI,home,678489,Jorge Barrosa,4,2,1,1,0,0,0,0,1,0
825102,2026-04-05,ATL,away,671739,Michael Harris II,5,0,1,0,0,0,0,0,0,0
825102,2026-04-05,ATL,away,622761,Jorge Mateo,3,3,2,1,0,0,0,1,0,1
825102,2026-04-05,ATL,away,643289,Mauricio Dubón,5,1,1,1,0,0,0,0,1,0
825102,2026-04-05,ATL,away,686948,Drake Baldwin,5,1,3,0,0,1,4,0,0,0
825102,2026-04-05,ATL,away,621566,Matt Olson,3,0,0,0,0,0,0,2,2,0
825102,2026-04-05,ATL,away,642086,Dominic Smith,1,0,0,0,0,0,0,0,0,0
825102,2026-04-05,ATL,away,660670,Ronald Acuña Jr.,5,0,2,0,0,0,0,0,0,0
825102,2026-04-05,ATL,away,571657,Kyle Farmer,0,0,0,0,0,0,0,0,0,0
825102,2026-04-05,ATL,away,642201,Eli White,2,0,0,0,0,0,0,0,0,0
825102,2026-04-05,ATL,away,645277,Ozzie Albies,5,0,1,0,0,0,0,0,1,0
825102,2026-04-05,ATL,away,663586,Austin Riley,2,0,0,0,0,0,0,0,0,0
825102,2026-04-05,ATL,away,573262,Mike Yastrzemski,5,0,1,0,0,0,0,0,2,0
824296,2026-04-05,DET,home,663330,Jahmai Jones,2,0,0,0,0,0,0,0,1,0
824296,2026-04-05,DET,home,682985,Riley Greene,4,0,1,0,0,0,0,0,1,0
824296,2026-04-05,DET,home,595879,Javier Báez,3,0,0,0,0,0,1,0,1,0
824296,2026-04-05,DET,home,805808,Kevin McGonigle,3,0,0,0,0,0,0,2,1,0
824296,2026-04-05,DET,home,681481,Kerry Carpenter,2,1,1,0,0,1,2,1,1,0
824296,2026-04-05,DET,home,679529,Spencer Torkelson,1,0,1,1,0,0,0,3,0,0
824296,2026-04-05,DET,home,650402,Gleyber Torres,5,0,0,0,0,0,0,0,2,0
824296,2026-04-05,DET,home,663837,Matt Vierling,2,0,0,0,0,0,0,0,0,0
824296,2026-04-05,DET,home,678009,Parker Meadows,4,0,2,0,0,0,0,0,0,1
824296,2026-04-05,DET,home,693307,Dillon Dingler,3,1,0,0,0,0,0,1,0,0
824296,2026-04-05,DET,home,690993,Colt Keith,3,1,1,0,0,0,0,0,1,0
824296,2026-04-05,STL,away,669357,Nolan Gorman,3,1,1,0,0,0,1,0,0,0
824296,2026-04-05,STL,away,691023,Jordan Walker,3,0,1,0,0,0,0,1,2,0
824296,2026-04-05,STL,away,701675,Nathan Church,4,1,0,0,0,0,0,0,1,0
824296,2026-04-05,STL,away,687363,Victor Scott II,3,1,1,0,0,0,1,0,0,0
824296,2026-04-05,STL,away,802139,JJ Wetherholt,4,1,1,0,0,0,0,0,1,0
824296,2026-04-05,STL,away,676475,Alec Burleson,4,0,0,0,0,0,0,0,0,0
824296,2026-04-05,STL,away,695336,Thomas Saggese,3,0,0,0,0,0,0,1,1,0
824296,2026-04-05,STL,away,602104,Ramón Urías,0,0,0,0,0,0,0,0,0,0
824296,2026-04-05,STL,away,686780,Pedro Pagés,4,1,1,0,0,0,1,0,1,0
824296,2026-04-05,STL,away,671056,Iván Herrera,3,0,1,0,0,0,2,1,1,0
823002,2026-04-06,TB,home,670764,Taylor Walls,3,1,1,1,0,0,0,0,0,0
823002,2026-04-06,TB,home,641584,Jake Fraley,4,0,0,0,0,0,0,0,0,0
823002,2026-04-06,TB,home,802415,Chandler Simpson,4,1,2,0,0,0,0,0,0,2
823002,2026-04-06,TB,home,666018,Jonathan Aranda,4,1,1,0,0,1,2,0,1,0
823002,2026-04-06,TB,home,663743,Nick Fortes,4,0,1,1,0,0,0,0,1,0
823002,2026-04-06,TB,home,650490,Yandy Díaz,4,0,2,0,0,0,0,0,1,1
823002,2026-04-06,TB,home,810938,Ben Williamson,2,1,0,0,0,0,0,1,1,0
823002,2026-04-06,TB,home,691406,Junior Caminero,4,1,1,0,0,1,1,0,1,0
823002,2026-04-06,TB,home,656775,Cedric Mullins,3,1,1,0,0,1,2,0,0,0
823002,2026-04-06,CHC,away,624424,Michael Conforto,1,0,0,0,0,0,0,0,0,0
823002,2026-04-06,CHC,away,666185,Dylan Carlson,1,0,0,0,0,0,0,0,0,0
823002,2026-04-06,CHC,away,664023,Ian Happ,3,1,1,1,0,0,0,1,0,0
823002,2026-04-06,CHC,away,608324,Alex Bregman,4,0,0,0,0,0,0,0,1,0
823002,2026-04-06,CHC,away,608348,Carson Kelly,4,0,1,1,0,0,0,0,1,0
823002,2026-04-06,CHC,away,683737,Michael Busch,2,1,0,0,0,0,1,1,0,0
823002,2026-04-06,CHC,away,691718,Pete Crow-Armstrong,4,0,0,0,0,0,0,0,2,0
823002,2026-04-06,CHC,away,665804,Miguel Amaya,0,0,0,0,0,0,0,1,0,0
823002,2026-04-06,CHC,away,621020,Dansby Swanson,3,1,0,0,0,0,0,1,3,0
823002,2026-04-06,CHC,away,663538,Nico Hoerner,4,0,1,0,0,0,2,0,1,0
823002,2026-04-06,CHC,away,807713,Matt Shaw,4,1,1,0,0,1,1,0,1,0
824456,2026-04-06,CLE,home,800050,Chase DeLauter,3,0,0,0,0,0,0,1,1,0
824456,2026-04-06,CLE,home,682177,Daniel Schneemann,1,0,0,0,0,0,0,0,0,0
824456,2026-04-06,CLE,home,677587,Brayan Rocchio,3,1,1,0,0,1,1,0,0,0
824456,2026-04-06,CLE,home,672356,Gabriel Arias,2,0,1,1,0,0,0,0,1,0
824456,2026-04-06,CLE,home,666310,Bo Naylor,3,0,0,0,0,0,0,1,1,0
824456,2026-04-06,CLE,home,681807,David Fry,1,0,0,0,0,0,0,0,0,0
824456,2026-04-06,CLE,home,608070,José Ramírez,2,0,0,0,0,0,0,2,0,0
824456,2026-04-06,CLE,home,680757,Steven Kwan,4,1,2,0,0,1,1,0,0,0
824456,2026-04-06,CLE,home,700932,Kyle Manzardo,2,0,0,0,0,0,0,0,0,0
824456,2026-04-06,CLE,home,656555,Rhys Hoskins,4,0,0,0,0,0,0,0,2,0
824456,2026-04-06,CLE,home,692216,CJ Kayfus,4,0,0,0,0,0,0,0,0,0
824456,2026-04-06,KC,away,695600,Carter Jensen,4,2,2,0,0,1,1,0,1,0
824456,2026-04-06,KC,away,663697,Jonathan India,4,1,2,0,0,1,3,0,2,0
824456,2026-04-06,KC,away,686555,Isaac Collins,4,0,0,0,0,0,0,0,3,0
824456,2026-04-06,KC,away,521692,Salvador Perez,4,0,0,0,0,0,0,0,1,0
824456,2026-04-06,KC,away,686681,Michael Massey,0,0,0,0,0,0,0,0,0,0
824456,2026-04-06,KC,away,686469,Vinnie Pasquantino,4,1,1,0,0,0,0,1,1,0
824456,2026-04-06,KC,away,664728,Kyle Isbel,4,0,1,0,0,0,0,0,0,0
824456,2026-04-06,KC,away,672580,Maikel Garcia,5,0,2,2,0,0,0,0,0,0
824456,2026-04-06,KC,away,657041,Lane Thomas,0,0,0,0,0,0,0,0,0,0
824456,2026-04-06,KC,away,695506,Jac Caglianone,4,0,1,0,0,0,0,0,0,0
824456,2026-04-06,KC,away,677951,Bobby Witt Jr.,4,0,2,0,0,0,0,1,0,1
823401,2026-04-06,PIT,home,687462,Spencer Horwitz,3,0,2,0,0,0,0,1,0,0
823401,2026-04-06,PIT,home,664040,Brandon Lowe,3,0,1,0,0,0,0,1,0,0
823401,2026-04-06,PIT,home,668804,Bryan Reynolds,3,0,1,0,0,0,0,1,1,0
823401,2026-04-06,PIT,home,665833,Oneil Cruz,4,0,1,0,0,0,0,0,1,1
823401,2026-04-06,PIT,home,663968,Jake Mangum,1,0,0,0,0,0,0,0,0,0
823401,2026-04-06,PIT,home,680779,Henry Davis,2,0,0,0,0,0,0,1,0,0
823401,2026-04-06,PIT,home,804606,Konnor Griffin,4,0,0,0,0,0,0,0,2,0
823401,2026-04-06,PIT,home,656811,Ryan O'Hearn,3,0,1,1,0,0,0,1,1,0
823401,2026-04-06,PIT,home,542303,Marcell Ozuna,4,0,0,0,0,0,0,0,0,0
823401,2026-04-06,PIT,home,693304,Nick Gonzales,4,0,1,0,0,0,0,0,1,0
823401,2026-04-06,SD,away,666023,Freddy Fermin,4,2,2,1,0,0,0,0,2,0
823401,2026-04-06,SD,away,592206,Nick Castellanos,4,0,2,1,0,0,1,0,0,0
823401,2026-04-06,SD,away,701538,Jackson Merrill,4,0,1,1,0,0,1,1,1,1
823401,2026-04-06,SD,away,657757,Gavin Sheets,5,0,0,0,0,0,0,0,1,0
823401,2026-04-06,SD,away,657656,Ramón Laureano,5,1,1,1,0,0,1,0,1,0
823401,2026-04-06,SD,away,592518,Manny Machado,4,1,1,0,0,0,1,1,2,0
823401,2026-04-06,SD,away,665487,Fernando Tatis Jr.,4,1,0,0,0,0,0,1,1,0
823401,2026-04-06,SD,away,593428,Xander Bogaerts,4,0,2,0,0,0,0,1,0,0
823401,2026-04-06,SD,away,630105,Jake Cronenworth,3,0,2,1,0,0,1,1,1,0
823886,2026-04-06,MIA,home,681715,Heriberto Hernández,4,0,0,0,0,0,0,0,1,0
823886,2026-04-06,MIA,home,805300,Jakob Marsee,4,0,0,0,0,0,0,0,1,0
823886,2026-04-06,MIA,home,691594,Javier Sanoja,3,0,0,0,0,0,0,0,0,0
823886,2026-04-06,MIA,home,669364,Xavier Edwards,3,0,0,0,0,0,0,0,1,0
823886,2026-04-06,MIA,home,689414,Liam Hicks,1,0,0,0,0,0,0,0,0,0
823886,2026-04-06,MIA,home,683357,Owen Caissie,0,0,0,0,0,0,0,1,0,0
823886,2026-04-06,MIA,home,682663,Agustín Ramírez,3,0,1,0,1,0,0,1,1,0
823886,2026-04-06,MIA,home,677870,Leo Jiménez,2,0,0,0,0,0,0,0,0,0
823886,2026-04-06,MIA,home,681393,Connor Norby,3,0,0,0,0,0,0,0,0,0
823886,2026-04-06,MIA,home,596103,Austin Slater,3,0,0,0,0,0,0,0,2,0
823886,2026-04-06,MIA,home,672640,Otto Lopez,4,0,2,0,0,0,0,0,0,0
823886,2026-04-06,CIN,away,682829,Elly De La Cruz,4,1,2,1,0,0,0,0,0,0
823886,2026-04-06,CIN,away,667472,Dane Myers,0,0,0,0,0,0,0,1,0,1
823886,2026-04-06,CIN,away,701398,Sal Stewart,4,0,1,0,0,0,1,0,0,1
823886,2026-04-06,CIN,away,680574,Matt McLain,3,0,0,0,0,0,0,1,1,0
823886,2026-04-06,CIN,away,663647,Ke'Bryan Hayes,3,0,0,0,0,0,0,0,0,0
823886,2026-04-06,CIN,away,666181,Will Benson,4,0,1,0,0,0,0,0,1,0
823886,2026-04-06,CIN,away,670770,TJ Friedl,4,0,2,0,0,0,0,0,1,0
823886,2026-04-06,CIN,away,668715,Spencer Steer,3,0,0,0,0,0,0,0,1,0
823886,2026-04-06,CIN,away,663886,Tyler Stephenson,3,1,1,0,0,1,1,0,0,0
823886,2026-04-06,CIN,away,553993,Eugenio Suárez,4,0,0,0,0,0,0,0,0,0
822755,2026-04-06,WSH,home,691781,Brady House,5,1,3,2,0,1,2,0,0,0
822755,2026-04-06,WSH,home,682928,CJ Abrams,4,1,1,0,0,1,1,1,0,0
822755,2026-04-06,WSH,home,683083,Nasim Nuñez,5,0,1,0,0,0,1,0,1,1
822755,2026-04-06,WSH,home,686452,Drew Millas,2,1,1,0,0,0,0,2,0,0
822755,2026-04-06,WSH,home,678391,Jorbit Vivas,1,0,1,0,0,0,0,0,0,0
822755,2026-04-06,WSH,home,686894,Joey Wiemer,0,1,0,0,0,0,0,0,0,0
822755,2026-04-06,WSH,home,678554,Curtis Mead,2,1,1,1,0,0,0,0,0,0
822755,2026-04-06,WSH,home,695734,Daylen Lile,5,0,1,0,0,0,1,0,2,0
822755,2026-04-06,WSH,home,677588,José Tena,3,1,0,0,0,0,0,1,0,0
822755,2026-04-06,WSH,home,695578,James Wood,3,2,2,0,0,1,3,2,0,0
822755,2026-04-06,WSH,home,696285,Jacob Young,3,0,1,1,0,0,1,0,1,0
822755,2026-04-06,WSH,home,671277,Luis García Jr.,2,1,0,0,0,0,0,1,0,0
822755,2026-04-06,STL,away,669357,Nolan Gorman,4,1,0,0,0,0,0,1,2,0
822755,2026-04-06,STL,away,691023,Jordan Walker,5,1,2,0,0,1,1,0,2,0
822755,2026-04-06,STL,away,701675,Nathan Church,0,0,0,0,0,0,0,0,0,0
822755,2026-04-06,STL,away,687363,Victor Scott II,3,0,0,0,0,0,1,0,0,0
822755,2026-04-06,STL,away,802139,JJ Wetherholt,3,0,1,0,0,0,0,2,1,0
822755,2026-04-06,STL,away,676475,Alec Burleson,4,0,0,0,0,0,1,1,1,0
822755,2026-04-06,STL,away,695336,Thomas Saggese,3,1,2,1,0,0,0,1,0,0
822755,2026-04-06,STL,away,602104,Ramón Urías,4,2,3,1,0,1,3,0,0,0
822755,2026-04-06,STL,away,691026,Masyn Winn,4,1,1,0,0,0,0,1,1,0
822755,2026-04-06,STL,away,671056,Iván Herrera,4,0,0,0,0,0,0,1,1,0
824783,2026-04-06,BOS,home,701350,Roman Anthony,5,2,2,1,0,0,0,0,0,0
824783,2026-04-06,BOS,home,575929,Willson Contreras,3,1,3,1,0,1,2,1,0,0
824783,2026-04-06,BOS,home,596115,Trevor Story,4,0,1,0,0,0,2,0,0,0
824783,2026-04-06,BOS,home,677800,Wilyer Abreu,5,0,1,0,0,0,1,0,2,0
824783,2026-04-06,BOS,home,655316,Andruw Monasterio,1,0,0,0,0,0,0,0,0,0
824783,2026-04-06,BOS,home,702332,Caleb Durbin,4,1,2,1,0,0,0,0,0,0
824783,2026-04-06,BOS,home,665966,Carlos Narváez,4,0,0,0,0,0,0,0,1,0
824783,2026-04-06,BOS,home,678882,Ceddanne Rafaela,4,1,1,0,0,0,1,0,1,0
824783,2026-04-06,BOS,home,807799,Masataka Yoshida,3,1,1,0,0,0,0,2,0,0
824783,2026-04-06,BOS,home,691785,Marcelo Mayer,3,0,0,0,0,0,0,0,0,0
824783,2026-04-06,MIL,away,650859,Luis Rengifo,5,1,1,1,0,0,0,0,2,0
824783,2026-04-06,MIL,away,592885,Christian Yelich,4,1,3,1,0,0,1,1,1,0
824783,2026-04-06,MIL,away,641343,Jake Bauers,4,0,0,0,0,0,1,1,1,0
824783,2026-04-06,MIL,away,686217,Sal Frelick,4,1,2,0,0,0,1,1,1,0
824783,2026-04-06,MIL,away,669003,Garrett Mitchell,5,0,2,0,0,0,2,0,3,0
824783,2026-04-06,MIL,away,666152,David Hamilton,2,2,1,0,0,0,0,2,0,0
824783,2026-04-06,MIL,away,663368,Blake Perkins,4,0,1,0,0,0,0,0,2,0
824783,2026-04-06,MIL,away,661388,William Contreras,4,1,1,0,0,0,1,1,1,0
824783,2026-04-06,MIL,away,668930,Brice Turang,4,2,0,0,0,0,1,2,0,1
822832,2026-04-06,TOR,home,676391,Ernie Clement,4,0,1,0,0,0,1,0,0,0
822832,2026-04-06,TOR,home,662139,Daulton Varsho,3,1,1,1,0,0,0,1,0,0
822832,2026-04-06,TOR,home,665926,Andrés Giménez,4,0,0,0,0,0,1,0,0,0
822832,2026-04-06,TOR,home,678218,Brandon Valenzuela,1,0,0,0,0,0,0,0,0,0
822832,2026-04-06,TOR,home,676914,Davis Schneider,4,0,0,0,0,0,0,1,2,0
822832,2026-04-06,TOR,home,543807,George Springer,2,1,0,0,0,0,0,1,0,0
822832,2026-04-06,TOR,home,623168,Tyler Heineman,3,0,1,0,0,0,0,0,0,0
822832,2026-04-06,TOR,home,665489,Vladimir Guerrero Jr.,3,0,0,0,0,0,0,1,1,0
822832,2026-04-06,TOR,home,660821,Jesús Sánchez,1,0,0,0,0,0,0,0,1,0
822832,2026-04-06,TOR,home,664702,Myles Straw,3,0,0,0,0,0,0,1,1,0
822832,2026-04-06,TOR,home,672960,Kazuma Okamoto,4,0,2,0,0,0,0,0,1,0
822832,2026-04-06,LAD,away,687221,Dalton Rushing,4,3,4,0,0,2,2,0,0,0
822832,2026-04-06,LAD,away,663656,Kyle Tucker,3,3,1,0,0,0,1,2,0,1
822832,2026-04-06,LAD,away,571970,Max Muncy,6,1,2,0,0,0,0,0,3,0
822832,2026-04-06,LAD,away,518692,Freddie Freeman,4,2,2,1,0,1,3,1,1,0
822832,2026-04-06,LAD,away,808975,Hyeseong Kim,4,1,2,0,0,0,0,1,0,0
822832,2026-04-06,LAD,away,669289,Santiago Espinal,1,0,0,0,0,0,0,0,0,0
822832,2026-04-06,LAD,away,660271,Shohei Ohtani,6,2,2,0,0,1,1,0,2,0
822832,2026-04-06,LAD,away,606192,Teoscar Hernández,5,2,2,0,0,1,4,1,1,1
822832,2026-04-06,LAD,away,681624,Andy Pages,4,0,2,1,0,0,2,0,0,0
822832,2026-04-06,LAD,away,669743,Alex Call,1,0,0,0,0,0,0,0,0,0
822832,2026-04-06,LAD,away,690976,Alex Freeland,5,0,0,0,0,0,0,0,1,0
823728,2026-04-06,MIN,home,605170,Victor Caratini,4,0,2,0,0,0,3,0,0,0
823728,2026-04-06,MIN,home,665019,Kody Clemens,1,0,0,0,0,0,0,0,1,0
823728,2026-04-06,MIN,home,686797,Brooks Lee,4,0,1,0,0,0,0,0,0,0
823728,2026-04-06,MIN,home,668885,Austin Martin,0,1,0,0,0,0,0,1,0,0
823728,2026-04-06,MIN,home,605137,Josh Bell,3,0,0,0,0,0,0,1,0,0
823728,2026-04-06,MIN,home,681546,James Outman,4,0,0,0,0,0,0,0,4,0
823728,2026-04-06,MIN,home,668904,Royce Lewis,2,0,1,0,0,0,1,2,1,0
823728,2026-04-06,MIN,home,663616,Trevor Larnach,4,2,2,0,0,0,0,0,0,0
823728,2026-04-06,MIN,home,621439,Byron Buxton,4,2,1,1,0,0,0,1,0,0
823728,2026-04-06,MIN,home,670242,Matt Wallner,5,0,2,1,0,0,1,0,3,0
823728,2026-04-06,MIN,home,807712,Luke Keaschall,3,2,1,0,0,1,2,2,1,0
823728,2026-04-06,DET,away,656716,Zach McKinstry,3,0,1,0,0,0,2,1,1,0
823728,2026-04-06,DET,away,663330,Jahmai Jones,2,0,0,0,0,0,0,0,1,0
823728,2026-04-06,DET,away,682985,Riley Greene,3,0,0,0,0,0,0,1,0,0
823728,2026-04-06,DET,away,805808,Kevin McGonigle,5,1,1,1,0,0,0,0,1,1
823728,2026-04-06,DET,away,679529,Spencer Torkelson,2,0,0,0,0,0,0,2,1,0
823728,2026-04-06,DET,away,650402,Gleyber Torres,2,1,0,0,0,0,0,3,1,0
823728,2026-04-06,DET,away,668670,Jake Rogers,4,0,0,0,0,0,0,0,2,0
823728,2026-04-06,DET,away,663837,Matt Vierling,4,0,1,1,0,0,0,0,2,0
823728,2026-04-06,DET,away,678009,Parker Meadows,2,0,0,0,0,0,0,0,1,0
823728,2026-04-06,DET,away,690993,Colt Keith,4,1,1,1,0,0,1,0,1,0
824619,2026-04-06,CWS,home,672820,Lenyn Sosa,1,0,0,0,0,0,1,0,0,0
824619,2026-04-06,CWS,home,671976,Tristan Peters,3,0,0,0,0,0,0,0,1,0
824619,2026-04-06,CWS,home,682668,Luisangel Acuña,3,0,0,0,0,0,0,0,0,0
824619,2026-04-06,CWS,home,808959,Munetaka Murakami,3,1,0,0,0,0,0,1,0,0
824619,2026-04-06,CWS,home,805367,Chase Meidroth,3,0,2,0,0,0,0,1,0,0
824619,2026-04-06,CWS,home,695657,Colson Montgomery,4,0,0,0,0,0,0,0,1,0
824619,2026-04-06,CWS,home,669720,Austin Hays,1,0,1,0,0,0,0,0,0,0
824619,2026-04-06,CWS,home,700337,Edgar Quero,4,0,0,0,0,0,0,0,2,0
824619,2026-04-06,CWS,home,643217,Andrew Benintendi,4,0,1,0,0,0,0,0,1,0
824619,2026-04-06,CWS,home,656537,Derek Hill,0,0,0,0,0,0,0,2,0,1
824619,2026-04-06,CWS,home,678246,Miguel Vargas,3,0,0,0,0,0,0,1,1,0
824619,2026-04-06,BAL,away,669236,Jeremiah Jackson,3,0,1,0,0,0,0,0,0,0
824619,2026-04-06,BAL,away,683002,Gunnar Henderson,4,1,1,0,0,1,1,0,3,0
824619,2026-04-06,BAL,away,621493,Taylor Ward,4,0,1,1,0,0,0,0,0,0
824619,2026-04-06,BAL,away,668939,Adley Rutschman,3,1,0,0,0,0,0,1,1,0
824619,2026-04-06,BAL,away,663624,Ryan Mountcastle,3,0,2,0,0,0,0,0,1,0
824619,2026-04-06,BAL,away,641933,Tyler O'Neill,4,0,1,0,0,0,1,0,0,0
824619,2026-04-06,BAL,away,677942,Blaze Alexander,0,0,0,0,0,0,0,0,0,0
824619,2026-04-06,BAL,away,624413,Pete Alonso,4,0,0,0,0,0,0,0,0,0
824619,2026-04-06,BAL,away,681297,Colton Cowser,3,0,0,0,0,0,0,0,1,0
824619,2026-04-06,BAL,away,691723,Coby Mayo,3,0,1,0,0,0,0,0,1,0
822918,2026-04-06,TEX,home,694497,Evan Carter,3,0,0,0,0,0,0,0,1,0
822918,2026-04-06,TEX,home,694671,Wyatt Langford,4,1,1,1,0,0,0,0,1,0
822918,2026-04-06,TEX,home,669394,Jake Burger,4,0,1,1,0,0,1,0,1,0
822918,2026-04-06,TEX,home,592626,Joc Pederson,3,0,1,1,0,0,0,0,1,0
822918,2026-04-06,TEX,home,608369,Corey Seager,3,1,2,0,0,0,1,1,0,1
822918,2026-04-06,TEX,home,673962,Josh Jung,3,0,2,0,0,0,0,0,0,0
822918,2026-04-06,TEX,home,677649,Ezequiel Duran,0,0,0,0,0,0,0,0,0,0
822918,2026-04-06,TEX,home,607043,Brandon Nimmo,3,0,0,0,0,0,0,1,0,0
822918,2026-04-06,TEX,home,669701,Josh Smith,3,0,0,0,0,0,0,0,1,0
822918,2026-04-06,TEX,home,643376,Danny Jansen,3,0,0,0,0,0,0,0,2,0
822918,2026-04-06,SEA,away,647304,Josh Naylor,4,0,0,0,0,0,0,0,0,0
822918,2026-04-06,SEA,away,645302,Victor Robles,0,0,0,0,0,0,0,0,0,0
822918,2026-04-06,SEA,away,702284,Cole Young,3,0,0,0,0,0,0,0,1,0
822918,2026-04-06,SEA,away,668227,Randy Arozarena,3,0,1,0,0,0,0,0,1,0
822918,2026-04-06,SEA,away,641487,J.P. Crawford,1,0,0,0,0,0,0,0,0,0
822918,2026-04-06,SEA,away,686527,Dominic Canzone,2,0,0,0,0,0,0,0,1,0
822918,2026-04-06,SEA,away,663728,Cal Raleigh,3,1,1,0,0,1,1,1,0,0
822918,2026-04-06,SEA,away,608701,Rob Refsnyder,1,0,0,0,0,0,0,0,1,0
822918,2026-04-06,SEA,away,680977,Brendan Donovan,4,0,0,0,0,0,0,0,1,0
822918,2026-04-06,SEA,away,677594,Julio Rodríguez,3,0,0,0,0,0,0,0,1,0
822918,2026-04-06,SEA,away,660844,Leo Rivas,3,0,0,0,0,0,0,0,1,0
822918,2026-04-06,SEA,away,670042,Luke Raley,1,0,0,0,0,0,0,1,0,0
824376,2026-04-06,COL,home,666160,Mickey Moniak,5,0,1,0,0,0,0,0,2,0
824376,2026-04-06,COL,home,664983,Jake McCarthy,2,0,0,0,0,0,0,1,1,0
824376,2026-04-06,COL,home,687859,Troy Johnston,5,2,3,1,0,1,2,0,0,0
824376,2026-04-06,COL,home,650489,Willi Castro,3,2,2,0,0,0,1,1,0,0
824376,2026-04-06,COL,home,666397,Edouard Julien,5,1,2,0,0,0,2,0,1,0
824376,2026-04-06,COL,home,696100,Hunter Goodman,5,1,1,0,0,0,1,0,1,0
824376,2026-04-06,COL,home,686668,Brenton Doyle,3,1,0,0,0,0,0,1,2,0
824376,2026-04-06,COL,home,678662,Ezequiel Tovar,0,0,0,0,0,0,0,0,0,0
824376,2026-04-06,COL,home,681198,TJ Rumfield,4,1,2,0,1,0,2,0,0,0
824376,2026-04-06,COL,home,691720,Kyle Karros,3,1,1,0,0,0,1,1,2,0
824376,2026-04-06,HOU,away,701358,Cam Smith,4,2,2,1,0,1,1,1,1,0
824376,2026-04-06,HOU,away,676694,Jake Meyers,4,0,2,1,0,0,0,0,1,0
824376,2026-04-06,HOU,away,514888,Jose Altuve,5,2,3,2,0,0,1,0,0,0
824376,2026-04-06,HOU,away,694388,Joey Loperfido,3,0,0,0,0,0,2,0,0,0
824376,2026-04-06,HOU,away,665161,Jeremy Peña,5,1,2,1,0,0,0,0,0,0
824376,2026-04-06,HOU,away,621043,Carlos Correa,4,1,1,1,0,0,1,1,0,0
824376,2026-04-06,HOU,away,572233,Christian Walker,5,1,2,0,0,0,1,0,0,0
824376,2026-04-06,HOU,away,673237,Yainer Diaz,4,0,1,0,0,0,1,0,0,0
824376,2026-04-06,HOU,away,670541,Yordan Alvarez,4,0,0,0,0,0,0,1,1,0
824052,2026-04-06,LAA,home,624428,Adam Frazier,3,0,0,0,0,0,0,0,1,0
824052,2026-04-06,LAA,home,672724,Oswald Peraza,4,0,0,0,0,0,0,0,1,0
824052,2026-04-06,LAA,home,687263,Zach Neto,4,1,1,0,0,1,1,0,1,0
824052,2026-04-06,LAA,home,624585,Jorge Soler,3,2,1,0,0,0,0,0,1,0
824052,2026-04-06,LAA,home,660162,Yoán Moncada,2,0,0,0,0,0,1,0,2,0
824052,2026-04-06,LAA,home,600869,Jeimer Candelario,3,1,0,0,0,0,0,1,2,0
824052,2026-04-06,LAA,home,666176,Jo Adell,4,1,2,0,0,1,2,0,1,0
824052,2026-04-06,LAA,home,666139,Josh Lowe,0,0,0,0,0,0,0,0,0,0
824052,2026-04-06,LAA,home,669326,Bryce Teodosio,3,0,1,0,0,0,1,0,1,0
824052,2026-04-06,LAA,home,681351,Logan O'Hoppe,2,1,0,0,0,0,1,1,0,0
824052,2026-04-06,ATL,away,671739,Michael Harris II,3,0,0,0,0,0,0,0,2,0
824052,2026-04-06,ATL,away,643289,Mauricio Dubón,3,1,1,0,0,1,1,0,1,0
824052,2026-04-06,ATL,away,686948,Drake Baldwin,4,1,2,0,0,1,1,0,2,0
824052,2026-04-06,ATL,away,621566,Matt Olson,4,0,1,0,0,0,0,0,2,0
824052,2026-04-06,ATL,away,642086,Dominic Smith,3,0,0,0,0,0,0,0,0,0
824052,2026-04-06,ATL,away,660670,Ronald Acuña Jr.,4,0,0,0,0,0,0,0,1,0
824052,2026-04-06,ATL,away,645277,Ozzie Albies,3,0,0,0,0,0,0,0,2,0
824052,2026-04-06,ATL,away,663586,Austin Riley,3,0,0,0,0,0,0,1,1,0
824052,2026-04-06,ATL,away,573262,Mike Yastrzemski,4,0,1,0,0,0,0,0,0,0
823237,2026-04-06,SF,home,666464,Jerar Encarnacion,4,0,1,0,0,0,0,0,1,0
823237,2026-04-06,SF,home,671218,Heliot Ramos,4,0,1,0,0,0,1,0,3,0
823237,2026-04-06,SF,home,656305,Matt Chapman,4,1,2,0,1,0,2,0,1,0
823237,2026-04-06,SF,home,672275,Patrick Bailey,4,0,1,0,0,0,0,0,0,0
823237,2026-04-06,SF,home,808982,Jung Hoo Lee,4,0,1,0,0,0,0,0,0,0
823237,2026-04-06,SF,home,646240,Rafael Devers,4,0,0,0,0,0,0,0,1,0
823237,2026-04-06,SF,home,664056,Harrison Bader,4,1,1,0,0,0,0,0,1,0
823237,2026-04-06,SF,home,642715,Willy Adames,4,1,2,2,0,0,0,1,0,0
823237,2026-04-06,SF,home,650333,Luis Arraez,4,1,2,0,0,0,1,0,0,0
823237,2026-04-06,PHI,away,669016,Brandon Marsh,4,0,1,0,0,0,1,0,1,0
823237,2026-04-06,PHI,away,702222,Justin Crawford,3,2,2,1,0,0,0,1,1,0
823237,2026-04-06,PHI,away,547180,Bryce Harper,4,1,3,2,0,0,3,1,0,0
823237,2026-04-06,PHI,away,592663,J.T. Realmuto,3,1,2,0,0,0,0,1,0,0
823237,2026-04-06,PHI,away,664761,Alec Bohm,5,0,2,1,0,0,1,0,1,0
823237,2026-04-06,PHI,away,681082,Bryson Stott,5,0,0,0,0,0,0,0,0,0
823237,2026-04-06,PHI,away,656941,Kyle Schwarber,3,1,0,0,0,0,0,2,3,0
823237,2026-04-06,PHI,away,666969,Adolis García,3,0,0,0,0,0,0,1,0,1
823237,2026-04-06,PHI,away,607208,Trea Turner,5,1,1,0,0,0,1,0,1,0
824457,2026-04-07,CLE,home,800050,Chase DeLauter,0,0,0,0,0,0,0,1,0,0
824457,2026-04-07,CLE,home,595978,Austin Hedges,3,1,1,0,0,0,0,0,0,0
824457,2026-04-07,CLE,home,682177,Daniel Schneemann,1,0,0,0,0,0,0,0,1,0
824457,2026-04-07,CLE,home,677587,Brayan Rocchio,4,0,1,0,0,0,1,0,0,0
824457,2026-04-07,CLE,home,666310,Bo Naylor,0,0,0,0,0,0,0,1,0,0
824457,2026-04-07,CLE,home,681807,David Fry,2,0,0,0,0,0,0,1,1,0
824457,2026-04-07,CLE,home,608070,José Ramírez,4,0,0,0,0,0,0,0,0,0
824457,2026-04-07,CLE,home,680757,Steven Kwan,4,0,1,0,0,0,1,0,0,0
824457,2026-04-07,CLE,home,682657,Angel Martínez,3,0,2,0,0,0,0,0,0,0
824457,2026-04-07,CLE,home,682877,Juan Brito,4,0,2,1,0,0,0,0,0,0
824457,2026-04-07,CLE,home,700932,Kyle Manzardo,1,0,0,0,0,0,0,0,1,0
824457,2026-04-07,CLE,home,656555,Rhys Hoskins,3,0,0,0,0,0,0,0,3,0
824457,2026-04-07,CLE,home,692216,CJ Kayfus,4,1,1,0,0,0,0,0,2,0
824457,2026-04-07,KC,away,695600,Carter Jensen,3,1,1,0,0,1,1,1,1,0
824457,2026-04-07,KC,away,663697,Jonathan India,3,0,0,0,0,0,0,1,2,0
824457,2026-04-07,KC,away,686555,Isaac Collins,3,0,0,0,0,0,0,1,3,0
824457,2026-04-07,KC,away,521692,Salvador Perez,3,0,0,0,0,0,0,1,0,0
824457,2026-04-07,KC,away,686469,Vinnie Pasquantino,3,0,0,0,0,0,0,1,1,0
824457,2026-04-07,KC,away,664728,Kyle Isbel,1,0,0,0,0,0,0,2,0,1
824457,2026-04-07,KC,away,672580,Maikel Garcia,4,0,0,0,0,0,0,0,3,0
824457,2026-04-07,KC,away,657041,Lane Thomas,0,0,0,0,0,0,0,0,0,1
824457,2026-04-07,KC,away,695506,Jac Caglianone,4,0,0,0,0,0,0,0,3,0
824457,2026-04-07,KC,away,677951,Bobby Witt Jr.,3,0,0,0,0,0,0,1,1,2
824618,2026-04-07,CWS,home,672820,Lenyn Sosa,4,0,1,0,0,0,1,0,1,0
824618,2026-04-07,CWS,home,671976,Tristan Peters,1,0,0,0,0,0,0,0,1,0
824618,2026-04-07,CWS,home,695020,Tanner Murray,3,0,0,0,0,0,0,0,0,0
824618,2026-04-07,CWS,home,682668,Luisangel Acuña,3,0,1,0,0,0,0,0,0,0
824618,2026-04-07,CWS,home,687957,Dustin Harris,0,0,0,0,0,0,0,1,0,0
824618,2026-04-07,CWS,home,808959,Munetaka Murakami,1,0,0,0,0,0,0,0,1,0
824618,2026-04-07,CWS,home,805367,Chase Meidroth,4,1,2,1,0,0,1,0,0,0
824618,2026-04-07,CWS,home,695657,Colson Montgomery,3,0,1,1,0,0,0,0,2,0
824618,2026-04-07,CWS,home,700337,Edgar Quero,4,0,0,0,0,0,0,0,2,0
824618,2026-04-07,CWS,home,643217,Andrew Benintendi,3,0,0,0,0,0,0,0,1,0
824618,2026-04-07,CWS,home,656537,Derek Hill,4,1,1,0,0,0,0,0,2,0
824618,2026-04-07,CWS,home,678246,Miguel Vargas,4,0,0,0,0,0,0,0,2,0
824618,2026-04-07,BAL,away,669236,Jeremiah Jackson,4,0,0,0,0,0,0,0,2,0
824618,2026-04-07,BAL,away,694212,Samuel Basallo,3,1,1,0,0,0,0,2,2,0
824618,2026-04-07,BAL,away,683002,Gunnar Henderson,4,1,2,0,0,1,2,1,2,0
824618,2026-04-07,BAL,away,665750,Leody Taveras,1,0,0,0,0,0,0,0,1,0
824618,2026-04-07,BAL,away,621493,Taylor Ward,3,1,1,1,0,0,1,2,2,0
824618,2026-04-07,BAL,away,687637,Dylan Beavers,2,0,0,0,0,0,0,0,2,0
824618,2026-04-07,BAL,away,663624,Ryan Mountcastle,1,0,0,0,0,0,1,0,0,0
824618,2026-04-07,BAL,away,641933,Tyler O'Neill,3,0,2,0,0,0,0,0,0,0
824618,2026-04-07,BAL,away,677942,Blaze Alexander,4,1,2,1,0,0,0,0,0,1
824618,2026-04-07,BAL,away,624413,Pete Alonso,4,0,0,0,0,0,0,1,0,0
824618,2026-04-07,BAL,away,681297,Colton Cowser,2,0,0,0,0,0,0,0,1,0
824618,2026-04-07,BAL,away,691723,Coby Mayo,3,0,0,0,0,0,0,2,1,0
823648,2026-04-07,NYM,home,666182,Bo Bichette,5,0,1,0,0,0,0,0,1,0
823648,2026-04-07,NYM,home,621438,Tyrone Taylor,0,1,0,0,0,0,0,0,0,0
823648,2026-04-07,NYM,home,682626,Francisco Alvarez,3,1,1,0,0,0,0,1,0,0
823648,2026-04-07,NYM,home,668901,Mark Vientos,3,0,0,0,0,0,0,0,1,0
823648,2026-04-07,NYM,home,683146,Brett Baty,3,0,1,0,0,0,1,0,1,0
823648,2026-04-07,NYM,home,701807,Carson Benge,3,0,0,0,0,0,0,1,0,0
823648,2026-04-07,NYM,home,543760,Marcus Semien,4,0,0,0,0,0,0,0,0,0
823648,2026-04-07,NYM,home,596019,Francisco Lindor,5,2,2,1,0,0,0,0,1,0
823648,2026-04-07,NYM,home,677595,Ronny Mauricio,1,0,1,0,0,0,1,0,0,0
823648,2026-04-07,NYM,home,593871,Jorge Polanco,4,0,2,0,0,0,0,0,1,0
823648,2026-04-07,NYM,home,673357,Luis Robert Jr.,2,0,0,0,0,0,0,2,2,0
823648,2026-04-07,NYM,home,676724,Jared Young,0,0,0,0,0,0,1,0,0,0
823648,2026-04-07,ARI,away,694374,Tim Tawa,1,0,0,0,0,0,0,0,1,0
823648,2026-04-07,ARI,away,680728,Adrian Del Castillo,5,0,1,0,0,0,2,0,2,0
823648,2026-04-07,ARI,away,571448,Nolan Arenado,5,0,2,1,0,0,1,0,0,0
823648,2026-04-07,ARI,away,606466,Ketel Marte,5,0,2,0,0,0,0,0,2,0
823648,2026-04-07,ARI,away,663609,Luken Baker,1,0,0,0,0,0,0,0,1,0
823648,2026-04-07,ARI,away,545121,Ildemaro Vargas,5,0,1,0,0,0,0,0,0,0
823648,2026-04-07,ARI,away,672695,Geraldo Perdomo,4,1,0,0,0,0,0,1,0,0
823648,2026-04-07,ARI,away,699912,Jose Fernandez,0,0,0,0,0,0,0,0,0,0
823648,2026-04-07,ARI,away,672515,Gabriel Moreno,3,1,2,1,0,0,0,1,0,0
823648,2026-04-07,ARI,away,682998,Corbin Carroll,5,1,1,0,0,0,0,0,2,0
823648,2026-04-07,ARI,away,677950,Alek Thomas,2,0,0,0,0,0,0,1,0,0
823648,2026-04-07,ARI,away,678489,Jorge Barrosa,3,0,0,0,0,0,0,0,2,0
823402,2026-04-07,PIT,home,694377,Nick Yorke,4,1,1,0,0,0,0,0,1,0
823402,2026-04-07,PIT,home,687462,Spencer Horwitz,2,1,1,0,0,0,0,1,1,0
823402,2026-04-07,PIT,home,664040,Brandon Lowe,4,0,0,0,0,0,0,0,3,0
823402,2026-04-07,PIT,home,668804,Bryan Reynolds,4,1,1,0,0,0,0,0,2,0
823402,2026-04-07,PIT,home,665833,Oneil Cruz,5,0,1,1,0,0,2,0,2,0
823402,2026-04-07,PIT,home,663968,Jake Mangum,1,1,1,0,0,0,1,0,0,1
823402,2026-04-07,PIT,home,680779,Henry Davis,4,0,2,1,0,0,0,0,0,0
823402,2026-04-07,PIT,home,804606,Konnor Griffin,4,1,2,0,0,0,2,0,0,0
823402,2026-04-07,PIT,home,656811,Ryan O'Hearn,3,1,2,0,0,0,0,1,0,0
823402,2026-04-07,PIT,home,693304,Nick Gonzales,4,1,1,0,0,0,2,0,1,0
823402,2026-04-07,SD,away,666023,Freddy Fermin,3,0,0,0,0,0,0,0,1,0
823402,2026-04-07,SD,away,701538,Jackson Merrill,4,0,0,0,0,0,0,0,1,0
823402,2026-04-07,SD,away,657757,Gavin Sheets,3,0,0,0,0,0,0,0,0,0
823402,2026-04-07,SD,away,657656,Ramón Laureano,4,0,0,0,0,0,0,0,1,0
823402,2026-04-07,SD,away,592518,Manny Machado,3,0,0,0,0,0,0,1,2,0
823402,2026-04-07,SD,away,609280,Miguel Andujar,2,0,1,0,0,0,0,0,0,0
823402,2026-04-07,SD,away,665487,Fernando Tatis Jr.,4,0,1,0,0,0,0,0,2,0
823402,2026-04-07,SD,away,593428,Xander Bogaerts,4,1,1,0,0,1,1,0,1,0
823402,2026-04-07,SD,away,630105,Jake Cronenworth,2,0,0,0,0,0,0,1,1,0
822999,2026-04-07,TB,home,670764,Taylor Walls,4,0,0,0,0,0,0,0,1,0
822999,2026-04-07,TB,home,680700,Richie Palacios,3,1,1,0,0,0,0,1,1,0
822999,2026-04-07,TB,home,668723,Ryan Vilade,2,0,1,0,0,0,1,0,0,0
822999,2026-04-07,TB,home,641584,Jake Fraley,2,0,0,0,0,0,0,0,0,0
822999,2026-04-07,TB,home,802415,Chandler Simpson,4,0,2,0,0,0,0,0,0,0
822999,2026-04-07,TB,home,666018,Jonathan Aranda,4,0,2,1,0,0,1,0,0,0
822999,2026-04-07,TB,home,663743,Nick Fortes,4,0,0,0,0,0,0,0,0,0
822999,2026-04-07,TB,home,650490,Yandy Díaz,3,1,0,0,0,0,0,0,0,0
822999,2026-04-07,TB,home,691406,Junior Caminero,3,0,0,0,0,0,0,1,2,0
822999,2026-04-07,TB,home,656775,Cedric Mullins,3,0,0,0,0,0,0,1,1,0
822999,2026-04-07,CHC,away,624424,Michael Conforto,3,1,2,0,0,0,1,2,0,0
822999,2026-04-07,CHC,away,608324,Alex Bregman,5,1,3,1,0,0,0,0,0,0
822999,2026-04-07,CHC,away,683737,Michael Busch,5,0,0,0,0,0,0,0,1,0
822999,2026-04-07,CHC,away,691718,Pete Crow-Armstrong,5,3,3,0,0,1,1,0,0,1
822999,2026-04-07,CHC,away,665804,Miguel Amaya,5,0,0,0,0,0,0,0,1,0
822999,2026-04-07,CHC,away,694208,Moisés Ballesteros,4,2,2,0,0,1,3,0,0,0
822999,2026-04-07,CHC,away,621020,Dansby Swanson,5,2,2,1,0,0,0,0,1,1
822999,2026-04-07,CHC,away,663538,Nico Hoerner,4,0,2,0,0,0,2,1,0,1
822999,2026-04-07,CHC,away,807713,Matt Shaw,5,0,2,1,0,0,1,0,2,0
823887,2026-04-07,MIA,home,665052,Griffin Conine,1,0,0,0,0,0,0,1,1,1
823887,2026-04-07,MIA,home,681715,Heriberto Hernández,3,0,1,0,0,0,1,1,0,1
823887,2026-04-07,MIA,home,805300,Jakob Marsee,4,2,2,0,0,0,0,1,0,4
823887,2026-04-07,MIA,home,691594,Javier Sanoja,3,0,1,0,0,0,0,1,0,1
823887,2026-04-07,MIA,home,669364,Xavier Edwards,4,0,0,0,0,0,0,0,0,0
823887,2026-04-07,MIA,home,688363,Graham Pauley,1,0,0,0,0,0,1,0,0,0
823887,2026-04-07,MIA,home,689414,Liam Hicks,2,0,0,0,0,0,0,0,2,0
823887,2026-04-07,MIA,home,682663,Agustín Ramírez,5,1,1,1,0,0,0,0,2,0
823887,2026-04-07,MIA,home,677870,Leo Jiménez,2,0,0,0,0,0,0,0,0,0
823887,2026-04-07,MIA,home,681393,Connor Norby,3,0,1,0,0,0,0,2,0,0
823887,2026-04-07,MIA,home,596103,Austin Slater,3,0,0,0,0,0,0,0,1,0
823887,2026-04-07,MIA,home,672640,Otto Lopez,5,0,1,0,0,0,1,0,1,0
823887,2026-04-07,CIN,away,682829,Elly De La Cruz,3,1,0,0,0,0,1,2,0,1
823887,2026-04-07,CIN,away,667472,Dane Myers,0,1,0,0,0,0,0,0,0,0
823887,2026-04-07,CIN,away,701398,Sal Stewart,3,0,1,0,0,0,1,1,1,0
823887,2026-04-07,CIN,away,682622,Noelvi Marte,4,0,1,0,0,0,0,0,1,1
823887,2026-04-07,CIN,away,663993,Nathaniel Lowe,2,0,1,0,0,0,1,0,0,0
823887,2026-04-07,CIN,away,680574,Matt McLain,5,1,2,2,0,0,2,0,0,1
823887,2026-04-07,CIN,away,663647,Ke'Bryan Hayes,2,0,0,0,0,0,0,0,0,0
823887,2026-04-07,CIN,away,666181,Will Benson,1,0,0,0,0,0,0,0,0,0
823887,2026-04-07,CIN,away,670770,TJ Friedl,4,1,0,0,0,0,0,1,0,0
823887,2026-04-07,CIN,away,668715,Spencer Steer,4,1,0,0,0,0,0,0,2,0
823887,2026-04-07,CIN,away,663886,Tyler Stephenson,3,1,0,0,0,0,0,1,3,0
823887,2026-04-07,CIN,away,553993,Eugenio Suárez,3,0,0,0,0,0,0,1,1,0
822754,2026-04-07,WSH,home,691781,Brady House,5,0,1,0,0,0,0,0,1,0
822754,2026-04-07,WSH,home,682928,CJ Abrams,4,0,2,0,0,0,1,1,2,2
822754,2026-04-07,WSH,home,683083,Nasim Nuñez,4,0,0,0,0,0,0,1,1,1
822754,2026-04-07,WSH,home,686452,Drew Millas,0,0,0,0,0,0,0,0,0,0
822754,2026-04-07,WSH,home,686894,Joey Wiemer,4,0,1,0,0,0,0,0,2,0
822754,2026-04-07,WSH,home,678391,Jorbit Vivas,0,0,0,0,0,0,0,0,0,0
822754,2026-04-07,WSH,home,678554,Curtis Mead,4,1,3,0,0,1,2,0,1,1
822754,2026-04-07,WSH,home,695734,Daylen Lile,4,2,1,0,0,0,1,1,2,0
822754,2026-04-07,WSH,home,677588,José Tena,1,0,0,0,0,0,0,0,1,0
822754,2026-04-07,WSH,home,695578,James Wood,4,3,2,0,0,1,1,1,1,1
822754,2026-04-07,WSH,home,696285,Jacob Young,4,0,0,0,0,0,0,0,1,0
822754,2026-04-07,WSH,home,660688,Keibert Ruiz,3,0,0,0,0,0,0,0,1,0
822754,2026-04-07,WSH,home,671277,Luis García Jr.,1,0,0,0,0,0,0,0,0,0
822754,2026-04-07,STL,away,669357,Nolan Gorman,4,0,3,0,0,0,1,1,1,0
822754,2026-04-07,STL,away,691023,Jordan Walker,5,1,1,0,0,1,2,0,1,0
822754,2026-04-07,STL,away,687363,Victor Scott II,2,0,0,0,0,0,0,0,1,0
822754,2026-04-07,STL,away,701675,Nathan Church,2,1,1,0,0,1,2,0,1,0
822754,2026-04-07,STL,away,802139,JJ Wetherholt,5,1,1,1,0,0,1,1,1,1
822754,2026-04-07,STL,away,676475,Alec Burleson,3,1,1,0,0,0,0,2,0,0
822754,2026-04-07,STL,away,695336,Thomas Saggese,5,1,2,1,0,0,1,0,2,0
822754,2026-04-07,STL,away,650968,Yohel Pozo,2,0,0,0,0,0,0,0,0,0
822754,2026-04-07,STL,away,686780,Pedro Pagés,2,0,0,0,0,0,0,1,1,0
822754,2026-04-07,STL,away,602104,Ramón Urías,0,0,0,0,0,0,0,1,0,0
822754,2026-04-07,STL,away,691026,Masyn Winn,2,2,0,0,0,0,0,2,0,1
822754,2026-04-07,STL,away,671056,Iván Herrera,4,0,0,0,0,0,0,2,0,0
824780,2026-04-07,BOS,home,701350,Roman Anthony,4,0,0,0,0,0,0,0,3,0
824780,2026-04-07,BOS,home,575929,Willson Contreras,2,1,1,0,0,0,0,2,1,0
824780,2026-04-07,BOS,home,657136,Connor Wong,2,0,0,0,0,0,0,0,1,0
824780,2026-04-07,BOS,home,596115,Trevor Story,4,0,1,1,0,0,2,0,1,0
824780,2026-04-07,BOS,home,677800,Wilyer Abreu,3,1,0,0,0,0,0,1,2,0
824780,2026-04-07,BOS,home,643396,Isiah Kiner-Falefa,3,0,0,0,0,0,0,0,0,0
824780,2026-04-07,BOS,home,702332,Caleb Durbin,1,0,0,0,0,0,1,0,0,0
824780,2026-04-07,BOS,home,680776,Jarren Duran,3,1,0,0,0,0,0,1,2,0
824780,2026-04-07,BOS,home,678882,Ceddanne Rafaela,2,0,1,0,0,0,0,1,0,0
824780,2026-04-07,BOS,home,691785,Marcelo Mayer,2,0,0,0,0,0,0,0,1,0
824780,2026-04-07,MIL,away,650859,Luis Rengifo,4,0,0,0,0,0,0,0,0,0
824780,2026-04-07,MIL,away,687401,Joey Ortiz,4,1,1,0,0,0,0,0,0,0
824780,2026-04-07,MIL,away,592885,Christian Yelich,1,0,0,0,0,0,1,0,0,1
824780,2026-04-07,MIL,away,686217,Sal Frelick,3,1,1,0,0,0,0,1,0,0
824780,2026-04-07,MIL,away,663604,Brandon Lockridge,3,0,0,0,0,0,0,0,3,0
824780,2026-04-07,MIL,away,666152,David Hamilton,1,0,0,0,0,0,1,0,0,0
824780,2026-04-07,MIL,away,663368,Blake Perkins,3,0,1,0,0,0,0,1,0,0
824780,2026-04-07,MIL,away,661388,William Contreras,4,0,1,0,0,0,0,0,1,0
824780,2026-04-07,MIL,away,682641,Luis Matos,4,0,0,0,0,0,0,0,2,0
824780,2026-04-07,MIL,away,596142,Gary Sánchez,3,0,1,0,0,0,0,1,2,0
823567,2026-04-07,NYY,home,676609,José Caballero,4,0,2,1,0,0,0,0,1,1
823567,2026-04-07,NYY,home,545341,Randal Grichuk,0,1,0,0,0,0,0,0,0,0
823567,2026-04-07,NYY,home,642708,Amed Rosario,4,2,2,0,0,2,4,0,1,0
823567,2026-04-07,NYY,home,592450,Aaron Judge,2,0,0,0,0,0,0,1,0,0
823567,2026-04-07,NYY,home,641857,Ryan McMahon,0,0,0,0,0,0,0,0,0,0
823567,2026-04-07,NYY,home,669224,Austin Wells,3,0,1,1,0,0,0,1,1,0
823567,2026-04-07,NYY,home,700250,Ben Rice,2,1,1,0,0,0,0,2,0,0
823567,2026-04-07,NYY,home,641355,Cody Bellinger,4,1,1,0,0,0,0,0,1,0
823567,2026-04-07,NYY,home,519317,Giancarlo Stanton,4,0,1,0,0,0,1,0,2,0
823567,2026-04-07,NYY,home,665862,Jazz Chisholm Jr.,4,0,1,0,0,0,0,0,1,0
823567,2026-04-07,NYY,home,663757,Trent Grisham,5,0,0,0,0,0,0,0,0,0
823567,2026-04-07,OAK,away,671732,Lawrence Butler,2,0,0,0,0,0,0,2,1,1
823567,2026-04-07,OAK,away,667670,Brent Rooker,3,0,0,0,0,0,0,1,1,1
823567,2026-04-07,OAK,away,643446,Jeff McNeil,3,1,2,0,0,0,0,1,1,0
823567,2026-04-07,OAK,away,666126,Carlos Cortes,1,0,0,0,0,0,0,0,0,0
823567,2026-04-07,OAK,away,691777,Max Muncy,4,1,1,0,0,0,0,0,2,0
823567,2026-04-07,OAK,away,672016,Denzel Clarke,2,0,0,0,0,0,0,0,2,0
823567,2026-04-07,OAK,away,691016,Tyler Soderstrom,4,0,2,1,0,0,1,0,0,1
823567,2026-04-07,OAK,away,701762,Nick Kurtz,5,1,1,1,0,0,2,0,2,0
823567,2026-04-07,OAK,away,669127,Shea Langeliers,4,0,0,0,0,0,0,0,3,0
823567,2026-04-07,OAK,away,628451,Andy Ibáñez,0,0,0,0,0,0,0,0,0,0
823567,2026-04-07,OAK,away,805779,Jacob Wilson,4,0,0,0,0,0,0,0,1,0
822831,2026-04-07,TOR,home,676391,Ernie Clement,3,0,1,0,0,0,0,1,0,0
822831,2026-04-07,TOR,home,662139,Daulton Varsho,3,0,0,0,0,0,0,1,1,0
822831,2026-04-07,TOR,home,665926,Andrés Giménez,4,1,2,0,0,0,0,0,0,0
822831,2026-04-07,TOR,home,678218,Brandon Valenzuela,3,0,0,0,0,0,0,0,2,0
822831,2026-04-07,TOR,home,676914,Davis Schneider,1,0,0,0,0,0,0,1,1,0
822831,2026-04-07,TOR,home,664770,Nathan Lukes,2,0,0,0,0,0,0,0,1,0
822831,2026-04-07,TOR,home,543807,George Springer,4,0,1,1,0,0,1,0,1,0
822831,2026-04-07,TOR,home,623168,Tyler Heineman,1,0,0,0,0,0,0,0,1,0
822831,2026-04-07,TOR,home,665489,Vladimir Guerrero Jr.,4,0,0,0,0,0,0,0,1,0
822831,2026-04-07,TOR,home,660821,Jesús Sánchez,4,0,1,1,0,0,0,0,1,0
822831,2026-04-07,TOR,home,672960,Kazuma Okamoto,4,0,1,1,0,0,0,0,1,0
822831,2026-04-07,LAD,away,669257,Will Smith,5,0,0,0,0,0,1,0,0,0
822831,2026-04-07,LAD,away,663656,Kyle Tucker,5,0,1,0,0,0,1,0,3,0
822831,2026-04-07,LAD,away,571970,Max Muncy,4,0,0,0,0,0,0,0,1,0
822831,2026-04-07,LAD,away,518692,Freddie Freeman,4,0,1,0,0,0,0,0,0,0
822831,2026-04-07,LAD,away,808975,Hyeseong Kim,3,2,1,1,0,0,0,1,2,0
822831,2026-04-07,LAD,away,660271,Shohei Ohtani,3,0,1,0,0,0,1,2,0,0
822831,2026-04-07,LAD,away,606192,Teoscar Hernández,4,0,0,0,0,0,0,0,3,0
822831,2026-04-07,LAD,away,681624,Andy Pages,4,0,1,0,0,0,0,0,2,0
822831,2026-04-07,LAD,away,690976,Alex Freeland,3,2,3,1,0,0,1,0,0,0
823727,2026-04-07,MIN,home,605170,Victor Caratini,4,0,2,1,0,0,0,0,2,0
823727,2026-04-07,MIN,home,686797,Brooks Lee,4,0,1,0,0,0,0,0,1,0
823727,2026-04-07,MIN,home,668885,Austin Martin,3,1,0,0,0,0,0,1,0,0
823727,2026-04-07,MIN,home,605137,Josh Bell,4,0,3,1,0,0,1,0,1,0
823727,2026-04-07,MIN,home,680777,Ryan Jeffers,4,1,1,1,0,0,2,0,1,0
823727,2026-04-07,MIN,home,668904,Royce Lewis,3,0,0,0,0,0,0,1,1,0
823727,2026-04-07,MIN,home,621439,Byron Buxton,4,1,1,0,0,0,0,1,1,0
823727,2026-04-07,MIN,home,670242,Matt Wallner,4,0,1,0,0,0,0,0,2,0
823727,2026-04-07,MIN,home,807712,Luke Keaschall,4,1,1,0,0,0,1,0,1,0
823727,2026-04-07,DET,away,656716,Zach McKinstry,3,0,1,1,0,0,0,1,1,0
823727,2026-04-07,DET,away,663330,Jahmai Jones,2,0,0,0,0,0,0,0,1,0
823727,2026-04-07,DET,away,595879,Javier Báez,3,1,2,1,0,0,0,0,1,0
823727,2026-04-07,DET,away,682985,Riley Greene,4,0,0,0,0,0,0,1,3,0
823727,2026-04-07,DET,away,805808,Kevin McGonigle,5,0,2,1,0,0,2,0,1,0
823727,2026-04-07,DET,away,681481,Kerry Carpenter,1,0,0,0,0,0,0,0,1,0
823727,2026-04-07,DET,away,679529,Spencer Torkelson,3,1,2,0,0,0,0,1,1,0
823727,2026-04-07,DET,away,650402,Gleyber Torres,5,0,1,0,0,0,0,0,1,0
823727,2026-04-07,DET,away,663837,Matt Vierling,0,0,0,0,0,0,0,0,0,0
823727,2026-04-07,DET,away,678009,Parker Meadows,3,0,1,0,0,0,0,0,2,0
823727,2026-04-07,DET,away,693307,Dillon Dingler,4,0,0,0,0,0,0,0,1,0
823727,2026-04-07,DET,away,690993,Colt Keith,3,0,0,0,0,0,0,0,1,0
822916,2026-04-07,TEX,home,694497,Evan Carter,3,1,1,0,0,0,1,0,0,0
822916,2026-04-07,TEX,home,694671,Wyatt Langford,3,0,1,0,0,0,0,0,0,0
822916,2026-04-07,TEX,home,669394,Jake Burger,3,0,0,0,0,0,0,0,0,0
822916,2026-04-07,TEX,home,592626,Joc Pederson,3,1,1,0,0,0,0,0,0,0
822916,2026-04-07,TEX,home,608369,Corey Seager,3,0,0,0,0,0,0,0,2,0
822916,2026-04-07,TEX,home,543309,Kyle Higashioka,3,1,2,0,0,1,2,0,1,0
822916,2026-04-07,TEX,home,677649,Ezequiel Duran,3,0,1,0,0,0,0,0,1,0
822916,2026-04-07,TEX,home,607043,Brandon Nimmo,4,0,0,0,0,0,0,0,0,0
822916,2026-04-07,TEX,home,669701,Josh Smith,3,0,0,0,0,0,0,0,0,0
822916,2026-04-07,SEA,away,647304,Josh Naylor,4,0,0,0,0,0,0,0,3,0
822916,2026-04-07,SEA,away,702284,Cole Young,4,1,1,0,0,0,0,0,0,0
822916,2026-04-07,SEA,away,668227,Randy Arozarena,4,0,0,0,0,0,0,0,3,1
822916,2026-04-07,SEA,away,641487,J.P. Crawford,3,0,1,0,0,0,0,1,1,0
822916,2026-04-07,SEA,away,686527,Dominic Canzone,4,0,0,0,0,0,0,0,0,0
822916,2026-04-07,SEA,away,663728,Cal Raleigh,4,0,1,0,0,0,1,0,0,0
822916,2026-04-07,SEA,away,680977,Brendan Donovan,4,1,2,0,0,1,1,1,0,0
822916,2026-04-07,SEA,away,677594,Julio Rodríguez,4,0,1,0,0,0,0,0,0,0
822916,2026-04-07,SEA,away,670042,Luke Raley,4,0,2,0,0,0,0,0,2,0
824375,2026-04-07,COL,home,666160,Mickey Moniak,4,1,1,0,0,1,2,0,0,0
824375,2026-04-07,COL,home,687859,Troy Johnston,4,1,1,0,0,0,0,0,1,0
824375,2026-04-07,COL,home,650489,Willi Castro,4,1,3,0,0,1,3,0,1,0
824375,2026-04-07,COL,home,666397,Edouard Julien,3,0,1,0,0,0,0,0,0,0
824375,2026-04-07,COL,home,696100,Hunter Goodman,1,0,0,0,0,0,0,0,0,0
824375,2026-04-07,COL,home,687597,Jordan Beck,3,0,0,0,0,0,0,0,0,0
824375,2026-04-07,COL,home,664954,Brett Sullivan,3,0,1,0,0,0,0,0,0,0
824375,2026-04-07,COL,home,686668,Brenton Doyle,0,0,0,0,0,0,0,0,0,0
824375,2026-04-07,COL,home,678662,Ezequiel Tovar,4,0,0,0,0,0,0,0,1,0
824375,2026-04-07,COL,home,681198,TJ Rumfield,3,1,2,0,0,0,0,1,0,0
824375,2026-04-07,COL,home,691720,Kyle Karros,2,1,1,0,0,0,0,1,1,0
824375,2026-04-07,HOU,away,670623,Isaac Paredes,4,0,1,0,0,0,0,0,2,0
824375,2026-04-07,HOU,away,701358,Cam Smith,3,0,1,0,0,0,0,0,1,0
824375,2026-04-07,HOU,away,676694,Jake Meyers,3,0,0,0,0,0,0,0,0,0
824375,2026-04-07,HOU,away,694728,Brice Matthews,2,0,0,0,0,0,0,0,1,0
824375,2026-04-07,HOU,away,514888,Jose Altuve,4,0,0,0,0,0,0,0,3,0
824375,2026-04-07,HOU,away,694388,Joey Loperfido,1,0,0,0,0,0,0,0,1,0
824375,2026-04-07,HOU,away,665161,Jeremy Peña,3,0,0,0,0,0,0,1,0,0
824375,2026-04-07,HOU,away,572233,Christian Walker,4,1,1,0,0,1,1,0,0,0
824375,2026-04-07,HOU,away,673237,Yainer Diaz,3,0,0,0,0,0,0,0,0,0
824375,2026-04-07,HOU,away,670541,Yordan Alvarez,3,0,0,0,0,0,0,0,0,0
824051,2026-04-07,LAA,home,624428,Adam Frazier,1,0,0,0,0,0,0,1,1,0
824051,2026-04-07,LAA,home,672724,Oswald Peraza,2,0,0,0,0,0,0,0,0,0
824051,2026-04-07,LAA,home,687263,Zach Neto,5,0,1,0,0,0,0,0,4,0
824051,2026-04-07,LAA,home,624585,Jorge Soler,1,1,1,0,0,1,2,0,0,0
824051,2026-04-07,LAA,home,660162,Yoán Moncada,3,0,0,0,0,0,0,1,2,0
824051,2026-04-07,LAA,home,518595,Travis d'Arnaud,4,0,0,0,0,0,0,0,1,0
824051,2026-04-07,LAA,home,545361,Mike Trout,5,1,1,0,0,0,0,0,2,0
824051,2026-04-07,LAA,home,600869,Jeimer Candelario,1,0,0,0,0,0,0,0,1,0
824051,2026-04-07,LAA,home,666176,Jo Adell,4,0,2,0,0,0,0,0,0,1
824051,2026-04-07,LAA,home,694384,Nolan Schanuel,4,0,1,1,0,0,0,1,1,0
824051,2026-04-07,LAA,home,666139,Josh Lowe,2,0,0,0,0,0,0,1,1,0
824051,2026-04-07,LAA,home,669326,Bryce Teodosio,0,0,0,0,0,0,0,0,0,0
824051,2026-04-07,LAA,home,681351,Logan O'Hoppe,1,0,0,0,0,0,0,0,1,0
824051,2026-04-07,ATL,away,641680,Jonah Heim,4,0,1,0,0,0,1,0,0,0
824051,2026-04-07,ATL,away,671739,Michael Harris II,1,0,1,0,0,0,0,0,0,0
824051,2026-04-07,ATL,away,622761,Jorge Mateo,2,0,0,0,0,0,0,0,2,0
824051,2026-04-07,ATL,away,643289,Mauricio Dubón,4,1,2,1,0,0,0,0,1,0
824051,2026-04-07,ATL,away,686948,Drake Baldwin,5,0,2,0,0,0,1,0,2,0
824051,2026-04-07,ATL,away,621566,Matt Olson,4,2,1,1,0,0,0,1,2,0
824051,2026-04-07,ATL,away,660670,Ronald Acuña Jr.,5,1,1,0,0,0,0,0,2,0
824051,2026-04-07,ATL,away,642201,Eli White,2,0,1,1,0,0,2,0,0,0
824051,2026-04-07,ATL,away,645277,Ozzie Albies,4,1,1,0,0,1,1,1,2,0
824051,2026-04-07,ATL,away,663586,Austin Riley,5,1,2,0,0,0,1,0,1,0
824051,2026-04-07,ATL,away,573262,Mike Yastrzemski,1,1,0,0,0,0,0,1,0,0
823235,2026-04-07,SF,home,669477,Casey Schmitt,3,1,1,1,0,0,0,1,2,0
823235,2026-04-07,SF,home,666464,Jerar Encarnacion,2,0,1,0,0,0,0,0,0,0
823235,2026-04-07,SF,home,671218,Heliot Ramos,4,1,1,0,0,0,0,0,3,0
823235,2026-04-07,SF,home,656305,Matt Chapman,4,1,3,1,0,0,1,0,1,0
823235,2026-04-07,SF,home,808982,Jung Hoo Lee,1,0,0,0,0,0,1,0,0,0
823235,2026-04-07,SF,home,646240,Rafael Devers,4,1,1,0,0,0,0,0,1,0
823235,2026-04-07,SF,home,666931,Jared Oliva,2,0,0,0,0,0,0,0,0,0
823235,2026-04-07,SF,home,664056,Harrison Bader,2,0,0,0,0,0,0,0,0,0
823235,2026-04-07,SF,home,642715,Willy Adames,4,1,2,2,0,0,0,0,0,0
823235,2026-04-07,SF,home,650333,Luis Arraez,4,0,1,0,0,0,2,0,1,0
823235,2026-04-07,SF,home,691740,Daniel Susac,4,1,3,0,1,0,2,0,0,0
823235,2026-04-07,PHI,away,702222,Justin Crawford,3,0,0,0,0,0,0,0,1,0
823235,2026-04-07,PHI,away,547180,Bryce Harper,2,0,1,0,0,0,0,2,0,0
823235,2026-04-07,PHI,away,592663,J.T. Realmuto,0,0,0,0,0,0,0,0,0,0
823235,2026-04-07,PHI,away,624641,Edmundo Sosa,3,0,1,1,0,0,0,1,0,0
823235,2026-04-07,PHI,away,656941,Kyle Schwarber,4,0,1,0,0,0,0,0,1,0
823235,2026-04-07,PHI,away,805249,Otto Kemp,4,0,0,0,0,0,0,0,2,0
823235,2026-04-07,PHI,away,665561,Rafael Marchán,4,0,0,0,0,0,0,0,1,0
823235,2026-04-07,PHI,away,664238,Dylan Moore,3,0,0,0,0,0,0,1,1,0
823235,2026-04-07,PHI,away,666969,Adolis García,4,0,0,0,0,0,0,0,2,0
823235,2026-04-07,PHI,away,607208,Trea Turner,4,0,1,0,0,0,0,0,0,0
823403,2026-04-08,PIT,home,694377,Nick Yorke,3,1,3,1,0,0,0,1,0,0
823403,2026-04-08,PIT,home,687462,Spencer Horwitz,2,0,0,0,0,0,0,0,0,0
823403,2026-04-08,PIT,home,664040,Brandon Lowe,4,0,0,0,0,0,0,0,1,0
823403,2026-04-08,PIT,home,668804,Bryan Reynolds,2,0,0,0,0,0,0,2,0,0
823403,2026-04-08,PIT,home,663698,Joey Bart,4,0,1,0,0,0,1,0,2,0
823403,2026-04-08,PIT,home,665833,Oneil Cruz,4,0,1,1,0,0,0,0,1,0
823403,2026-04-08,PIT,home,663968,Jake Mangum,3,0,0,0,0,0,0,1,1,0
823403,2026-04-08,PIT,home,804606,Konnor Griffin,1,0,0,0,0,0,1,0,1,0
823403,2026-04-08,PIT,home,656811,Ryan O'Hearn,4,0,0,0,0,0,0,0,0,0
823403,2026-04-08,PIT,home,693304,Nick Gonzales,4,1,1,1,0,0,0,0,0,0
823403,2026-04-08,SD,away,669134,Luis Campusano,4,1,1,1,0,0,1,0,1,0
823403,2026-04-08,SD,away,592206,Nick Castellanos,3,1,1,1,0,0,2,1,0,0
823403,2026-04-08,SD,away,701538,Jackson Merrill,5,0,0,0,0,0,0,0,1,1
823403,2026-04-08,SD,away,657757,Gavin Sheets,5,0,1,1,0,0,0,0,1,0
823403,2026-04-08,SD,away,657656,Ramón Laureano,5,1,2,0,0,0,0,0,2,2
823403,2026-04-08,SD,away,609280,Miguel Andujar,4,1,2,1,0,0,0,0,0,1
823403,2026-04-08,SD,away,665487,Fernando Tatis Jr.,5,1,1,0,0,0,1,0,2,1
823403,2026-04-08,SD,away,664034,Ty France,0,0,0,0,0,0,0,0,0,0
823403,2026-04-08,SD,away,669369,Bryce Johnson,0,1,0,0,0,0,0,0,0,1
823403,2026-04-08,SD,away,593428,Xander Bogaerts,5,1,1,0,0,0,0,0,1,0
823403,2026-04-08,SD,away,630105,Jake Cronenworth,4,1,1,0,0,1,2,0,1,0
824455,2026-04-08,CLE,home,800050,Chase DeLauter,5,1,1,1,0,0,2,0,1,0
824455,2026-04-08,CLE,home,595978,Austin Hedges,4,1,1,0,0,0,0,0,2,0
824455,2026-04-08,CLE,home,677587,Brayan Rocchio,3,1,1,0,0,0,1,1,0,0
824455,2026-04-08,CLE,home,681807,David Fry,2,1,0,0,0,0,0,1,1,0
824455,2026-04-08,CLE,home,608070,José Ramírez,4,1,2,1,0,0,1,1,1,0
824455,2026-04-08,CLE,home,680757,Steven Kwan,4,2,1,0,0,0,0,1,1,0
824455,2026-04-08,CLE,home,682657,Angel Martínez,5,1,4,1,0,1,4,0,1,1
824455,2026-04-08,CLE,home,682877,Juan Brito,4,1,2,1,0,0,1,0,1,0
824455,2026-04-08,CLE,home,700932,Kyle Manzardo,2,0,1,0,0,0,0,0,1,0
824455,2026-04-08,CLE,home,656555,Rhys Hoskins,4,1,3,3,0,0,1,0,0,0
824455,2026-04-08,KC,away,695600,Carter Jensen,4,0,0,0,0,0,0,0,1,0
824455,2026-04-08,KC,away,663697,Jonathan India,3,0,0,0,0,0,0,1,2,0
824455,2026-04-08,KC,away,686555,Isaac Collins,1,0,0,0,0,0,0,0,1,0
824455,2026-04-08,KC,away,521692,Salvador Perez,4,0,0,0,0,0,0,0,1,0
824455,2026-04-08,KC,away,686681,Michael Massey,2,0,0,0,0,0,0,0,1,0
824455,2026-04-08,KC,away,516782,Starling Marte,4,0,1,1,0,0,0,0,2,0
824455,2026-04-08,KC,away,686469,Vinnie Pasquantino,4,0,1,0,0,0,0,0,2,0
824455,2026-04-08,KC,away,672580,Maikel Garcia,4,1,1,0,0,0,0,0,1,0
824455,2026-04-08,KC,away,657041,Lane Thomas,2,1,0,0,0,0,0,2,2,0
824455,2026-04-08,KC,away,677951,Bobby Witt Jr.,4,0,2,1,0,0,1,0,1,0
824779,2026-04-08,BOS,home,701350,Roman Anthony,3,0,0,0,0,0,0,2,0,1
824779,2026-04-08,BOS,home,575929,Willson Contreras,4,1,1,0,0,0,1,1,1,0
824779,2026-04-08,BOS,home,596115,Trevor Story,3,0,1,0,0,0,2,0,1,0
824779,2026-04-08,BOS,home,677800,Wilyer Abreu,4,1,2,0,0,0,1,0,1,0
824779,2026-04-08,BOS,home,655316,Andruw Monasterio,2,1,0,0,0,0,0,3,0,0
824779,2026-04-08,BOS,home,643396,Isiah Kiner-Falefa,4,1,1,0,0,0,0,0,1,0
824779,2026-04-08,BOS,home,702332,Caleb Durbin,3,0,0,0,0,0,1,1,1,0
824779,2026-04-08,BOS,home,665966,Carlos Narváez,4,0,0,0,0,0,0,0,1,0
824779,2026-04-08,BOS,home,678882,Ceddanne Rafaela,3,1,2,0,0,0,0,1,0,0
824779,2026-04-08,MIL,away,650859,Luis Rengifo,4,0,0,0,0,0,0,0,0,0
824779,2026-04-08,MIL,away,687401,Joey Ortiz,3,0,0,0,0,0,0,0,1,0
824779,2026-04-08,MIL,away,592885,Christian Yelich,4,0,1,0,0,0,0,0,1,1
824779,2026-04-08,MIL,away,641343,Jake Bauers,3,0,0,0,0,0,0,0,1,0
824779,2026-04-08,MIL,away,686217,Sal Frelick,4,0,1,1,0,0,0,0,1,0
824779,2026-04-08,MIL,away,663604,Brandon Lockridge,4,0,1,0,0,0,0,0,1,0
824779,2026-04-08,MIL,away,669003,Garrett Mitchell,2,0,0,0,0,0,0,2,1,0
824779,2026-04-08,MIL,away,666152,David Hamilton,3,0,1,0,0,0,0,0,0,0
824779,2026-04-08,MIL,away,682641,Luis Matos,1,0,0,0,0,0,0,0,1,0
824779,2026-04-08,MIL,away,596142,Gary Sánchez,3,0,0,0,0,0,0,1,0,0
824617,2026-04-08,CWS,home,671976,Tristan Peters,3,0,1,0,0,0,0,1,0,0
824617,2026-04-08,CWS,home,682668,Luisangel Acuña,4,0,1,0,0,0,1,0,1,0
824617,2026-04-08,CWS,home,808959,Munetaka Murakami,4,0,1,0,0,0,0,1,2,0
824617,2026-04-08,CWS,home,687957,Dustin Harris,3,1,1,0,0,0,1,1,0,2
824617,2026-04-08,CWS,home,805367,Chase Meidroth,4,1,0,0,0,0,0,1,1,0
824617,2026-04-08,CWS,home,695657,Colson Montgomery,3,0,0,0,0,0,0,1,2,0
824617,2026-04-08,CWS,home,624512,Reese McGuire,3,0,1,0,0,0,0,0,2,0
824617,2026-04-08,CWS,home,643217,Andrew Benintendi,3,1,1,0,1,0,0,0,2,0
824617,2026-04-08,CWS,home,656537,Derek Hill,1,0,0,0,0,0,0,0,0,0
824617,2026-04-08,CWS,home,678246,Miguel Vargas,4,0,1,0,0,0,0,1,2,0
824617,2026-04-08,BAL,away,669236,Jeremiah Jackson,0,0,0,0,0,0,0,0,0,0
824617,2026-04-08,BAL,away,683002,Gunnar Henderson,4,2,1,1,0,0,0,1,1,0
824617,2026-04-08,BAL,away,665750,Leody Taveras,0,0,0,0,0,0,0,0,0,0
824617,2026-04-08,BAL,away,621493,Taylor Ward,5,1,4,3,0,0,2,0,0,0
824617,2026-04-08,BAL,away,687637,Dylan Beavers,1,0,0,0,0,0,1,2,0,0
824617,2026-04-08,BAL,away,668939,Adley Rutschman,5,0,0,0,0,0,1,0,3,0
824617,2026-04-08,BAL,away,663624,Ryan Mountcastle,3,0,0,0,0,0,0,1,0,0
824617,2026-04-08,BAL,away,641933,Tyler O'Neill,2,1,1,0,0,0,0,1,0,0
824617,2026-04-08,BAL,away,677942,Blaze Alexander,4,0,0,0,0,0,0,0,0,0
824617,2026-04-08,BAL,away,624413,Pete Alonso,5,1,1,1,0,0,0,0,2,0
824617,2026-04-08,BAL,away,691723,Coby Mayo,4,0,0,0,0,0,0,0,1,0
822915,2026-04-08,TEX,home,694497,Evan Carter,3,0,0,0,0,0,0,0,0,0
822915,2026-04-08,TEX,home,694671,Wyatt Langford,3,0,0,0,0,0,0,1,1,0
822915,2026-04-08,TEX,home,669394,Jake Burger,4,0,0,0,0,0,0,0,1,0
822915,2026-04-08,TEX,home,592626,Joc Pederson,2,0,0,0,0,0,0,0,0,0
822915,2026-04-08,TEX,home,608369,Corey Seager,2,0,0,0,0,0,1,1,1,0
822915,2026-04-08,TEX,home,457705,Andrew McCutchen,1,0,0,0,0,0,0,0,0,0
822915,2026-04-08,TEX,home,677649,Ezequiel Duran,3,1,1,0,0,0,0,0,1,0
822915,2026-04-08,TEX,home,607043,Brandon Nimmo,4,0,2,1,0,0,0,0,0,0
822915,2026-04-08,TEX,home,669701,Josh Smith,3,1,2,0,0,0,0,0,0,0
822915,2026-04-08,TEX,home,643376,Danny Jansen,2,1,1,0,0,0,0,1,0,0
822915,2026-04-08,SEA,away,702284,Cole Young,3,0,1,0,0,0,0,0,1,0
822915,2026-04-08,SEA,away,668227,Randy Arozarena,3,0,0,0,0,0,0,0,2,0
822915,2026-04-08,SEA,away,641487,J.P. Crawford,3,0,0,0,0,0,0,0,1,0
822915,2026-04-08,SEA,away,663728,Cal Raleigh,4,0,0,0,0,0,0,0,1,0
822915,2026-04-08,SEA,away,608701,Rob Refsnyder,2,0,0,0,0,0,0,1,1,0
822915,2026-04-08,SEA,away,656582,Connor Joe,3,0,0,0,0,0,0,0,1,0
822915,2026-04-08,SEA,away,680977,Brendan Donovan,3,0,0,0,0,0,0,0,2,0
822915,2026-04-08,SEA,away,641598,Mitch Garver,3,0,1,0,0,0,0,0,1,0
822915,2026-04-08,SEA,away,677594,Julio Rodríguez,3,0,0,0,0,0,0,1,2,0
822915,2026-04-08,SEA,away,670042,Luke Raley,1,0,0,0,0,0,0,0,1,0
822833,2026-04-08,TOR,home,676391,Ernie Clement,4,0,0,0,0,0,0,0,0,0
822833,2026-04-08,TOR,home,662139,Daulton Varsho,3,1,1,0,0,0,1,1,0,1
822833,2026-04-08,TOR,home,665926,Andrés Giménez,4,0,1,0,0,0,0,0,0,1
822833,2026-04-08,TOR,home,678218,Brandon Valenzuela,1,0,0,0,0,0,0,0,0,0
822833,2026-04-08,TOR,home,676914,Davis Schneider,0,2,0,0,0,0,0,2,0,0
822833,2026-04-08,TOR,home,664770,Nathan Lukes,2,0,0,0,0,0,0,0,0,0
822833,2026-04-08,TOR,home,543807,George Springer,5,0,2,1,0,0,1,0,0,0
822833,2026-04-08,TOR,home,623168,Tyler Heineman,3,0,1,0,0,0,0,0,1,0
822833,2026-04-08,TOR,home,665489,Vladimir Guerrero Jr.,3,0,2,1,0,0,0,1,0,0
822833,2026-04-08,TOR,home,660821,Jesús Sánchez,4,0,1,1,0,0,1,0,1,0
822833,2026-04-08,TOR,home,664702,Myles Straw,0,1,0,0,0,0,0,0,0,0
822833,2026-04-08,TOR,home,672960,Kazuma Okamoto,4,0,0,0,0,0,0,0,1,0
822833,2026-04-08,LAD,away,669257,Will Smith,3,2,2,0,0,0,1,2,1,0
822833,2026-04-08,LAD,away,663656,Kyle Tucker,3,0,1,0,0,0,0,2,0,0
822833,2026-04-08,LAD,away,571970,Max Muncy,3,0,0,0,0,0,0,2,1,0
822833,2026-04-08,LAD,away,518692,Freddie Freeman,5,0,2,0,0,0,1,0,1,0
822833,2026-04-08,LAD,away,660271,Shohei Ohtani,3,0,0,0,0,0,0,1,2,0
822833,2026-04-08,LAD,away,606192,Teoscar Hernández,3,0,0,0,0,0,1,0,1,0
822833,2026-04-08,LAD,away,681624,Andy Pages,4,0,0,0,0,0,0,0,4,0
822833,2026-04-08,LAD,away,500743,Miguel Rojas,3,1,0,0,0,0,0,1,1,0
822833,2026-04-08,LAD,away,690976,Alex Freeland,4,0,1,0,0,0,0,0,2,0
824374,2026-04-08,COL,home,666160,Mickey Moniak,3,0,1,0,0,0,1,1,0,0
824374,2026-04-08,COL,home,664983,Jake McCarthy,0,0,0,0,0,0,0,1,0,0
824374,2026-04-08,COL,home,687859,Troy Johnston,4,1,2,1,0,0,1,1,0,0
824374,2026-04-08,COL,home,671289,Tyler Freeman,3,1,1,0,0,0,1,0,1,1
824374,2026-04-08,COL,home,666397,Edouard Julien,4,2,2,0,0,0,2,1,0,1
824374,2026-04-08,COL,home,696100,Hunter Goodman,2,3,1,0,0,1,1,2,0,1
824374,2026-04-08,COL,home,686668,Brenton Doyle,5,1,1,0,0,0,0,0,3,1
824374,2026-04-08,COL,home,678662,Ezequiel Tovar,5,0,2,2,0,0,1,0,2,0
824374,2026-04-08,COL,home,681198,TJ Rumfield,2,0,0,0,0,0,1,1,1,0
824374,2026-04-08,COL,home,691720,Kyle Karros,2,1,0,0,0,0,0,2,0,0
824374,2026-04-08,HOU,away,670623,Isaac Paredes,3,1,0,0,0,0,0,1,0,0
824374,2026-04-08,HOU,away,701358,Cam Smith,4,0,0,0,0,0,0,0,2,0
824374,2026-04-08,HOU,away,676694,Jake Meyers,0,0,0,0,0,0,0,0,0,0
824374,2026-04-08,HOU,away,694728,Brice Matthews,3,0,1,0,0,0,1,1,1,0
824374,2026-04-08,HOU,away,514888,Jose Altuve,4,0,1,0,0,0,0,0,0,0
824374,2026-04-08,HOU,away,694388,Joey Loperfido,4,0,1,0,0,0,0,0,2,0
824374,2026-04-08,HOU,away,665161,Jeremy Peña,5,0,1,0,0,0,0,0,1,0
824374,2026-04-08,HOU,away,572233,Christian Walker,4,0,2,0,0,0,0,0,0,0
824374,2026-04-08,HOU,away,543877,Christian Vázquez,4,0,1,0,0,0,0,0,0,0
824374,2026-04-08,HOU,away,670541,Yordan Alvarez,4,0,1,0,0,0,0,0,0,0
823234,2026-04-08,SF,home,666464,Jerar Encarnacion,3,0,0,0,0,0,0,0,0,0
823234,2026-04-08,SF,home,656305,Matt Chapman,4,0,1,0,0,0,0,0,3,0
823234,2026-04-08,SF,home,672275,Patrick Bailey,3,0,1,0,0,0,0,0,0,0
823234,2026-04-08,SF,home,808982,Jung Hoo Lee,4,0,0,0,0,0,0,0,1,0
823234,2026-04-08,SF,home,646240,Rafael Devers,4,1,2,0,0,1,4,0,1,0
823234,2026-04-08,SF,home,666931,Jared Oliva,1,0,1,0,0,0,0,0,0,0
823234,2026-04-08,SF,home,664056,Harrison Bader,4,0,0,0,0,0,0,0,1,0
823234,2026-04-08,SF,home,683766,Christian Koss,3,0,0,0,0,0,0,0,0,0
823234,2026-04-08,SF,home,642715,Willy Adames,4,2,2,1,0,0,0,0,0,0
823234,2026-04-08,SF,home,650333,Luis Arraez,2,2,2,0,1,0,0,1,0,0
823234,2026-04-08,PHI,away,669016,Brandon Marsh,3,0,0,0,0,0,0,0,2,0
823234,2026-04-08,PHI,away,702222,Justin Crawford,2,0,0,0,0,0,0,0,1,0
823234,2026-04-08,PHI,away,547180,Bryce Harper,3,0,1,0,0,0,0,1,0,0
823234,2026-04-08,PHI,away,664761,Alec Bohm,4,0,0,0,0,0,0,0,0,0
823234,2026-04-08,PHI,away,681082,Bryson Stott,4,0,0,0,0,0,0,0,1,0
823234,2026-04-08,PHI,away,656941,Kyle Schwarber,2,0,1,0,0,0,0,2,1,0
823234,2026-04-08,PHI,away,805249,Otto Kemp,2,0,1,0,0,0,0,0,1,0
823234,2026-04-08,PHI,away,665561,Rafael Marchán,4,0,0,0,0,0,0,0,1,0
823234,2026-04-08,PHI,away,664238,Dylan Moore,1,0,0,0,0,0,0,0,1,0
823234,2026-04-08,PHI,away,666969,Adolis García,3,0,1,0,0,0,0,1,1,0
823234,2026-04-08,PHI,away,607208,Trea Turner,3,0,0,0,0,0,0,1,1,0
822753,2026-04-08,WSH,home,691781,Brady House,3,0,0,0,0,0,0,0,0,0
822753,2026-04-08,WSH,home,682928,CJ Abrams,3,0,0,0,0,0,0,0,0,0
822753,2026-04-08,WSH,home,683083,Nasim Nuñez,3,0,0,0,0,0,0,0,1,0
822753,2026-04-08,WSH,home,686452,Drew Millas,3,0,0,0,0,0,0,0,0,0
822753,2026-04-08,WSH,home,678391,Jorbit Vivas,1,0,0,0,0,0,0,0,0,0
822753,2026-04-08,WSH,home,695734,Daylen Lile,3,0,0,0,0,0,0,1,0,0
822753,2026-04-08,WSH,home,677588,José Tena,3,0,0,0,0,0,0,0,1,0
822753,2026-04-08,WSH,home,695578,James Wood,4,0,2,0,0,0,0,0,0,0
822753,2026-04-08,WSH,home,696285,Jacob Young,3,1,1,0,0,0,0,0,0,0
822753,2026-04-08,WSH,home,671277,Luis García Jr.,4,0,1,0,0,0,1,0,0,0
822753,2026-04-08,STL,away,669357,Nolan Gorman,1,0,0,0,0,0,0,2,0,0
822753,2026-04-08,STL,away,691023,Jordan Walker,4,1,1,0,0,1,1,1,2,0
822753,2026-04-08,STL,away,687363,Victor Scott II,0,0,0,0,0,0,0,0,0,0
822753,2026-04-08,STL,away,701675,Nathan Church,4,1,1,0,0,0,0,0,2,0
822753,2026-04-08,STL,away,802139,JJ Wetherholt,4,1,0,0,0,0,0,1,1,0
822753,2026-04-08,STL,away,676475,Alec Burleson,4,1,3,0,0,0,3,1,0,0
822753,2026-04-08,STL,away,695336,Thomas Saggese,4,1,1,0,0,0,0,0,1,0
822753,2026-04-08,STL,away,650968,Yohel Pozo,2,0,1,0,0,0,2,0,0,0
822753,2026-04-08,STL,away,602104,Ramón Urías,4,0,0,0,0,0,0,0,1,0
822753,2026-04-08,STL,away,691026,Masyn Winn,5,0,0,0,0,0,0,0,2,0
822753,2026-04-08,STL,away,671056,Iván Herrera,2,1,1,0,0,0,0,2,0,0
824050,2026-04-08,LAA,home,672724,Oswald Peraza,4,0,1,1,0,0,0,0,1,0
824050,2026-04-08,LAA,home,687263,Zach Neto,4,0,1,0,0,0,0,0,0,0
824050,2026-04-08,LAA,home,624585,Jorge Soler,4,1,1,0,0,1,1,0,1,0
824050,2026-04-08,LAA,home,660162,Yoán Moncada,3,1,0,0,0,0,0,1,2,0
824050,2026-04-08,LAA,home,545361,Mike Trout,4,0,0,0,0,0,0,0,1,0
824050,2026-04-08,LAA,home,600869,Jeimer Candelario,1,0,0,0,0,0,0,0,0,0
824050,2026-04-08,LAA,home,666176,Jo Adell,4,0,3,0,0,0,0,0,0,0
824050,2026-04-08,LAA,home,694384,Nolan Schanuel,4,0,0,0,0,0,0,0,2,0
824050,2026-04-08,LAA,home,666139,Josh Lowe,2,0,0,0,0,0,0,1,1,0
824050,2026-04-08,LAA,home,681351,Logan O'Hoppe,3,0,1,0,0,0,1,1,2,0
824050,2026-04-08,ATL,away,641680,Jonah Heim,4,0,1,1,0,0,1,0,1,0
824050,2026-04-08,ATL,away,671739,Michael Harris II,3,1,0,0,0,0,0,1,1,1
824050,2026-04-08,ATL,away,643289,Mauricio Dubón,5,0,1,1,0,0,2,0,0,0
824050,2026-04-08,ATL,away,686948,Drake Baldwin,4,1,1,0,0,0,1,0,2,0
824050,2026-04-08,ATL,away,621566,Matt Olson,4,1,1,0,0,1,2,1,1,0
824050,2026-04-08,ATL,away,660670,Ronald Acuña Jr.,4,1,2,2,0,0,0,1,1,0
824050,2026-04-08,ATL,away,645277,Ozzie Albies,4,1,1,0,0,0,1,0,1,0
824050,2026-04-08,ATL,away,663586,Austin Riley,3,3,1,1,0,0,0,2,1,1
824050,2026-04-08,ATL,away,573262,Mike Yastrzemski,3,0,0,0,0,0,0,1,1,0
823646,2026-04-08,NYM,home,666182,Bo Bichette,4,1,2,0,0,0,0,0,1,0
823646,2026-04-08,NYM,home,682626,Francisco Alvarez,3,0,1,0,0,0,0,1,0,0
823646,2026-04-08,NYM,home,668901,Mark Vientos,3,0,0,0,0,0,1,0,2,0
823646,2026-04-08,NYM,home,683146,Brett Baty,4,0,2,1,0,0,1,0,0,0
823646,2026-04-08,NYM,home,701807,Carson Benge,4,0,1,0,0,0,0,0,1,0
823646,2026-04-08,NYM,home,543760,Marcus Semien,4,0,0,0,0,0,0,0,0,0
823646,2026-04-08,NYM,home,596019,Francisco Lindor,5,0,0,0,0,0,0,0,1,0
823646,2026-04-08,NYM,home,593871,Jorge Polanco,4,0,0,0,0,0,0,0,0,0
823646,2026-04-08,NYM,home,673357,Luis Robert Jr.,4,1,1,0,0,0,0,0,2,0
823646,2026-04-08,ARI,away,694374,Tim Tawa,2,0,0,0,0,0,0,1,0,0
823646,2026-04-08,ARI,away,571448,Nolan Arenado,5,0,0,0,0,0,0,0,2,0
823646,2026-04-08,ARI,away,606466,Ketel Marte,5,1,1,0,0,0,1,0,2,0
823646,2026-04-08,ARI,away,545121,Ildemaro Vargas,4,2,3,0,0,0,0,0,0,0
823646,2026-04-08,ARI,away,672695,Geraldo Perdomo,2,0,1,0,0,0,1,2,0,1
823646,2026-04-08,ARI,away,699912,Jose Fernandez,4,2,2,0,0,0,0,0,1,0
823646,2026-04-08,ARI,away,672515,Gabriel Moreno,4,0,0,0,0,0,1,0,3,0
823646,2026-04-08,ARI,away,682998,Corbin Carroll,5,1,3,2,1,0,2,0,0,0
823646,2026-04-08,ARI,away,678489,Jorge Barrosa,3,1,1,1,0,0,2,1,0,0
823000,2026-04-08,TB,home,670764,Taylor Walls,3,0,0,0,0,0,0,0,1,0
823000,2026-04-08,TB,home,641584,Jake Fraley,3,0,1,0,0,0,1,1,2,0
823000,2026-04-08,TB,home,802415,Chandler Simpson,4,0,1,0,0,0,0,0,0,1
823000,2026-04-08,TB,home,676356,Jonny DeLuca,3,1,1,0,0,0,0,0,0,1
823000,2026-04-08,TB,home,676439,Hunter Feduccia,3,0,0,0,0,0,0,1,2,0
823000,2026-04-08,TB,home,666018,Jonathan Aranda,3,1,2,0,0,0,1,0,0,0
823000,2026-04-08,TB,home,650490,Yandy Díaz,3,0,0,0,0,0,0,0,0,0
823000,2026-04-08,TB,home,810938,Ben Williamson,4,0,0,0,0,0,0,0,0,0
823000,2026-04-08,TB,home,691406,Junior Caminero,4,0,0,0,0,0,0,0,2,0
823000,2026-04-08,CHC,away,624424,Michael Conforto,4,1,1,1,0,0,2,0,2,0
823000,2026-04-08,CHC,away,608324,Alex Bregman,3,0,0,0,0,0,0,1,2,0
823000,2026-04-08,CHC,away,683737,Michael Busch,4,0,0,0,0,0,0,0,1,0
823000,2026-04-08,CHC,away,608348,Carson Kelly,4,1,2,1,0,0,0,0,0,0
823000,2026-04-08,CHC,away,691718,Pete Crow-Armstrong,4,0,0,0,0,0,0,0,1,0
823000,2026-04-08,CHC,away,694208,Moisés Ballesteros,3,1,1,0,0,0,0,1,0,0
823000,2026-04-08,CHC,away,621020,Dansby Swanson,3,1,0,0,0,0,0,1,1,0
823000,2026-04-08,CHC,away,663538,Nico Hoerner,5,2,3,1,0,1,2,0,0,0
823000,2026-04-08,CHC,away,807713,Matt Shaw,3,0,1,0,0,0,0,1,0,0
823885,2026-04-08,MIA,home,665052,Griffin Conine,4,2,2,0,0,1,2,0,1,0
823885,2026-04-08,MIA,home,805300,Jakob Marsee,4,1,2,0,0,0,1,0,0,0
823885,2026-04-08,MIA,home,691594,Javier Sanoja,1,0,0,0,0,0,0,0,0,0
823885,2026-04-08,MIA,home,669364,Xavier Edwards,4,1,2,0,0,0,1,1,1,0
823885,2026-04-08,MIA,home,688363,Graham Pauley,4,0,0,0,0,0,0,0,2,0
823885,2026-04-08,MIA,home,689414,Liam Hicks,4,1,2,0,0,0,1,0,0,0
823885,2026-04-08,MIA,home,683357,Owen Caissie,3,0,0,0,0,0,0,0,1,0
823885,2026-04-08,MIA,home,682663,Agustín Ramírez,4,1,1,1,0,0,1,0,0,0
823885,2026-04-08,MIA,home,677870,Leo Jiménez,2,0,1,0,0,0,0,1,0,0
823885,2026-04-08,MIA,home,681393,Connor Norby,4,1,2,0,0,1,1,0,1,0
823885,2026-04-08,CIN,away,682829,Elly De La Cruz,3,1,0,0,0,0,0,1,1,1
823885,2026-04-08,CIN,away,701398,Sal Stewart,4,2,2,1,0,1,2,0,0,1
823885,2026-04-08,CIN,away,682622,Noelvi Marte,4,0,1,0,0,0,0,0,1,0
823885,2026-04-08,CIN,away,663993,Nathaniel Lowe,1,0,0,0,0,0,0,0,1,0
823885,2026-04-08,CIN,away,680574,Matt McLain,4,1,0,0,0,0,0,0,1,0
823885,2026-04-08,CIN,away,663647,Ke'Bryan Hayes,3,0,0,0,0,0,0,0,2,0
823885,2026-04-08,CIN,away,666181,Will Benson,4,0,0,0,0,0,0,0,3,0
823885,2026-04-08,CIN,away,670770,TJ Friedl,5,0,3,0,0,0,0,0,0,0
823885,2026-04-08,CIN,away,553993,Eugenio Suárez,4,0,2,1,0,0,1,0,1,0
823885,2026-04-08,CIN,away,663886,Tyler Stephenson,3,0,1,0,0,0,0,1,1,0
823564,2026-04-08,NYY,home,642708,Amed Rosario,4,0,1,0,0,0,0,0,2,0
823564,2026-04-08,NYY,home,592450,Aaron Judge,3,1,1,0,0,0,0,1,1,0
823564,2026-04-08,NYY,home,641857,Ryan McMahon,3,0,0,0,0,0,0,1,2,0
823564,2026-04-08,NYY,home,700250,Ben Rice,4,0,0,0,0,0,0,0,4,0
823564,2026-04-08,NYY,home,641555,J.C. Escarra,3,0,0,0,0,0,1,1,1,0
823564,2026-04-08,NYY,home,641355,Cody Bellinger,4,0,1,0,0,0,1,0,1,0
823564,2026-04-08,NYY,home,519317,Giancarlo Stanton,4,0,0,0,0,0,0,0,1,0
823564,2026-04-08,NYY,home,665862,Jazz Chisholm Jr.,2,0,0,0,0,0,0,2,2,0
823564,2026-04-08,NYY,home,663757,Trent Grisham,2,1,1,0,0,0,0,2,1,0
823564,2026-04-08,OAK,away,671732,Lawrence Butler,3,1,1,0,0,0,0,1,1,0
823564,2026-04-08,OAK,away,667670,Brent Rooker,3,0,0,0,0,0,1,1,0,1
823564,2026-04-08,OAK,away,643446,Jeff McNeil,4,0,2,1,0,0,1,0,0,0
823564,2026-04-08,OAK,away,666126,Carlos Cortes,1,0,0,0,0,0,0,1,0,0
823564,2026-04-08,OAK,away,691777,Max Muncy,4,1,1,0,0,0,0,0,1,0
823564,2026-04-08,OAK,away,672016,Denzel Clarke,1,0,0,0,0,0,0,0,0,0
823564,2026-04-08,OAK,away,691016,Tyler Soderstrom,5,0,0,0,0,0,0,0,2,0
823564,2026-04-08,OAK,away,687231,Darell Hernaiz,1,0,1,0,0,0,0,0,0,0
823564,2026-04-08,OAK,away,701762,Nick Kurtz,5,1,2,0,0,0,0,0,2,0
823564,2026-04-08,OAK,away,669127,Shea Langeliers,5,0,2,1,0,0,0,0,1,0
823564,2026-04-08,OAK,away,805779,Jacob Wilson,5,0,0,0,0,0,0,0,2,0
823726,2026-04-08,MIN,home,605170,Victor Caratini,4,1,1,0,0,0,0,1,0,0
823726,2026-04-08,MIN,home,686797,Brooks Lee,4,0,0,0,0,0,0,0,0,0
823726,2026-04-08,MIN,home,668885,Austin Martin,3,1,1,0,0,0,0,0,0,0
823726,2026-04-08,MIN,home,605137,Josh Bell,3,1,1,0,0,0,1,1,1,0
823726,2026-04-08,MIN,home,680777,Ryan Jeffers,3,0,1,0,0,0,1,2,1,0
823726,2026-04-08,MIN,home,681546,James Outman,0,0,0,0,0,0,0,0,0,0
823726,2026-04-08,MIN,home,668904,Royce Lewis,3,0,2,0,0,0,2,1,0,1
823726,2026-04-08,MIN,home,663616,Trevor Larnach,1,0,0,0,0,0,0,0,0,0
823726,2026-04-08,MIN,home,621439,Byron Buxton,4,3,3,1,0,0,0,1,0,0
823726,2026-04-08,MIN,home,670242,Matt Wallner,4,1,1,1,0,0,1,0,2,0
823726,2026-04-08,MIN,home,807712,Luke Keaschall,5,1,1,0,0,0,1,0,0,1
823726,2026-04-08,DET,away,656716,Zach McKinstry,5,0,0,0,0,0,0,0,1,0
823726,2026-04-08,DET,away,663330,Jahmai Jones,2,0,0,0,0,0,0,0,1,0
823726,2026-04-08,DET,away,682985,Riley Greene,4,1,1,0,0,0,1,1,1,0
823726,2026-04-08,DET,away,595879,Javier Báez,4,1,2,1,0,0,0,0,0,0
823726,2026-04-08,DET,away,805808,Kevin McGonigle,5,1,1,0,0,0,0,0,0,0
823726,2026-04-08,DET,away,681481,Kerry Carpenter,2,0,1,0,0,0,1,1,0,0
823726,2026-04-08,DET,away,679529,Spencer Torkelson,1,0,0,0,0,0,0,0,0,0
823726,2026-04-08,DET,away,650402,Gleyber Torres,5,2,2,1,0,0,2,0,1,0
823726,2026-04-08,DET,away,663837,Matt Vierling,2,0,0,0,0,0,0,0,0,0
823726,2026-04-08,DET,away,678009,Parker Meadows,3,0,1,0,0,0,0,0,1,0
823726,2026-04-08,DET,away,693307,Dillon Dingler,4,0,3,0,0,0,1,0,0,0
823726,2026-04-08,DET,away,690993,Colt Keith,3,1,1,1,0,0,0,0,1,0
823884,2026-04-09,MIA,home,665052,Griffin Conine,2,0,0,0,0,0,0,0,0,0
823884,2026-04-09,MIA,home,681715,Heriberto Hernández,2,0,0,0,0,0,0,0,0,0
823884,2026-04-09,MIA,home,805300,Jakob Marsee,4,1,0,0,0,0,0,1,0,1
823884,2026-04-09,MIA,home,691594,Javier Sanoja,4,0,3,0,0,0,2,0,1,0
823884,2026-04-09,MIA,home,669364,Xavier Edwards,3,1,1,0,1,0,0,2,1,0
823884,2026-04-09,MIA,home,688363,Graham Pauley,4,1,1,1,0,0,0,0,2,1
823884,2026-04-09,MIA,home,689414,Liam Hicks,4,1,1,0,0,0,0,1,0,0
823884,2026-04-09,MIA,home,683357,Owen Caissie,4,2,3,2,0,0,3,0,1,0
823884,2026-04-09,MIA,home,682663,Agustín Ramírez,5,1,2,0,0,0,2,0,0,0
823884,2026-04-09,MIA,home,672640,Otto Lopez,3,1,1,1,0,0,0,1,0,0
823884,2026-04-09,CIN,away,682829,Elly De La Cruz,5,0,1,0,0,0,0,0,3,0
823884,2026-04-09,CIN,away,667472,Dane Myers,4,0,1,0,0,0,0,0,0,0
823884,2026-04-09,CIN,away,701398,Sal Stewart,3,1,1,0,0,1,1,1,1,0
823884,2026-04-09,CIN,away,663993,Nathaniel Lowe,3,0,0,0,0,0,0,1,1,0
823884,2026-04-09,CIN,away,680574,Matt McLain,5,0,2,0,0,0,0,0,1,0
823884,2026-04-09,CIN,away,666181,Will Benson,0,0,0,0,0,0,0,1,0,0
823884,2026-04-09,CIN,away,670770,TJ Friedl,5,0,0,0,0,0,0,0,2,0
823884,2026-04-09,CIN,away,664731,P.J. Higgins,3,0,0,0,0,0,0,0,1,0
823884,2026-04-09,CIN,away,668715,Spencer Steer,4,0,2,1,0,0,0,0,0,0
823884,2026-04-09,CIN,away,553993,Eugenio Suárez,3,0,0,0,0,0,0,1,0,0
823565,2026-04-09,NYY,home,621112,Paul Blackburn,0,0,0,0,0,0,0,0,0,0
823565,2026-04-09,NYY,home,676609,José Caballero,2,0,0,0,0,0,0,0,0,1
823565,2026-04-09,NYY,home,545341,Randal Grichuk,3,0,0,0,0,0,0,0,3,0
823565,2026-04-09,NYY,home,642708,Amed Rosario,2,0,0,0,0,0,0,2,0,0
823565,2026-04-09,NYY,home,592450,Aaron Judge,4,0,0,0,0,0,0,0,1,0
823565,2026-04-09,NYY,home,641857,Ryan McMahon,3,0,0,0,0,0,0,0,1,0
823565,2026-04-09,NYY,home,669224,Austin Wells,3,0,0,0,0,0,0,0,1,0
823565,2026-04-09,NYY,home,700250,Ben Rice,4,0,1,0,0,0,0,0,1,1
823565,2026-04-09,NYY,home,641355,Cody Bellinger,4,0,0,0,0,0,0,0,0,0
823565,2026-04-09,NYY,home,519317,Giancarlo Stanton,2,0,0,0,0,0,0,1,0,0
823565,2026-04-09,NYY,home,665862,Jazz Chisholm Jr.,1,0,0,0,0,0,0,0,0,1
823565,2026-04-09,NYY,home,663757,Trent Grisham,1,0,0,0,0,0,0,0,1,0
823565,2026-04-09,OAK,away,671732,Lawrence Butler,3,0,1,0,0,0,0,0,1,0
823565,2026-04-09,OAK,away,667670,Brent Rooker,1,0,0,0,0,0,0,0,1,0
823565,2026-04-09,OAK,away,643446,Jeff McNeil,1,0,0,0,0,0,0,0,0,0
823565,2026-04-09,OAK,away,642851,Austin Wynns,3,0,0,0,0,0,0,0,1,0
823565,2026-04-09,OAK,away,691777,Max Muncy,4,1,2,1,1,0,0,0,1,0
823565,2026-04-09,OAK,away,672016,Denzel Clarke,3,0,0,0,0,0,0,0,0,0
823565,2026-04-09,OAK,away,691016,Tyler Soderstrom,4,0,1,0,0,0,1,0,2,0
823565,2026-04-09,OAK,away,687231,Darell Hernaiz,3,0,1,0,0,0,0,0,0,0
823565,2026-04-09,OAK,away,701762,Nick Kurtz,4,0,2,0,0,0,0,0,2,0
823565,2026-04-09,OAK,away,628451,Andy Ibáñez,3,0,0,0,0,0,0,0,0,0
823565,2026-04-09,OAK,away,805779,Jacob Wilson,4,0,1,0,0,0,0,0,0,0
823724,2026-04-09,MIN,home,605170,Victor Caratini,4,1,1,0,0,0,0,0,0,0
823724,2026-04-09,MIN,home,665019,Kody Clemens,2,0,0,0,0,0,0,2,1,1
823724,2026-04-09,MIN,home,686797,Brooks Lee,1,0,1,0,0,0,2,0,0,0
823724,2026-04-09,MIN,home,668885,Austin Martin,1,0,1,0,0,0,0,0,0,0
823724,2026-04-09,MIN,home,656484,Tristan Gray,2,0,1,0,0,0,0,0,0,0
823724,2026-04-09,MIN,home,605137,Josh Bell,4,1,3,0,0,1,1,0,0,0
823724,2026-04-09,MIN,home,681546,James Outman,2,0,0,0,0,0,0,0,1,0
823724,2026-04-09,MIN,home,668904,Royce Lewis,4,0,1,0,0,0,0,0,1,0
823724,2026-04-09,MIN,home,663616,Trevor Larnach,3,0,0,0,0,0,0,1,2,0
823724,2026-04-09,MIN,home,621439,Byron Buxton,3,0,0,0,0,0,0,1,2,0
823724,2026-04-09,MIN,home,670242,Matt Wallner,3,1,1,0,0,0,0,1,1,0
823724,2026-04-09,MIN,home,807712,Luke Keaschall,2,0,0,0,0,0,0,0,1,0
823724,2026-04-09,DET,away,656716,Zach McKinstry,3,0,0,0,0,0,0,1,1,0
823724,2026-04-09,DET,away,682985,Riley Greene,4,0,1,1,0,0,0,0,2,0
823724,2026-04-09,DET,away,595879,Javier Báez,4,0,2,1,0,0,0,0,0,0
823724,2026-04-09,DET,away,805808,Kevin McGonigle,1,0,0,0,0,0,0,0,0,0
823724,2026-04-09,DET,away,681481,Kerry Carpenter,4,0,0,0,0,0,0,0,2,0
823724,2026-04-09,DET,away,679529,Spencer Torkelson,3,0,0,0,0,0,0,1,0,0
823724,2026-04-09,DET,away,650402,Gleyber Torres,3,0,1,0,0,0,1,0,1,0
823724,2026-04-09,DET,away,668670,Jake Rogers,2,1,0,0,0,0,0,0,1,0
823724,2026-04-09,DET,away,678009,Parker Meadows,3,0,0,0,0,0,0,0,1,0
823724,2026-04-09,DET,away,693307,Dillon Dingler,1,0,0,0,0,0,0,0,1,0
823724,2026-04-09,DET,away,690993,Colt Keith,3,0,1,0,0,0,0,1,0,0
823645,2026-04-09,NYM,home,620443,Luis Torrens,4,0,0,0,0,0,0,0,0,0
823645,2026-04-09,NYM,home,666182,Bo Bichette,3,0,1,0,0,0,0,1,0,0
823645,2026-04-09,NYM,home,621438,Tyrone Taylor,2,0,1,1,0,0,0,0,0,0
823645,2026-04-09,NYM,home,682626,Francisco Alvarez,4,0,0,0,0,0,0,0,1,0
823645,2026-04-09,NYM,home,668901,Mark Vientos,4,0,0,0,0,0,0,0,1,0
823645,2026-04-09,NYM,home,683146,Brett Baty,4,0,1,0,0,0,0,0,1,1
823645,2026-04-09,NYM,home,543760,Marcus Semien,4,0,1,0,0,0,0,0,1,0
823645,2026-04-09,NYM,home,596019,Francisco Lindor,4,0,1,0,0,0,0,0,0,0
823645,2026-04-09,NYM,home,673357,Luis Robert Jr.,3,1,1,0,0,1,1,1,2,0
823645,2026-04-09,NYM,home,676724,Jared Young,1,0,0,0,0,0,0,0,0,0
823645,2026-04-09,ARI,away,694374,Tim Tawa,3,0,1,0,0,0,1,0,1,0
823645,2026-04-09,ARI,away,680728,Adrian Del Castillo,4,1,1,1,0,0,1,0,2,0
823645,2026-04-09,ARI,away,606466,Ketel Marte,5,0,0,0,0,0,0,0,1,0
823645,2026-04-09,ARI,away,545121,Ildemaro Vargas,4,1,1,1,0,0,0,1,1,0
823645,2026-04-09,ARI,away,672695,Geraldo Perdomo,2,2,0,0,0,0,0,2,0,0
823645,2026-04-09,ARI,away,699912,Jose Fernandez,4,1,2,1,0,0,1,0,0,0
823645,2026-04-09,ARI,away,672515,Gabriel Moreno,2,1,2,2,0,0,2,0,0,0
823645,2026-04-09,ARI,away,543510,James McCann,2,0,0,0,0,0,0,0,2,0
823645,2026-04-09,ARI,away,678489,Jorge Barrosa,4,0,1,0,1,0,1,0,1,0
823645,2026-04-09,ARI,away,677950,Alek Thomas,4,1,0,0,0,0,1,0,1,0
824130,2026-04-09,KC,home,695600,Carter Jensen,1,0,0,0,0,0,0,0,1,0
824130,2026-04-09,KC,home,663697,Jonathan India,3,0,0,0,0,0,0,1,0,0
824130,2026-04-09,KC,home,686555,Isaac Collins,3,0,0,0,0,0,0,1,0,0
824130,2026-04-09,KC,home,521692,Salvador Perez,3,0,0,0,0,0,0,0,1,0
824130,2026-04-09,KC,home,686681,Michael Massey,0,0,0,0,0,0,0,0,0,0
824130,2026-04-09,KC,home,686469,Vinnie Pasquantino,4,0,0,0,0,0,0,0,2,0
824130,2026-04-09,KC,home,664728,Kyle Isbel,4,0,0,0,0,0,0,0,3,0
824130,2026-04-09,KC,home,672580,Maikel Garcia,4,0,2,0,0,0,0,1,1,0
824130,2026-04-09,KC,home,657041,Lane Thomas,3,0,1,0,0,0,0,0,0,0
824130,2026-04-09,KC,home,695506,Jac Caglianone,2,0,0,0,0,0,0,1,2,0
824130,2026-04-09,KC,home,677951,Bobby Witt Jr.,5,0,2,1,0,0,0,0,1,1
824130,2026-04-09,CWS,away,671976,Tristan Peters,3,0,0,0,0,0,0,0,1,0
824130,2026-04-09,CWS,away,682668,Luisangel Acuña,3,0,0,0,0,0,1,0,0,0
824130,2026-04-09,CWS,away,808959,Munetaka Murakami,2,1,0,0,0,0,0,2,0,0
824130,2026-04-09,CWS,away,687957,Dustin Harris,3,0,1,0,0,0,0,1,1,0
824130,2026-04-09,CWS,away,805367,Chase Meidroth,4,0,1,0,0,0,0,0,1,0
824130,2026-04-09,CWS,away,695657,Colson Montgomery,4,0,1,1,0,0,1,0,0,0
824130,2026-04-09,CWS,away,700337,Edgar Quero,4,0,2,0,0,0,0,0,0,0
824130,2026-04-09,CWS,away,643217,Andrew Benintendi,3,1,0,0,0,0,0,1,2,0
824130,2026-04-09,CWS,away,656537,Derek Hill,0,0,0,0,0,0,0,0,0,0
824130,2026-04-09,CWS,away,678246,Miguel Vargas,3,0,0,0,0,0,0,1,0,0
823319,2026-04-09,SD,home,669134,Luis Campusano,1,0,1,1,0,0,1,0,0,0
823319,2026-04-09,SD,home,666023,Freddy Fermin,3,1,1,0,0,0,0,0,0,0
823319,2026-04-09,SD,home,592206,Nick Castellanos,5,0,0,0,0,0,0,0,2,0
823319,2026-04-09,SD,home,701538,Jackson Merrill,4,1,0,0,0,0,0,2,0,0
823319,2026-04-09,SD,home,657757,Gavin Sheets,5,0,2,1,0,0,0,0,1,0
823319,2026-04-09,SD,home,657656,Ramón Laureano,1,0,0,0,0,0,0,0,1,0
823319,2026-04-09,SD,home,592518,Manny Machado,4,1,1,0,0,0,1,1,1,1
823319,2026-04-09,SD,home,609280,Miguel Andujar,1,0,0,0,0,0,0,0,0,0
823319,2026-04-09,SD,home,665487,Fernando Tatis Jr.,3,0,1,0,0,0,1,1,1,0
823319,2026-04-09,SD,home,664034,Ty France,3,0,0,0,0,0,0,1,0,0
823319,2026-04-09,SD,home,669369,Bryce Johnson,0,0,0,0,0,0,0,0,0,0
823319,2026-04-09,SD,home,593428,Xander Bogaerts,6,2,2,0,0,1,4,0,1,2
823319,2026-04-09,SD,home,630105,Jake Cronenworth,5,2,1,0,0,0,0,1,0,0
823319,2026-04-09,COL,away,666160,Mickey Moniak,3,0,0,0,0,0,0,0,1,0
823319,2026-04-09,COL,away,664983,Jake McCarthy,3,0,1,0,0,0,0,0,1,0
823319,2026-04-09,COL,away,687859,Troy Johnston,4,0,0,0,0,0,0,1,2,0
823319,2026-04-09,COL,away,650489,Willi Castro,5,1,0,0,0,0,0,0,5,0
823319,2026-04-09,COL,away,671289,Tyler Freeman,2,0,1,0,0,0,1,0,0,0
823319,2026-04-09,COL,away,666397,Edouard Julien,3,0,2,0,0,0,0,0,1,0
823319,2026-04-09,COL,away,696100,Hunter Goodman,2,0,0,0,0,0,0,0,1,0
823319,2026-04-09,COL,away,664954,Brett Sullivan,2,0,1,1,0,0,1,0,0,0
823319,2026-04-09,COL,away,686668,Brenton Doyle,4,1,2,0,0,1,1,1,0,0
823319,2026-04-09,COL,away,678662,Ezequiel Tovar,5,0,2,2,0,0,0,0,1,0
823319,2026-04-09,COL,away,681198,TJ Rumfield,5,0,0,0,0,0,0,0,2,0
823319,2026-04-09,COL,away,691720,Kyle Karros,3,1,1,0,0,0,0,0,0,0
824695,2026-04-10,CHC,home,664023,Ian Happ,3,0,2,0,0,0,0,1,0,0
824695,2026-04-10,CHC,home,664068,Scott Kingery,0,0,0,0,0,0,0,0,0,0
824695,2026-04-10,CHC,home,608324,Alex Bregman,4,0,1,0,0,0,0,0,0,0
824695,2026-04-10,CHC,home,683737,Michael Busch,5,0,0,0,0,0,0,0,2,0
824695,2026-04-10,CHC,home,608348,Carson Kelly,1,0,1,0,0,0,0,3,0,0
824695,2026-04-10,CHC,home,691718,Pete Crow-Armstrong,4,0,0,0,0,0,0,0,1,0
824695,2026-04-10,CHC,home,665804,Miguel Amaya,0,0,0,0,0,0,0,0,0,0
824695,2026-04-10,CHC,home,694208,Moisés Ballesteros,2,0,0,0,0,0,0,0,0,0
824695,2026-04-10,CHC,home,673548,Seiya Suzuki,3,0,1,0,0,0,0,1,1,0
824695,2026-04-10,CHC,home,621020,Dansby Swanson,3,0,0,0,0,0,0,1,1,0
824695,2026-04-10,CHC,home,663538,Nico Hoerner,4,0,1,0,0,0,0,1,0,0
824695,2026-04-10,CHC,home,807713,Matt Shaw,2,0,0,0,0,0,0,0,1,0
824695,2026-04-10,PIT,away,694377,Nick Yorke,4,0,0,0,0,0,0,0,1,0
824695,2026-04-10,PIT,away,668804,Bryan Reynolds,4,1,1,0,0,1,2,0,1,0
824695,2026-04-10,PIT,away,663698,Joey Bart,2,0,0,0,0,0,0,0,2,0
824695,2026-04-10,PIT,away,665833,Oneil Cruz,2,0,1,0,0,0,0,1,1,1
824695,2026-04-10,PIT,away,663968,Jake Mangum,0,0,0,0,0,0,0,0,0,0
824695,2026-04-10,PIT,away,695257,Billy Cook,3,0,0,0,0,0,0,0,2,0
824695,2026-04-10,PIT,away,804606,Konnor Griffin,3,0,0,0,0,0,0,0,1,0
824695,2026-04-10,PIT,away,656811,Ryan O'Hearn,4,1,1,0,0,0,0,0,0,0
824695,2026-04-10,PIT,away,542303,Marcell Ozuna,4,0,0,0,0,0,0,0,2,0
824695,2026-04-10,PIT,away,693304,Nick Gonzales,3,0,0,0,0,0,0,0,1,0
823482,2026-04-10,PHI,home,669016,Brandon Marsh,4,1,1,0,0,1,3,0,3,0
823482,2026-04-10,PHI,home,702222,Justin Crawford,2,0,1,0,1,0,0,1,1,0
823482,2026-04-10,PHI,home,547180,Bryce Harper,4,1,2,1,0,0,1,0,1,1
823482,2026-04-10,PHI,home,592663,J.T. Realmuto,4,0,1,1,0,0,0,0,1,0
823482,2026-04-10,PHI,home,664761,Alec Bohm,4,0,0,0,0,0,0,0,3,0
823482,2026-04-10,PHI,home,681082,Bryson Stott,3,0,1,0,0,0,0,0,1,1
823482,2026-04-10,PHI,home,656941,Kyle Schwarber,3,1,0,0,0,0,0,1,2,0
823482,2026-04-10,PHI,home,666969,Adolis García,4,0,0,0,0,0,0,0,2,0
823482,2026-04-10,PHI,home,607208,Trea Turner,5,1,1,0,0,0,0,0,2,0
823482,2026-04-10,ARI,away,694374,Tim Tawa,3,1,0,0,0,0,0,1,0,0
823482,2026-04-10,ARI,away,571448,Nolan Arenado,4,0,0,0,0,0,0,0,1,0
823482,2026-04-10,ARI,away,606466,Ketel Marte,4,1,1,0,0,0,2,1,2,0
823482,2026-04-10,ARI,away,545121,Ildemaro Vargas,4,1,1,0,0,0,1,0,2,0
823482,2026-04-10,ARI,away,672695,Geraldo Perdomo,3,0,1,0,0,0,0,1,2,1
823482,2026-04-10,ARI,away,699912,Jose Fernandez,4,1,1,0,0,0,0,0,1,0
823482,2026-04-10,ARI,away,672515,Gabriel Moreno,1,0,0,0,0,0,0,0,0,0
823482,2026-04-10,ARI,away,543510,James McCann,2,0,1,1,0,0,2,0,0,0
823482,2026-04-10,ARI,away,677950,Alek Thomas,4,1,1,0,0,0,0,0,0,0
823482,2026-04-10,ARI,away,678489,Jorge Barrosa,4,0,1,0,0,0,0,0,2,0
824297,2026-04-10,DET,home,656716,Zach McKinstry,0,0,0,0,0,0,0,0,0,0
824297,2026-04-10,DET,home,682985,Riley Greene,4,0,1,0,0,0,0,0,1,0
824297,2026-04-10,DET,home,595879,Javier Báez,3,1,1,0,0,1,1,0,1,0
824297,2026-04-10,DET,home,805808,Kevin McGonigle,3,0,1,0,0,0,0,1,1,0
824297,2026-04-10,DET,home,681481,Kerry Carpenter,4,0,1,0,0,0,0,0,2,0
824297,2026-04-10,DET,home,679529,Spencer Torkelson,3,0,1,0,0,0,1,0,1,0
824297,2026-04-10,DET,home,650402,Gleyber Torres,4,0,0,0,0,0,0,0,1,0
824297,2026-04-10,DET,home,693307,Dillon Dingler,3,1,1,0,0,0,0,0,0,0
824297,2026-04-10,DET,home,690993,Colt Keith,4,0,2,0,0,0,0,0,0,0
824297,2026-04-10,DET,home,672761,Wenceel Pérez,3,0,0,0,0,0,0,0,0,0
824297,2026-04-10,MIA,away,805300,Jakob Marsee,4,0,0,0,0,0,0,0,2,0
824297,2026-04-10,MIA,away,691594,Javier Sanoja,3,0,0,0,0,0,0,0,1,0
824297,2026-04-10,MIA,away,669364,Xavier Edwards,4,0,1,0,1,0,0,0,2,0
824297,2026-04-10,MIA,away,688363,Graham Pauley,3,0,0,0,0,0,0,0,0,0
824297,2026-04-10,MIA,away,689414,Liam Hicks,3,0,0,0,0,0,0,0,0,0
824297,2026-04-10,MIA,away,683357,Owen Caissie,2,0,0,0,0,0,0,1,2,0
824297,2026-04-10,MIA,away,682663,Agustín Ramírez,4,0,0,0,0,0,0,0,1,0
824297,2026-04-10,MIA,away,681393,Connor Norby,2,0,1,1,0,0,0,1,1,0
824297,2026-04-10,MIA,away,672640,Otto Lopez,3,0,0,0,0,0,0,0,0,0
824534,2026-04-10,CIN,home,682829,Elly De La Cruz,3,1,1,0,0,1,1,1,0,0
824534,2026-04-10,CIN,home,701398,Sal Stewart,3,0,0,0,0,0,0,1,0,0
824534,2026-04-10,CIN,home,682622,Noelvi Marte,1,0,0,0,0,0,0,0,1,0
824534,2026-04-10,CIN,home,663993,Nathaniel Lowe,0,0,0,0,0,0,0,0,0,0
824534,2026-04-10,CIN,home,680574,Matt McLain,4,0,0,0,0,0,0,0,0,0
824534,2026-04-10,CIN,home,663647,Ke'Bryan Hayes,3,0,0,0,0,0,0,1,0,0
824534,2026-04-10,CIN,home,666181,Will Benson,2,1,0,0,0,0,0,1,1,0
824534,2026-04-10,CIN,home,670770,TJ Friedl,4,0,0,0,0,0,1,0,1,0
824534,2026-04-10,CIN,home,668715,Spencer Steer,4,0,0,0,0,0,0,0,0,0
824534,2026-04-10,CIN,home,663886,Tyler Stephenson,3,0,1,0,0,0,0,1,0,0
824534,2026-04-10,CIN,home,553993,Eugenio Suárez,4,0,2,0,0,0,0,0,1,0
824534,2026-04-10,LAA,away,624428,Adam Frazier,2,2,1,0,0,0,1,3,0,0
824534,2026-04-10,LAA,away,672724,Oswald Peraza,0,0,0,0,0,0,0,1,0,0
824534,2026-04-10,LAA,away,687263,Zach Neto,5,2,2,0,0,1,2,0,1,0
824534,2026-04-10,LAA,away,624585,Jorge Soler,5,2,2,1,0,1,4,0,2,0
824534,2026-04-10,LAA,away,660162,Yoán Moncada,2,1,2,0,1,0,1,2,0,0
824534,2026-04-10,LAA,away,545361,Mike Trout,4,1,0,0,0,0,1,1,0,0
824534,2026-04-10,LAA,away,666176,Jo Adell,5,0,0,0,0,0,0,0,1,0
824534,2026-04-10,LAA,away,694384,Nolan Schanuel,5,0,0,0,0,0,0,0,2,0
824534,2026-04-10,LAA,away,666139,Josh Lowe,5,1,2,0,0,1,1,0,1,0
824534,2026-04-10,LAA,away,669326,Bryce Teodosio,0,0,0,0,0,0,0,0,0,0
824534,2026-04-10,LAA,away,681351,Logan O'Hoppe,4,1,1,0,0,0,0,1,0,0
822829,2026-04-10,TOR,home,676391,Ernie Clement,4,1,2,1,0,0,1,0,0,0
822829,2026-04-10,TOR,home,662139,Daulton Varsho,5,1,2,1,0,1,1,0,1,0
822829,2026-04-10,TOR,home,665926,Andrés Giménez,3,1,1,0,0,0,1,0,0,0
822829,2026-04-10,TOR,home,678218,Brandon Valenzuela,4,2,2,0,0,1,2,0,1,0
822829,2026-04-10,TOR,home,676914,Davis Schneider,3,2,2,1,0,0,2,1,1,0
822829,2026-04-10,TOR,home,543807,George Springer,4,0,1,1,0,0,1,1,0,0
822829,2026-04-10,TOR,home,665489,Vladimir Guerrero Jr.,5,2,3,2,0,0,1,0,0,1
822829,2026-04-10,TOR,home,660821,Jesús Sánchez,4,1,1,1,0,0,1,0,1,0
822829,2026-04-10,TOR,home,664702,Myles Straw,1,0,0,0,0,0,0,0,0,0
822829,2026-04-10,TOR,home,672960,Kazuma Okamoto,4,0,0,0,0,0,0,0,0,0
822829,2026-04-10,MIN,away,605170,Victor Caratini,2,0,0,0,0,0,0,1,1,0
822829,2026-04-10,MIN,away,686797,Brooks Lee,3,1,1,0,0,1,1,0,2,0
822829,2026-04-10,MIN,away,668885,Austin Martin,4,1,2,1,0,0,0,1,1,1
822829,2026-04-10,MIN,away,656484,Tristan Gray,3,0,0,0,0,0,0,0,2,0
822829,2026-04-10,MIN,away,605137,Josh Bell,4,0,0,0,0,0,0,0,1,0
822829,2026-04-10,MIN,away,680777,Ryan Jeffers,3,1,3,0,0,1,3,0,0,0
822829,2026-04-10,MIN,away,621439,Byron Buxton,5,0,0,0,0,0,0,0,3,0
822829,2026-04-10,MIN,away,670242,Matt Wallner,4,0,0,0,0,0,0,0,2,0
822829,2026-04-10,MIN,away,807712,Luke Keaschall,4,1,1,0,0,0,0,0,0,0
823643,2026-04-10,NYM,home,666182,Bo Bichette,4,0,1,0,0,0,0,0,2,0
823643,2026-04-10,NYM,home,682626,Francisco Alvarez,2,0,1,0,0,0,0,1,1,0
823643,2026-04-10,NYM,home,683146,Brett Baty,4,0,0,0,0,0,0,0,2,0
823643,2026-04-10,NYM,home,701807,Carson Benge,3,0,1,0,0,0,0,0,1,0
823643,2026-04-10,NYM,home,543760,Marcus Semien,4,0,0,0,0,0,0,0,0,0
823643,2026-04-10,NYM,home,596019,Francisco Lindor,4,0,1,0,0,0,0,0,1,0
823643,2026-04-10,NYM,home,677595,Ronny Mauricio,3,0,0,0,0,0,0,0,2,0
823643,2026-04-10,NYM,home,676724,Jared Young,4,0,1,0,0,0,0,0,1,0
823643,2026-04-10,NYM,home,673357,Luis Robert Jr.,4,0,1,0,0,0,0,0,0,0
823643,2026-04-10,OAK,away,671732,Lawrence Butler,4,0,0,0,0,0,0,1,0,0
823643,2026-04-10,OAK,away,680869,Zack Gelof,0,1,0,0,0,0,0,0,0,0
823643,2026-04-10,OAK,away,643446,Jeff McNeil,4,0,2,1,0,0,1,0,0,0
823643,2026-04-10,OAK,away,666126,Carlos Cortes,4,1,1,0,0,0,0,0,0,0
823643,2026-04-10,OAK,away,691777,Max Muncy,4,1,1,1,0,0,0,0,2,0
823643,2026-04-10,OAK,away,672016,Denzel Clarke,4,0,1,0,0,0,2,0,1,0
823643,2026-04-10,OAK,away,691016,Tyler Soderstrom,4,0,0,0,0,0,0,0,0,0
823643,2026-04-10,OAK,away,701762,Nick Kurtz,2,0,0,0,0,0,0,2,1,0
823643,2026-04-10,OAK,away,669127,Shea Langeliers,4,0,1,0,0,0,1,0,0,0
823643,2026-04-10,OAK,away,805779,Jacob Wilson,4,1,3,0,0,0,0,0,0,0
822997,2026-04-10,TB,home,670764,Taylor Walls,2,2,1,0,0,0,0,0,0,0
822997,2026-04-10,TB,home,802415,Chandler Simpson,5,0,1,0,0,0,2,0,1,0
822997,2026-04-10,TB,home,676356,Jonny DeLuca,4,0,0,0,0,0,0,0,0,0
822997,2026-04-10,TB,home,666018,Jonathan Aranda,4,1,0,0,0,0,1,1,1,0
822997,2026-04-10,TB,home,663743,Nick Fortes,4,0,2,0,0,0,0,0,1,0
822997,2026-04-10,TB,home,650490,Yandy Díaz,4,1,2,0,0,1,2,0,0,0
822997,2026-04-10,TB,home,810938,Ben Williamson,2,1,1,1,0,0,0,2,1,1
822997,2026-04-10,TB,home,691406,Junior Caminero,4,0,1,0,0,0,0,1,1,0
822997,2026-04-10,TB,home,656775,Cedric Mullins,3,0,1,0,0,0,0,1,0,0
822997,2026-04-10,NYY,away,676609,José Caballero,3,0,0,0,0,0,0,0,2,0
822997,2026-04-10,NYY,away,642708,Amed Rosario,4,0,2,0,1,0,1,0,1,0
822997,2026-04-10,NYY,away,545341,Randal Grichuk,4,0,0,0,0,0,0,0,2,0
822997,2026-04-10,NYY,away,592450,Aaron Judge,4,1,1,0,0,0,0,0,2,1
822997,2026-04-10,NYY,away,502671,Paul Goldschmidt,1,0,0,0,0,0,0,1,1,0
822997,2026-04-10,NYY,away,669224,Austin Wells,3,0,0,0,0,0,0,0,0,0
822997,2026-04-10,NYY,away,700250,Ben Rice,1,1,1,0,0,1,1,0,0,0
822997,2026-04-10,NYY,away,641355,Cody Bellinger,3,0,0,0,0,0,1,0,2,0
822997,2026-04-10,NYY,away,519317,Giancarlo Stanton,3,1,1,0,0,0,0,1,1,0
822997,2026-04-10,NYY,away,665862,Jazz Chisholm Jr.,4,0,0,0,0,0,0,0,1,1
822997,2026-04-10,NYY,away,663757,Trent Grisham,1,0,0,0,0,0,0,0,0,0
824858,2026-04-10,BAL,home,669236,Jeremiah Jackson,4,1,1,0,0,0,0,0,1,0
824858,2026-04-10,BAL,home,694212,Samuel Basallo,3,0,0,0,0,0,0,1,0,0
824858,2026-04-10,BAL,home,683002,Gunnar Henderson,4,1,1,0,0,1,2,1,0,0
824858,2026-04-10,BAL,home,665750,Leody Taveras,4,0,2,1,0,0,1,0,0,0
824858,2026-04-10,BAL,home,621493,Taylor Ward,5,0,1,1,0,0,0,0,1,0
824858,2026-04-10,BAL,home,687637,Dylan Beavers,2,1,0,0,0,0,0,1,0,0
824858,2026-04-10,BAL,home,663624,Ryan Mountcastle,1,0,0,0,0,0,0,0,0,0
824858,2026-04-10,BAL,home,668939,Adley Rutschman,5,0,3,2,0,0,0,0,0,0
824858,2026-04-10,BAL,home,677942,Blaze Alexander,4,0,0,0,0,0,0,0,2,0
824858,2026-04-10,BAL,home,624413,Pete Alonso,3,0,0,0,0,0,0,1,2,0
824858,2026-04-10,BAL,home,681297,Colton Cowser,0,0,0,0,0,0,0,0,0,0
824858,2026-04-10,SF,away,669477,Casey Schmitt,5,2,3,3,0,0,1,0,2,0
824858,2026-04-10,SF,away,671218,Heliot Ramos,4,1,1,0,0,0,1,0,1,0
824858,2026-04-10,SF,away,672275,Patrick Bailey,4,0,1,0,0,0,0,0,0,0
824858,2026-04-10,SF,away,656305,Matt Chapman,4,1,2,0,0,0,0,1,0,0
824858,2026-04-10,SF,away,808982,Jung Hoo Lee,4,1,2,1,0,1,2,0,1,0
824858,2026-04-10,SF,away,646240,Rafael Devers,5,0,1,0,0,0,0,0,0,0
824858,2026-04-10,SF,away,664056,Harrison Bader,4,0,0,0,0,0,0,0,1,0
824858,2026-04-10,SF,away,642715,Willy Adames,5,1,2,1,0,1,2,0,1,0
824858,2026-04-10,SF,away,650333,Luis Arraez,3,0,0,0,0,0,0,2,0,0
824941,2026-04-10,ATL,home,671739,Michael Harris II,4,1,2,0,0,1,2,0,1,0
824941,2026-04-10,ATL,home,643289,Mauricio Dubón,4,1,2,1,0,0,0,0,0,0
824941,2026-04-10,ATL,home,686948,Drake Baldwin,5,2,2,1,0,0,1,0,1,0
824941,2026-04-10,ATL,home,621566,Matt Olson,4,2,1,0,0,1,2,1,0,0
824941,2026-04-10,ATL,home,642086,Dominic Smith,4,2,3,0,0,0,2,0,0,0
824941,2026-04-10,ATL,home,660670,Ronald Acuña Jr.,5,1,2,0,0,1,2,0,0,0
824941,2026-04-10,ATL,home,645277,Ozzie Albies,4,0,1,0,0,0,1,0,1,0
824941,2026-04-10,ATL,home,663586,Austin Riley,4,1,2,0,0,0,1,1,0,0
824941,2026-04-10,ATL,home,573262,Mike Yastrzemski,4,1,0,0,0,0,0,1,2,0
824941,2026-04-10,CLE,away,800050,Chase DeLauter,4,1,1,1,0,0,0,1,0,0
824941,2026-04-10,CLE,away,677587,Brayan Rocchio,3,0,0,0,0,0,0,1,0,0
824941,2026-04-10,CLE,away,666310,Bo Naylor,3,0,0,0,0,0,0,0,0,0
824941,2026-04-10,CLE,away,681807,David Fry,0,0,0,0,0,0,0,1,0,0
824941,2026-04-10,CLE,away,608070,José Ramírez,4,0,0,0,0,0,0,1,1,0
824941,2026-04-10,CLE,away,680757,Steven Kwan,4,0,2,0,0,0,0,1,1,0
824941,2026-04-10,CLE,away,682877,Juan Brito,4,1,1,0,0,0,0,0,0,0
824941,2026-04-10,CLE,away,682657,Angel Martínez,4,1,2,0,0,0,2,0,0,1
824941,2026-04-10,CLE,away,700932,Kyle Manzardo,4,1,1,0,0,1,1,0,2,0
824941,2026-04-10,CLE,away,656555,Rhys Hoskins,4,1,1,0,0,0,1,0,1,0
824128,2026-04-10,KC,home,695600,Carter Jensen,3,1,1,0,0,1,1,0,1,0
824128,2026-04-10,KC,home,686555,Isaac Collins,3,0,1,0,0,0,0,0,1,0
824128,2026-04-10,KC,home,521692,Salvador Perez,3,0,1,0,0,0,0,0,0,0
824128,2026-04-10,KC,home,686681,Michael Massey,3,0,1,1,0,0,0,0,0,0
824128,2026-04-10,KC,home,686469,Vinnie Pasquantino,3,0,0,0,0,0,0,0,0,0
824128,2026-04-10,KC,home,664728,Kyle Isbel,2,0,0,0,0,0,0,1,0,0
824128,2026-04-10,KC,home,672580,Maikel Garcia,4,1,1,0,0,0,0,0,0,0
824128,2026-04-10,KC,home,695506,Jac Caglianone,3,0,1,1,0,0,0,0,1,0
824128,2026-04-10,KC,home,677951,Bobby Witt Jr.,4,0,1,1,0,0,1,0,0,0
824128,2026-04-10,CWS,away,672820,Lenyn Sosa,3,0,1,1,0,0,0,0,0,0
824128,2026-04-10,CWS,away,695020,Tanner Murray,3,0,0,0,0,0,0,0,2,0
824128,2026-04-10,CWS,away,682668,Luisangel Acuña,3,0,0,0,0,0,0,0,0,0
824128,2026-04-10,CWS,away,808959,Munetaka Murakami,4,0,0,0,0,0,0,0,3,0
824128,2026-04-10,CWS,away,805367,Chase Meidroth,4,0,0,0,0,0,0,0,3,0
824128,2026-04-10,CWS,away,695657,Colson Montgomery,3,0,0,0,0,0,0,0,2,0
824128,2026-04-10,CWS,away,700337,Edgar Quero,3,0,0,0,0,0,0,0,0,0
824128,2026-04-10,CWS,away,656537,Derek Hill,3,0,1,0,0,0,0,0,1,1
824128,2026-04-10,CWS,away,678246,Miguel Vargas,3,0,0,0,0,0,0,1,0,0
823808,2026-04-10,MIL,home,650859,Luis Rengifo,3,0,0,0,0,0,0,1,2,0
823808,2026-04-10,MIL,home,592885,Christian Yelich,4,0,0,0,0,0,0,0,1,0
823808,2026-04-10,MIL,home,641343,Jake Bauers,3,1,2,0,0,1,3,1,0,0
823808,2026-04-10,MIL,home,686217,Sal Frelick,3,0,0,0,0,0,0,0,0,0
823808,2026-04-10,MIL,home,663604,Brandon Lockridge,1,0,0,0,0,0,0,0,0,0
823808,2026-04-10,MIL,home,669003,Garrett Mitchell,2,1,0,0,0,0,0,1,1,0
823808,2026-04-10,MIL,home,666152,David Hamilton,4,0,0,0,0,0,0,0,0,0
823808,2026-04-10,MIL,home,663368,Blake Perkins,3,0,0,0,0,0,0,1,1,0
823808,2026-04-10,MIL,home,661388,William Contreras,4,0,1,0,0,0,0,0,1,0
823808,2026-04-10,MIL,home,668930,Brice Turang,3,1,1,0,0,0,0,1,1,1
823808,2026-04-10,WSH,away,691781,Brady House,3,0,0,0,0,0,0,1,2,0
823808,2026-04-10,WSH,away,682928,CJ Abrams,3,1,2,1,0,0,1,0,0,0
823808,2026-04-10,WSH,away,683083,Nasim Nuñez,0,1,0,0,0,0,0,0,0,0
823808,2026-04-10,WSH,away,686452,Drew Millas,0,0,0,0,0,0,1,0,0,0
823808,2026-04-10,WSH,away,686894,Joey Wiemer,3,1,1,0,0,0,0,1,1,0
823808,2026-04-10,WSH,away,678391,Jorbit Vivas,3,1,0,0,0,0,1,0,0,0
823808,2026-04-10,WSH,away,678554,Curtis Mead,5,1,1,0,0,0,1,0,1,0
823808,2026-04-10,WSH,away,695734,Daylen Lile,5,0,1,0,0,0,0,0,0,1
823808,2026-04-10,WSH,away,695578,James Wood,5,1,4,2,0,0,1,0,1,0
823808,2026-04-10,WSH,away,696285,Jacob Young,1,0,1,1,0,0,1,0,0,0
823808,2026-04-10,WSH,away,660688,Keibert Ruiz,2,0,0,0,0,0,0,0,0,0
823808,2026-04-10,WSH,away,671277,Luis García Jr.,4,1,1,0,0,0,1,0,1,0
823076,2026-04-10,STL,home,691023,Jordan Walker,4,1,2,0,0,0,0,0,1,0
823076,2026-04-10,STL,home,701675,Nathan Church,0,0,0,0,0,0,0,0,0,0
823076,2026-04-10,STL,home,687363,Victor Scott II,2,0,1,0,0,0,1,1,0,0
823076,2026-04-10,STL,home,665877,José Fermín,3,0,1,0,0,0,1,0,2,0
823076,2026-04-10,STL,home,802139,JJ Wetherholt,3,0,0,0,0,0,0,2,1,0
823076,2026-04-10,STL,home,676475,Alec Burleson,5,0,0,0,0,0,0,0,1,0
823076,2026-04-10,STL,home,695336,Thomas Saggese,2,0,1,0,0,0,1,0,0,0
823076,2026-04-10,STL,home,602104,Ramón Urías,3,2,1,1,0,0,0,1,0,0
823076,2026-04-10,STL,home,686780,Pedro Pagés,4,0,1,1,0,0,0,0,1,0
823076,2026-04-10,STL,home,691026,Masyn Winn,0,0,0,0,0,0,0,1,0,0
823076,2026-04-10,STL,home,671056,Iván Herrera,4,0,1,0,0,0,0,1,3,0
823076,2026-04-10,BOS,away,575929,Willson Contreras,4,0,0,0,0,0,0,0,2,0
823076,2026-04-10,BOS,away,596115,Trevor Story,4,1,0,0,0,0,1,0,1,1
823076,2026-04-10,BOS,away,677800,Wilyer Abreu,4,0,2,0,0,0,0,0,0,0
823076,2026-04-10,BOS,away,702332,Caleb Durbin,3,0,0,0,0,0,0,0,1,0
823076,2026-04-10,BOS,away,665966,Carlos Narváez,3,0,0,0,0,0,0,0,1,0
823076,2026-04-10,BOS,away,680776,Jarren Duran,4,0,0,0,0,0,0,0,0,0
823076,2026-04-10,BOS,away,678882,Ceddanne Rafaela,3,0,1,1,0,0,0,0,0,0
823076,2026-04-10,BOS,away,807799,Masataka Yoshida,3,1,1,0,0,0,0,0,1,0
823076,2026-04-10,BOS,away,691785,Marcelo Mayer,4,0,1,0,0,0,0,0,1,1
823318,2026-04-10,SD,home,669134,Luis Campusano,2,1,2,1,0,1,1,1,0,0
823318,2026-04-10,SD,home,666023,Freddy Fermin,0,0,0,0,0,0,0,0,0,0
823318,2026-04-10,SD,home,701538,Jackson Merrill,4,1,1,0,0,0,0,0,1,0
823318,2026-04-10,SD,home,657757,Gavin Sheets,4,2,2,0,0,2,4,0,2,0
823318,2026-04-10,SD,home,657656,Ramón Laureano,3,0,1,0,0,0,0,1,1,0
823318,2026-04-10,SD,home,592518,Manny Machado,3,1,0,0,0,0,0,1,0,0
823318,2026-04-10,SD,home,609280,Miguel Andujar,3,0,0,0,0,0,0,0,1,0
823318,2026-04-10,SD,home,665487,Fernando Tatis Jr.,4,0,0,0,0,0,0,0,0,0
823318,2026-04-10,SD,home,669369,Bryce Johnson,0,0,0,0,0,0,0,0,0,0
823318,2026-04-10,SD,home,593428,Xander Bogaerts,4,0,0,0,0,0,0,0,0,0
823318,2026-04-10,SD,home,630105,Jake Cronenworth,3,0,0,0,0,0,0,0,1,0
823318,2026-04-10,COL,away,666160,Mickey Moniak,2,0,0,0,0,0,0,0,1,0
823318,2026-04-10,COL,away,650489,Willi Castro,4,0,1,0,0,0,0,0,1,1
823318,2026-04-10,COL,away,671289,Tyler Freeman,4,0,1,0,0,0,0,0,1,0
823318,2026-04-10,COL,away,666397,Edouard Julien,3,0,1,0,0,0,0,0,0,0
823318,2026-04-10,COL,away,696100,Hunter Goodman,1,1,1,0,0,0,1,0,0,0
823318,2026-04-10,COL,away,687597,Jordan Beck,1,0,1,0,0,0,1,1,0,1
823318,2026-04-10,COL,away,664954,Brett Sullivan,3,0,0,0,0,0,0,0,0,0
823318,2026-04-10,COL,away,686668,Brenton Doyle,4,1,1,0,0,0,0,0,2,0
823318,2026-04-10,COL,away,678662,Ezequiel Tovar,4,0,1,0,0,0,0,0,1,0
823318,2026-04-10,COL,away,681198,TJ Rumfield,4,0,1,0,0,0,0,0,1,0
823318,2026-04-10,COL,away,691720,Kyle Karros,3,0,0,0,0,0,0,0,0,0
823156,2026-04-10,SEA,home,647304,Josh Naylor,4,1,1,0,0,0,0,1,2,0
823156,2026-04-10,SEA,home,702284,Cole Young,3,1,1,0,0,0,0,2,1,0
823156,2026-04-10,SEA,home,641487,J.P. Crawford,3,1,1,0,0,0,1,2,1,0
823156,2026-04-10,SEA,home,668227,Randy Arozarena,4,1,2,0,0,1,3,0,1,0
823156,2026-04-10,SEA,home,686527,Dominic Canzone,4,1,1,1,0,0,1,1,2,0
823156,2026-04-10,SEA,home,663728,Cal Raleigh,3,1,0,0,0,0,1,2,0,0
823156,2026-04-10,SEA,home,677594,Julio Rodríguez,5,1,1,0,0,0,0,0,1,0
823156,2026-04-10,SEA,home,660844,Leo Rivas,2,1,1,0,0,0,0,2,0,0
823156,2026-04-10,SEA,home,670042,Luke Raley,4,1,1,1,0,0,1,0,2,0
823156,2026-04-10,HOU,away,670623,Isaac Paredes,2,1,1,0,0,0,0,0,0,0
823156,2026-04-10,HOU,away,701358,Cam Smith,4,0,0,0,0,0,0,0,0,0
823156,2026-04-10,HOU,away,514888,Jose Altuve,4,0,0,0,0,0,0,0,1,0
823156,2026-04-10,HOU,away,666211,Taylor Trammell,0,0,0,0,0,0,0,1,0,0
823156,2026-04-10,HOU,away,694388,Joey Loperfido,3,0,1,0,0,0,0,1,1,0
823156,2026-04-10,HOU,away,665161,Jeremy Peña,5,1,1,0,0,0,0,0,1,0
823156,2026-04-10,HOU,away,621043,Carlos Correa,4,1,1,0,0,0,0,0,1,0
823156,2026-04-10,HOU,away,572233,Christian Walker,3,1,0,0,0,0,0,1,1,0
823156,2026-04-10,HOU,away,543877,Christian Vázquez,3,1,2,1,0,0,3,0,1,0
823156,2026-04-10,HOU,away,670541,Yordan Alvarez,3,1,2,0,0,1,3,1,0,0
823968,2026-04-10,LAD,home,669257,Will Smith,5,0,1,0,0,0,0,0,2,0
823968,2026-04-10,LAD,home,663656,Kyle Tucker,4,0,1,0,0,0,0,1,1,0
823968,2026-04-10,LAD,home,571970,Max Muncy,5,5,4,0,0,3,3,0,0,0
823968,2026-04-10,LAD,home,518692,Freddie Freeman,4,0,0,0,0,0,0,1,2,0
823968,2026-04-10,LAD,home,808975,Hyeseong Kim,1,0,0,0,0,0,1,0,1,0
823968,2026-04-10,LAD,home,669289,Santiago Espinal,2,0,1,1,0,0,0,0,0,0
823968,2026-04-10,LAD,home,660271,Shohei Ohtani,4,0,1,0,0,0,0,1,1,0
823968,2026-04-10,LAD,home,606192,Teoscar Hernández,4,1,1,0,0,0,0,0,0,0
823968,2026-04-10,LAD,home,681624,Andy Pages,3,2,3,1,0,1,4,1,0,0
823968,2026-04-10,LAD,home,500743,Miguel Rojas,2,0,2,0,0,0,0,0,0,0
823968,2026-04-10,LAD,home,690976,Alex Freeland,2,0,1,0,0,0,0,0,0,0
823968,2026-04-10,TEX,away,694497,Evan Carter,3,1,1,0,0,1,2,1,1,1
823968,2026-04-10,TEX,away,694671,Wyatt Langford,3,1,1,0,0,1,1,0,0,0
823968,2026-04-10,TEX,away,669394,Jake Burger,4,0,0,0,0,0,0,0,0,0
823968,2026-04-10,TEX,away,592626,Joc Pederson,1,1,1,0,0,0,0,0,0,0
823968,2026-04-10,TEX,away,608369,Corey Seager,5,1,1,0,0,1,3,0,3,0
823968,2026-04-10,TEX,away,673962,Josh Jung,3,0,1,0,0,0,0,1,0,0
823968,2026-04-10,TEX,away,457705,Andrew McCutchen,3,0,0,0,0,0,0,0,3,0
823968,2026-04-10,TEX,away,677649,Ezequiel Duran,2,0,1,0,0,0,1,0,1,0
823968,2026-04-10,TEX,away,607043,Brandon Nimmo,4,1,1,0,0,0,0,1,2,0
823968,2026-04-10,TEX,away,669701,Josh Smith,4,1,1,0,0,0,0,0,1,0
823968,2026-04-10,TEX,away,664059,Sam Haggerty,0,1,0,0,0,0,0,0,0,1
823968,2026-04-10,TEX,away,643376,Danny Jansen,4,0,1,0,0,0,0,0,3,0
823480,2026-04-11,PHI,home,669016,Brandon Marsh,4,0,0,0,0,0,0,0,1,0
823480,2026-04-11,PHI,home,702222,Justin Crawford,2,1,2,1,0,0,0,1,0,0
823480,2026-04-11,PHI,home,547180,Bryce Harper,3,1,1,0,0,1,1,1,0,0
823480,2026-04-11,PHI,home,592663,J.T. Realmuto,4,0,0,0,0,0,0,0,3,0
823480,2026-04-11,PHI,home,664761,Alec Bohm,4,1,0,0,0,0,0,0,1,0
823480,2026-04-11,PHI,home,681082,Bryson Stott,3,0,1,0,0,0,0,1,0,0
823480,2026-04-11,PHI,home,656941,Kyle Schwarber,4,1,1,0,0,1,3,0,2,0
823480,2026-04-11,PHI,home,666969,Adolis García,2,0,0,0,0,0,0,1,2,0
823480,2026-04-11,PHI,home,607208,Trea Turner,4,0,0,0,0,0,0,0,2,0
823480,2026-04-11,ARI,away,694374,Tim Tawa,3,0,0,0,0,0,0,1,1,0
823480,2026-04-11,ARI,away,680728,Adrian Del Castillo,4,0,3,0,0,0,1,0,0,0
823480,2026-04-11,ARI,away,571448,Nolan Arenado,4,0,0,0,0,0,0,0,2,0
823480,2026-04-11,ARI,away,606466,Ketel Marte,4,1,1,0,0,1,1,0,0,0
823480,2026-04-11,ARI,away,672695,Geraldo Perdomo,3,1,0,0,0,0,0,1,1,0
823480,2026-04-11,ARI,away,699912,Jose Fernandez,4,0,1,0,0,0,1,0,2,0
823480,2026-04-11,ARI,away,682998,Corbin Carroll,3,1,0,0,0,0,0,1,2,0
823480,2026-04-11,ARI,away,677950,Alek Thomas,3,0,1,1,0,0,0,0,1,1
823480,2026-04-11,ARI,away,678489,Jorge Barrosa,4,0,1,0,0,0,0,0,2,0
824294,2026-04-11,DET,home,656716,Zach McKinstry,4,0,0,0,0,0,0,0,1,0
824294,2026-04-11,DET,home,682985,Riley Greene,3,2,2,0,0,1,4,1,0,1
824294,2026-04-11,DET,home,805808,Kevin McGonigle,3,2,1,1,0,0,0,1,0,0
824294,2026-04-11,DET,home,681481,Kerry Carpenter,3,0,1,1,0,0,0,0,0,0
824294,2026-04-11,DET,home,679529,Spencer Torkelson,2,0,1,0,0,0,1,2,1,0
824294,2026-04-11,DET,home,663837,Matt Vierling,3,0,0,0,0,0,0,0,2,0
824294,2026-04-11,DET,home,693307,Dillon Dingler,3,1,0,0,0,0,0,0,0,0
824294,2026-04-11,DET,home,690993,Colt Keith,4,1,1,1,0,0,1,0,2,0
824294,2026-04-11,DET,home,672761,Wenceel Pérez,4,0,0,0,0,0,0,0,0,0
824294,2026-04-11,MIA,away,681715,Heriberto Hernández,3,0,1,0,0,0,0,1,1,1
824294,2026-04-11,MIA,away,805300,Jakob Marsee,4,0,0,0,0,0,0,1,2,0
824294,2026-04-11,MIA,away,669364,Xavier Edwards,4,0,0,0,0,0,0,0,0,0
824294,2026-04-11,MIA,away,688363,Graham Pauley,3,0,0,0,0,0,0,1,0,0
824294,2026-04-11,MIA,away,689414,Liam Hicks,4,1,1,0,0,0,0,0,0,0
824294,2026-04-11,MIA,away,683357,Owen Caissie,4,0,0,0,0,0,0,0,2,0
824294,2026-04-11,MIA,away,682663,Agustín Ramírez,4,0,1,0,0,0,0,0,1,0
824294,2026-04-11,MIA,away,681393,Connor Norby,3,0,1,1,0,0,1,0,1,0
824294,2026-04-11,MIA,away,672640,Otto Lopez,4,0,2,2,0,0,0,0,0,0
824697,2026-04-11,CHC,home,624424,Michael Conforto,3,1,1,0,0,0,0,2,1,0
824697,2026-04-11,CHC,home,664023,Ian Happ,5,0,0,0,0,0,0,1,2,0
824697,2026-04-11,CHC,home,608324,Alex Bregman,6,0,2,0,0,0,1,0,1,0
824697,2026-04-11,CHC,home,683737,Michael Busch,3,0,0,0,0,0,0,0,2,0
824697,2026-04-11,CHC,home,608348,Carson Kelly,1,0,0,0,0,0,0,1,0,0
824697,2026-04-11,CHC,home,691718,Pete Crow-Armstrong,4,0,1,0,0,0,0,1,3,0
824697,2026-04-11,CHC,home,665804,Miguel Amaya,4,1,0,0,0,0,0,1,4,0
824697,2026-04-11,CHC,home,694208,Moisés Ballesteros,2,0,2,0,0,0,0,0,0,0
824697,2026-04-11,CHC,home,673548,Seiya Suzuki,4,0,1,0,0,0,0,0,1,0
824697,2026-04-11,CHC,home,621020,Dansby Swanson,4,1,1,0,0,0,1,1,0,0
824697,2026-04-11,CHC,home,663538,Nico Hoerner,6,0,1,0,0,0,1,0,0,0
824697,2026-04-11,CHC,home,807713,Matt Shaw,1,0,0,0,0,0,0,0,0,0
824697,2026-04-11,PIT,away,694377,Nick Yorke,4,0,3,1,0,0,0,1,1,0
824697,2026-04-11,PIT,away,687462,Spencer Horwitz,4,0,1,0,0,0,0,0,0,0
824697,2026-04-11,PIT,away,664040,Brandon Lowe,4,1,0,0,0,0,0,2,1,0
824697,2026-04-11,PIT,away,668804,Bryan Reynolds,5,0,2,0,0,0,1,0,1,0
824697,2026-04-11,PIT,away,663698,Joey Bart,1,0,0,0,0,0,0,0,1,0
824697,2026-04-11,PIT,away,665833,Oneil Cruz,5,1,4,1,0,0,0,1,0,3
824697,2026-04-11,PIT,away,663968,Jake Mangum,1,0,0,0,0,0,0,0,1,0
824697,2026-04-11,PIT,away,695257,Billy Cook,0,0,0,0,0,0,0,0,0,0
824697,2026-04-11,PIT,away,680779,Henry Davis,4,0,0,0,0,0,0,0,4,0
824697,2026-04-11,PIT,away,804606,Konnor Griffin,5,0,1,0,0,0,0,0,2,1
824697,2026-04-11,PIT,away,656811,Ryan O'Hearn,3,0,0,0,0,0,1,1,0,0
824697,2026-04-11,PIT,away,542303,Marcell Ozuna,4,1,0,0,0,0,0,1,1,0
824697,2026-04-11,PIT,away,693304,Nick Gonzales,1,1,0,0,0,0,0,0,0,0
822830,2026-04-11,TOR,home,676391,Ernie Clement,4,0,1,0,0,0,0,0,0,0
822830,2026-04-11,TOR,home,662139,Daulton Varsho,4,1,1,0,0,1,2,0,0,0
822830,2026-04-11,TOR,home,665926,Andrés Giménez,2,0,0,0,0,0,0,1,1,0
822830,2026-04-11,TOR,home,678218,Brandon Valenzuela,3,0,0,0,0,0,0,0,1,0
822830,2026-04-11,TOR,home,676914,Davis Schneider,4,0,0,0,0,0,0,0,2,0
822830,2026-04-11,TOR,home,664770,Nathan Lukes,3,0,0,0,0,0,0,0,0,0
822830,2026-04-11,TOR,home,543807,George Springer,1,1,0,0,0,0,0,1,0,0
822830,2026-04-11,TOR,home,665489,Vladimir Guerrero Jr.,4,1,2,0,0,0,0,0,1,0
822830,2026-04-11,TOR,home,660821,Jesús Sánchez,4,1,1,0,0,1,2,0,0,0
822830,2026-04-11,TOR,home,664702,Myles Straw,2,0,0,0,0,0,0,0,0,0
822830,2026-04-11,MIN,away,605170,Victor Caratini,3,0,0,0,0,0,0,1,1,0
822830,2026-04-11,MIN,away,686797,Brooks Lee,4,1,2,0,0,1,1,0,0,0
822830,2026-04-11,MIN,away,668885,Austin Martin,2,1,1,0,0,0,0,2,1,0
822830,2026-04-11,MIN,away,605137,Josh Bell,4,1,1,0,0,0,2,0,1,0
822830,2026-04-11,MIN,away,680777,Ryan Jeffers,3,1,0,0,0,0,1,1,0,0
822830,2026-04-11,MIN,away,681546,James Outman,0,0,0,0,0,0,0,0,0,0
822830,2026-04-11,MIN,away,668952,Ryan Kreidler,4,0,0,0,0,0,0,0,1,0
822830,2026-04-11,MIN,away,663616,Trevor Larnach,3,1,1,0,0,1,3,1,0,0
822830,2026-04-11,MIN,away,621439,Byron Buxton,5,1,1,0,0,0,0,0,1,0
822830,2026-04-11,MIN,away,807712,Luke Keaschall,3,1,0,0,0,0,0,1,0,0
824535,2026-04-11,CIN,home,682829,Elly De La Cruz,4,1,3,2,0,0,0,1,1,2
824535,2026-04-11,CIN,home,701398,Sal Stewart,3,1,0,0,0,0,1,2,1,0
824535,2026-04-11,CIN,home,667472,Dane Myers,0,0,0,0,0,0,0,0,0,0
824535,2026-04-11,CIN,home,682622,Noelvi Marte,4,1,1,0,0,0,0,0,0,0
824535,2026-04-11,CIN,home,663993,Nathaniel Lowe,4,0,1,1,0,0,3,0,1,0
824535,2026-04-11,CIN,home,680574,Matt McLain,0,0,0,0,0,0,0,1,0,1
824535,2026-04-11,CIN,home,663647,Ke'Bryan Hayes,4,0,0,0,0,0,0,0,0,0
824535,2026-04-11,CIN,home,670770,TJ Friedl,4,1,1,0,0,0,0,1,1,1
824535,2026-04-11,CIN,home,668715,Spencer Steer,3,2,1,0,0,1,1,1,0,0
824535,2026-04-11,CIN,home,553993,Eugenio Suárez,4,1,1,0,0,0,0,1,2,0
824535,2026-04-11,CIN,home,663886,Tyler Stephenson,2,0,0,0,0,0,0,2,0,0
824535,2026-04-11,LAA,away,624428,Adam Frazier,2,0,0,0,0,0,0,0,1,0
824535,2026-04-11,LAA,away,687263,Zach Neto,4,2,2,1,0,0,0,1,1,0
824535,2026-04-11,LAA,away,624585,Jorge Soler,4,0,0,0,0,0,0,1,1,0
824535,2026-04-11,LAA,away,660162,Yoán Moncada,2,1,0,0,0,0,0,2,1,0
824535,2026-04-11,LAA,away,545361,Mike Trout,3,0,1,1,0,0,2,2,0,0
824535,2026-04-11,LAA,away,666176,Jo Adell,4,0,1,0,0,0,0,0,1,0
824535,2026-04-11,LAA,away,687093,Vaughn Grissom,3,0,0,0,0,0,0,1,0,0
824535,2026-04-11,LAA,away,694384,Nolan Schanuel,3,0,1,0,0,0,1,1,0,0
824535,2026-04-11,LAA,away,669326,Bryce Teodosio,2,0,0,0,0,0,0,0,1,0
824535,2026-04-11,LAA,away,681351,Logan O'Hoppe,3,0,0,0,0,0,0,1,1,0
823644,2026-04-11,NYM,home,666182,Bo Bichette,3,1,2,0,0,1,3,2,1,0
823644,2026-04-11,NYM,home,621438,Tyrone Taylor,2,0,1,0,0,0,0,0,0,0
823644,2026-04-11,NYM,home,682626,Francisco Alvarez,4,1,2,0,0,1,1,0,0,0
823644,2026-04-11,NYM,home,668901,Mark Vientos,5,0,0,0,0,0,0,0,1,0
823644,2026-04-11,NYM,home,683146,Brett Baty,1,0,0,0,0,0,1,0,1,0
823644,2026-04-11,NYM,home,701807,Carson Benge,3,1,1,0,0,0,0,1,1,1
823644,2026-04-11,NYM,home,543760,Marcus Semien,4,0,1,0,0,0,0,0,1,0
823644,2026-04-11,NYM,home,596019,Francisco Lindor,5,1,1,0,0,0,0,0,2,0
823644,2026-04-11,NYM,home,593871,Jorge Polanco,5,1,1,0,0,1,1,0,1,0
823644,2026-04-11,NYM,home,673357,Luis Robert Jr.,4,1,1,0,0,0,0,1,2,0
823644,2026-04-11,OAK,away,671732,Lawrence Butler,5,0,1,0,0,0,1,0,3,0
823644,2026-04-11,OAK,away,643446,Jeff McNeil,5,2,3,0,0,0,0,0,1,0
823644,2026-04-11,OAK,away,666126,Carlos Cortes,4,1,1,0,0,1,3,1,0,0
823644,2026-04-11,OAK,away,691777,Max Muncy,5,0,2,0,0,0,0,0,3,0
823644,2026-04-11,OAK,away,672016,Denzel Clarke,4,1,1,0,0,0,1,1,1,0
823644,2026-04-11,OAK,away,691016,Tyler Soderstrom,5,2,3,0,0,2,5,0,0,0
823644,2026-04-11,OAK,away,687231,Darell Hernaiz,0,0,0,0,0,0,0,0,0,0
823644,2026-04-11,OAK,away,701762,Nick Kurtz,3,1,0,0,0,0,0,2,1,0
823644,2026-04-11,OAK,away,669127,Shea Langeliers,5,2,2,1,0,0,1,0,1,0
823644,2026-04-11,OAK,away,805779,Jacob Wilson,5,2,2,0,0,0,0,0,1,0
824129,2026-04-11,KC,home,695600,Carter Jensen,3,0,0,0,0,0,0,0,2,0
824129,2026-04-11,KC,home,663697,Jonathan India,1,0,0,0,0,0,0,1,0,0
824129,2026-04-11,KC,home,521692,Salvador Perez,4,0,1,0,0,0,0,0,2,0
824129,2026-04-11,KC,home,686681,Michael Massey,2,0,1,0,0,0,0,0,1,0
824129,2026-04-11,KC,home,686469,Vinnie Pasquantino,3,0,0,0,0,0,1,0,1,0
824129,2026-04-11,KC,home,664728,Kyle Isbel,2,0,0,0,0,0,0,0,0,0
824129,2026-04-11,KC,home,672580,Maikel Garcia,4,2,2,1,0,1,1,0,0,0
824129,2026-04-11,KC,home,657041,Lane Thomas,1,0,0,0,0,0,0,0,0,0
824129,2026-04-11,KC,home,695506,Jac Caglianone,3,0,0,0,0,0,0,0,0,0
824129,2026-04-11,KC,home,677951,Bobby Witt Jr.,4,0,0,0,0,0,0,0,0,0
824129,2026-04-11,CWS,away,672820,Lenyn Sosa,3,0,1,1,0,0,0,0,0,0
824129,2026-04-11,CWS,away,671976,Tristan Peters,3,0,0,0,0,0,0,0,1,0
824129,2026-04-11,CWS,away,695020,Tanner Murray,3,0,1,0,0,0,0,0,0,0
824129,2026-04-11,CWS,away,808959,Munetaka Murakami,3,0,0,0,0,0,0,1,2,0
824129,2026-04-11,CWS,away,687957,Dustin Harris,3,0,0,0,0,0,0,0,0,0
824129,2026-04-11,CWS,away,805367,Chase Meidroth,4,0,0,0,0,0,0,0,2,0
824129,2026-04-11,CWS,away,695657,Colson Montgomery,4,0,0,0,0,0,0,0,0,0
824129,2026-04-11,CWS,away,624512,Reese McGuire,3,0,1,0,0,0,0,0,1,0
824129,2026-04-11,CWS,away,643217,Andrew Benintendi,4,0,1,1,0,0,0,0,2,0
822996,2026-04-11,TB,home,670764,Taylor Walls,3,1,2,0,0,0,1,0,1,0
822996,2026-04-11,TB,home,668723,Ryan Vilade,4,0,1,0,0,0,0,0,0,0
822996,2026-04-11,TB,home,802415,Chandler Simpson,1,2,1,0,0,0,0,0,0,1
822996,2026-04-11,TB,home,676356,Jonny DeLuca,4,0,2,0,0,0,1,0,1,0
822996,2026-04-11,TB,home,676439,Hunter Feduccia,1,0,0,0,0,0,0,0,1,0
822996,2026-04-11,TB,home,666018,Jonathan Aranda,4,0,0,0,0,0,2,0,1,0
822996,2026-04-11,TB,home,663743,Nick Fortes,3,0,1,1,0,0,0,0,0,0
822996,2026-04-11,TB,home,650490,Yandy Díaz,4,0,1,0,0,0,1,1,1,0
822996,2026-04-11,TB,home,810938,Ben Williamson,4,0,0,0,0,0,0,0,1,0
822996,2026-04-11,TB,home,691406,Junior Caminero,4,1,1,1,0,0,0,0,1,0
822996,2026-04-11,TB,home,656775,Cedric Mullins,4,1,0,0,0,0,0,0,1,0
822996,2026-04-11,NYY,away,676609,José Caballero,5,0,2,1,0,0,3,0,2,0
822996,2026-04-11,NYY,away,545341,Randal Grichuk,1,2,0,0,0,0,0,0,0,0
822996,2026-04-11,NYY,away,642708,Amed Rosario,3,0,0,0,0,0,0,0,1,0
822996,2026-04-11,NYY,away,592450,Aaron Judge,3,0,0,0,0,0,0,2,1,1
822996,2026-04-11,NYY,away,641857,Ryan McMahon,2,0,1,0,0,0,0,0,0,0
822996,2026-04-11,NYY,away,669224,Austin Wells,5,1,1,0,0,1,1,0,1,0
822996,2026-04-11,NYY,away,700250,Ben Rice,3,0,1,1,0,0,0,2,1,0
822996,2026-04-11,NYY,away,641355,Cody Bellinger,5,0,2,0,0,0,0,0,1,1
822996,2026-04-11,NYY,away,519317,Giancarlo Stanton,3,0,0,0,0,0,0,1,1,0
822996,2026-04-11,NYY,away,665862,Jazz Chisholm Jr.,5,1,1,1,0,0,0,0,1,0
822996,2026-04-11,NYY,away,663757,Trent Grisham,3,0,0,0,0,0,0,2,0,0
823805,2026-04-11,MIL,home,650859,Luis Rengifo,4,0,0,0,0,0,0,0,1,0
823805,2026-04-11,MIL,home,687401,Joey Ortiz,4,0,1,0,0,0,0,0,0,0
823805,2026-04-11,MIL,home,592885,Christian Yelich,2,0,0,0,0,0,0,2,1,0
823805,2026-04-11,MIL,home,641343,Jake Bauers,2,0,0,0,0,0,0,0,0,0
823805,2026-04-11,MIL,home,686217,Sal Frelick,4,0,0,0,0,0,0,0,2,0
823805,2026-04-11,MIL,home,663604,Brandon Lockridge,3,0,0,0,0,0,0,1,1,0
823805,2026-04-11,MIL,home,669003,Garrett Mitchell,1,0,0,0,0,0,0,1,1,0
823805,2026-04-11,MIL,home,663368,Blake Perkins,2,0,0,0,0,0,0,0,0,0
823805,2026-04-11,MIL,home,661388,William Contreras,4,1,1,0,0,1,1,0,0,0
823805,2026-04-11,MIL,home,668930,Brice Turang,3,0,0,0,0,0,0,1,1,0
823805,2026-04-11,MIL,home,596142,Gary Sánchez,1,0,0,0,0,0,0,1,0,0
823805,2026-04-11,WSH,away,691781,Brady House,4,0,0,0,0,0,0,0,1,0
823805,2026-04-11,WSH,away,682928,CJ Abrams,4,0,1,0,0,0,0,0,0,0
823805,2026-04-11,WSH,away,683083,Nasim Nuñez,3,2,3,1,0,0,0,1,0,0
823805,2026-04-11,WSH,away,686452,Drew Millas,0,0,0,0,0,0,0,0,0,0
823805,2026-04-11,WSH,away,686894,Joey Wiemer,4,0,0,0,0,0,0,0,3,0
823805,2026-04-11,WSH,away,678554,Curtis Mead,3,0,0,0,0,0,0,2,0,0
823805,2026-04-11,WSH,away,695734,Daylen Lile,4,0,1,0,0,0,0,0,0,0
823805,2026-04-11,WSH,away,677588,José Tena,0,0,0,0,0,0,0,0,0,0
823805,2026-04-11,WSH,away,695578,James Wood,3,0,1,1,0,0,2,1,1,0
823805,2026-04-11,WSH,away,696285,Jacob Young,4,1,2,0,0,0,0,0,0,0
823805,2026-04-11,WSH,away,660688,Keibert Ruiz,3,0,1,1,0,0,1,1,0,0
824857,2026-04-11,BAL,home,669236,Jeremiah Jackson,4,1,3,1,0,1,2,0,0,0
824857,2026-04-11,BAL,home,694212,Samuel Basallo,4,0,0,0,0,0,0,0,1,0
824857,2026-04-11,BAL,home,683002,Gunnar Henderson,4,1,1,0,0,1,1,1,2,1
824857,2026-04-11,BAL,home,665750,Leody Taveras,4,1,0,0,0,0,0,0,1,0
824857,2026-04-11,BAL,home,621493,Taylor Ward,3,0,0,0,0,0,0,1,2,0
824857,2026-04-11,BAL,home,687637,Dylan Beavers,2,2,1,0,0,0,0,1,1,1
824857,2026-04-11,BAL,home,663624,Ryan Mountcastle,1,0,1,1,0,0,0,0,0,0
824857,2026-04-11,BAL,home,624413,Pete Alonso,3,0,0,0,0,0,0,1,2,1
824857,2026-04-11,BAL,home,681297,Colton Cowser,4,0,2,0,0,0,1,0,1,0
824857,2026-04-11,BAL,home,691723,Coby Mayo,4,1,1,0,0,0,2,0,1,0
824857,2026-04-11,SF,away,669477,Casey Schmitt,4,0,1,0,0,0,0,0,2,0
824857,2026-04-11,SF,away,671218,Heliot Ramos,4,0,2,0,0,0,2,0,0,0
824857,2026-04-11,SF,away,656305,Matt Chapman,4,0,1,0,0,0,0,0,0,0
824857,2026-04-11,SF,away,672275,Patrick Bailey,3,0,0,0,0,0,0,0,0,0
824857,2026-04-11,SF,away,808982,Jung Hoo Lee,4,0,2,0,0,0,0,0,0,0
824857,2026-04-11,SF,away,646240,Rafael Devers,4,2,1,0,0,0,0,0,1,0
824857,2026-04-11,SF,away,664056,Harrison Bader,4,0,1,0,0,0,0,0,2,0
824857,2026-04-11,SF,away,683766,Christian Koss,1,0,1,1,0,0,0,0,0,0
824857,2026-04-11,SF,away,642715,Willy Adames,3,0,0,0,0,0,0,1,1,0
824857,2026-04-11,SF,away,650333,Luis Arraez,3,0,1,0,0,0,0,0,0,0
824857,2026-04-11,SF,away,691740,Daniel Susac,1,0,0,0,0,0,0,0,0,0
823074,2026-04-11,STL,home,669357,Nolan Gorman,3,0,0,0,0,0,0,1,2,0
823074,2026-04-11,STL,home,691023,Jordan Walker,3,1,1,0,0,1,1,1,2,0
823074,2026-04-11,STL,home,701675,Nathan Church,1,0,0,0,0,0,0,0,0,0
823074,2026-04-11,STL,home,687363,Victor Scott II,2,0,0,0,0,0,0,0,1,0
823074,2026-04-11,STL,home,665877,José Fermín,3,0,1,0,0,0,0,0,1,0
823074,2026-04-11,STL,home,802139,JJ Wetherholt,4,0,1,0,0,0,0,0,0,0
823074,2026-04-11,STL,home,676475,Alec Burleson,1,0,0,0,0,0,0,1,0,0
823074,2026-04-11,STL,home,695336,Thomas Saggese,2,0,1,0,0,0,0,0,0,0
823074,2026-04-11,STL,home,650968,Yohel Pozo,2,0,0,0,0,0,0,0,0,0
823074,2026-04-11,STL,home,602104,Ramón Urías,4,0,1,0,0,0,0,0,1,0
823074,2026-04-11,STL,home,686780,Pedro Pagés,2,0,0,0,0,0,0,0,0,0
823074,2026-04-11,STL,home,671056,Iván Herrera,4,0,0,0,0,0,0,0,1,0
823074,2026-04-11,BOS,away,701350,Roman Anthony,4,2,1,0,0,0,0,1,2,0
823074,2026-04-11,BOS,away,575929,Willson Contreras,4,0,2,1,0,0,3,0,2,0
823074,2026-04-11,BOS,away,596115,Trevor Story,4,1,0,0,0,0,0,1,1,0
823074,2026-04-11,BOS,away,677800,Wilyer Abreu,4,0,0,0,0,0,0,1,0,0
823074,2026-04-11,BOS,away,702332,Caleb Durbin,5,1,1,0,0,0,2,0,0,0
823074,2026-04-11,BOS,away,665966,Carlos Narváez,4,1,2,0,0,0,0,0,0,0
823074,2026-04-11,BOS,away,680776,Jarren Duran,5,1,2,0,0,0,1,0,0,0
823074,2026-04-11,BOS,away,678882,Ceddanne Rafaela,3,1,1,0,0,0,1,0,1,0
823074,2026-04-11,BOS,away,691785,Marcelo Mayer,2,0,1,0,0,0,0,2,0,0
824939,2026-04-11,ATL,home,641680,Jonah Heim,4,0,1,0,0,0,0,0,0,0
824939,2026-04-11,ATL,home,663897,Luke Williams,0,0,0,0,0,0,0,0,0,0
824939,2026-04-11,ATL,home,622761,Jorge Mateo,2,0,0,0,0,0,0,0,1,0
824939,2026-04-11,ATL,home,643289,Mauricio Dubón,4,0,0,0,0,0,0,0,1,0
824939,2026-04-11,ATL,home,686948,Drake Baldwin,3,0,1,0,0,0,0,1,1,0
824939,2026-04-11,ATL,home,621566,Matt Olson,3,0,1,1,0,0,0,1,1,0
824939,2026-04-11,ATL,home,642086,Dominic Smith,1,0,0,0,0,0,0,0,0,0
824939,2026-04-11,ATL,home,660670,Ronald Acuña Jr.,4,0,1,0,1,0,0,0,2,0
824939,2026-04-11,ATL,home,645277,Ozzie Albies,4,0,1,0,0,0,0,0,1,0
824939,2026-04-11,ATL,home,663586,Austin Riley,3,0,0,0,0,0,0,1,0,0
824939,2026-04-11,ATL,home,573262,Mike Yastrzemski,4,0,0,0,0,0,0,0,2,0
824939,2026-04-11,CLE,away,800050,Chase DeLauter,4,0,1,1,0,0,1,1,0,0
824939,2026-04-11,CLE,away,595978,Austin Hedges,3,0,1,0,0,0,0,1,0,0
824939,2026-04-11,CLE,away,682177,Daniel Schneemann,2,1,1,0,0,0,2,1,1,0
824939,2026-04-11,CLE,away,677587,Brayan Rocchio,3,0,0,0,0,0,0,1,1,0
824939,2026-04-11,CLE,away,681807,David Fry,2,0,0,0,0,0,0,0,1,0
824939,2026-04-11,CLE,away,608070,José Ramírez,4,2,2,0,0,1,1,1,1,2
824939,2026-04-11,CLE,away,680757,Steven Kwan,4,1,0,0,0,0,0,1,0,1
824939,2026-04-11,CLE,away,682877,Juan Brito,2,0,0,0,0,0,0,2,0,0
824939,2026-04-11,CLE,away,682657,Angel Martínez,5,2,2,1,0,0,0,0,0,1
824939,2026-04-11,CLE,away,656555,Rhys Hoskins,4,0,0,0,0,0,1,0,0,0
823316,2026-04-11,SD,home,666023,Freddy Fermin,2,2,0,0,0,0,0,1,0,0
823316,2026-04-11,SD,home,592206,Nick Castellanos,3,0,1,0,0,0,0,1,0,0
823316,2026-04-11,SD,home,701538,Jackson Merrill,4,1,1,1,0,0,3,1,1,0
823316,2026-04-11,SD,home,657757,Gavin Sheets,4,0,0,0,0,0,0,0,2,0
823316,2026-04-11,SD,home,657656,Ramón Laureano,3,3,2,1,0,1,3,2,0,0
823316,2026-04-11,SD,home,592518,Manny Machado,5,1,1,0,0,1,2,0,0,0
823316,2026-04-11,SD,home,609280,Miguel Andujar,4,1,2,1,0,0,0,0,0,0
823316,2026-04-11,SD,home,665487,Fernando Tatis Jr.,4,0,3,1,0,0,1,1,1,1
823316,2026-04-11,SD,home,669369,Bryce Johnson,0,0,0,0,0,0,0,0,0,0
823316,2026-04-11,SD,home,630105,Jake Cronenworth,3,1,0,0,0,0,0,1,1,0
823316,2026-04-11,COL,away,666160,Mickey Moniak,4,2,3,0,0,2,4,0,1,0
823316,2026-04-11,COL,away,664983,Jake McCarthy,1,0,0,0,0,0,0,1,0,0
823316,2026-04-11,COL,away,687859,Troy Johnston,4,0,0,0,0,0,0,0,1,0
823316,2026-04-11,COL,away,650489,Willi Castro,1,0,0,0,0,0,0,0,1,0
823316,2026-04-11,COL,away,671289,Tyler Freeman,2,0,1,0,0,0,0,0,0,0
823316,2026-04-11,COL,away,666397,Edouard Julien,3,2,2,0,0,1,1,2,1,1
823316,2026-04-11,COL,away,696100,Hunter Goodman,4,0,0,0,0,0,0,0,3,0
823316,2026-04-11,COL,away,687597,Jordan Beck,3,0,0,0,0,0,0,0,1,0
823316,2026-04-11,COL,away,664954,Brett Sullivan,4,0,1,1,0,0,0,0,1,0
823316,2026-04-11,COL,away,678662,Ezequiel Tovar,5,1,1,1,0,0,0,0,0,0
823316,2026-04-11,COL,away,681198,TJ Rumfield,1,0,1,0,0,0,0,0,0,0
823316,2026-04-11,COL,away,691720,Kyle Karros,2,0,0,0,0,0,0,1,1,0
823967,2026-04-11,LAD,home,669257,Will Smith,2,2,2,0,0,0,0,2,0,0
823967,2026-04-11,LAD,home,663656,Kyle Tucker,4,0,0,0,0,0,0,0,1,0
823967,2026-04-11,LAD,home,571970,Max Muncy,3,0,0,0,0,0,0,1,1,0
823967,2026-04-11,LAD,home,518692,Freddie Freeman,3,1,1,0,0,0,0,1,0,0
823967,2026-04-11,LAD,home,808975,Hyeseong Kim,3,0,1,0,0,0,0,1,1,1
823967,2026-04-11,LAD,home,660271,Shohei Ohtani,4,1,2,0,0,1,1,0,2,0
823967,2026-04-11,LAD,home,606192,Teoscar Hernández,4,2,2,1,0,1,3,0,0,0
823967,2026-04-11,LAD,home,681624,Andy Pages,3,0,1,0,0,0,1,1,1,1
823967,2026-04-11,LAD,home,690976,Alex Freeland,4,0,0,0,0,0,0,0,2,0
823967,2026-04-11,TEX,away,694497,Evan Carter,2,0,0,0,0,0,0,1,1,0
823967,2026-04-11,TEX,away,669394,Jake Burger,4,0,0,0,0,0,0,0,0,0
823967,2026-04-11,TEX,away,592626,Joc Pederson,2,0,0,0,0,0,0,0,2,0
823967,2026-04-11,TEX,away,608369,Corey Seager,3,0,0,0,0,0,0,1,1,0
823967,2026-04-11,TEX,away,673962,Josh Jung,3,1,1,0,0,0,0,0,0,0
823967,2026-04-11,TEX,away,457705,Andrew McCutchen,2,0,0,0,0,0,0,0,2,0
823967,2026-04-11,TEX,away,543309,Kyle Higashioka,3,0,0,0,0,0,0,0,2,0
823967,2026-04-11,TEX,away,677649,Ezequiel Duran,4,0,0,0,0,0,0,0,2,0
823967,2026-04-11,TEX,away,607043,Brandon Nimmo,4,2,3,1,0,2,3,0,0,0
823967,2026-04-11,TEX,away,669701,Josh Smith,2,0,0,0,0,0,0,0,0,0
823967,2026-04-11,TEX,away,664059,Sam Haggerty,1,0,0,0,0,0,0,0,0,0
823967,2026-04-11,TEX,away,643376,Danny Jansen,1,0,0,0,0,0,0,0,1,0
823155,2026-04-11,SEA,home,647304,Josh Naylor,4,0,0,0,0,0,0,0,0,0
823155,2026-04-11,SEA,home,702284,Cole Young,3,2,1,0,0,0,0,1,1,0
823155,2026-04-11,SEA,home,641487,J.P. Crawford,3,2,2,0,0,0,3,2,0,0
823155,2026-04-11,SEA,home,668227,Randy Arozarena,3,0,0,0,0,0,0,1,1,0
823155,2026-04-11,SEA,home,686527,Dominic Canzone,2,1,1,1,0,0,0,0,0,0
823155,2026-04-11,SEA,home,663728,Cal Raleigh,3,1,1,0,0,1,3,0,0,0
823155,2026-04-11,SEA,home,608701,Rob Refsnyder,1,0,0,0,0,0,0,0,0,0
823155,2026-04-11,SEA,home,680977,Brendan Donovan,0,0,0,0,0,0,0,1,0,0
823155,2026-04-11,SEA,home,677594,Julio Rodríguez,4,1,2,1,0,1,2,0,1,0
823155,2026-04-11,SEA,home,660844,Leo Rivas,2,1,0,0,0,0,0,2,2,0
823155,2026-04-11,SEA,home,670042,Luke Raley,4,0,0,0,0,0,0,0,3,0
823155,2026-04-11,HOU,away,670623,Isaac Paredes,5,0,1,0,0,0,1,0,1,0
823155,2026-04-11,HOU,away,669397,Nick Allen,1,0,0,0,0,0,0,0,0,0
823155,2026-04-11,HOU,away,701358,Cam Smith,5,1,4,2,0,0,2,0,1,0
823155,2026-04-11,HOU,away,514888,Jose Altuve,4,0,1,0,0,0,0,1,1,0
823155,2026-04-11,HOU,away,666211,Taylor Trammell,4,1,2,1,0,0,3,1,2,0
823155,2026-04-11,HOU,away,694388,Joey Loperfido,4,2,2,1,0,0,0,1,2,0
823155,2026-04-11,HOU,away,665161,Jeremy Peña,3,0,1,0,0,0,0,0,0,0
823155,2026-04-11,HOU,away,621043,Carlos Correa,5,2,3,1,0,0,0,0,0,0
823155,2026-04-11,HOU,away,572233,Christian Walker,1,0,0,0,0,0,0,1,0,0
823155,2026-04-11,HOU,away,673237,Yainer Diaz,5,0,0,0,0,0,0,0,2,0
823155,2026-04-11,HOU,away,670541,Yordan Alvarez,6,1,3,1,0,1,1,0,0,0
824859,2026-04-12,BAL,home,669236,Jeremiah Jackson,4,0,1,0,0,0,0,0,2,0
824859,2026-04-12,BAL,home,694212,Samuel Basallo,3,1,1,0,0,1,2,1,0,0
824859,2026-04-12,BAL,home,683002,Gunnar Henderson,5,1,1,0,0,0,0,0,1,1
824859,2026-04-12,BAL,home,665750,Leody Taveras,4,1,2,1,0,0,0,0,1,0
824859,2026-04-12,BAL,home,621493,Taylor Ward,4,2,2,0,0,0,0,1,0,0
824859,2026-04-12,BAL,home,687637,Dylan Beavers,3,0,0,0,0,0,0,0,1,0
824859,2026-04-12,BAL,home,671286,Johnathan Rodríguez,0,0,0,0,0,0,0,1,0,0
824859,2026-04-12,BAL,home,624413,Pete Alonso,4,1,2,1,0,0,2,1,0,0
824859,2026-04-12,BAL,home,681297,Colton Cowser,3,0,1,0,0,0,1,1,1,0
824859,2026-04-12,BAL,home,691723,Coby Mayo,4,0,1,0,0,0,1,0,1,0
824859,2026-04-12,SF,away,669477,Casey Schmitt,4,2,3,0,0,1,1,0,0,0
824859,2026-04-12,SF,away,666464,Jerar Encarnacion,3,0,0,0,0,0,0,0,1,0
824859,2026-04-12,SF,away,671218,Heliot Ramos,3,0,1,1,0,0,0,0,1,0
824859,2026-04-12,SF,away,656305,Matt Chapman,4,0,0,0,0,0,0,0,1,0
824859,2026-04-12,SF,away,808982,Jung Hoo Lee,4,0,0,0,0,0,0,0,0,0
824859,2026-04-12,SF,away,646240,Rafael Devers,4,0,1,0,0,0,0,0,3,0
824859,2026-04-12,SF,away,666931,Jared Oliva,1,0,0,0,0,0,0,0,0,0
824859,2026-04-12,SF,away,683766,Christian Koss,3,0,0,0,0,0,0,0,0,0
824859,2026-04-12,SF,away,642715,Willy Adames,4,0,1,1,0,0,0,0,0,0
824859,2026-04-12,SF,away,691740,Daniel Susac,3,0,1,0,0,0,1,0,1,0
823479,2026-04-12,PHI,home,669016,Brandon Marsh,4,0,2,0,0,0,0,0,0,0
823479,2026-04-12,PHI,home,702222,Justin Crawford,4,1,1,1,0,0,0,0,1,0
823479,2026-04-12,PHI,home,547180,Bryce Harper,3,0,2,1,0,0,1,1,0,0
823479,2026-04-12,PHI,home,664761,Alec Bohm,3,0,0,0,0,0,0,1,1,0
823479,2026-04-12,PHI,home,681082,Bryson Stott,4,0,1,0,0,0,0,0,1,1
823479,2026-04-12,PHI,home,656941,Kyle Schwarber,4,1,2,1,0,0,0,0,1,0
823479,2026-04-12,PHI,home,665561,Rafael Marchán,4,0,0,0,0,0,0,0,0,0
823479,2026-04-12,PHI,home,666969,Adolis García,4,0,0,0,0,0,0,0,1,0
823479,2026-04-12,PHI,home,607208,Trea Turner,4,1,2,0,0,1,2,0,0,0
823479,2026-04-12,ARI,away,694374,Tim Tawa,3,0,0,0,0,0,0,0,1,0
823479,2026-04-12,ARI,away,680728,Adrian Del Castillo,1,0,1,0,0,0,1,0,0,0
823479,2026-04-12,ARI,away,571448,Nolan Arenado,2,1,1,0,0,0,1,0,0,0
823479,2026-04-12,ARI,away,606466,Ketel Marte,0,0,0,0,0,0,0,1,0,0
823479,2026-04-12,ARI,away,663609,Luken Baker,0,0,0,0,0,0,0,0,0,0
823479,2026-04-12,ARI,away,545121,Ildemaro Vargas,5,1,1,1,0,0,0,0,1,0
823479,2026-04-12,ARI,away,672695,Geraldo Perdomo,4,1,0,0,0,0,0,0,0,1
823479,2026-04-12,ARI,away,699912,Jose Fernandez,4,1,2,0,0,0,1,0,1,0
823479,2026-04-12,ARI,away,682998,Corbin Carroll,4,0,2,1,0,0,0,1,1,0
823479,2026-04-12,ARI,away,543510,James McCann,4,0,2,1,0,0,1,0,2,0
823479,2026-04-12,ARI,away,677950,Alek Thomas,3,0,0,0,0,0,0,0,2,0
823479,2026-04-12,ARI,away,678489,Jorge Barrosa,4,0,0,0,0,0,0,0,3,0
822828,2026-04-12,TOR,home,676391,Ernie Clement,5,2,3,1,0,0,0,0,0,0
822828,2026-04-12,TOR,home,662139,Daulton Varsho,5,0,3,1,0,0,1,0,0,0
822828,2026-04-12,TOR,home,665926,Andrés Giménez,4,0,2,1,0,0,0,0,1,0
822828,2026-04-12,TOR,home,678218,Brandon Valenzuela,3,0,0,0,0,0,0,1,2,0
822828,2026-04-12,TOR,home,664770,Nathan Lukes,4,0,0,0,0,0,0,0,1,0
822828,2026-04-12,TOR,home,665489,Vladimir Guerrero Jr.,3,0,1,0,0,0,0,2,0,0
822828,2026-04-12,TOR,home,660821,Jesús Sánchez,4,0,1,0,0,0,1,0,2,0
822828,2026-04-12,TOR,home,650391,Eloy Jiménez,4,0,2,0,0,0,0,0,2,0
822828,2026-04-12,TOR,home,672960,Kazuma Okamoto,4,0,0,0,0,0,0,1,1,0
822828,2026-04-12,MIN,away,605170,Victor Caratini,3,0,1,0,0,0,1,0,1,0
822828,2026-04-12,MIN,away,665019,Kody Clemens,5,1,1,0,0,1,1,0,2,0
822828,2026-04-12,MIN,away,686797,Brooks Lee,4,0,1,1,0,0,2,0,1,0
822828,2026-04-12,MIN,away,668885,Austin Martin,0,0,0,0,0,0,0,0,0,0
822828,2026-04-12,MIN,away,656484,Tristan Gray,3,1,1,0,0,1,3,0,0,0
822828,2026-04-12,MIN,away,605137,Josh Bell,2,2,0,0,0,0,0,2,1,0
822828,2026-04-12,MIN,away,681546,James Outman,4,0,0,0,0,0,0,0,2,0
822828,2026-04-12,MIN,away,663616,Trevor Larnach,5,1,1,0,0,0,0,0,2,0
822828,2026-04-12,MIN,away,670242,Matt Wallner,3,2,1,0,0,0,1,0,1,0
822828,2026-04-12,MIN,away,807712,Luke Keaschall,4,1,2,0,0,0,0,0,2,1
824533,2026-04-12,CIN,home,682829,Elly De La Cruz,5,2,2,0,0,1,3,0,1,0
824533,2026-04-12,CIN,home,667472,Dane Myers,1,1,1,0,0,0,0,0,0,0
824533,2026-04-12,CIN,home,701398,Sal Stewart,5,1,1,0,0,0,1,0,1,0
824533,2026-04-12,CIN,home,682622,Noelvi Marte,4,0,0,0,0,0,0,0,1,0
824533,2026-04-12,CIN,home,663993,Nathaniel Lowe,1,0,0,0,0,0,0,3,1,0
824533,2026-04-12,CIN,home,680574,Matt McLain,5,0,1,0,0,0,0,0,1,0
824533,2026-04-12,CIN,home,666181,Will Benson,0,0,0,0,0,0,0,1,0,0
824533,2026-04-12,CIN,home,670770,TJ Friedl,3,2,0,0,0,0,0,1,2,0
824533,2026-04-12,CIN,home,664731,P.J. Higgins,3,0,1,0,0,0,0,0,1,0
824533,2026-04-12,CIN,home,668715,Spencer Steer,4,0,0,0,0,0,0,0,3,0
824533,2026-04-12,CIN,home,553993,Eugenio Suárez,2,0,0,0,0,0,0,1,1,0
824533,2026-04-12,LAA,away,672724,Oswald Peraza,5,1,1,0,0,1,2,0,0,0
824533,2026-04-12,LAA,away,687263,Zach Neto,3,1,0,0,0,0,0,3,0,0
824533,2026-04-12,LAA,away,624585,Jorge Soler,3,0,0,0,0,0,1,1,0,0
824533,2026-04-12,LAA,away,545361,Mike Trout,4,3,2,1,0,0,1,1,0,0
824533,2026-04-12,LAA,away,666176,Jo Adell,5,1,2,0,0,0,1,0,0,0
824533,2026-04-12,LAA,away,687093,Vaughn Grissom,4,1,1,0,0,0,0,0,0,0
824533,2026-04-12,LAA,away,694384,Nolan Schanuel,3,1,2,0,0,0,3,2,0,0
824533,2026-04-12,LAA,away,666139,Josh Lowe,0,0,0,0,0,0,0,0,0,0
824533,2026-04-12,LAA,away,669326,Bryce Teodosio,4,1,0,0,0,0,0,1,2,1
824533,2026-04-12,LAA,away,681351,Logan O'Hoppe,4,0,2,1,0,0,1,1,1,0
823642,2026-04-12,NYM,home,620443,Luis Torrens,3,0,1,0,0,0,0,0,0,0
823642,2026-04-12,NYM,home,666182,Bo Bichette,4,0,0,0,0,0,0,0,2,0
823642,2026-04-12,NYM,home,621438,Tyrone Taylor,2,0,0,0,0,0,0,1,0,0
823642,2026-04-12,NYM,home,668901,Mark Vientos,2,0,0,0,0,0,0,0,0,0
823642,2026-04-12,NYM,home,683146,Brett Baty,3,0,0,0,0,0,0,0,1,0
823642,2026-04-12,NYM,home,701807,Carson Benge,3,0,0,0,0,0,0,0,0,0
823642,2026-04-12,NYM,home,543760,Marcus Semien,3,0,0,0,0,0,0,0,0,0
823642,2026-04-12,NYM,home,596019,Francisco Lindor,4,0,2,0,0,0,0,0,0,0
823642,2026-04-12,NYM,home,593871,Jorge Polanco,4,0,0,0,0,0,0,0,2,0
823642,2026-04-12,NYM,home,676724,Jared Young,2,0,1,0,0,0,0,0,0,0
823642,2026-04-12,OAK,away,671732,Lawrence Butler,4,0,0,0,0,0,0,0,1,0
823642,2026-04-12,OAK,away,643446,Jeff McNeil,4,0,1,1,0,0,0,0,0,0
823642,2026-04-12,OAK,away,666126,Carlos Cortes,3,0,1,0,0,0,0,0,0,0
823642,2026-04-12,OAK,away,691777,Max Muncy,3,0,0,0,0,0,0,1,1,0
823642,2026-04-12,OAK,away,672016,Denzel Clarke,3,0,0,0,0,0,0,0,1,0
823642,2026-04-12,OAK,away,691016,Tyler Soderstrom,4,0,0,0,0,0,0,0,1,0
823642,2026-04-12,OAK,away,687231,Darell Hernaiz,2,0,0,0,0,0,0,1,2,1
823642,2026-04-12,OAK,away,701762,Nick Kurtz,3,1,1,0,0,1,1,1,2,0
823642,2026-04-12,OAK,away,669127,Shea Langeliers,4,0,1,0,0,0,0,0,2,0
823642,2026-04-12,OAK,away,628451,Andy Ibáñez,1,0,0,0,0,0,0,0,0,0
824293,2026-04-12,DET,home,656716,Zach McKinstry,4,0,1,0,0,0,0,0,0,0
824293,2026-04-12,DET,home,595879,Javier Báez,4,0,1,0,0,0,1,0,1,0
824293,2026-04-12,DET,home,682985,Riley Greene,3,2,2,0,0,0,0,1,1,0
824293,2026-04-12,DET,home,805808,Kevin McGonigle,4,2,3,0,0,1,1,1,0,0
824293,2026-04-12,DET,home,681481,Kerry Carpenter,3,1,1,0,0,1,2,1,1,0
824293,2026-04-12,DET,home,679529,Spencer Torkelson,4,1,1,0,0,0,0,0,1,0
824293,2026-04-12,DET,home,650402,Gleyber Torres,5,0,1,0,0,0,0,0,1,0
824293,2026-04-12,DET,home,693307,Dillon Dingler,4,1,1,0,0,1,3,0,0,0
824293,2026-04-12,DET,home,690993,Colt Keith,5,1,1,0,0,0,0,0,1,0
824293,2026-04-12,MIA,away,681715,Heriberto Hernández,3,0,0,0,0,0,0,1,2,0
824293,2026-04-12,MIA,away,805300,Jakob Marsee,4,1,1,0,1,0,0,0,1,0
824293,2026-04-12,MIA,away,691594,Javier Sanoja,3,0,0,0,0,0,0,0,0,0
824293,2026-04-12,MIA,away,691277,Deyvison De Los Santos,2,0,0,0,0,0,0,0,2,0
824293,2026-04-12,MIA,away,669364,Xavier Edwards,4,0,1,0,0,0,0,0,0,0
824293,2026-04-12,MIA,away,689414,Liam Hicks,1,0,0,0,0,0,0,0,0,0
824293,2026-04-12,MIA,away,682663,Agustín Ramírez,4,0,0,0,0,0,0,0,1,0
824293,2026-04-12,MIA,away,681393,Connor Norby,3,0,1,0,0,0,0,0,2,0
824293,2026-04-12,MIA,away,596103,Austin Slater,3,0,2,0,0,0,0,1,0,0
824293,2026-04-12,MIA,away,672640,Otto Lopez,3,1,1,0,0,1,2,0,0,0
822998,2026-04-12,TB,home,670764,Taylor Walls,3,1,2,0,0,0,1,0,1,1
822998,2026-04-12,TB,home,680700,Richie Palacios,3,0,0,0,0,0,1,0,1,0
822998,2026-04-12,TB,home,641584,Jake Fraley,4,1,1,0,0,0,0,0,2,0
822998,2026-04-12,TB,home,802415,Chandler Simpson,4,2,3,0,1,0,1,0,0,1
822998,2026-04-12,TB,home,676439,Hunter Feduccia,2,0,0,0,0,0,0,0,1,0
822998,2026-04-12,TB,home,666018,Jonathan Aranda,4,0,0,0,0,0,0,0,3,0
822998,2026-04-12,TB,home,663743,Nick Fortes,2,0,0,0,0,0,0,0,0,0
822998,2026-04-12,TB,home,650490,Yandy Díaz,3,0,1,0,0,0,1,1,0,0
822998,2026-04-12,TB,home,810938,Ben Williamson,1,0,1,0,0,0,0,0,0,0
822998,2026-04-12,TB,home,691406,Junior Caminero,3,0,2,0,0,0,1,0,1,0
822998,2026-04-12,TB,home,656775,Cedric Mullins,3,1,1,0,1,0,0,0,0,0
822998,2026-04-12,NYY,away,676609,José Caballero,3,0,0,0,0,0,0,0,1,0
822998,2026-04-12,NYY,away,545341,Randal Grichuk,2,0,0,0,0,0,0,0,1,0
822998,2026-04-12,NYY,away,642708,Amed Rosario,1,0,1,1,0,0,0,0,0,0
822998,2026-04-12,NYY,away,592450,Aaron Judge,3,2,1,0,0,1,2,1,1,0
822998,2026-04-12,NYY,away,641857,Ryan McMahon,4,0,1,0,0,0,0,0,1,0
822998,2026-04-12,NYY,away,669224,Austin Wells,1,0,0,0,0,0,0,1,0,0
822998,2026-04-12,NYY,away,700250,Ben Rice,4,2,2,1,0,0,0,0,2,0
822998,2026-04-12,NYY,away,641555,J.C. Escarra,2,0,0,0,0,0,0,0,0,0
822998,2026-04-12,NYY,away,641355,Cody Bellinger,4,0,1,0,0,0,1,0,1,0
822998,2026-04-12,NYY,away,519317,Giancarlo Stanton,1,0,0,0,0,0,1,0,0,0
822998,2026-04-12,NYY,away,665862,Jazz Chisholm Jr.,4,0,1,1,0,0,0,0,0,0
822998,2026-04-12,NYY,away,663757,Trent Grisham,4,0,0,0,0,0,0,0,1,0
824126,2026-04-12,KC,home,695600,Carter Jensen,4,0,2,0,0,0,1,0,0,0
824126,2026-04-12,KC,home,686555,Isaac Collins,4,2,2,0,0,0,1,0,0,0
824126,2026-04-12,KC,home,521692,Salvador Perez,4,0,0,0,0,0,0,0,2,0
824126,2026-04-12,KC,home,686681,Michael Massey,4,0,0,0,0,0,0,0,1,0
824126,2026-04-12,KC,home,686469,Vinnie Pasquantino,4,0,0,0,0,0,1,1,1,0
824126,2026-04-12,KC,home,664728,Kyle Isbel,2,1,0,0,0,0,0,1,2,0
824126,2026-04-12,KC,home,672580,Maikel Garcia,4,1,0,0,0,0,0,1,0,0
824126,2026-04-12,KC,home,695506,Jac Caglianone,4,1,1,1,0,0,0,0,2,0
824126,2026-04-12,KC,home,677951,Bobby Witt Jr.,2,0,1,0,0,0,2,3,1,0
824126,2026-04-12,CWS,away,672820,Lenyn Sosa,5,1,2,0,0,0,0,0,2,0
824126,2026-04-12,CWS,away,671976,Tristan Peters,0,0,0,0,0,0,0,0,0,0
824126,2026-04-12,CWS,away,695020,Tanner Murray,2,1,1,0,0,1,2,0,0,0
824126,2026-04-12,CWS,away,682668,Luisangel Acuña,4,0,0,0,0,0,0,0,1,0
824126,2026-04-12,CWS,away,808959,Munetaka Murakami,3,1,0,0,0,0,0,2,1,0
824126,2026-04-12,CWS,away,687957,Dustin Harris,2,1,1,1,0,0,0,0,0,0
824126,2026-04-12,CWS,away,805367,Chase Meidroth,3,0,0,0,0,0,0,1,0,0
824126,2026-04-12,CWS,away,695657,Colson Montgomery,3,2,2,1,0,1,2,0,0,0
824126,2026-04-12,CWS,away,700337,Edgar Quero,3,0,0,0,0,0,0,1,1,0
824126,2026-04-12,CWS,away,643217,Andrew Benintendi,1,0,0,0,0,0,1,1,1,0
824126,2026-04-12,CWS,away,656537,Derek Hill,2,0,1,0,0,0,0,0,1,0
824126,2026-04-12,CWS,away,678246,Miguel Vargas,4,0,0,0,0,0,0,0,2,0
823804,2026-04-12,MIL,home,650859,Luis Rengifo,1,0,0,0,0,0,0,0,0,0
823804,2026-04-12,MIL,home,687401,Joey Ortiz,4,0,0,0,0,0,0,0,1,0
823804,2026-04-12,MIL,home,592885,Christian Yelich,2,0,0,0,0,0,0,0,0,0
823804,2026-04-12,MIL,home,641343,Jake Bauers,4,1,2,0,0,1,1,0,0,0
823804,2026-04-12,MIL,home,686217,Sal Frelick,4,0,0,0,0,0,0,0,0,0
823804,2026-04-12,MIL,home,663604,Brandon Lockridge,4,0,1,0,0,0,0,0,1,0
823804,2026-04-12,MIL,home,669003,Garrett Mitchell,4,0,1,0,0,0,0,0,2,0
823804,2026-04-12,MIL,home,666152,David Hamilton,3,0,0,0,0,0,0,0,0,0
823804,2026-04-12,MIL,home,661388,William Contreras,4,1,1,0,0,0,0,1,1,0
823804,2026-04-12,MIL,home,668930,Brice Turang,4,3,3,0,0,2,2,1,0,0
823804,2026-04-12,MIL,home,596142,Gary Sánchez,2,1,1,0,0,1,3,0,0,0
823804,2026-04-12,WSH,away,691781,Brady House,5,0,1,0,0,0,1,0,2,0
823804,2026-04-12,WSH,away,682928,CJ Abrams,4,1,2,0,0,0,1,0,1,0
823804,2026-04-12,WSH,away,683083,Nasim Nuñez,4,0,0,0,0,0,0,0,2,0
823804,2026-04-12,WSH,away,686452,Drew Millas,2,0,0,0,0,0,0,0,1,0
823804,2026-04-12,WSH,away,678391,Jorbit Vivas,3,0,1,0,0,0,0,0,0,0
823804,2026-04-12,WSH,away,678554,Curtis Mead,2,1,1,0,0,0,1,0,0,1
823804,2026-04-12,WSH,away,695734,Daylen Lile,5,0,2,1,0,0,0,0,0,0
823804,2026-04-12,WSH,away,677588,José Tena,1,1,1,0,0,0,1,0,0,0
823804,2026-04-12,WSH,away,695578,James Wood,3,2,1,0,0,1,1,2,1,1
823804,2026-04-12,WSH,away,696285,Jacob Young,5,2,2,1,0,0,0,0,0,0
823804,2026-04-12,WSH,away,660688,Keibert Ruiz,1,0,1,0,0,0,2,0,0,0
823804,2026-04-12,WSH,away,671277,Luis García Jr.,3,1,0,0,0,0,0,0,0,0
823075,2026-04-12,STL,home,669357,Nolan Gorman,3,0,0,0,0,0,1,0,2,0
823075,2026-04-12,STL,home,691023,Jordan Walker,4,1,2,0,0,1,1,0,0,0
823075,2026-04-12,STL,home,687363,Victor Scott II,3,0,1,0,0,0,0,0,0,0
823075,2026-04-12,STL,home,665877,José Fermín,4,0,1,0,0,0,0,0,1,0
823075,2026-04-12,STL,home,802139,JJ Wetherholt,4,0,0,0,0,0,0,0,0,0
823075,2026-04-12,STL,home,676475,Alec Burleson,4,1,2,0,0,1,1,0,0,0
823075,2026-04-12,STL,home,695336,Thomas Saggese,4,0,0,0,0,0,0,0,1,0
823075,2026-04-12,STL,home,602104,Ramón Urías,3,0,0,0,0,0,0,1,0,0
823075,2026-04-12,STL,home,671056,Iván Herrera,3,1,1,0,0,0,0,1,0,0
823075,2026-04-12,BOS,away,701350,Roman Anthony,5,0,0,0,0,0,1,0,0,0
823075,2026-04-12,BOS,away,575929,Willson Contreras,5,1,4,0,0,1,3,0,0,0
823075,2026-04-12,BOS,away,657136,Connor Wong,4,1,1,0,0,0,0,0,0,0
823075,2026-04-12,BOS,away,596115,Trevor Story,5,1,4,1,0,0,2,0,0,0
823075,2026-04-12,BOS,away,677800,Wilyer Abreu,4,1,0,0,0,0,0,1,1,0
823075,2026-04-12,BOS,away,702332,Caleb Durbin,3,2,0,0,0,0,0,1,0,0
823075,2026-04-12,BOS,away,680776,Jarren Duran,4,2,1,1,0,0,3,1,2,0
823075,2026-04-12,BOS,away,678882,Ceddanne Rafaela,3,1,0,0,0,0,0,0,1,0
823075,2026-04-12,BOS,away,691785,Marcelo Mayer,5,0,1,0,0,0,0,0,0,0
824696,2026-04-12,CHC,home,624424,Michael Conforto,1,0,1,1,0,0,0,0,0,0
824696,2026-04-12,CHC,home,664023,Ian Happ,4,0,0,0,0,0,0,1,0,0
824696,2026-04-12,CHC,home,664068,Scott Kingery,0,1,0,0,0,0,0,0,0,0
824696,2026-04-12,CHC,home,608324,Alex Bregman,3,0,1,0,0,0,2,1,0,0
824696,2026-04-12,CHC,home,608348,Carson Kelly,5,0,2,1,0,0,1,0,1,0
824696,2026-04-12,CHC,home,683737,Michael Busch,1,0,1,0,0,0,1,0,0,0
824696,2026-04-12,CHC,home,691718,Pete Crow-Armstrong,4,0,0,0,0,0,0,0,2,0
824696,2026-04-12,CHC,home,665804,Miguel Amaya,0,0,0,0,0,0,0,1,0,0
824696,2026-04-12,CHC,home,694208,Moisés Ballesteros,3,1,2,0,0,1,1,0,1,0
824696,2026-04-12,CHC,home,673548,Seiya Suzuki,3,1,0,0,0,0,0,2,1,0
824696,2026-04-12,CHC,home,621020,Dansby Swanson,2,3,1,0,0,1,1,2,0,0
824696,2026-04-12,CHC,home,663538,Nico Hoerner,5,1,2,1,0,0,0,0,0,0
824696,2026-04-12,CHC,home,807713,Matt Shaw,3,0,0,0,0,0,0,0,2,0
824696,2026-04-12,PIT,away,694377,Nick Yorke,3,0,0,0,0,0,0,0,1,0
824696,2026-04-12,PIT,away,687462,Spencer Horwitz,3,1,0,0,0,0,0,1,2,0
824696,2026-04-12,PIT,away,664040,Brandon Lowe,4,2,2,0,0,2,5,1,2,0
824696,2026-04-12,PIT,away,668804,Bryan Reynolds,4,0,1,0,0,0,0,0,1,1
824696,2026-04-12,PIT,away,663698,Joey Bart,4,0,0,0,0,0,0,0,2,0
824696,2026-04-12,PIT,away,665833,Oneil Cruz,4,1,1,0,0,1,1,1,3,1
824696,2026-04-12,PIT,away,695257,Billy Cook,0,0,0,0,0,0,0,0,0,0
824696,2026-04-12,PIT,away,804606,Konnor Griffin,3,1,0,0,0,0,0,0,2,0
824696,2026-04-12,PIT,away,656811,Ryan O'Hearn,4,0,2,0,0,0,0,0,1,0
824696,2026-04-12,PIT,away,542303,Marcell Ozuna,4,1,1,0,0,0,0,0,1,0
823317,2026-04-12,SD,home,666023,Freddy Fermin,2,0,0,0,0,0,1,1,0,0
823317,2026-04-12,SD,home,592206,Nick Castellanos,4,0,0,0,0,0,0,0,0,0
823317,2026-04-12,SD,home,701538,Jackson Merrill,3,2,2,0,0,1,1,0,0,1
823317,2026-04-12,SD,home,657656,Ramón Laureano,4,2,1,0,0,1,2,0,1,0
823317,2026-04-12,SD,home,592518,Manny Machado,1,0,1,0,0,0,2,2,0,0
823317,2026-04-12,SD,home,665487,Fernando Tatis Jr.,5,0,2,0,0,0,0,0,0,0
823317,2026-04-12,SD,home,664034,Ty France,3,3,3,1,0,1,1,0,0,0
823317,2026-04-12,SD,home,669369,Bryce Johnson,3,0,0,0,0,0,0,0,1,0
823317,2026-04-12,SD,home,593428,Xander Bogaerts,1,0,1,0,0,0,0,3,0,0
823317,2026-04-12,COL,away,666160,Mickey Moniak,4,0,0,0,0,0,0,0,2,0
823317,2026-04-12,COL,away,607536,Kyle Freeland,0,0,0,0,0,0,0,0,0,0
823317,2026-04-12,COL,away,671289,Tyler Freeman,4,0,0,0,0,0,0,0,1,0
823317,2026-04-12,COL,away,666397,Edouard Julien,3,0,0,0,0,0,0,0,0,0
823317,2026-04-12,COL,away,696100,Hunter Goodman,3,0,1,0,0,0,0,1,2,0
823317,2026-04-12,COL,away,687597,Jordan Beck,1,0,0,0,0,0,0,0,0,0
823317,2026-04-12,COL,away,664954,Brett Sullivan,3,0,1,1,0,0,2,0,2,0
823317,2026-04-12,COL,away,686668,Brenton Doyle,2,1,0,0,0,0,0,1,2,0
823317,2026-04-12,COL,away,678662,Ezequiel Tovar,2,1,0,0,0,0,0,0,2,0
823317,2026-04-12,COL,away,681198,TJ Rumfield,4,0,0,0,0,0,0,0,1,0
823317,2026-04-12,COL,away,691720,Kyle Karros,3,0,0,0,0,0,0,0,0,0
823154,2026-04-12,SEA,home,647304,Josh Naylor,3,1,0,0,0,0,0,1,1,0
823154,2026-04-12,SEA,home,702284,Cole Young,2,0,0,0,0,0,1,2,0,0
823154,2026-04-12,SEA,home,668227,Randy Arozarena,4,2,3,0,0,0,1,1,0,1
823154,2026-04-12,SEA,home,641487,J.P. Crawford,1,1,0,0,0,0,0,3,0,0
823154,2026-04-12,SEA,home,686527,Dominic Canzone,3,0,0,0,0,0,0,1,1,0
823154,2026-04-12,SEA,home,663728,Cal Raleigh,5,0,0,0,0,0,0,0,3,0
823154,2026-04-12,SEA,home,680977,Brendan Donovan,3,1,0,0,0,0,1,0,1,0
823154,2026-04-12,SEA,home,677594,Julio Rodríguez,4,0,2,0,0,0,1,1,1,1
823154,2026-04-12,SEA,home,670042,Luke Raley,5,1,3,1,1,0,2,0,0,0
823154,2026-04-12,HOU,away,514888,Jose Altuve,4,0,3,1,0,0,0,0,0,0
823154,2026-04-12,HOU,away,666211,Taylor Trammell,3,0,0,0,0,0,0,0,2,0
823154,2026-04-12,HOU,away,670623,Isaac Paredes,4,0,1,0,0,0,0,0,1,0
823154,2026-04-12,HOU,away,694388,Joey Loperfido,3,0,0,0,0,0,0,0,1,0
823154,2026-04-12,HOU,away,669397,Nick Allen,3,0,0,0,0,0,0,0,1,0
823154,2026-04-12,HOU,away,701358,Cam Smith,3,0,0,0,0,0,0,0,1,0
823154,2026-04-12,HOU,away,572233,Christian Walker,3,0,0,0,0,0,0,0,1,0
823154,2026-04-12,HOU,away,673237,Yainer Diaz,3,1,1,0,0,1,1,0,0,0
823154,2026-04-12,HOU,away,670541,Yordan Alvarez,3,0,0,0,0,0,0,1,1,0
823966,2026-04-12,LAD,home,669257,Will Smith,0,0,0,0,0,0,0,1,0,0
823966,2026-04-12,LAD,home,687221,Dalton Rushing,4,1,1,1,0,0,0,0,2,0
823966,2026-04-12,LAD,home,663656,Kyle Tucker,5,0,1,0,0,0,1,0,2,0
823966,2026-04-12,LAD,home,571970,Max Muncy,4,0,0,0,0,0,0,0,3,0
823966,2026-04-12,LAD,home,518692,Freddie Freeman,4,0,1,0,0,0,0,0,1,0
823966,2026-04-12,LAD,home,808975,Hyeseong Kim,2,0,0,0,0,0,0,0,1,0
823966,2026-04-12,LAD,home,660271,Shohei Ohtani,3,1,1,0,0,1,1,2,1,0
823966,2026-04-12,LAD,home,681624,Andy Pages,4,0,1,0,0,0,0,0,0,0
823966,2026-04-12,LAD,home,669743,Alex Call,3,0,1,0,0,0,0,1,1,0
823966,2026-04-12,LAD,home,500743,Miguel Rojas,0,0,0,0,0,0,0,1,0,0
823966,2026-04-12,LAD,home,690976,Alex Freeland,3,0,0,0,0,0,0,1,1,0
823966,2026-04-12,TEX,away,694497,Evan Carter,3,1,1,0,0,1,1,2,0,0
823966,2026-04-12,TEX,away,669394,Jake Burger,5,0,1,0,0,0,0,0,4,0
823966,2026-04-12,TEX,away,592626,Joc Pederson,4,1,1,0,0,0,0,1,2,0
823966,2026-04-12,TEX,away,608369,Corey Seager,4,0,0,0,0,0,0,1,1,0
823966,2026-04-12,TEX,away,673962,Josh Jung,3,2,2,1,0,0,0,2,1,0
823966,2026-04-12,TEX,away,677649,Ezequiel Duran,3,1,1,0,0,0,0,1,1,0
823966,2026-04-12,TEX,away,607043,Brandon Nimmo,5,0,2,0,0,0,2,0,0,0
823966,2026-04-12,TEX,away,669701,Josh Smith,5,0,2,0,0,0,1,0,1,0
823966,2026-04-12,TEX,away,643376,Danny Jansen,2,0,0,0,0,0,0,3,1,0
824938,2026-04-12,ATL,home,663897,Luke Williams,0,0,0,0,0,0,0,1,0,0
824938,2026-04-12,ATL,home,622761,Jorge Mateo,4,2,4,0,0,0,1,0,0,0
824938,2026-04-12,ATL,home,643289,Mauricio Dubón,4,2,3,1,0,0,2,0,0,0
824938,2026-04-12,ATL,home,686948,Drake Baldwin,5,1,0,0,0,0,1,0,0,0
824938,2026-04-12,ATL,home,621566,Matt Olson,5,2,2,1,0,0,1,0,0,0
824938,2026-04-12,ATL,home,642086,Dominic Smith,2,1,1,0,0,1,2,0,0,0
824938,2026-04-12,ATL,home,660670,Ronald Acuña Jr.,4,0,2,1,0,0,1,0,0,1
824938,2026-04-12,ATL,home,571657,Kyle Farmer,3,1,1,1,0,0,2,0,0,0
824938,2026-04-12,ATL,home,645277,Ozzie Albies,4,2,3,0,0,0,1,0,0,0
824938,2026-04-12,ATL,home,663586,Austin Riley,5,1,2,1,0,0,2,0,2,0
824938,2026-04-12,ATL,home,573262,Mike Yastrzemski,4,1,1,0,0,0,0,1,3,0
824938,2026-04-12,CLE,away,800050,Chase DeLauter,2,0,2,1,0,0,0,1,0,0
824938,2026-04-12,CLE,away,682177,Daniel Schneemann,4,0,3,2,0,0,0,0,0,0
824938,2026-04-12,CLE,away,677587,Brayan Rocchio,4,0,0,0,0,0,0,0,1,0
824938,2026-04-12,CLE,away,666310,Bo Naylor,1,0,0,0,0,0,0,0,0,0
824938,2026-04-12,CLE,away,681807,David Fry,4,0,1,0,0,0,0,0,3,0
824938,2026-04-12,CLE,away,608070,José Ramírez,4,0,1,0,0,0,0,0,0,1
824938,2026-04-12,CLE,away,682657,Angel Martínez,4,0,0,0,0,0,0,0,0,0
824938,2026-04-12,CLE,away,682877,Juan Brito,4,0,0,0,0,0,0,0,3,0
824938,2026-04-12,CLE,away,700932,Kyle Manzardo,4,0,1,0,0,0,0,0,0,0
824938,2026-04-12,CLE,away,692216,CJ Kayfus,0,0,0,0,0,0,0,0,0,0
824938,2026-04-12,CLE,away,656555,Rhys Hoskins,4,1,1,0,0,1,1,0,1,0
823153,2026-04-13,SEA,home,647304,Josh Naylor,4,2,2,0,0,2,5,0,0,0
823153,2026-04-13,SEA,home,702284,Cole Young,4,0,0,0,0,0,0,0,1,0
823153,2026-04-13,SEA,home,668227,Randy Arozarena,4,0,0,0,0,0,0,0,0,0
823153,2026-04-13,SEA,home,641487,J.P. Crawford,4,0,1,0,0,0,0,0,0,0
823153,2026-04-13,SEA,home,663728,Cal Raleigh,5,2,2,0,0,0,0,0,0,0
823153,2026-04-13,SEA,home,680977,Brendan Donovan,4,0,2,1,0,0,0,1,0,0
823153,2026-04-13,SEA,home,641598,Mitch Garver,4,0,1,0,0,0,0,0,1,0
823153,2026-04-13,SEA,home,677594,Julio Rodríguez,4,2,2,1,0,0,0,0,0,0
823153,2026-04-13,SEA,home,670042,Luke Raley,4,0,3,0,0,0,1,0,1,0
823153,2026-04-13,HOU,away,694376,Shay Whitcomb,0,0,0,0,0,0,0,0,0,0
823153,2026-04-13,HOU,away,670623,Isaac Paredes,4,0,2,0,0,0,0,0,1,0
823153,2026-04-13,HOU,away,669397,Nick Allen,2,0,0,0,0,0,0,0,0,0
823153,2026-04-13,HOU,away,701358,Cam Smith,4,1,1,0,0,0,0,0,0,0
823153,2026-04-13,HOU,away,514888,Jose Altuve,4,0,0,0,0,0,0,0,0,0
823153,2026-04-13,HOU,away,666211,Taylor Trammell,4,1,1,0,0,0,0,0,1,0
823153,2026-04-13,HOU,away,694388,Joey Loperfido,1,0,1,0,0,0,0,0,0,0
823153,2026-04-13,HOU,away,621043,Carlos Correa,4,0,1,0,0,0,0,0,2,0
823153,2026-04-13,HOU,away,572233,Christian Walker,3,0,0,0,0,0,0,1,2,0
823153,2026-04-13,HOU,away,673237,Yainer Diaz,3,0,1,0,0,0,1,0,0,0
823153,2026-04-13,HOU,away,670541,Yordan Alvarez,3,0,0,0,0,0,0,1,0,0
824856,2026-04-13,BAL,home,669236,Jeremiah Jackson,4,2,3,0,0,2,5,0,0,0
824856,2026-04-13,BAL,home,694212,Samuel Basallo,4,0,0,0,0,0,0,0,1,0
824856,2026-04-13,BAL,home,683002,Gunnar Henderson,5,0,1,0,1,0,1,0,1,0
824856,2026-04-13,BAL,home,665750,Leody Taveras,3,1,1,0,0,0,1,1,1,0
824856,2026-04-13,BAL,home,621493,Taylor Ward,4,1,0,0,0,0,0,0,3,0
824856,2026-04-13,BAL,home,687637,Dylan Beavers,4,1,1,0,0,0,0,0,0,0
824856,2026-04-13,BAL,home,677942,Blaze Alexander,2,1,0,0,0,0,0,1,2,0
824856,2026-04-13,BAL,home,624413,Pete Alonso,3,2,2,1,0,1,2,1,0,0
824856,2026-04-13,BAL,home,681297,Colton Cowser,3,1,0,0,0,0,0,1,1,0
824856,2026-04-13,ARI,away,680728,Adrian Del Castillo,4,1,1,0,0,0,0,0,1,0
824856,2026-04-13,ARI,away,571448,Nolan Arenado,4,2,2,0,0,2,5,0,1,0
824856,2026-04-13,ARI,away,606466,Ketel Marte,5,2,2,0,0,2,2,0,1,0
824856,2026-04-13,ARI,away,545121,Ildemaro Vargas,4,1,2,1,0,0,0,0,0,0
824856,2026-04-13,ARI,away,672695,Geraldo Perdomo,3,0,0,0,0,0,0,1,0,0
824856,2026-04-13,ARI,away,699912,Jose Fernandez,4,1,0,0,0,0,0,0,1,0
824856,2026-04-13,ARI,away,682998,Corbin Carroll,4,0,1,0,0,0,0,0,2,0
824856,2026-04-13,ARI,away,677950,Alek Thomas,4,0,0,0,0,0,0,0,3,0
824856,2026-04-13,ARI,away,678489,Jorge Barrosa,4,0,2,1,0,0,0,0,2,0
823400,2026-04-13,PIT,home,694377,Nick Yorke,6,0,0,0,0,0,0,0,2,0
823400,2026-04-13,PIT,home,687462,Spencer Horwitz,4,2,2,0,0,1,1,1,0,0
823400,2026-04-13,PIT,home,664040,Brandon Lowe,5,2,3,0,0,1,5,0,0,0
823400,2026-04-13,PIT,home,668804,Bryan Reynolds,4,1,3,0,1,0,4,0,1,0
823400,2026-04-13,PIT,home,663698,Joey Bart,0,0,0,0,0,0,1,0,0,0
823400,2026-04-13,PIT,home,665833,Oneil Cruz,3,3,2,0,0,0,3,2,0,1
823400,2026-04-13,PIT,home,663968,Jake Mangum,4,2,1,0,0,0,0,1,0,0
823400,2026-04-13,PIT,home,695257,Billy Cook,1,0,1,0,0,0,0,0,0,0
823400,2026-04-13,PIT,home,680779,Henry Davis,4,3,2,0,0,0,0,1,1,1
823400,2026-04-13,PIT,home,804606,Konnor Griffin,4,2,1,0,0,0,1,1,2,0
823400,2026-04-13,PIT,home,656811,Ryan O'Hearn,5,1,1,1,0,0,1,0,3,0
823400,2026-04-13,PIT,home,693304,Nick Gonzales,0,0,0,0,0,0,0,1,0,0
823400,2026-04-13,WSH,away,682928,CJ Abrams,2,1,1,0,0,1,1,0,0,0
823400,2026-04-13,WSH,away,683083,Nasim Nuñez,4,0,1,0,0,0,2,0,0,0
823400,2026-04-13,WSH,away,686894,Joey Wiemer,1,0,0,0,0,0,0,0,1,0
823400,2026-04-13,WSH,away,678391,Jorbit Vivas,3,1,1,1,0,0,0,1,0,0
823400,2026-04-13,WSH,away,678554,Curtis Mead,2,0,0,0,0,0,0,0,0,0
823400,2026-04-13,WSH,away,695734,Daylen Lile,4,1,2,0,0,0,0,0,1,0
823400,2026-04-13,WSH,away,677588,José Tena,3,1,1,0,0,0,0,0,0,0
823400,2026-04-13,WSH,away,695578,James Wood,3,0,1,0,0,0,0,1,2,0
823400,2026-04-13,WSH,away,696285,Jacob Young,4,1,1,0,0,1,2,0,1,0
823400,2026-04-13,WSH,away,660688,Keibert Ruiz,4,0,0,0,0,0,0,0,1,0
823400,2026-04-13,WSH,away,671277,Luis García Jr.,5,0,0,0,0,0,0,0,3,0
823481,2026-04-13,PHI,home,669016,Brandon Marsh,4,2,3,1,0,0,2,1,0,1
823481,2026-04-13,PHI,home,702222,Justin Crawford,5,0,0,0,0,0,0,0,2,0
823481,2026-04-13,PHI,home,547180,Bryce Harper,3,2,1,0,0,0,0,1,0,0
823481,2026-04-13,PHI,home,592663,J.T. Realmuto,5,0,3,0,0,0,3,0,0,0
823481,2026-04-13,PHI,home,624641,Edmundo Sosa,1,1,1,0,0,0,0,0,0,0
823481,2026-04-13,PHI,home,664761,Alec Bohm,4,0,1,0,0,0,2,0,1,0
823481,2026-04-13,PHI,home,681082,Bryson Stott,4,1,1,0,0,0,1,1,0,0
823481,2026-04-13,PHI,home,656941,Kyle Schwarber,3,4,2,0,0,2,3,1,0,0
823481,2026-04-13,PHI,home,805249,Otto Kemp,0,0,0,0,0,0,0,1,0,0
823481,2026-04-13,PHI,home,664238,Dylan Moore,1,0,0,0,0,0,0,0,1,0
823481,2026-04-13,PHI,home,666969,Adolis García,4,2,2,1,0,0,1,0,1,0
823481,2026-04-13,PHI,home,607208,Trea Turner,4,1,1,0,0,0,0,0,0,0
823481,2026-04-13,CHC,away,624424,Michael Conforto,1,0,0,0,0,0,0,0,1,0
823481,2026-04-13,CHC,away,664023,Ian Happ,5,1,2,1,0,0,0,0,2,0
823481,2026-04-13,CHC,away,664068,Scott Kingery,2,0,0,0,0,0,0,0,0,0
823481,2026-04-13,CHC,away,608324,Alex Bregman,4,0,1,0,0,0,0,1,1,0
823481,2026-04-13,CHC,away,608348,Carson Kelly,2,1,1,0,0,0,0,1,0,0
823481,2026-04-13,CHC,away,691718,Pete Crow-Armstrong,5,1,1,0,0,0,1,0,2,0
823481,2026-04-13,CHC,away,665804,Miguel Amaya,4,1,2,0,0,0,0,0,2,0
823481,2026-04-13,CHC,away,694208,Moisés Ballesteros,2,1,2,1,0,0,1,0,0,0
823481,2026-04-13,CHC,away,673548,Seiya Suzuki,4,0,1,0,0,0,1,1,0,0
823481,2026-04-13,CHC,away,621020,Dansby Swanson,3,2,1,0,0,1,2,1,1,0
823481,2026-04-13,CHC,away,663538,Nico Hoerner,3,0,0,0,0,0,0,0,2,0
823481,2026-04-13,CHC,away,807713,Matt Shaw,3,0,0,0,0,0,0,1,1,0
823563,2026-04-13,NYY,home,676609,José Caballero,5,2,2,1,0,1,2,0,0,1
823563,2026-04-13,NYY,home,642708,Amed Rosario,2,0,1,0,0,0,0,0,0,0
823563,2026-04-13,NYY,home,545341,Randal Grichuk,1,1,0,0,0,0,0,1,0,0
823563,2026-04-13,NYY,home,641857,Ryan McMahon,2,0,0,0,0,0,0,1,0,0
823563,2026-04-13,NYY,home,592450,Aaron Judge,5,2,2,0,0,2,3,0,1,0
823563,2026-04-13,NYY,home,502671,Paul Goldschmidt,2,1,1,1,0,0,0,1,1,0
823563,2026-04-13,NYY,home,669224,Austin Wells,3,0,1,0,0,0,0,2,0,0
823563,2026-04-13,NYY,home,700250,Ben Rice,2,1,1,0,0,0,0,1,1,0
823563,2026-04-13,NYY,home,641355,Cody Bellinger,5,0,1,0,0,0,0,0,0,0
823563,2026-04-13,NYY,home,519317,Giancarlo Stanton,4,1,2,1,0,0,0,1,2,0
823563,2026-04-13,NYY,home,665862,Jazz Chisholm Jr.,5,1,1,0,0,0,0,0,2,0
823563,2026-04-13,NYY,home,663757,Trent Grisham,3,2,2,0,0,2,5,0,0,0
823563,2026-04-13,LAA,away,624428,Adam Frazier,3,2,2,0,0,0,0,1,1,0
823563,2026-04-13,LAA,away,672724,Oswald Peraza,0,0,0,0,0,0,0,0,0,0
823563,2026-04-13,LAA,away,687263,Zach Neto,4,1,1,0,0,0,1,1,3,0
823563,2026-04-13,LAA,away,624585,Jorge Soler,5,1,2,1,0,0,1,0,2,0
823563,2026-04-13,LAA,away,660162,Yoán Moncada,5,1,2,0,0,0,0,0,2,0
823563,2026-04-13,LAA,away,545361,Mike Trout,5,3,2,0,0,2,5,0,0,0
823563,2026-04-13,LAA,away,666176,Jo Adell,4,1,2,1,0,0,1,0,0,0
823563,2026-04-13,LAA,away,694384,Nolan Schanuel,5,0,0,0,0,0,0,0,0,0
823563,2026-04-13,LAA,away,666139,Josh Lowe,3,1,0,0,0,0,1,1,0,0
823563,2026-04-13,LAA,away,669326,Bryce Teodosio,0,0,0,0,0,0,0,0,0,0
823563,2026-04-13,LAA,away,681351,Logan O'Hoppe,4,0,1,0,0,0,1,0,0,0
824937,2026-04-13,ATL,home,671739,Michael Harris II,3,0,2,0,0,0,0,1,1,0
824937,2026-04-13,ATL,home,622761,Jorge Mateo,1,0,0,0,0,0,0,0,1,0
824937,2026-04-13,ATL,home,643289,Mauricio Dubón,2,0,0,0,0,0,0,2,0,0
824937,2026-04-13,ATL,home,686948,Drake Baldwin,4,1,1,0,0,0,0,1,1,0
824937,2026-04-13,ATL,home,621566,Matt Olson,5,1,2,0,0,0,0,0,2,0
824937,2026-04-13,ATL,home,642086,Dominic Smith,3,0,1,1,0,0,1,0,2,0
824937,2026-04-13,ATL,home,660670,Ronald Acuña Jr.,4,1,1,0,0,0,0,1,2,0
824937,2026-04-13,ATL,home,571657,Kyle Farmer,1,0,0,0,0,0,0,0,0,0
824937,2026-04-13,ATL,home,645277,Ozzie Albies,3,0,0,0,0,0,0,1,1,0
824937,2026-04-13,ATL,home,663586,Austin Riley,5,1,1,0,0,0,2,0,0,1
824937,2026-04-13,ATL,home,573262,Mike Yastrzemski,2,0,1,0,0,0,1,0,0,1
824937,2026-04-13,MIA,away,681715,Heriberto Hernández,5,1,2,0,0,0,0,0,1,1
824937,2026-04-13,MIA,away,805300,Jakob Marsee,4,2,1,0,0,0,0,1,0,1
824937,2026-04-13,MIA,away,669364,Xavier Edwards,4,3,2,0,0,0,0,1,1,0
824937,2026-04-13,MIA,away,688363,Graham Pauley,5,1,1,0,0,0,0,0,2,0
824937,2026-04-13,MIA,away,689414,Liam Hicks,4,0,3,0,0,0,3,0,0,1
824937,2026-04-13,MIA,away,683357,Owen Caissie,5,0,1,0,0,0,0,0,2,0
824937,2026-04-13,MIA,away,682663,Agustín Ramírez,4,2,3,0,0,1,4,1,0,0
824937,2026-04-13,MIA,away,681393,Connor Norby,5,1,2,0,0,1,2,0,1,0
824937,2026-04-13,MIA,away,672640,Otto Lopez,5,0,1,0,0,0,1,0,2,0
823725,2026-04-13,MIN,home,605170,Victor Caratini,2,2,1,0,0,1,3,2,0,0
823725,2026-04-13,MIN,home,686797,Brooks Lee,4,0,1,0,0,0,1,0,0,0
823725,2026-04-13,MIN,home,668885,Austin Martin,4,2,1,1,0,0,0,1,1,0
823725,2026-04-13,MIN,home,605137,Josh Bell,5,1,1,1,0,0,2,0,0,0
823725,2026-04-13,MIN,home,680777,Ryan Jeffers,4,3,3,0,0,1,3,1,0,0
823725,2026-04-13,MIN,home,681546,James Outman,0,0,0,0,0,0,0,0,0,0
823725,2026-04-13,MIN,home,668952,Ryan Kreidler,4,1,1,0,0,1,1,0,0,0
823725,2026-04-13,MIN,home,621439,Byron Buxton,5,2,2,0,0,1,1,0,1,0
823725,2026-04-13,MIN,home,670242,Matt Wallner,3,0,0,0,0,0,0,0,1,0
823725,2026-04-13,MIN,home,807712,Luke Keaschall,4,2,1,1,0,0,1,1,1,0
823725,2026-04-13,BOS,away,701350,Roman Anthony,2,2,1,1,0,0,0,2,0,0
823725,2026-04-13,BOS,away,575929,Willson Contreras,3,1,1,0,0,0,0,0,2,0
823725,2026-04-13,BOS,away,596115,Trevor Story,3,0,1,0,0,0,1,0,1,0
823725,2026-04-13,BOS,away,677800,Wilyer Abreu,3,0,2,0,0,0,1,1,1,0
823725,2026-04-13,BOS,away,655316,Andruw Monasterio,2,0,1,0,0,0,1,0,1,0
823725,2026-04-13,BOS,away,643396,Isiah Kiner-Falefa,1,0,0,0,0,0,0,0,0,0
823725,2026-04-13,BOS,away,702332,Caleb Durbin,5,2,2,1,0,0,1,0,1,0
823725,2026-04-13,BOS,away,665966,Carlos Narváez,4,0,0,0,0,0,0,0,3,0
823725,2026-04-13,BOS,away,680776,Jarren Duran,5,1,1,0,0,1,2,0,1,0
823725,2026-04-13,BOS,away,678882,Ceddanne Rafaela,4,0,1,0,0,0,0,0,0,0
823725,2026-04-13,BOS,away,691785,Marcelo Mayer,3,0,0,0,0,0,0,1,0,0
823073,2026-04-13,STL,home,669357,Nolan Gorman,4,0,1,0,0,0,0,0,3,0
823073,2026-04-13,STL,home,691023,Jordan Walker,5,2,2,0,0,1,1,0,1,0
823073,2026-04-13,STL,home,701675,Nathan Church,2,0,0,0,0,0,0,0,0,0
823073,2026-04-13,STL,home,687363,Victor Scott II,2,0,0,0,0,0,0,0,0,0
823073,2026-04-13,STL,home,665877,José Fermín,1,0,0,0,0,0,0,1,0,0
823073,2026-04-13,STL,home,802139,JJ Wetherholt,5,1,1,0,0,0,0,0,1,0
823073,2026-04-13,STL,home,676475,Alec Burleson,5,0,2,1,0,0,1,0,0,0
823073,2026-04-13,STL,home,695336,Thomas Saggese,2,0,0,0,0,0,0,0,1,0
823073,2026-04-13,STL,home,686780,Pedro Pagés,3,0,1,0,0,0,1,0,0,0
823073,2026-04-13,STL,home,691026,Masyn Winn,1,0,1,1,0,0,0,3,0,0
823073,2026-04-13,STL,home,671056,Iván Herrera,5,0,1,0,0,0,0,0,0,0
823073,2026-04-13,CLE,away,595978,Austin Hedges,2,1,0,0,0,0,1,1,0,0
823073,2026-04-13,CLE,away,682177,Daniel Schneemann,5,0,1,0,0,0,2,0,3,0
823073,2026-04-13,CLE,away,677587,Brayan Rocchio,3,2,2,0,0,1,2,1,0,0
823073,2026-04-13,CLE,away,681807,David Fry,4,2,1,0,0,0,0,1,1,0
823073,2026-04-13,CLE,away,608070,José Ramírez,4,1,2,1,0,0,0,1,0,2
823073,2026-04-13,CLE,away,680757,Steven Kwan,5,0,2,0,0,0,2,0,0,0
823073,2026-04-13,CLE,away,682657,Angel Martínez,5,1,2,0,0,1,1,0,0,0
823073,2026-04-13,CLE,away,682877,Juan Brito,4,1,1,0,0,0,0,0,1,0
823073,2026-04-13,CLE,away,656555,Rhys Hoskins,4,1,0,0,0,0,0,1,1,0
825024,2026-04-13,OAK,home,671732,Lawrence Butler,4,1,1,0,0,1,1,0,0,0
825024,2026-04-13,OAK,home,680869,Zack Gelof,1,0,0,0,0,0,0,0,1,0
825024,2026-04-13,OAK,home,643446,Jeff McNeil,4,0,1,0,0,0,0,0,0,0
825024,2026-04-13,OAK,home,642851,Austin Wynns,0,0,0,0,0,0,0,0,0,0
825024,2026-04-13,OAK,home,666126,Carlos Cortes,3,0,0,0,0,0,0,0,0,0
825024,2026-04-13,OAK,home,691777,Max Muncy,1,0,1,0,0,0,0,0,0,0
825024,2026-04-13,OAK,home,672016,Denzel Clarke,2,0,0,0,0,0,0,0,2,0
825024,2026-04-13,OAK,home,691016,Tyler Soderstrom,3,0,0,0,0,0,0,1,0,0
825024,2026-04-13,OAK,home,687231,Darell Hernaiz,2,0,0,0,0,0,0,0,1,0
825024,2026-04-13,OAK,home,701762,Nick Kurtz,3,0,0,0,0,0,0,1,2,0
825024,2026-04-13,OAK,home,669127,Shea Langeliers,4,0,2,0,0,0,0,0,2,0
825024,2026-04-13,OAK,home,805779,Jacob Wilson,4,0,0,0,0,0,0,0,0,0
825024,2026-04-13,TEX,away,694497,Evan Carter,4,1,0,0,0,0,0,1,2,0
825024,2026-04-13,TEX,away,669394,Jake Burger,4,2,2,0,0,2,4,1,1,0
825024,2026-04-13,TEX,away,592626,Joc Pederson,5,1,3,0,0,0,0,0,1,0
825024,2026-04-13,TEX,away,608369,Corey Seager,4,2,1,1,0,0,0,1,1,0
825024,2026-04-13,TEX,away,673962,Josh Jung,4,0,1,1,0,0,2,0,1,0
825024,2026-04-13,TEX,away,543309,Kyle Higashioka,4,1,2,0,0,0,0,1,0,0
825024,2026-04-13,TEX,away,677649,Ezequiel Duran,3,0,1,0,0,0,0,1,1,1
825024,2026-04-13,TEX,away,607043,Brandon Nimmo,5,0,0,0,0,0,0,0,4,0
825024,2026-04-13,TEX,away,669701,Josh Smith,4,1,1,0,0,0,2,0,1,0
825024,2026-04-13,TEX,away,664059,Sam Haggerty,0,0,0,0,0,0,0,0,0,0
823964,2026-04-13,LAD,home,669257,Will Smith,3,0,1,0,0,0,1,1,0,0
823964,2026-04-13,LAD,home,663656,Kyle Tucker,2,1,0,0,0,0,0,2,1,0
823964,2026-04-13,LAD,home,571970,Max Muncy,4,0,0,0,0,0,0,0,4,0
823964,2026-04-13,LAD,home,518692,Freddie Freeman,4,1,2,1,0,0,0,0,1,0
823964,2026-04-13,LAD,home,669289,Santiago Espinal,4,0,0,0,0,0,0,0,1,0
823964,2026-04-13,LAD,home,660271,Shohei Ohtani,4,1,0,0,0,0,0,0,1,0
823964,2026-04-13,LAD,home,606192,Teoscar Hernández,2,0,1,1,0,0,0,2,1,0
823964,2026-04-13,LAD,home,681624,Andy Pages,4,1,1,0,0,1,3,0,2,0
823964,2026-04-13,LAD,home,500743,Miguel Rojas,4,0,3,1,0,0,0,0,1,0
823964,2026-04-13,NYM,away,666182,Bo Bichette,3,0,0,0,0,0,0,0,0,0
823964,2026-04-13,NYM,away,621438,Tyrone Taylor,3,0,0,0,0,0,0,0,0,0
823964,2026-04-13,NYM,away,682626,Francisco Alvarez,3,0,1,0,0,0,0,0,0,0
823964,2026-04-13,NYM,away,668901,Mark Vientos,3,0,0,0,0,0,0,0,1,0
823964,2026-04-13,NYM,away,502054,Tommy Pham,3,0,0,0,0,0,0,0,1,0
823964,2026-04-13,NYM,away,543760,Marcus Semien,3,0,1,0,0,0,0,0,0,0
823964,2026-04-13,NYM,away,596019,Francisco Lindor,4,0,0,0,0,0,0,0,0,0
823964,2026-04-13,NYM,away,593871,Jorge Polanco,3,0,1,0,0,0,0,0,0,0
823964,2026-04-13,NYM,away,673357,Luis Robert Jr.,3,0,0,0,0,0,0,0,0,0
824853,2026-04-14,BAL,home,669236,Jeremiah Jackson,4,0,2,1,0,0,0,0,0,0
824853,2026-04-14,BAL,home,694212,Samuel Basallo,3,1,2,0,0,1,1,1,0,0
824853,2026-04-14,BAL,home,683002,Gunnar Henderson,5,0,0,0,0,0,0,0,2,0
824853,2026-04-14,BAL,home,665750,Leody Taveras,3,0,1,0,0,0,2,1,0,0
824853,2026-04-14,BAL,home,621493,Taylor Ward,5,1,1,0,0,0,0,0,0,1
824853,2026-04-14,BAL,home,687637,Dylan Beavers,3,0,0,0,0,0,0,1,1,0
824853,2026-04-14,BAL,home,677942,Blaze Alexander,3,0,0,0,0,0,0,0,1,0
824853,2026-04-14,BAL,home,624413,Pete Alonso,2,1,0,0,0,0,0,2,1,0
824853,2026-04-14,BAL,home,681297,Colton Cowser,3,0,1,0,0,0,0,1,0,0
824853,2026-04-14,ARI,away,694374,Tim Tawa,4,0,0,0,0,0,0,0,2,0
824853,2026-04-14,ARI,away,571448,Nolan Arenado,4,0,0,0,0,0,0,0,1,0
824853,2026-04-14,ARI,away,663609,Luken Baker,4,0,1,0,0,0,0,0,2,0
824853,2026-04-14,ARI,away,545121,Ildemaro Vargas,5,1,1,0,0,1,3,0,2,0
824853,2026-04-14,ARI,away,672695,Geraldo Perdomo,4,1,3,0,0,0,0,0,1,2
824853,2026-04-14,ARI,away,699912,Jose Fernandez,4,0,2,1,0,0,1,0,2,0
824853,2026-04-14,ARI,away,682998,Corbin Carroll,4,0,0,0,0,0,0,0,2,0
824853,2026-04-14,ARI,away,543510,James McCann,4,1,2,0,0,0,0,0,1,0
824853,2026-04-14,ARI,away,678489,Jorge Barrosa,2,1,1,1,0,0,0,1,0,0
824292,2026-04-14,DET,home,656716,Zach McKinstry,3,1,1,1,0,0,0,0,0,0
824292,2026-04-14,DET,home,682985,Riley Greene,3,0,0,0,0,0,0,0,1,0
824292,2026-04-14,DET,home,595879,Javier Báez,3,0,0,0,0,0,0,0,0,0
824292,2026-04-14,DET,home,805808,Kevin McGonigle,2,1,0,0,0,0,0,2,0,0
824292,2026-04-14,DET,home,679529,Spencer Torkelson,1,0,0,0,0,0,0,2,1,0
824292,2026-04-14,DET,home,650402,Gleyber Torres,4,0,0,0,0,0,0,0,0,0
824292,2026-04-14,DET,home,663837,Matt Vierling,2,0,1,0,0,0,0,1,0,0
824292,2026-04-14,DET,home,693307,Dillon Dingler,4,0,2,1,0,0,1,0,0,0
824292,2026-04-14,DET,home,690993,Colt Keith,1,0,0,0,0,0,0,0,0,0
824292,2026-04-14,DET,home,672761,Wenceel Pérez,3,0,0,0,0,0,0,1,0,0
824292,2026-04-14,KC,away,695600,Carter Jensen,3,0,0,0,0,0,1,0,0,0
824292,2026-04-14,KC,away,663697,Jonathan India,2,0,0,0,0,0,0,1,0,0
824292,2026-04-14,KC,away,686475,Tyler Tolbert,2,0,0,0,0,0,0,0,0,0
824292,2026-04-14,KC,away,686555,Isaac Collins,0,0,0,0,0,0,0,0,0,0
824292,2026-04-14,KC,away,521692,Salvador Perez,4,0,1,0,0,0,0,0,0,0
824292,2026-04-14,KC,away,516782,Starling Marte,4,0,1,0,0,0,0,0,0,0
824292,2026-04-14,KC,away,686469,Vinnie Pasquantino,4,1,0,0,0,0,0,0,1,0
824292,2026-04-14,KC,away,664728,Kyle Isbel,1,0,0,0,0,0,0,0,1,0
824292,2026-04-14,KC,away,672580,Maikel Garcia,4,0,1,0,0,0,0,0,1,0
824292,2026-04-14,KC,away,657041,Lane Thomas,3,0,1,0,0,0,0,1,0,1
824292,2026-04-14,KC,away,677951,Bobby Witt Jr.,4,0,1,0,0,0,0,0,1,0
823398,2026-04-14,PIT,home,694377,Nick Yorke,2,0,0,0,0,0,0,0,0,0
823398,2026-04-14,PIT,home,687462,Spencer Horwitz,2,0,0,0,0,0,0,0,0,0
823398,2026-04-14,PIT,home,664040,Brandon Lowe,2,2,1,0,0,1,1,1,1,0
823398,2026-04-14,PIT,home,668804,Bryan Reynolds,3,1,1,0,0,0,0,1,1,0
823398,2026-04-14,PIT,home,663698,Joey Bart,3,1,1,0,0,1,1,1,1,0
823398,2026-04-14,PIT,home,665833,Oneil Cruz,5,0,0,0,0,0,0,0,3,0
823398,2026-04-14,PIT,home,663968,Jake Mangum,2,0,1,0,0,0,0,0,0,0
823398,2026-04-14,PIT,home,695257,Billy Cook,0,0,0,0,0,0,0,0,0,0
823398,2026-04-14,PIT,home,804606,Konnor Griffin,4,0,2,1,0,0,0,0,0,0
823398,2026-04-14,PIT,home,656811,Ryan O'Hearn,3,0,0,0,0,0,0,1,0,0
823398,2026-04-14,PIT,home,542303,Marcell Ozuna,4,0,2,1,0,0,1,0,0,0
823398,2026-04-14,PIT,home,693304,Nick Gonzales,4,0,0,0,0,0,1,0,1,0
823398,2026-04-14,WSH,away,691781,Brady House,4,1,2,1,0,0,1,0,1,0
823398,2026-04-14,WSH,away,682928,CJ Abrams,4,1,3,1,0,1,2,0,0,0
823398,2026-04-14,WSH,away,683083,Nasim Nuñez,3,1,0,0,0,0,0,1,0,0
823398,2026-04-14,WSH,away,686452,Drew Millas,3,0,0,0,0,0,0,0,0,0
823398,2026-04-14,WSH,away,686894,Joey Wiemer,0,0,0,0,0,0,0,0,0,0
823398,2026-04-14,WSH,away,678391,Jorbit Vivas,3,0,1,0,0,0,0,0,1,0
823398,2026-04-14,WSH,away,678554,Curtis Mead,2,0,0,0,0,0,0,0,0,0
823398,2026-04-14,WSH,away,695734,Daylen Lile,4,0,1,0,0,0,1,0,1,0
823398,2026-04-14,WSH,away,677588,José Tena,1,0,1,0,0,0,0,0,0,0
823398,2026-04-14,WSH,away,695578,James Wood,3,1,0,0,0,0,0,2,3,1
823398,2026-04-14,WSH,away,696285,Jacob Young,4,0,0,0,0,0,0,0,2,0
823398,2026-04-14,WSH,away,660688,Keibert Ruiz,0,0,0,0,0,0,0,0,0,0
823398,2026-04-14,WSH,away,671277,Luis García Jr.,2,1,1,0,0,0,1,1,0,0
824531,2026-04-14,CIN,home,682829,Elly De La Cruz,3,0,1,0,0,0,0,0,1,0
824531,2026-04-14,CIN,home,667472,Dane Myers,3,0,0,0,0,0,0,1,1,0
824531,2026-04-14,CIN,home,701398,Sal Stewart,3,1,1,0,0,1,1,0,2,0
824531,2026-04-14,CIN,home,680574,Matt McLain,2,0,0,0,0,0,0,2,0,0
824531,2026-04-14,CIN,home,663647,Ke'Bryan Hayes,3,0,0,0,0,0,0,0,0,0
824531,2026-04-14,CIN,home,666181,Will Benson,0,0,0,0,0,0,0,0,0,0
824531,2026-04-14,CIN,home,668715,Spencer Steer,3,1,1,0,0,1,1,0,0,0
824531,2026-04-14,CIN,home,553993,Eugenio Suárez,2,0,0,0,0,0,0,1,1,0
824531,2026-04-14,CIN,home,663886,Tyler Stephenson,2,0,0,0,0,0,0,1,2,0
824531,2026-04-14,CIN,home,677956,Rece Hinds,3,0,0,0,0,0,0,0,2,0
824531,2026-04-14,SF,away,669477,Casey Schmitt,3,0,0,0,0,0,0,0,1,0
824531,2026-04-14,SF,away,671218,Heliot Ramos,4,0,0,0,0,0,0,0,1,0
824531,2026-04-14,SF,away,656305,Matt Chapman,4,0,0,0,0,0,0,0,0,0
824531,2026-04-14,SF,away,672275,Patrick Bailey,3,0,0,0,0,0,0,0,0,0
824531,2026-04-14,SF,away,808982,Jung Hoo Lee,4,0,2,1,0,0,0,0,0,0
824531,2026-04-14,SF,away,646240,Rafael Devers,3,0,0,0,0,0,0,1,1,0
824531,2026-04-14,SF,away,666931,Jared Oliva,3,0,0,0,0,0,0,0,1,0
824531,2026-04-14,SF,away,642715,Willy Adames,4,1,2,0,0,1,1,0,1,0
824531,2026-04-14,SF,away,650333,Luis Arraez,4,0,3,0,0,0,0,0,0,0
824531,2026-04-14,SF,away,691740,Daniel Susac,1,0,0,0,0,0,0,0,0,0
823478,2026-04-14,PHI,home,669016,Brandon Marsh,3,1,1,0,0,0,0,0,0,0
823478,2026-04-14,PHI,home,702222,Justin Crawford,3,0,0,0,0,0,0,0,1,0
823478,2026-04-14,PHI,home,547180,Bryce Harper,4,0,0,0,0,0,0,0,1,0
823478,2026-04-14,PHI,home,592663,J.T. Realmuto,4,1,2,0,0,0,0,0,0,0
823478,2026-04-14,PHI,home,624641,Edmundo Sosa,4,2,2,1,0,1,3,0,0,0
823478,2026-04-14,PHI,home,664761,Alec Bohm,1,0,0,0,0,0,0,0,1,0
823478,2026-04-14,PHI,home,681082,Bryson Stott,4,0,1,0,0,0,0,0,1,0
823478,2026-04-14,PHI,home,656941,Kyle Schwarber,4,0,1,0,0,0,0,0,2,0
823478,2026-04-14,PHI,home,805249,Otto Kemp,0,0,0,0,0,0,0,0,0,0
823478,2026-04-14,PHI,home,666969,Adolis García,3,0,0,0,0,0,0,1,1,0
823478,2026-04-14,PHI,home,607208,Trea Turner,4,0,1,0,0,0,1,0,1,0
823478,2026-04-14,CHC,away,624424,Michael Conforto,1,0,0,0,0,0,0,0,1,0
823478,2026-04-14,CHC,away,664023,Ian Happ,5,0,2,1,0,0,1,0,2,0
823478,2026-04-14,CHC,away,608324,Alex Bregman,5,0,3,0,0,0,3,0,1,0
823478,2026-04-14,CHC,away,683737,Michael Busch,4,1,2,0,0,0,0,2,1,0
823478,2026-04-14,CHC,away,608348,Carson Kelly,4,2,2,0,0,1,3,1,0,0
823478,2026-04-14,CHC,away,691718,Pete Crow-Armstrong,4,2,2,1,0,0,0,0,1,0
823478,2026-04-14,CHC,away,665804,Miguel Amaya,0,1,0,0,0,0,0,1,0,0
823478,2026-04-14,CHC,away,694208,Moisés Ballesteros,2,0,1,0,0,0,0,0,0,0
823478,2026-04-14,CHC,away,673548,Seiya Suzuki,5,1,1,0,0,0,0,0,3,0
823478,2026-04-14,CHC,away,621020,Dansby Swanson,3,2,0,0,0,0,0,2,1,0
823478,2026-04-14,CHC,away,663538,Nico Hoerner,6,1,2,0,0,0,3,0,1,0
823478,2026-04-14,CHC,away,807713,Matt Shaw,1,0,0,0,0,0,0,0,0,0
823562,2026-04-14,NYY,home,676609,José Caballero,3,0,0,0,0,0,0,0,1,0
823562,2026-04-14,NYY,home,642708,Amed Rosario,4,0,1,0,0,0,0,0,0,0
823562,2026-04-14,NYY,home,545341,Randal Grichuk,3,1,1,1,0,0,0,0,1,0
823562,2026-04-14,NYY,home,592450,Aaron Judge,4,0,1,1,0,0,0,0,2,0
823562,2026-04-14,NYY,home,641857,Ryan McMahon,2,0,1,0,0,0,0,0,0,0
823562,2026-04-14,NYY,home,502671,Paul Goldschmidt,3,0,0,0,0,0,0,0,1,0
823562,2026-04-14,NYY,home,669224,Austin Wells,3,0,1,0,0,0,0,0,0,0
823562,2026-04-14,NYY,home,700250,Ben Rice,0,0,0,0,0,0,1,0,0,0
823562,2026-04-14,NYY,home,519317,Giancarlo Stanton,4,0,0,0,0,0,0,0,3,0
823562,2026-04-14,NYY,home,665862,Jazz Chisholm Jr.,1,0,0,0,0,0,0,0,1,0
823562,2026-04-14,NYY,home,663757,Trent Grisham,4,0,0,0,0,0,0,0,3,0
823562,2026-04-14,LAA,away,624428,Adam Frazier,1,0,0,0,0,0,0,0,0,0
823562,2026-04-14,LAA,away,672724,Oswald Peraza,3,1,3,0,0,1,1,1,0,0
823562,2026-04-14,LAA,away,687263,Zach Neto,5,0,0,0,0,0,0,0,4,0
823562,2026-04-14,LAA,away,624585,Jorge Soler,3,2,1,0,0,1,1,2,1,0
823562,2026-04-14,LAA,away,660162,Yoán Moncada,4,1,2,0,0,1,3,0,2,0
823562,2026-04-14,LAA,away,545361,Mike Trout,5,1,1,0,0,1,1,0,2,0
823562,2026-04-14,LAA,away,666176,Jo Adell,5,1,2,0,0,1,1,0,1,0
823562,2026-04-14,LAA,away,687093,Vaughn Grissom,3,1,2,0,0,0,0,2,1,0
823562,2026-04-14,LAA,away,669326,Bryce Teodosio,4,0,1,0,0,0,0,0,1,0
823562,2026-04-14,LAA,away,681351,Logan O'Hoppe,4,0,0,0,0,0,0,1,0,0
824935,2026-04-14,ATL,home,671739,Michael Harris II,4,0,0,0,0,0,0,0,2,0
824935,2026-04-14,ATL,home,622761,Jorge Mateo,0,0,0,0,0,0,0,0,0,0
824935,2026-04-14,ATL,home,643289,Mauricio Dubón,3,1,1,0,0,0,0,0,2,0
824935,2026-04-14,ATL,home,686948,Drake Baldwin,4,2,2,1,0,0,1,0,1,0
824935,2026-04-14,ATL,home,621566,Matt Olson,4,0,1,1,0,0,1,0,1,0
824935,2026-04-14,ATL,home,642086,Dominic Smith,4,0,3,1,0,0,4,0,0,0
824935,2026-04-14,ATL,home,660670,Ronald Acuña Jr.,3,0,0,0,0,0,0,1,0,1
824935,2026-04-14,ATL,home,645277,Ozzie Albies,3,2,1,1,0,0,0,0,0,0
824935,2026-04-14,ATL,home,663586,Austin Riley,4,0,0,0,0,0,0,0,0,0
824935,2026-04-14,ATL,home,573262,Mike Yastrzemski,4,1,1,0,0,0,0,0,1,0
824935,2026-04-14,MIA,away,805300,Jakob Marsee,3,1,2,0,0,0,1,1,0,1
824935,2026-04-14,MIA,away,691594,Javier Sanoja,4,0,2,0,0,0,0,0,1,1
824935,2026-04-14,MIA,away,669364,Xavier Edwards,3,0,0,0,0,0,0,1,0,0
824935,2026-04-14,MIA,away,688363,Graham Pauley,4,1,1,1,0,0,1,0,1,0
824935,2026-04-14,MIA,away,689414,Liam Hicks,4,0,1,0,0,0,0,0,1,0
824935,2026-04-14,MIA,away,683357,Owen Caissie,4,0,0,0,0,0,0,0,4,0
824935,2026-04-14,MIA,away,682663,Agustín Ramírez,3,1,1,0,0,0,1,0,1,0
824935,2026-04-14,MIA,away,681393,Connor Norby,4,1,1,0,0,0,1,0,2,0
824935,2026-04-14,MIA,away,672640,Otto Lopez,3,1,1,0,0,0,1,1,1,1
823723,2026-04-14,MIN,home,605170,Victor Caratini,3,0,0,0,0,0,0,0,1,0
823723,2026-04-14,MIN,home,665019,Kody Clemens,3,0,1,0,0,0,0,0,1,1
823723,2026-04-14,MIN,home,686797,Brooks Lee,4,1,1,0,0,1,1,0,1,0
823723,2026-04-14,MIN,home,656484,Tristan Gray,4,1,1,0,0,0,0,0,2,0
823723,2026-04-14,MIN,home,605137,Josh Bell,4,0,0,0,0,0,0,0,0,0
823723,2026-04-14,MIN,home,663616,Trevor Larnach,3,0,1,0,0,0,2,1,1,0
823723,2026-04-14,MIN,home,621439,Byron Buxton,5,4,4,0,0,2,2,0,1,0
823723,2026-04-14,MIN,home,670242,Matt Wallner,3,0,0,0,0,0,0,1,1,0
823723,2026-04-14,MIN,home,807712,Luke Keaschall,4,0,2,0,0,0,1,0,0,0
823723,2026-04-14,BOS,away,701350,Roman Anthony,4,0,2,1,0,0,0,0,1,0
823723,2026-04-14,BOS,away,575929,Willson Contreras,1,0,0,0,0,0,0,0,1,0
823723,2026-04-14,BOS,away,596115,Trevor Story,4,0,1,0,0,0,0,0,2,0
823723,2026-04-14,BOS,away,677800,Wilyer Abreu,4,0,0,0,0,0,0,0,1,0
823723,2026-04-14,BOS,away,655316,Andruw Monasterio,2,0,0,0,0,0,0,0,2,0
823723,2026-04-14,BOS,away,643396,Isiah Kiner-Falefa,3,0,1,0,0,0,0,0,0,0
823723,2026-04-14,BOS,away,702332,Caleb Durbin,3,0,0,0,0,0,0,1,0,0
823723,2026-04-14,BOS,away,665966,Carlos Narváez,4,0,0,0,0,0,0,0,4,0
823723,2026-04-14,BOS,away,680776,Jarren Duran,4,0,0,0,0,0,0,0,1,0
823723,2026-04-14,BOS,away,807799,Masataka Yoshida,4,0,2,0,0,0,0,0,0,0
824616,2026-04-14,CWS,home,671976,Tristan Peters,1,0,1,0,0,0,0,0,0,0
824616,2026-04-14,CWS,home,695020,Tanner Murray,2,0,1,0,0,0,0,0,0,0
824616,2026-04-14,CWS,home,682668,Luisangel Acuña,4,0,0,0,0,0,0,0,1,0
824616,2026-04-14,CWS,home,808959,Munetaka Murakami,3,2,1,0,0,1,2,2,0,0
824616,2026-04-14,CWS,home,687957,Dustin Harris,1,0,0,0,0,0,0,1,0,0
824616,2026-04-14,CWS,home,805367,Chase Meidroth,3,1,1,0,0,0,0,1,0,1
824616,2026-04-14,CWS,home,695657,Colson Montgomery,4,0,0,0,0,0,0,0,1,0
824616,2026-04-14,CWS,home,700337,Edgar Quero,4,0,0,0,0,0,0,1,1,1
824616,2026-04-14,CWS,home,643217,Andrew Benintendi,1,0,0,0,0,0,0,1,1,0
824616,2026-04-14,CWS,home,677592,Everson Pereira,4,1,1,0,0,1,3,0,2,0
824616,2026-04-14,CWS,home,656537,Derek Hill,2,0,0,0,0,0,0,0,0,1
824616,2026-04-14,CWS,home,678246,Miguel Vargas,4,1,0,0,0,0,0,1,0,0
824616,2026-04-14,TB,away,670764,Taylor Walls,3,0,1,0,0,0,0,1,1,1
824616,2026-04-14,TB,away,668723,Ryan Vilade,5,3,3,1,0,0,1,0,1,0
824616,2026-04-14,TB,away,802415,Chandler Simpson,3,0,1,0,0,0,0,0,0,0
824616,2026-04-14,TB,away,676356,Jonny DeLuca,5,0,1,1,0,0,1,0,2,0
824616,2026-04-14,TB,away,666018,Jonathan Aranda,3,1,1,0,0,0,0,2,2,0
824616,2026-04-14,TB,away,663743,Nick Fortes,4,1,1,0,0,0,1,0,0,0
824616,2026-04-14,TB,away,650490,Yandy Díaz,5,0,2,0,0,0,1,0,0,0
824616,2026-04-14,TB,away,810938,Ben Williamson,3,2,2,2,0,0,3,1,1,0
824616,2026-04-14,TB,away,691406,Junior Caminero,3,1,0,0,0,0,0,2,0,0
823802,2026-04-14,MIL,home,650859,Luis Rengifo,3,0,0,0,0,0,0,0,1,0
823802,2026-04-14,MIL,home,687401,Joey Ortiz,4,1,0,0,0,0,0,0,1,0
823802,2026-04-14,MIL,home,641343,Jake Bauers,4,1,1,0,0,1,3,1,1,0
823802,2026-04-14,MIL,home,686217,Sal Frelick,4,1,1,0,0,0,0,2,1,1
823802,2026-04-14,MIL,home,663604,Brandon Lockridge,2,0,1,1,0,0,1,0,0,0
823802,2026-04-14,MIL,home,669003,Garrett Mitchell,3,0,1,0,0,0,0,2,1,0
823802,2026-04-14,MIL,home,666152,David Hamilton,2,0,0,0,0,0,0,0,2,0
823802,2026-04-14,MIL,home,661388,William Contreras,5,0,2,0,0,0,1,1,0,0
823802,2026-04-14,MIL,home,668930,Brice Turang,6,2,3,0,0,0,1,0,3,1
823802,2026-04-14,MIL,home,682641,Luis Matos,3,0,2,0,0,0,0,0,0,0
823802,2026-04-14,MIL,home,596142,Gary Sánchez,5,2,1,0,0,1,1,1,2,0
823802,2026-04-14,TOR,away,672820,Lenyn Sosa,1,1,1,0,0,0,0,0,0,0
823802,2026-04-14,TOR,away,676391,Ernie Clement,5,1,1,0,0,0,1,0,1,0
823802,2026-04-14,TOR,away,662139,Daulton Varsho,5,1,2,0,0,1,1,0,1,0
823802,2026-04-14,TOR,away,665926,Andrés Giménez,4,1,1,0,0,1,2,0,1,0
823802,2026-04-14,TOR,away,678218,Brandon Valenzuela,2,0,0,0,0,0,0,0,1,0
823802,2026-04-14,TOR,away,676914,Davis Schneider,3,1,1,1,0,0,0,0,1,0
823802,2026-04-14,TOR,away,664770,Nathan Lukes,2,0,0,0,0,0,0,0,1,0
823802,2026-04-14,TOR,away,623168,Tyler Heineman,1,0,0,0,0,0,0,0,0,0
823802,2026-04-14,TOR,away,665489,Vladimir Guerrero Jr.,5,1,2,1,0,0,2,0,0,0
823802,2026-04-14,TOR,away,660821,Jesús Sánchez,4,1,2,0,0,0,0,1,0,0
823802,2026-04-14,TOR,away,650391,Eloy Jiménez,3,0,0,0,0,0,0,1,0,0
823802,2026-04-14,TOR,away,664702,Myles Straw,1,1,1,1,0,0,2,0,0,0
823802,2026-04-14,TOR,away,672960,Kazuma Okamoto,4,1,2,0,0,0,1,0,1,0
823072,2026-04-14,STL,home,669357,Nolan Gorman,1,0,0,0,0,0,0,0,0,0
823072,2026-04-14,STL,home,691023,Jordan Walker,4,0,1,0,0,0,0,0,1,1
823072,2026-04-14,STL,home,687363,Victor Scott II,2,0,1,0,0,0,0,0,0,0
823072,2026-04-14,STL,home,701675,Nathan Church,0,0,0,0,0,0,1,0,0,0
823072,2026-04-14,STL,home,665877,José Fermín,0,1,0,0,0,0,0,1,0,0
823072,2026-04-14,STL,home,802139,JJ Wetherholt,4,2,2,0,0,2,3,0,1,0
823072,2026-04-14,STL,home,676475,Alec Burleson,4,0,1,0,0,0,0,0,1,0
823072,2026-04-14,STL,home,695336,Thomas Saggese,4,1,0,0,0,0,0,0,3,0
823072,2026-04-14,STL,home,650968,Yohel Pozo,4,0,1,1,0,0,1,0,0,0
823072,2026-04-14,STL,home,602104,Ramón Urías,2,0,0,0,0,0,0,1,0,0
823072,2026-04-14,STL,home,691026,Masyn Winn,4,1,1,0,0,0,0,0,2,0
823072,2026-04-14,STL,home,671056,Iván Herrera,3,1,1,0,0,1,1,1,0,0
823072,2026-04-14,CLE,away,671655,George Valera,4,0,1,1,0,0,1,0,0,0
823072,2026-04-14,CLE,away,800050,Chase DeLauter,5,0,0,0,0,0,0,0,1,0
823072,2026-04-14,CLE,away,682177,Daniel Schneemann,2,1,1,0,0,1,1,2,0,0
823072,2026-04-14,CLE,away,677587,Brayan Rocchio,4,0,1,0,0,0,0,0,2,0
823072,2026-04-14,CLE,away,666310,Bo Naylor,2,0,1,0,0,0,0,0,0,0
823072,2026-04-14,CLE,away,681807,David Fry,2,0,0,0,0,0,0,0,0,0
823072,2026-04-14,CLE,away,608070,José Ramírez,4,2,2,0,0,1,1,1,1,1
823072,2026-04-14,CLE,away,680757,Steven Kwan,5,0,0,0,0,0,0,0,0,0
823072,2026-04-14,CLE,away,682877,Juan Brito,1,1,0,0,0,0,0,0,0,0
823072,2026-04-14,CLE,away,682657,Angel Martínez,4,0,1,1,0,0,2,0,0,0
823072,2026-04-14,CLE,away,700932,Kyle Manzardo,5,1,2,1,0,0,0,0,2,0
824210,2026-04-14,HOU,home,670623,Isaac Paredes,3,0,0,0,0,0,0,1,0,0
824210,2026-04-14,HOU,home,701358,Cam Smith,4,1,1,0,0,0,1,0,1,0
824210,2026-04-14,HOU,home,694728,Brice Matthews,2,0,0,0,0,0,0,0,1,0
824210,2026-04-14,HOU,home,514888,Jose Altuve,5,1,0,0,0,0,0,0,2,0
824210,2026-04-14,HOU,home,666211,Taylor Trammell,2,0,1,0,0,0,0,0,1,0
824210,2026-04-14,HOU,home,694388,Joey Loperfido,4,0,2,1,0,0,1,0,1,0
824210,2026-04-14,HOU,home,621043,Carlos Correa,4,1,1,0,0,0,0,0,0,0
824210,2026-04-14,HOU,home,572233,Christian Walker,4,2,3,0,0,1,2,0,0,0
824210,2026-04-14,HOU,home,543877,Christian Vázquez,4,1,2,1,0,0,1,0,2,0
824210,2026-04-14,HOU,home,670541,Yordan Alvarez,4,1,1,1,0,0,2,0,1,0
824210,2026-04-14,COL,away,666160,Mickey Moniak,3,0,0,0,0,0,0,0,0,0
824210,2026-04-14,COL,away,664983,Jake McCarthy,3,0,2,0,1,0,2,0,1,0
824210,2026-04-14,COL,away,687859,Troy Johnston,1,0,1,0,0,0,1,0,0,0
824210,2026-04-14,COL,away,650489,Willi Castro,5,0,0,0,0,0,0,0,3,0
824210,2026-04-14,COL,away,671289,Tyler Freeman,3,0,0,0,0,0,0,1,1,0
824210,2026-04-14,COL,away,666397,Edouard Julien,0,0,0,0,0,0,0,0,0,0
824210,2026-04-14,COL,away,696100,Hunter Goodman,5,2,2,0,0,2,2,0,3,0
824210,2026-04-14,COL,away,664954,Brett Sullivan,0,0,0,0,0,0,0,0,0,0
824210,2026-04-14,COL,away,687597,Jordan Beck,5,2,2,0,0,1,1,0,1,0
824210,2026-04-14,COL,away,686668,Brenton Doyle,2,0,1,0,0,0,0,0,1,0
824210,2026-04-14,COL,away,678662,Ezequiel Tovar,4,1,1,0,0,0,0,1,2,0
824210,2026-04-14,COL,away,681198,TJ Rumfield,4,0,1,0,0,0,0,1,0,0
824210,2026-04-14,COL,away,691720,Kyle Karros,3,1,2,0,0,0,0,1,0,0
823315,2026-04-14,SD,home,669134,Luis Campusano,4,0,1,0,0,0,0,0,1,0
823315,2026-04-14,SD,home,701538,Jackson Merrill,4,2,3,1,0,0,0,0,0,1
823315,2026-04-14,SD,home,657757,Gavin Sheets,3,0,0,0,0,0,0,1,1,0
823315,2026-04-14,SD,home,657656,Ramón Laureano,4,1,2,0,1,0,0,0,1,0
823315,2026-04-14,SD,home,592518,Manny Machado,4,0,0,0,0,0,0,0,0,0
823315,2026-04-14,SD,home,665487,Fernando Tatis Jr.,4,1,1,0,0,0,1,0,1,0
823315,2026-04-14,SD,home,664034,Ty France,4,0,1,0,0,0,0,0,0,0
823315,2026-04-14,SD,home,593428,Xander Bogaerts,4,0,3,0,0,0,3,0,0,0
823315,2026-04-14,SD,home,630105,Jake Cronenworth,3,0,0,0,0,0,0,0,0,0
823315,2026-04-14,SEA,away,647304,Josh Naylor,4,0,1,0,0,0,0,0,0,0
823315,2026-04-14,SEA,away,702284,Cole Young,3,0,0,0,0,0,0,0,1,0
823315,2026-04-14,SEA,away,668227,Randy Arozarena,4,1,2,0,0,0,0,0,1,0
823315,2026-04-14,SEA,away,641487,J.P. Crawford,3,0,0,0,0,0,0,0,0,0
823315,2026-04-14,SEA,away,621550,Patrick Wisdom,1,0,0,0,0,0,0,0,1,0
823315,2026-04-14,SEA,away,686527,Dominic Canzone,1,0,0,0,0,0,1,0,0,0
823315,2026-04-14,SEA,away,663728,Cal Raleigh,4,0,0,0,0,0,0,0,2,0
823315,2026-04-14,SEA,away,680977,Brendan Donovan,3,0,0,0,0,0,0,0,0,0
823315,2026-04-14,SEA,away,677594,Julio Rodríguez,2,0,0,0,0,0,0,2,1,0
823315,2026-04-14,SEA,away,670042,Luke Raley,3,0,1,0,0,0,0,1,1,0
825022,2026-04-14,OAK,home,671732,Lawrence Butler,1,0,0,0,0,0,0,0,1,0
825022,2026-04-14,OAK,home,680869,Zack Gelof,2,0,0,0,0,0,0,0,2,0
825022,2026-04-14,OAK,home,643446,Jeff McNeil,4,0,0,0,0,0,0,0,0,0
825022,2026-04-14,OAK,home,642851,Austin Wynns,3,0,1,0,0,0,0,1,0,0
825022,2026-04-14,OAK,home,691777,Max Muncy,3,0,0,0,0,0,0,1,2,0
825022,2026-04-14,OAK,home,672016,Denzel Clarke,3,1,1,1,0,0,0,0,2,0
825022,2026-04-14,OAK,home,691016,Tyler Soderstrom,2,0,0,0,0,0,0,2,0,0
825022,2026-04-14,OAK,home,701762,Nick Kurtz,3,0,1,0,0,0,0,1,1,0
825022,2026-04-14,OAK,home,669127,Shea Langeliers,2,1,0,0,0,0,0,2,2,0
825022,2026-04-14,OAK,home,805779,Jacob Wilson,3,0,1,0,0,0,2,1,1,0
825022,2026-04-14,TEX,away,694497,Evan Carter,1,0,0,0,0,0,0,0,1,0
825022,2026-04-14,TEX,away,694671,Wyatt Langford,3,0,0,0,0,0,0,1,1,0
825022,2026-04-14,TEX,away,669394,Jake Burger,4,0,1,0,0,0,1,0,1,0
825022,2026-04-14,TEX,away,592626,Joc Pederson,1,0,0,0,0,0,0,0,0,0
825022,2026-04-14,TEX,away,608369,Corey Seager,3,0,0,0,0,0,0,1,0,0
825022,2026-04-14,TEX,away,673962,Josh Jung,4,0,1,1,0,0,0,0,1,0
825022,2026-04-14,TEX,away,457705,Andrew McCutchen,3,0,0,0,0,0,0,0,1,0
825022,2026-04-14,TEX,away,677649,Ezequiel Duran,2,0,0,0,0,0,0,1,0,1
825022,2026-04-14,TEX,away,607043,Brandon Nimmo,4,1,1,1,0,0,0,0,0,0
825022,2026-04-14,TEX,away,669701,Josh Smith,0,0,0,0,0,0,0,0,0,0
825022,2026-04-14,TEX,away,664059,Sam Haggerty,2,0,0,0,0,0,0,1,2,0
825022,2026-04-14,TEX,away,643376,Danny Jansen,3,0,1,0,0,0,0,0,1,0
823965,2026-04-14,LAD,home,669257,Will Smith,4,0,1,1,0,0,0,0,2,0
823965,2026-04-14,LAD,home,663656,Kyle Tucker,3,1,1,0,0,0,1,1,0,0
823965,2026-04-14,LAD,home,571970,Max Muncy,3,0,1,0,0,0,0,0,0,0
823965,2026-04-14,LAD,home,518692,Freddie Freeman,4,0,0,0,0,0,1,0,2,0
823965,2026-04-14,LAD,home,808975,Hyeseong Kim,1,0,0,0,0,0,0,1,0,0
823965,2026-04-14,LAD,home,669289,Santiago Espinal,0,0,0,0,0,0,0,0,0,0
823965,2026-04-14,LAD,home,660271,Shohei Ohtani,3,0,0,0,0,0,0,1,0,0
823965,2026-04-14,LAD,home,606192,Teoscar Hernández,3,0,0,0,0,0,0,0,3,0
823965,2026-04-14,LAD,home,681624,Andy Pages,3,0,0,0,0,0,0,0,2,0
823965,2026-04-14,LAD,home,500743,Miguel Rojas,0,1,0,0,0,0,0,1,0,0
823965,2026-04-14,LAD,home,690976,Alex Freeland,2,0,0,0,0,0,0,0,0,0
823965,2026-04-14,NYM,away,666182,Bo Bichette,4,0,1,1,0,0,0,0,1,0
823965,2026-04-14,NYM,away,682626,Francisco Alvarez,3,0,0,0,0,0,0,1,1,0
823965,2026-04-14,NYM,away,668901,Mark Vientos,3,0,0,0,0,0,0,0,2,0
823965,2026-04-14,NYM,away,683146,Brett Baty,3,0,0,0,0,0,0,0,2,0
823965,2026-04-14,NYM,away,701807,Carson Benge,3,0,1,0,0,0,0,0,0,0
823965,2026-04-14,NYM,away,543760,Marcus Semien,3,0,0,0,0,0,0,0,1,0
823965,2026-04-14,NYM,away,596019,Francisco Lindor,4,1,2,0,0,1,1,0,1,1
823965,2026-04-14,NYM,away,593871,Jorge Polanco,4,0,0,0,0,0,0,0,2,0
823965,2026-04-14,NYM,away,673357,Luis Robert Jr.,4,0,0,0,0,0,0,0,1,0
824855,2026-04-15,BAL,home,669236,Jeremiah Jackson,5,1,2,0,0,1,3,0,1,0
824855,2026-04-15,BAL,home,642215,Weston Wilson,3,1,1,0,0,0,0,0,1,0
824855,2026-04-15,BAL,home,683002,Gunnar Henderson,5,1,1,0,0,0,0,0,1,1
824855,2026-04-15,BAL,home,665750,Leody Taveras,2,0,1,0,0,0,1,0,0,0
824855,2026-04-15,BAL,home,621493,Taylor Ward,5,0,0,0,0,0,0,0,0,0
824855,2026-04-15,BAL,home,677942,Blaze Alexander,3,0,1,0,0,0,0,1,1,1
824855,2026-04-15,BAL,home,671286,Johnathan Rodríguez,2,0,0,0,0,0,0,1,1,0
824855,2026-04-15,BAL,home,624413,Pete Alonso,3,1,0,0,0,0,0,2,1,0
824855,2026-04-15,BAL,home,669087,Sam Huff,4,0,1,1,0,0,1,0,1,0
824855,2026-04-15,BAL,home,681297,Colton Cowser,2,0,0,0,0,0,0,0,1,0
824855,2026-04-15,BAL,home,691723,Coby Mayo,4,1,1,1,0,0,0,0,0,0
824855,2026-04-15,ARI,away,680728,Adrian Del Castillo,5,1,1,0,0,1,3,0,0,0
824855,2026-04-15,ARI,away,571448,Nolan Arenado,5,0,2,0,0,0,1,0,1,0
824855,2026-04-15,ARI,away,606466,Ketel Marte,5,1,1,0,0,0,0,0,3,0
824855,2026-04-15,ARI,away,545121,Ildemaro Vargas,5,1,2,1,0,0,0,0,0,0
824855,2026-04-15,ARI,away,672695,Geraldo Perdomo,4,1,1,0,0,0,0,0,1,0
824855,2026-04-15,ARI,away,699912,Jose Fernandez,5,1,1,0,0,0,0,0,1,0
824855,2026-04-15,ARI,away,682998,Corbin Carroll,4,2,2,2,0,0,0,1,1,0
824855,2026-04-15,ARI,away,677950,Alek Thomas,5,1,1,1,0,0,1,0,0,0
824855,2026-04-15,ARI,away,678489,Jorge Barrosa,4,0,1,1,0,0,1,0,1,0
823071,2026-04-15,STL,home,669357,Nolan Gorman,4,0,1,0,0,0,0,0,0,0
823071,2026-04-15,STL,home,691023,Jordan Walker,5,0,1,1,0,0,0,0,2,0
823071,2026-04-15,STL,home,701675,Nathan Church,4,2,3,1,0,0,1,0,0,1
823071,2026-04-15,STL,home,687363,Victor Scott II,2,1,0,0,0,0,0,2,2,1
823071,2026-04-15,STL,home,802139,JJ Wetherholt,1,0,0,0,0,0,1,2,0,1
823071,2026-04-15,STL,home,676475,Alec Burleson,5,0,2,0,0,0,2,0,2,0
823071,2026-04-15,STL,home,602104,Ramón Urías,1,1,0,0,0,0,0,0,0,0
823071,2026-04-15,STL,home,686780,Pedro Pagés,3,0,1,0,0,0,1,0,0,1
823071,2026-04-15,STL,home,691026,Masyn Winn,4,1,1,0,0,0,0,0,1,0
823071,2026-04-15,STL,home,671056,Iván Herrera,2,0,0,0,0,0,0,3,0,0
823071,2026-04-15,CLE,away,671655,George Valera,2,0,1,1,0,0,0,0,1,0
823071,2026-04-15,CLE,away,800050,Chase DeLauter,3,0,0,0,0,0,0,1,0,0
823071,2026-04-15,CLE,away,682177,Daniel Schneemann,3,1,2,0,0,0,0,0,1,0
823071,2026-04-15,CLE,away,677587,Brayan Rocchio,3,0,1,0,0,0,0,0,0,0
823071,2026-04-15,CLE,away,666310,Bo Naylor,3,0,1,1,0,0,2,0,1,0
823071,2026-04-15,CLE,away,608070,José Ramírez,4,1,0,0,0,0,0,0,1,0
823071,2026-04-15,CLE,away,680757,Steven Kwan,4,0,1,1,0,0,0,0,0,0
823071,2026-04-15,CLE,away,682657,Angel Martínez,2,0,0,0,0,0,0,0,1,0
823071,2026-04-15,CLE,away,682877,Juan Brito,4,0,0,0,0,0,0,0,2,0
823071,2026-04-15,CLE,away,700932,Kyle Manzardo,2,0,2,0,0,0,1,0,0,0
823071,2026-04-15,CLE,away,656555,Rhys Hoskins,1,1,0,0,0,0,0,1,1,0
823722,2026-04-15,MIN,home,605170,Victor Caratini,3,0,1,0,0,0,0,0,0,0
823722,2026-04-15,MIN,home,665019,Kody Clemens,2,0,0,0,0,0,0,0,1,0
823722,2026-04-15,MIN,home,686797,Brooks Lee,4,1,1,0,0,0,1,0,0,0
823722,2026-04-15,MIN,home,668885,Austin Martin,4,1,2,0,0,1,1,1,1,0
823722,2026-04-15,MIN,home,656484,Tristan Gray,1,1,1,0,0,0,0,0,0,0
823722,2026-04-15,MIN,home,605137,Josh Bell,3,0,0,0,0,0,0,0,0,0
823722,2026-04-15,MIN,home,680777,Ryan Jeffers,4,0,0,0,0,0,0,0,1,0
823722,2026-04-15,MIN,home,681546,James Outman,0,0,0,0,0,0,0,1,0,0
823722,2026-04-15,MIN,home,668952,Ryan Kreidler,3,1,1,0,0,1,3,1,2,0
823722,2026-04-15,MIN,home,621439,Byron Buxton,3,0,0,0,0,0,0,0,1,0
823722,2026-04-15,MIN,home,670242,Matt Wallner,3,1,0,0,0,0,0,1,1,0
823722,2026-04-15,MIN,home,807712,Luke Keaschall,3,0,0,0,0,0,0,0,0,0
823722,2026-04-15,BOS,away,701350,Roman Anthony,4,2,2,0,0,0,0,1,1,0
823722,2026-04-15,BOS,away,657136,Connor Wong,3,0,1,0,0,0,1,0,0,1
823722,2026-04-15,BOS,away,596115,Trevor Story,4,1,2,1,0,1,5,1,0,0
823722,2026-04-15,BOS,away,655316,Andruw Monasterio,5,1,3,1,0,0,1,0,0,0
823722,2026-04-15,BOS,away,643396,Isiah Kiner-Falefa,3,1,2,0,0,0,0,1,0,0
823722,2026-04-15,BOS,away,680776,Jarren Duran,5,1,0,0,0,0,0,0,3,0
823722,2026-04-15,BOS,away,678882,Ceddanne Rafaela,3,2,1,0,0,0,0,1,1,0
823722,2026-04-15,BOS,away,807799,Masataka Yoshida,5,1,1,1,0,0,1,0,2,0
823722,2026-04-15,BOS,away,691785,Marcelo Mayer,5,0,1,0,0,0,0,0,0,0
824291,2026-04-15,DET,home,656716,Zach McKinstry,2,0,1,0,0,0,0,0,1,0
824291,2026-04-15,DET,home,595879,Javier Báez,3,1,1,1,0,0,0,0,0,0
824291,2026-04-15,DET,home,682985,Riley Greene,3,0,0,0,0,0,0,0,2,0
824291,2026-04-15,DET,home,805808,Kevin McGonigle,3,0,1,0,0,0,0,1,2,0
824291,2026-04-15,DET,home,681481,Kerry Carpenter,3,0,0,0,0,0,0,0,1,0
824291,2026-04-15,DET,home,679529,Spencer Torkelson,3,0,0,0,0,0,0,0,0,0
824291,2026-04-15,DET,home,668670,Jake Rogers,2,0,0,0,0,0,1,0,1,0
824291,2026-04-15,DET,home,650402,Gleyber Torres,4,0,3,0,0,0,0,0,0,0
824291,2026-04-15,DET,home,663837,Matt Vierling,0,0,0,0,0,0,0,0,0,0
824291,2026-04-15,DET,home,690993,Colt Keith,4,0,0,0,0,0,0,0,2,0
824291,2026-04-15,DET,home,672761,Wenceel Pérez,1,1,1,0,0,1,1,0,0,0
824291,2026-04-15,KC,away,695600,Carter Jensen,4,0,0,0,0,0,0,0,2,0
824291,2026-04-15,KC,away,663697,Jonathan India,2,0,0,0,0,0,0,0,0,0
824291,2026-04-15,KC,away,686475,Tyler Tolbert,0,0,0,0,0,0,0,0,0,0
824291,2026-04-15,KC,away,521692,Salvador Perez,4,0,0,0,0,0,0,0,2,0
824291,2026-04-15,KC,away,686681,Michael Massey,1,1,0,0,0,0,0,1,1,0
824291,2026-04-15,KC,away,516782,Starling Marte,1,0,0,0,0,0,0,0,0,0
824291,2026-04-15,KC,away,686469,Vinnie Pasquantino,3,0,1,0,1,0,0,1,0,0
824291,2026-04-15,KC,away,664728,Kyle Isbel,2,0,1,0,0,0,1,0,0,0
824291,2026-04-15,KC,away,672580,Maikel Garcia,4,0,0,0,0,0,0,0,1,0
824291,2026-04-15,KC,away,657041,Lane Thomas,4,0,1,0,0,0,0,0,1,0
824291,2026-04-15,KC,away,695506,Jac Caglianone,3,0,3,0,1,0,0,1,0,0
824291,2026-04-15,KC,away,677951,Bobby Witt Jr.,4,0,0,0,0,0,0,0,1,0
823399,2026-04-15,PIT,home,694377,Nick Yorke,3,0,0,0,0,0,0,0,0,0
823399,2026-04-15,PIT,home,687462,Spencer Horwitz,2,0,0,0,0,0,0,0,1,0
823399,2026-04-15,PIT,home,664040,Brandon Lowe,4,0,0,0,0,0,0,0,1,0
823399,2026-04-15,PIT,home,668804,Bryan Reynolds,1,1,0,0,0,0,0,3,0,0
823399,2026-04-15,PIT,home,665833,Oneil Cruz,4,0,0,0,0,0,0,0,2,0
823399,2026-04-15,PIT,home,695257,Billy Cook,0,0,0,0,0,0,0,0,0,0
823399,2026-04-15,PIT,home,680779,Henry Davis,2,0,0,0,0,0,0,0,0,0
823399,2026-04-15,PIT,home,804606,Konnor Griffin,0,0,0,0,0,0,0,0,0,0
823399,2026-04-15,PIT,home,656811,Ryan O'Hearn,4,1,3,0,0,0,0,0,1,1
823399,2026-04-15,PIT,home,542303,Marcell Ozuna,4,0,1,0,0,0,1,0,1,0
823399,2026-04-15,PIT,home,693304,Nick Gonzales,4,0,1,0,0,0,1,0,1,0
823399,2026-04-15,WSH,away,691781,Brady House,4,0,0,0,0,0,0,0,1,0
823399,2026-04-15,WSH,away,682928,CJ Abrams,1,0,1,1,0,0,0,1,0,0
823399,2026-04-15,WSH,away,683083,Nasim Nuñez,1,0,0,0,0,0,0,0,0,0
823399,2026-04-15,WSH,away,686452,Drew Millas,1,0,0,0,0,0,0,0,0,0
823399,2026-04-15,WSH,away,686894,Joey Wiemer,3,0,0,0,0,0,0,0,1,0
823399,2026-04-15,WSH,away,678391,Jorbit Vivas,3,0,1,0,0,0,0,0,1,0
823399,2026-04-15,WSH,away,678554,Curtis Mead,4,0,1,1,0,0,0,0,1,0
823399,2026-04-15,WSH,away,695734,Daylen Lile,4,0,0,0,0,0,0,0,1,0
823399,2026-04-15,WSH,away,677588,José Tena,1,0,0,0,0,0,0,0,1,0
823399,2026-04-15,WSH,away,695578,James Wood,4,0,0,0,0,0,0,0,2,0
823399,2026-04-15,WSH,away,660688,Keibert Ruiz,2,0,0,0,0,0,0,0,0,0
823399,2026-04-15,WSH,away,671277,Luis García Jr.,2,0,0,0,0,0,0,1,0,0
824532,2026-04-15,CIN,home,682829,Elly De La Cruz,4,2,1,0,0,1,1,1,3,0
824532,2026-04-15,CIN,home,701398,Sal Stewart,4,2,2,0,0,2,6,0,1,0
824532,2026-04-15,CIN,home,667472,Dane Myers,0,0,0,0,0,0,0,0,0,0
824532,2026-04-15,CIN,home,680574,Matt McLain,2,2,0,0,0,0,0,3,1,0
824532,2026-04-15,CIN,home,663647,Ke'Bryan Hayes,3,0,0,0,0,0,0,1,0,0
824532,2026-04-15,CIN,home,670770,TJ Friedl,4,1,1,0,0,0,0,0,0,0
824532,2026-04-15,CIN,home,668715,Spencer Steer,4,0,2,0,0,0,0,0,2,0
824532,2026-04-15,CIN,home,553993,Eugenio Suárez,4,1,3,0,0,1,1,0,0,0
824532,2026-04-15,CIN,home,663886,Tyler Stephenson,3,0,1,0,0,0,0,1,1,0
824532,2026-04-15,CIN,home,677956,Rece Hinds,4,0,0,0,0,0,0,0,2,0
824532,2026-04-15,SF,away,669477,Casey Schmitt,4,0,0,0,0,0,0,0,0,0
824532,2026-04-15,SF,away,666464,Jerar Encarnacion,2,0,1,0,0,0,0,0,0,0
824532,2026-04-15,SF,away,671218,Heliot Ramos,2,0,1,0,0,0,1,0,1,0
824532,2026-04-15,SF,away,686823,Will Brennan,2,0,0,0,0,0,0,0,0,0
824532,2026-04-15,SF,away,656305,Matt Chapman,4,1,1,0,0,0,0,0,0,0
824532,2026-04-15,SF,away,808982,Jung Hoo Lee,3,1,1,1,0,0,0,1,0,0
824532,2026-04-15,SF,away,687551,Drew Gilbert,2,0,0,0,0,0,0,0,0,0
824532,2026-04-15,SF,away,646240,Rafael Devers,4,1,2,0,0,0,0,0,1,0
824532,2026-04-15,SF,away,642715,Willy Adames,4,0,0,0,0,0,0,0,4,0
824532,2026-04-15,SF,away,650333,Luis Arraez,3,0,1,0,0,0,0,1,0,0
824532,2026-04-15,SF,away,691740,Daniel Susac,4,0,2,1,0,0,2,0,0,0
823477,2026-04-15,PHI,home,669016,Brandon Marsh,3,0,0,0,0,0,0,0,1,0
823477,2026-04-15,PHI,home,702222,Justin Crawford,1,0,0,0,0,0,0,0,0,0
823477,2026-04-15,PHI,home,547180,Bryce Harper,4,1,1,0,0,1,1,0,2,0
823477,2026-04-15,PHI,home,592663,J.T. Realmuto,2,0,0,0,0,0,0,0,1,0
823477,2026-04-15,PHI,home,624641,Edmundo Sosa,4,0,1,0,0,0,0,0,2,0
823477,2026-04-15,PHI,home,664761,Alec Bohm,3,0,0,0,0,0,0,0,0,0
823477,2026-04-15,PHI,home,656941,Kyle Schwarber,4,0,0,0,0,0,0,0,3,0
823477,2026-04-15,PHI,home,805249,Otto Kemp,3,0,0,0,0,0,0,0,1,0
823477,2026-04-15,PHI,home,665561,Rafael Marchán,2,0,0,0,0,0,0,0,0,0
823477,2026-04-15,PHI,home,666969,Adolis García,4,0,2,1,0,0,0,0,1,0
823477,2026-04-15,PHI,home,607208,Trea Turner,2,1,1,0,0,1,1,1,1,0
823477,2026-04-15,CHC,away,664023,Ian Happ,4,0,0,0,0,0,0,0,2,0
823477,2026-04-15,CHC,away,608324,Alex Bregman,4,1,1,0,0,0,0,1,3,1
823477,2026-04-15,CHC,away,683737,Michael Busch,5,0,0,0,0,0,0,0,1,0
823477,2026-04-15,CHC,away,691718,Pete Crow-Armstrong,4,1,2,0,0,0,0,0,1,0
823477,2026-04-15,CHC,away,665804,Miguel Amaya,5,1,1,0,0,0,0,0,0,0
823477,2026-04-15,CHC,away,673548,Seiya Suzuki,4,1,2,0,0,0,0,1,1,0
823477,2026-04-15,CHC,away,621020,Dansby Swanson,5,2,3,0,0,1,2,0,0,0
823477,2026-04-15,CHC,away,663538,Nico Hoerner,5,2,3,0,0,1,5,0,0,1
823477,2026-04-15,CHC,away,807713,Matt Shaw,4,3,3,3,0,0,2,0,0,0
823561,2026-04-15,NYY,home,676609,José Caballero,3,1,1,1,0,0,2,1,0,0
823561,2026-04-15,NYY,home,545341,Randal Grichuk,0,0,0,0,0,0,0,0,0,0
823561,2026-04-15,NYY,home,592450,Aaron Judge,4,1,1,0,0,1,1,0,0,0
823561,2026-04-15,NYY,home,641857,Ryan McMahon,3,0,0,0,0,0,0,0,1,0
823561,2026-04-15,NYY,home,502671,Paul Goldschmidt,1,0,0,0,0,0,0,0,0,0
823561,2026-04-15,NYY,home,669224,Austin Wells,2,1,1,0,0,0,0,2,0,0
823561,2026-04-15,NYY,home,700250,Ben Rice,4,0,0,0,0,0,0,0,0,0
823561,2026-04-15,NYY,home,641355,Cody Bellinger,3,0,1,1,0,0,0,1,0,0
823561,2026-04-15,NYY,home,519317,Giancarlo Stanton,4,0,0,0,0,0,0,0,3,0
823561,2026-04-15,NYY,home,665862,Jazz Chisholm Jr.,3,2,1,0,0,0,0,1,2,1
823561,2026-04-15,NYY,home,663757,Trent Grisham,3,0,1,0,0,0,2,0,0,0
823561,2026-04-15,LAA,away,624428,Adam Frazier,3,1,1,0,0,1,1,0,1,0
823561,2026-04-15,LAA,away,672724,Oswald Peraza,3,0,0,0,0,0,0,1,0,1
823561,2026-04-15,LAA,away,687263,Zach Neto,2,1,1,1,0,0,0,1,0,0
823561,2026-04-15,LAA,away,660162,Yoán Moncada,4,0,0,0,0,0,0,0,1,0
823561,2026-04-15,LAA,away,545361,Mike Trout,4,1,2,0,0,1,2,0,1,0
823561,2026-04-15,LAA,away,666176,Jo Adell,4,0,0,0,0,0,0,0,1,0
823561,2026-04-15,LAA,away,694384,Nolan Schanuel,4,0,1,0,0,0,0,0,0,0
823561,2026-04-15,LAA,away,666139,Josh Lowe,4,0,1,0,0,0,0,0,2,0
823561,2026-04-15,LAA,away,669326,Bryce Teodosio,0,0,0,0,0,0,0,0,0,0
823561,2026-04-15,LAA,away,681351,Logan O'Hoppe,4,1,1,0,0,1,1,0,1,0
824936,2026-04-15,ATL,home,671739,Michael Harris II,4,0,0,0,0,0,0,0,2,1
824936,2026-04-15,ATL,home,643289,Mauricio Dubón,4,0,1,0,0,0,1,0,0,0
824936,2026-04-15,ATL,home,686948,Drake Baldwin,4,1,2,0,0,0,1,0,2,0
824936,2026-04-15,ATL,home,621566,Matt Olson,4,1,1,0,0,1,2,0,1,0
824936,2026-04-15,ATL,home,642086,Dominic Smith,4,0,1,0,0,0,0,0,0,0
824936,2026-04-15,ATL,home,660670,Ronald Acuña Jr.,4,1,2,1,0,0,0,0,2,0
824936,2026-04-15,ATL,home,645277,Ozzie Albies,4,1,1,0,0,1,1,0,0,0
824936,2026-04-15,ATL,home,663586,Austin Riley,4,1,2,1,0,1,1,0,0,0
824936,2026-04-15,ATL,home,573262,Mike Yastrzemski,3,1,1,0,0,0,0,0,0,0
824936,2026-04-15,MIA,away,681715,Heriberto Hernández,4,0,0,0,0,0,1,0,3,0
824936,2026-04-15,MIA,away,805300,Jakob Marsee,4,0,0,0,0,0,0,1,2,0
824936,2026-04-15,MIA,away,691277,Deyvison De Los Santos,3,0,1,0,0,0,0,0,1,0
824936,2026-04-15,MIA,away,669364,Xavier Edwards,4,0,1,0,0,0,0,1,0,0
824936,2026-04-15,MIA,away,688363,Graham Pauley,4,0,1,1,0,0,0,0,0,0
824936,2026-04-15,MIA,away,689414,Liam Hicks,4,1,1,0,0,1,2,0,1,0
824936,2026-04-15,MIA,away,683357,Owen Caissie,2,0,0,0,0,0,0,0,1,0
824936,2026-04-15,MIA,away,682663,Agustín Ramírez,1,0,0,0,0,0,0,0,1,0
824936,2026-04-15,MIA,away,681393,Connor Norby,4,1,2,1,0,0,0,0,1,0
824936,2026-04-15,MIA,away,596103,Austin Slater,0,0,0,0,0,0,0,2,0,0
824936,2026-04-15,MIA,away,672640,Otto Lopez,4,1,2,0,0,0,0,0,2,0
824615,2026-04-15,CWS,home,671976,Tristan Peters,3,0,0,0,0,0,0,0,0,0
824615,2026-04-15,CWS,home,695020,Tanner Murray,2,1,1,0,0,0,0,1,0,0
824615,2026-04-15,CWS,home,682668,Luisangel Acuña,3,0,0,0,0,0,0,1,0,0
824615,2026-04-15,CWS,home,808959,Munetaka Murakami,2,0,1,0,0,0,0,2,1,0
824615,2026-04-15,CWS,home,695657,Colson Montgomery,4,0,0,0,0,0,0,0,4,0
824615,2026-04-15,CWS,home,624512,Reese McGuire,4,0,2,0,0,0,1,0,0,0
824615,2026-04-15,CWS,home,700337,Edgar Quero,0,0,0,0,0,0,0,0,0,0
824615,2026-04-15,CWS,home,643217,Andrew Benintendi,5,0,1,0,1,0,0,0,1,0
824615,2026-04-15,CWS,home,803011,Sam Antonacci,3,1,1,0,0,0,0,1,0,0
824615,2026-04-15,CWS,home,656537,Derek Hill,1,1,1,0,0,0,0,0,0,0
824615,2026-04-15,CWS,home,678246,Miguel Vargas,4,0,0,0,0,0,0,0,0,0
824615,2026-04-15,TB,away,670764,Taylor Walls,4,1,1,0,0,0,0,0,0,0
824615,2026-04-15,TB,away,680700,Richie Palacios,3,0,1,0,0,0,0,1,1,1
824615,2026-04-15,TB,away,668723,Ryan Vilade,1,0,0,0,0,0,0,0,0,0
824615,2026-04-15,TB,away,641584,Jake Fraley,3,1,1,0,0,1,1,0,0,1
824615,2026-04-15,TB,away,802415,Chandler Simpson,4,0,0,0,0,0,0,0,1,0
824615,2026-04-15,TB,away,676356,Jonny DeLuca,1,1,1,0,0,1,3,0,0,0
824615,2026-04-15,TB,away,676439,Hunter Feduccia,4,1,1,0,0,0,0,0,2,0
824615,2026-04-15,TB,away,666018,Jonathan Aranda,3,1,1,1,0,0,1,1,0,0
824615,2026-04-15,TB,away,650490,Yandy Díaz,2,1,1,1,0,0,1,2,0,0
824615,2026-04-15,TB,away,810938,Ben Williamson,1,0,0,0,0,0,0,0,0,0
824615,2026-04-15,TB,away,691406,Junior Caminero,4,2,1,0,0,1,2,1,1,0
824615,2026-04-15,TB,away,656775,Cedric Mullins,4,0,1,0,0,0,0,0,0,1
823803,2026-04-15,MIL,home,687401,Joey Ortiz,3,0,1,0,0,0,0,0,1,1
823803,2026-04-15,MIL,home,641343,Jake Bauers,3,0,0,0,0,0,0,1,1,0
823803,2026-04-15,MIL,home,686217,Sal Frelick,4,1,0,0,0,0,0,0,1,0
823803,2026-04-15,MIL,home,663604,Brandon Lockridge,3,0,1,0,0,0,0,1,0,0
823803,2026-04-15,MIL,home,669003,Garrett Mitchell,2,0,0,0,0,0,0,0,2,0
823803,2026-04-15,MIL,home,666152,David Hamilton,3,1,1,0,0,0,0,0,0,0
823803,2026-04-15,MIL,home,663368,Blake Perkins,1,0,0,0,0,0,0,0,0,0
823803,2026-04-15,MIL,home,661388,William Contreras,4,0,2,0,0,0,1,0,0,0
823803,2026-04-15,MIL,home,668930,Brice Turang,3,0,0,0,0,0,1,1,0,0
823803,2026-04-15,MIL,home,596142,Gary Sánchez,3,0,0,0,0,0,0,1,1,0
823803,2026-04-15,TOR,away,672820,Lenyn Sosa,3,0,1,0,0,0,0,0,0,0
823803,2026-04-15,TOR,away,676391,Ernie Clement,4,0,0,0,0,0,0,0,1,0
823803,2026-04-15,TOR,away,662139,Daulton Varsho,3,1,1,0,0,0,0,1,0,0
823803,2026-04-15,TOR,away,665926,Andrés Giménez,4,0,1,0,0,0,0,0,0,0
823803,2026-04-15,TOR,away,678218,Brandon Valenzuela,3,0,1,0,0,0,0,0,1,0
823803,2026-04-15,TOR,away,676914,Davis Schneider,1,0,0,0,0,0,0,0,1,0
823803,2026-04-15,TOR,away,664770,Nathan Lukes,3,0,0,0,0,0,0,0,0,0
823803,2026-04-15,TOR,away,665489,Vladimir Guerrero Jr.,3,0,1,0,0,0,0,1,1,0
823803,2026-04-15,TOR,away,660821,Jesús Sánchez,2,0,0,0,0,0,1,0,0,0
823803,2026-04-15,TOR,away,664702,Myles Straw,1,0,0,0,0,0,0,0,1,0
823803,2026-04-15,TOR,away,672960,Kazuma Okamoto,3,0,0,0,0,0,0,1,1,0
824209,2026-04-15,HOU,home,670623,Isaac Paredes,3,0,0,0,0,0,0,1,0,0
824209,2026-04-15,HOU,home,669397,Nick Allen,3,0,2,1,0,0,0,0,1,0
824209,2026-04-15,HOU,home,701358,Cam Smith,2,0,1,1,0,0,1,1,0,0
824209,2026-04-15,HOU,home,694728,Brice Matthews,3,0,0,0,0,0,0,0,2,0
824209,2026-04-15,HOU,home,694388,Joey Loperfido,4,0,0,0,0,0,0,0,2,0
824209,2026-04-15,HOU,home,621043,Carlos Correa,2,1,0,0,0,0,0,2,0,0
824209,2026-04-15,HOU,home,572233,Christian Walker,2,0,0,0,0,0,1,1,0,0
824209,2026-04-15,HOU,home,673237,Yainer Diaz,4,0,0,0,0,0,0,0,0,0
824209,2026-04-15,HOU,home,670541,Yordan Alvarez,3,2,2,1,0,1,1,1,0,0
824209,2026-04-15,COL,away,666160,Mickey Moniak,3,0,1,1,0,0,0,0,2,0
824209,2026-04-15,COL,away,664983,Jake McCarthy,3,0,1,0,0,0,0,1,1,1
824209,2026-04-15,COL,away,687859,Troy Johnston,0,0,0,0,0,0,0,1,0,0
824209,2026-04-15,COL,away,650489,Willi Castro,1,0,1,1,0,0,1,0,0,0
824209,2026-04-15,COL,away,671289,Tyler Freeman,2,0,0,0,0,0,0,0,1,0
824209,2026-04-15,COL,away,666397,Edouard Julien,4,0,0,0,0,0,0,1,2,0
824209,2026-04-15,COL,away,696100,Hunter Goodman,4,0,0,0,0,0,0,0,3,0
824209,2026-04-15,COL,away,687597,Jordan Beck,3,0,0,0,0,0,0,0,1,0
824209,2026-04-15,COL,away,664954,Brett Sullivan,1,0,0,0,0,0,0,0,1,0
824209,2026-04-15,COL,away,686668,Brenton Doyle,2,0,1,0,0,0,0,0,1,1
824209,2026-04-15,COL,away,678662,Ezequiel Tovar,3,1,0,0,0,0,0,1,1,0
824209,2026-04-15,COL,away,681198,TJ Rumfield,4,0,0,0,0,0,0,0,1,0
824209,2026-04-15,COL,away,691720,Kyle Karros,1,0,0,0,0,0,0,1,1,0
823314,2026-04-15,SD,home,669134,Luis Campusano,4,1,1,0,0,0,1,0,0,0
823314,2026-04-15,SD,home,666023,Freddy Fermin,0,0,0,0,0,0,0,0,0,0
823314,2026-04-15,SD,home,592206,Nick Castellanos,4,0,0,0,0,0,0,0,2,0
823314,2026-04-15,SD,home,701538,Jackson Merrill,5,1,2,1,0,0,2,0,1,0
823314,2026-04-15,SD,home,657757,Gavin Sheets,4,1,2,2,0,0,0,0,0,0
823314,2026-04-15,SD,home,657656,Ramón Laureano,5,1,2,1,0,0,1,0,1,0
823314,2026-04-15,SD,home,592518,Manny Machado,3,1,0,0,0,0,0,1,1,0
823314,2026-04-15,SD,home,664034,Ty France,4,1,1,0,0,0,0,0,1,0
823314,2026-04-15,SD,home,665487,Fernando Tatis Jr.,0,0,0,0,0,0,1,0,0,0
823314,2026-04-15,SD,home,593428,Xander Bogaerts,4,1,2,0,0,1,2,0,0,0
823314,2026-04-15,SD,home,630105,Jake Cronenworth,2,0,0,0,0,0,0,1,1,0
823314,2026-04-15,SEA,away,647304,Josh Naylor,5,0,0,0,0,0,0,0,3,0
823314,2026-04-15,SEA,away,702284,Cole Young,4,1,0,0,0,0,0,1,1,0
823314,2026-04-15,SEA,away,668227,Randy Arozarena,4,3,2,1,0,0,0,1,0,1
823314,2026-04-15,SEA,away,686527,Dominic Canzone,4,0,1,1,0,0,2,1,1,0
823314,2026-04-15,SEA,away,663728,Cal Raleigh,4,0,1,1,0,0,0,1,2,0
823314,2026-04-15,SEA,away,680977,Brendan Donovan,3,0,1,0,0,0,2,1,2,0
823314,2026-04-15,SEA,away,677594,Julio Rodríguez,4,0,0,0,0,0,0,1,1,0
823314,2026-04-15,SEA,away,660844,Leo Rivas,3,0,1,0,0,0,0,1,1,0
823314,2026-04-15,SEA,away,670042,Luke Raley,5,2,4,1,0,1,2,0,1,0
825021,2026-04-15,OAK,home,671732,Lawrence Butler,4,1,1,0,0,0,0,0,2,0
825021,2026-04-15,OAK,home,643446,Jeff McNeil,2,0,0,0,0,0,0,2,0,0
825021,2026-04-15,OAK,home,666126,Carlos Cortes,3,1,0,0,0,0,0,1,1,0
825021,2026-04-15,OAK,home,691777,Max Muncy,3,1,0,0,0,0,0,0,3,1
825021,2026-04-15,OAK,home,672016,Denzel Clarke,3,0,1,0,0,0,1,0,1,1
825021,2026-04-15,OAK,home,691016,Tyler Soderstrom,2,1,1,1,0,0,1,2,1,0
825021,2026-04-15,OAK,home,701762,Nick Kurtz,4,0,0,0,0,0,0,1,3,0
825021,2026-04-15,OAK,home,669127,Shea Langeliers,5,1,2,1,0,1,2,0,0,0
825021,2026-04-15,OAK,home,805779,Jacob Wilson,4,1,2,0,0,1,2,0,0,0
825021,2026-04-15,TEX,away,694497,Evan Carter,3,0,0,0,0,0,0,1,0,1
825021,2026-04-15,TEX,away,694671,Wyatt Langford,4,1,2,0,0,0,0,0,0,0
825021,2026-04-15,TEX,away,669394,Jake Burger,2,1,1,0,0,1,3,0,1,0
825021,2026-04-15,TEX,away,592626,Joc Pederson,2,0,0,0,0,0,0,0,2,0
825021,2026-04-15,TEX,away,608369,Corey Seager,3,2,1,0,0,1,2,1,1,0
825021,2026-04-15,TEX,away,673962,Josh Jung,3,0,0,0,0,0,0,1,0,0
825021,2026-04-15,TEX,away,457705,Andrew McCutchen,1,0,0,0,0,0,0,0,1,0
825021,2026-04-15,TEX,away,677649,Ezequiel Duran,3,0,0,0,0,0,0,0,1,0
825021,2026-04-15,TEX,away,607043,Brandon Nimmo,3,1,0,0,0,0,0,1,1,0
825021,2026-04-15,TEX,away,669701,Josh Smith,3,0,0,0,0,0,0,1,1,0
825021,2026-04-15,TEX,away,643376,Danny Jansen,4,0,1,0,0,0,0,0,0,0
823963,2026-04-15,LAD,home,669257,Will Smith,5,0,1,0,0,0,0,0,0,0
823963,2026-04-15,LAD,home,687221,Dalton Rushing,4,2,2,1,0,1,4,0,2,0
823963,2026-04-15,LAD,home,663656,Kyle Tucker,5,1,1,0,0,1,1,0,0,0
823963,2026-04-15,LAD,home,571970,Max Muncy,3,1,0,0,0,0,0,1,1,0
823963,2026-04-15,LAD,home,518692,Freddie Freeman,4,0,2,1,0,0,0,1,0,0
823963,2026-04-15,LAD,home,808975,Hyeseong Kim,4,1,1,0,0,1,2,0,3,0
823963,2026-04-15,LAD,home,606192,Teoscar Hernández,4,2,2,0,0,1,1,0,0,0
823963,2026-04-15,LAD,home,681624,Andy Pages,3,1,2,0,0,0,0,0,0,1
823963,2026-04-15,LAD,home,690976,Alex Freeland,4,0,1,0,0,0,0,0,2,0
823963,2026-04-15,NYM,away,666182,Bo Bichette,4,1,1,0,0,0,0,0,1,0
823963,2026-04-15,NYM,away,682626,Francisco Alvarez,2,0,0,0,0,0,0,1,1,0
823963,2026-04-15,NYM,away,683146,Brett Baty,4,0,0,0,0,0,0,0,2,0
823963,2026-04-15,NYM,away,701807,Carson Benge,4,1,1,1,0,0,0,0,1,0
823963,2026-04-15,NYM,away,502054,Tommy Pham,3,0,0,0,0,0,0,0,2,0
823963,2026-04-15,NYM,away,543760,Marcus Semien,3,0,1,0,0,0,1,1,1,0
823963,2026-04-15,NYM,away,669004,MJ Melendez,4,0,2,2,0,0,1,0,2,0
823963,2026-04-15,NYM,away,596019,Francisco Lindor,4,0,0,0,0,0,0,0,2,0
823963,2026-04-15,NYM,away,673357,Luis Robert Jr.,4,0,0,0,0,0,0,0,2,0
823396,2026-04-16,PIT,home,694377,Nick Yorke,4,0,1,0,0,0,0,1,1,0
823396,2026-04-16,PIT,home,687462,Spencer Horwitz,1,1,0,0,0,0,0,0,0,0
823396,2026-04-16,PIT,home,664040,Brandon Lowe,5,0,2,0,0,0,1,0,2,0
823396,2026-04-16,PIT,home,663698,Joey Bart,5,1,1,0,0,0,0,0,2,0
823396,2026-04-16,PIT,home,668804,Bryan Reynolds,2,0,0,0,0,0,0,0,1,0
823396,2026-04-16,PIT,home,665833,Oneil Cruz,5,1,2,1,0,0,1,0,1,2
823396,2026-04-16,PIT,home,663968,Jake Mangum,5,2,3,0,0,0,0,1,0,1
823396,2026-04-16,PIT,home,695257,Billy Cook,2,1,1,0,0,0,0,0,0,0
823396,2026-04-16,PIT,home,680779,Henry Davis,0,0,0,0,0,0,0,0,0,0
823396,2026-04-16,PIT,home,804606,Konnor Griffin,5,0,2,0,1,0,1,0,2,0
823396,2026-04-16,PIT,home,656811,Ryan O'Hearn,0,0,0,0,0,0,0,0,0,0
823396,2026-04-16,PIT,home,693304,Nick Gonzales,4,0,2,0,0,0,1,0,1,0
823396,2026-04-16,PIT,home,542303,Marcell Ozuna,4,1,1,0,0,1,3,1,1,0
823396,2026-04-16,WSH,away,691781,Brady House,6,0,1,0,0,0,0,0,2,0
823396,2026-04-16,WSH,away,682928,CJ Abrams,2,0,1,0,0,0,0,2,0,0
823396,2026-04-16,WSH,away,683083,Nasim Nuñez,2,1,0,0,0,0,0,2,1,0
823396,2026-04-16,WSH,away,686452,Drew Millas,2,1,2,1,0,0,0,0,0,0
823396,2026-04-16,WSH,away,678391,Jorbit Vivas,4,3,1,0,0,0,0,0,1,0
823396,2026-04-16,WSH,away,686894,Joey Wiemer,1,0,1,1,0,0,1,0,0,0
823396,2026-04-16,WSH,away,678554,Curtis Mead,3,0,0,0,0,0,0,0,0,0
823396,2026-04-16,WSH,away,695734,Daylen Lile,5,1,2,1,0,0,0,0,1,0
823396,2026-04-16,WSH,away,695578,James Wood,6,1,2,0,0,0,1,0,2,1
823396,2026-04-16,WSH,away,696285,Jacob Young,4,0,0,0,0,0,1,0,2,0
823396,2026-04-16,WSH,away,660688,Keibert Ruiz,2,0,0,0,0,0,0,0,0,0
823396,2026-04-16,WSH,away,671277,Luis García Jr.,3,1,0,0,0,0,1,0,1,1
824530,2026-04-16,CIN,home,682829,Elly De La Cruz,4,0,0,0,0,0,0,0,3,0
824530,2026-04-16,CIN,home,667472,Dane Myers,1,0,0,0,0,0,0,0,1,0
824530,2026-04-16,CIN,home,701398,Sal Stewart,4,0,0,0,0,0,0,0,2,0
824530,2026-04-16,CIN,home,680574,Matt McLain,3,0,0,0,0,0,0,1,1,0
824530,2026-04-16,CIN,home,663647,Ke'Bryan Hayes,3,0,0,0,0,0,0,0,1,0
824530,2026-04-16,CIN,home,670770,TJ Friedl,2,0,0,0,0,0,0,0,0,0
824530,2026-04-16,CIN,home,664731,P.J. Higgins,2,0,1,0,0,0,0,1,1,0
824530,2026-04-16,CIN,home,668715,Spencer Steer,2,0,0,0,0,0,0,0,2,0
824530,2026-04-16,CIN,home,553993,Eugenio Suárez,2,0,0,0,0,0,0,1,0,0
824530,2026-04-16,CIN,home,677956,Rece Hinds,3,0,0,0,0,0,0,0,1,0
824530,2026-04-16,SF,away,669477,Casey Schmitt,4,0,1,0,0,0,1,0,0,0
824530,2026-04-16,SF,away,671218,Heliot Ramos,1,0,0,0,0,0,0,1,0,0
824530,2026-04-16,SF,away,686823,Will Brennan,2,0,0,0,0,0,0,0,0,0
824530,2026-04-16,SF,away,672275,Patrick Bailey,3,0,0,0,0,0,0,0,2,0
824530,2026-04-16,SF,away,656305,Matt Chapman,4,1,1,1,0,0,1,0,2,0
824530,2026-04-16,SF,away,687551,Drew Gilbert,2,0,0,0,0,0,0,1,1,0
824530,2026-04-16,SF,away,808982,Jung Hoo Lee,4,1,3,0,0,0,1,0,1,0
824530,2026-04-16,SF,away,646240,Rafael Devers,4,0,0,0,0,0,0,0,2,0
824530,2026-04-16,SF,away,642715,Willy Adames,3,0,1,0,0,0,0,0,1,0
824530,2026-04-16,SF,away,650333,Luis Arraez,4,1,0,0,0,0,0,0,0,0
824289,2026-04-16,DET,home,650402,Gleyber Torres,4,2,2,1,0,0,1,1,0,0
824289,2026-04-16,DET,home,663330,Jahmai Jones,3,1,1,0,0,0,1,0,1,0
824289,2026-04-16,DET,home,682985,Riley Greene,4,2,3,2,0,0,2,1,1,0
824289,2026-04-16,DET,home,595879,Javier Báez,3,1,0,0,0,0,0,1,2,0
824289,2026-04-16,DET,home,663837,Matt Vierling,3,1,2,0,0,0,1,0,0,1
824289,2026-04-16,DET,home,805808,Kevin McGonigle,4,2,1,0,1,0,0,1,0,0
824289,2026-04-16,DET,home,681481,Kerry Carpenter,1,0,0,0,0,0,1,0,1,0
824289,2026-04-16,DET,home,693307,Dillon Dingler,5,1,2,1,0,1,2,0,0,0
824289,2026-04-16,DET,home,679529,Spencer Torkelson,4,0,2,1,0,0,1,0,2,0
824289,2026-04-16,DET,home,690993,Colt Keith,2,0,1,0,0,0,1,0,0,0
824289,2026-04-16,DET,home,672761,Wenceel Pérez,4,0,0,0,0,0,0,0,1,0
824289,2026-04-16,KC,away,695600,Carter Jensen,5,0,2,0,0,0,1,0,0,0
824289,2026-04-16,KC,away,663697,Jonathan India,4,1,1,1,0,0,0,0,1,0
824289,2026-04-16,KC,away,521692,Salvador Perez,4,1,2,0,0,1,4,0,2,0
824289,2026-04-16,KC,away,686681,Michael Massey,2,0,1,0,0,0,0,0,1,0
824289,2026-04-16,KC,away,686469,Vinnie Pasquantino,5,1,1,0,0,1,1,0,1,0
824289,2026-04-16,KC,away,664728,Kyle Isbel,3,0,0,0,0,0,0,0,0,0
824289,2026-04-16,KC,away,672580,Maikel Garcia,5,1,1,0,0,0,1,0,1,0
824289,2026-04-16,KC,away,657041,Lane Thomas,1,1,1,0,0,0,0,1,0,0
824289,2026-04-16,KC,away,695506,Jac Caglianone,4,1,1,0,0,0,1,0,0,0
824289,2026-04-16,KC,away,677951,Bobby Witt Jr.,5,3,3,2,0,0,1,0,2,0
823560,2026-04-16,NYY,home,676609,José Caballero,4,0,3,0,0,0,0,0,1,2
823560,2026-04-16,NYY,home,642708,Amed Rosario,4,0,0,0,0,0,0,0,1,0
823560,2026-04-16,NYY,home,592450,Aaron Judge,4,1,1,0,0,1,1,0,1,0
823560,2026-04-16,NYY,home,700250,Ben Rice,4,1,1,0,0,1,1,0,1,0
823560,2026-04-16,NYY,home,641555,J.C. Escarra,4,0,1,0,0,0,0,0,3,0
823560,2026-04-16,NYY,home,641355,Cody Bellinger,3,1,1,0,0,0,0,1,1,0
823560,2026-04-16,NYY,home,519317,Giancarlo Stanton,4,1,1,0,0,1,2,0,0,0
823560,2026-04-16,NYY,home,665862,Jazz Chisholm Jr.,2,0,0,0,0,0,0,2,0,1
823560,2026-04-16,NYY,home,663757,Trent Grisham,3,0,0,0,0,0,0,1,0,0
823560,2026-04-16,LAA,away,624428,Adam Frazier,1,1,0,0,0,0,0,0,1,0
823560,2026-04-16,LAA,away,672724,Oswald Peraza,4,2,2,1,0,1,3,1,1,1
823560,2026-04-16,LAA,away,687263,Zach Neto,5,1,1,0,0,0,0,0,2,0
823560,2026-04-16,LAA,away,518595,Travis d'Arnaud,4,0,1,0,0,0,0,1,0,0
823560,2026-04-16,LAA,away,545361,Mike Trout,2,3,1,0,0,1,1,3,0,0
823560,2026-04-16,LAA,away,666176,Jo Adell,4,3,2,0,0,1,4,1,1,0
823560,2026-04-16,LAA,away,687093,Vaughn Grissom,4,1,1,0,0,0,1,1,0,0
823560,2026-04-16,LAA,away,694384,Nolan Schanuel,5,0,0,0,0,0,0,0,1,0
823560,2026-04-16,LAA,away,666139,Josh Lowe,5,0,1,0,0,0,2,0,0,0
823560,2026-04-16,LAA,away,669326,Bryce Teodosio,2,0,0,0,0,0,0,0,1,0
823801,2026-04-16,MIL,home,650859,Luis Rengifo,1,0,0,0,0,0,1,0,0,0
823801,2026-04-16,MIL,home,675659,Greg Jones,2,0,1,0,0,0,0,0,0,0
823801,2026-04-16,MIL,home,687401,Joey Ortiz,1,0,0,0,0,0,1,1,1,0
823801,2026-04-16,MIL,home,641343,Jake Bauers,2,0,0,0,0,0,0,0,1,0
823801,2026-04-16,MIL,home,686217,Sal Frelick,0,0,0,0,0,0,0,0,0,0
823801,2026-04-16,MIL,home,663604,Brandon Lockridge,4,0,0,0,0,0,0,0,2,0
823801,2026-04-16,MIL,home,669003,Garrett Mitchell,0,1,0,0,0,0,0,1,0,0
823801,2026-04-16,MIL,home,666152,David Hamilton,3,0,1,0,0,0,0,0,2,0
823801,2026-04-16,MIL,home,661388,William Contreras,4,0,2,0,0,0,0,0,0,0
823801,2026-04-16,MIL,home,668930,Brice Turang,4,1,1,1,0,0,0,0,2,0
823801,2026-04-16,MIL,home,682641,Luis Matos,2,0,0,0,0,0,0,0,0,0
823801,2026-04-16,MIL,home,596142,Gary Sánchez,3,0,2,1,0,0,0,1,0,0
823801,2026-04-16,TOR,away,672820,Lenyn Sosa,4,0,1,1,0,0,0,0,0,0
823801,2026-04-16,TOR,away,676391,Ernie Clement,3,0,1,0,0,0,0,0,0,0
823801,2026-04-16,TOR,away,662139,Daulton Varsho,4,0,1,0,0,0,0,0,2,0
823801,2026-04-16,TOR,away,665926,Andrés Giménez,3,1,2,1,0,0,0,0,1,0
823801,2026-04-16,TOR,away,676914,Davis Schneider,3,0,0,0,0,0,0,1,1,0
823801,2026-04-16,TOR,away,623168,Tyler Heineman,2,0,0,0,0,0,1,0,1,0
823801,2026-04-16,TOR,away,665489,Vladimir Guerrero Jr.,4,0,1,0,0,0,0,0,2,0
823801,2026-04-16,TOR,away,660821,Jesús Sánchez,3,0,0,0,0,0,0,0,0,0
823801,2026-04-16,TOR,away,650391,Eloy Jiménez,1,0,0,0,0,0,0,0,0,0
823801,2026-04-16,TOR,away,672960,Kazuma Okamoto,4,0,0,0,0,0,0,0,1,0
824614,2026-04-16,CWS,home,671976,Tristan Peters,2,0,0,0,0,0,0,0,1,0
824614,2026-04-16,CWS,home,695020,Tanner Murray,2,0,1,0,0,0,0,0,1,0
824614,2026-04-16,CWS,home,808959,Munetaka Murakami,4,0,0,0,0,0,0,0,3,0
824614,2026-04-16,CWS,home,805367,Chase Meidroth,4,1,2,1,0,0,0,0,1,0
824614,2026-04-16,CWS,home,695657,Colson Montgomery,1,0,0,0,0,0,0,1,0,0
824614,2026-04-16,CWS,home,700337,Edgar Quero,3,0,1,1,0,0,1,1,1,0
824614,2026-04-16,CWS,home,643217,Andrew Benintendi,3,0,0,0,0,0,0,1,0,0
824614,2026-04-16,CWS,home,677592,Everson Pereira,3,1,2,0,0,1,1,1,0,0
824614,2026-04-16,CWS,home,803011,Sam Antonacci,4,0,0,0,0,0,0,0,0,0
824614,2026-04-16,CWS,home,656537,Derek Hill,2,0,1,0,0,0,0,0,0,0
824614,2026-04-16,CWS,home,678246,Miguel Vargas,5,1,1,0,0,1,1,0,0,0
824614,2026-04-16,TB,away,670764,Taylor Walls,4,0,1,0,0,0,2,1,1,0
824614,2026-04-16,TB,away,680700,Richie Palacios,2,0,2,0,0,0,1,0,0,0
824614,2026-04-16,TB,away,668723,Ryan Vilade,1,0,0,0,0,0,0,1,0,1
824614,2026-04-16,TB,away,641584,Jake Fraley,3,0,0,0,0,0,0,0,3,0
824614,2026-04-16,TB,away,802415,Chandler Simpson,6,0,0,0,0,0,0,0,1,0
824614,2026-04-16,TB,away,676356,Jonny DeLuca,1,1,0,0,0,0,0,1,0,0
824614,2026-04-16,TB,away,676439,Hunter Feduccia,0,0,0,0,0,0,1,1,0,0
824614,2026-04-16,TB,away,666018,Jonathan Aranda,1,1,0,0,0,0,0,2,1,0
824614,2026-04-16,TB,away,663743,Nick Fortes,4,0,2,0,0,0,0,0,1,0
824614,2026-04-16,TB,away,650490,Yandy Díaz,5,1,2,0,0,0,0,0,0,0
824614,2026-04-16,TB,away,810938,Ben Williamson,2,0,0,0,0,0,0,0,1,0
824614,2026-04-16,TB,away,691406,Junior Caminero,5,1,2,0,0,1,1,0,1,0
824614,2026-04-16,TB,away,656775,Cedric Mullins,3,1,0,0,0,0,0,1,1,0
825023,2026-04-16,OAK,home,671732,Lawrence Butler,5,0,2,0,0,0,0,0,0,0
825023,2026-04-16,OAK,home,680869,Zack Gelof,0,1,0,0,0,0,0,0,0,0
825023,2026-04-16,OAK,home,643446,Jeff McNeil,4,0,1,1,0,0,0,0,1,0
825023,2026-04-16,OAK,home,642851,Austin Wynns,4,1,0,0,0,0,0,0,1,0
825023,2026-04-16,OAK,home,666126,Carlos Cortes,4,0,2,0,0,0,1,0,0,0
825023,2026-04-16,OAK,home,672016,Denzel Clarke,1,0,0,0,0,0,0,0,0,0
825023,2026-04-16,OAK,home,691016,Tyler Soderstrom,5,1,1,1,0,0,0,0,1,0
825023,2026-04-16,OAK,home,687231,Darell Hernaiz,4,0,1,0,0,0,0,0,0,1
825023,2026-04-16,OAK,home,701762,Nick Kurtz,4,0,2,1,0,0,3,1,0,0
825023,2026-04-16,OAK,home,669127,Shea Langeliers,2,2,2,0,0,0,0,3,0,0
825023,2026-04-16,OAK,home,805779,Jacob Wilson,5,1,2,0,0,0,2,0,0,1
825023,2026-04-16,TEX,away,694497,Evan Carter,2,0,0,0,0,0,0,0,0,0
825023,2026-04-16,TEX,away,694671,Wyatt Langford,5,1,1,0,0,0,0,1,1,1
825023,2026-04-16,TEX,away,669394,Jake Burger,4,1,1,0,0,0,1,0,0,0
825023,2026-04-16,TEX,away,592626,Joc Pederson,1,2,1,0,0,0,1,2,0,0
825023,2026-04-16,TEX,away,673962,Josh Jung,5,2,3,1,0,1,2,0,0,0
825023,2026-04-16,TEX,away,457705,Andrew McCutchen,1,0,0,0,0,0,0,1,1,0
825023,2026-04-16,TEX,away,543309,Kyle Higashioka,4,1,0,0,0,0,0,1,2,0
825023,2026-04-16,TEX,away,677649,Ezequiel Duran,4,2,2,1,0,0,2,1,0,1
825023,2026-04-16,TEX,away,607043,Brandon Nimmo,4,0,1,0,0,0,1,1,0,0
825023,2026-04-16,TEX,away,669701,Josh Smith,4,0,1,1,0,0,1,1,2,0
825023,2026-04-16,TEX,away,664059,Sam Haggerty,2,0,0,0,0,0,0,0,1,0
824453,2026-04-16,CLE,home,671655,George Valera,4,0,2,0,0,0,1,0,1,0
824453,2026-04-16,CLE,home,800050,Chase DeLauter,3,1,0,0,0,0,0,1,0,0
824453,2026-04-16,CLE,home,595978,Austin Hedges,4,0,0,0,0,0,0,0,2,0
824453,2026-04-16,CLE,home,677587,Brayan Rocchio,3,1,1,1,0,0,0,0,0,0
824453,2026-04-16,CLE,home,608070,José Ramírez,3,2,2,0,0,1,2,1,0,0
824453,2026-04-16,CLE,home,680757,Steven Kwan,4,0,2,0,0,0,1,0,1,0
824453,2026-04-16,CLE,home,682657,Angel Martínez,4,0,0,0,0,0,0,0,2,0
824453,2026-04-16,CLE,home,682877,Juan Brito,3,0,0,0,0,0,0,1,2,0
824453,2026-04-16,CLE,home,700932,Kyle Manzardo,3,0,1,0,0,0,0,1,2,0
824453,2026-04-16,BAL,away,669236,Jeremiah Jackson,3,0,0,0,0,0,0,0,2,0
824453,2026-04-16,BAL,away,694212,Samuel Basallo,4,0,0,0,0,0,0,0,0,0
824453,2026-04-16,BAL,away,683002,Gunnar Henderson,3,0,0,0,0,0,1,0,1,0
824453,2026-04-16,BAL,away,665750,Leody Taveras,2,1,1,0,0,0,0,1,1,0
824453,2026-04-16,BAL,away,621493,Taylor Ward,3,0,1,0,0,0,0,1,0,0
824453,2026-04-16,BAL,away,677942,Blaze Alexander,3,1,1,0,0,0,0,0,1,0
824453,2026-04-16,BAL,away,671286,Johnathan Rodríguez,3,0,0,0,0,0,0,0,2,0
824453,2026-04-16,BAL,away,624413,Pete Alonso,4,0,1,1,0,0,1,0,1,0
824453,2026-04-16,BAL,away,681297,Colton Cowser,1,0,0,0,0,0,0,0,0,0
824453,2026-04-16,BAL,away,691723,Coby Mayo,3,0,0,0,0,0,0,0,1,0
824208,2026-04-16,HOU,home,670623,Isaac Paredes,3,0,0,0,0,0,0,2,2,0
824208,2026-04-16,HOU,home,669397,Nick Allen,0,0,0,0,0,0,0,0,0,0
824208,2026-04-16,HOU,home,701358,Cam Smith,4,0,0,0,0,0,0,0,2,0
824208,2026-04-16,HOU,home,514888,Jose Altuve,4,1,2,1,0,0,0,1,2,0
824208,2026-04-16,HOU,home,666211,Taylor Trammell,3,0,0,0,0,0,0,1,0,0
824208,2026-04-16,HOU,home,694388,Joey Loperfido,3,0,1,0,0,0,1,0,1,0
824208,2026-04-16,HOU,home,621043,Carlos Correa,4,0,1,1,0,0,0,0,2,0
824208,2026-04-16,HOU,home,572233,Christian Walker,2,0,0,0,0,0,0,1,1,0
824208,2026-04-16,HOU,home,673237,Yainer Diaz,4,0,0,0,0,0,0,0,2,0
824208,2026-04-16,HOU,home,670541,Yordan Alvarez,4,1,1,0,0,0,1,1,1,0
824208,2026-04-16,COL,away,666160,Mickey Moniak,3,0,1,0,0,0,0,1,1,0
824208,2026-04-16,COL,away,664983,Jake McCarthy,0,0,0,0,0,0,0,0,0,0
824208,2026-04-16,COL,away,687859,Troy Johnston,4,0,1,0,0,0,0,0,1,0
824208,2026-04-16,COL,away,671289,Tyler Freeman,5,0,3,0,0,0,1,0,0,0
824208,2026-04-16,COL,away,666397,Edouard Julien,4,0,0,0,0,0,0,1,2,0
824208,2026-04-16,COL,away,696100,Hunter Goodman,3,1,2,1,0,1,1,1,1,0
824208,2026-04-16,COL,away,686668,Brenton Doyle,3,1,2,0,0,0,0,1,0,2
824208,2026-04-16,COL,away,678662,Ezequiel Tovar,4,0,0,0,0,0,0,0,0,0
824208,2026-04-16,COL,away,681198,TJ Rumfield,4,0,0,0,0,0,0,1,0,0
824208,2026-04-16,COL,away,691720,Kyle Karros,3,1,0,0,0,0,0,1,0,0
823313,2026-04-16,SD,home,669134,Luis Campusano,4,1,1,0,0,0,1,0,0,0
823313,2026-04-16,SD,home,701538,Jackson Merrill,4,0,1,1,0,0,0,0,1,0
823313,2026-04-16,SD,home,657757,Gavin Sheets,3,1,1,1,0,0,0,1,1,0
823313,2026-04-16,SD,home,657656,Ramón Laureano,4,0,1,0,0,0,1,1,1,0
823313,2026-04-16,SD,home,592518,Manny Machado,4,0,2,0,0,0,1,0,1,0
823313,2026-04-16,SD,home,609280,Miguel Andujar,4,1,2,0,0,0,0,0,0,0
823313,2026-04-16,SD,home,665487,Fernando Tatis Jr.,2,1,1,0,0,0,2,1,0,0
823313,2026-04-16,SD,home,593428,Xander Bogaerts,4,0,0,0,0,0,0,0,1,0
823313,2026-04-16,SD,home,630105,Jake Cronenworth,4,1,1,0,0,0,0,0,1,0
823313,2026-04-16,SEA,away,647304,Josh Naylor,4,0,0,0,0,0,0,0,1,0
823313,2026-04-16,SEA,away,702284,Cole Young,4,1,1,0,0,0,0,0,1,0
823313,2026-04-16,SEA,away,668227,Randy Arozarena,3,0,1,0,0,0,0,1,0,0
823313,2026-04-16,SEA,away,641487,J.P. Crawford,4,0,0,0,0,0,0,0,2,0
823313,2026-04-16,SEA,away,686527,Dominic Canzone,2,0,0,0,0,0,0,0,1,0
823313,2026-04-16,SEA,away,663728,Cal Raleigh,4,0,2,0,0,0,1,0,1,0
823313,2026-04-16,SEA,away,656582,Connor Joe,2,0,0,0,0,0,0,0,1,0
823313,2026-04-16,SEA,away,680977,Brendan Donovan,3,1,2,0,0,0,0,1,0,0
823313,2026-04-16,SEA,away,641598,Mitch Garver,2,0,0,0,0,0,0,0,2,0
823313,2026-04-16,SEA,away,677594,Julio Rodríguez,3,0,1,0,0,0,1,0,2,0
823313,2026-04-16,SEA,away,670042,Luke Raley,2,0,0,0,0,0,0,0,1,0
824693,2026-04-17,CHC,home,664023,Ian Happ,4,1,1,0,0,1,2,1,1,0
824693,2026-04-17,CHC,home,608324,Alex Bregman,5,1,1,0,0,0,0,0,1,0
824693,2026-04-17,CHC,home,683737,Michael Busch,4,2,2,0,0,0,0,1,1,0
824693,2026-04-17,CHC,home,608348,Carson Kelly,4,1,1,0,0,0,0,0,0,0
824693,2026-04-17,CHC,home,691718,Pete Crow-Armstrong,3,0,0,0,0,0,0,1,1,0
824693,2026-04-17,CHC,home,694208,Moisés Ballesteros,2,1,2,0,0,1,3,0,0,0
824693,2026-04-17,CHC,home,673548,Seiya Suzuki,5,2,2,1,0,0,1,0,1,0
824693,2026-04-17,CHC,home,621020,Dansby Swanson,2,2,1,0,0,0,1,1,0,0
824693,2026-04-17,CHC,home,663538,Nico Hoerner,5,1,3,0,0,1,2,0,0,0
824693,2026-04-17,CHC,home,807713,Matt Shaw,3,1,1,1,0,0,1,0,1,0
824693,2026-04-17,NYM,away,666182,Bo Bichette,5,0,1,0,0,0,0,0,1,0
824693,2026-04-17,NYM,away,621438,Tyrone Taylor,3,0,2,0,0,0,2,0,1,0
824693,2026-04-17,NYM,away,682626,Francisco Alvarez,3,1,2,0,0,0,1,1,0,0
824693,2026-04-17,NYM,away,668901,Mark Vientos,2,0,1,0,0,0,0,0,0,0
824693,2026-04-17,NYM,away,683146,Brett Baty,2,0,0,0,0,0,0,0,1,0
824693,2026-04-17,NYM,away,701807,Carson Benge,4,0,1,0,0,0,0,0,1,0
824693,2026-04-17,NYM,away,502054,Tommy Pham,1,0,0,0,0,0,0,0,0,0
824693,2026-04-17,NYM,away,543760,Marcus Semien,4,1,2,1,0,0,1,0,1,0
824693,2026-04-17,NYM,away,669004,MJ Melendez,3,1,2,0,0,0,0,1,1,0
824693,2026-04-17,NYM,away,596019,Francisco Lindor,4,1,2,1,0,0,0,0,0,0
824693,2026-04-17,NYM,away,673357,Luis Robert Jr.,4,0,1,1,0,0,0,0,0,0
824454,2026-04-17,CLE,home,671655,George Valera,1,0,0,0,0,0,0,0,0,0
824454,2026-04-17,CLE,home,800050,Chase DeLauter,4,1,1,1,0,0,0,1,0,0
824454,2026-04-17,CLE,home,682177,Daniel Schneemann,4,1,2,0,0,1,4,0,0,0
824454,2026-04-17,CLE,home,666310,Bo Naylor,4,0,0,0,0,0,0,0,0,0
824454,2026-04-17,CLE,home,608070,José Ramírez,1,1,0,0,0,0,0,4,0,1
824454,2026-04-17,CLE,home,680757,Steven Kwan,4,1,1,0,0,0,0,1,0,0
824454,2026-04-17,CLE,home,682657,Angel Martínez,4,0,1,0,0,0,0,0,2,0
824454,2026-04-17,CLE,home,682877,Juan Brito,4,0,0,0,0,0,0,0,1,0
824454,2026-04-17,CLE,home,700932,Kyle Manzardo,5,0,1,0,0,0,0,0,3,0
824454,2026-04-17,CLE,home,656555,Rhys Hoskins,3,0,1,0,0,0,0,1,1,0
824454,2026-04-17,BAL,away,669236,Jeremiah Jackson,4,1,1,0,0,1,3,0,2,0
824454,2026-04-17,BAL,away,694212,Samuel Basallo,3,0,0,0,0,0,0,0,1,0
824454,2026-04-17,BAL,away,642215,Weston Wilson,1,1,1,1,0,0,2,0,0,0
824454,2026-04-17,BAL,away,683002,Gunnar Henderson,5,0,0,0,0,0,0,0,2,0
824454,2026-04-17,BAL,away,665750,Leody Taveras,3,1,1,0,0,0,0,1,0,1
824454,2026-04-17,BAL,away,621493,Taylor Ward,3,1,0,0,0,0,0,2,1,0
824454,2026-04-17,BAL,away,687637,Dylan Beavers,3,1,1,0,0,0,0,2,1,0
824454,2026-04-17,BAL,away,677942,Blaze Alexander,0,0,0,0,0,0,0,0,0,0
824454,2026-04-17,BAL,away,671286,Johnathan Rodríguez,0,0,0,0,0,0,1,0,0,0
824454,2026-04-17,BAL,away,624413,Pete Alonso,4,1,2,0,0,0,0,0,0,0
824454,2026-04-17,BAL,away,669087,Sam Huff,1,0,0,0,0,0,0,0,1,0
824454,2026-04-17,BAL,away,681297,Colton Cowser,3,0,0,0,0,0,0,0,1,0
824454,2026-04-17,BAL,away,691723,Coby Mayo,3,0,1,0,0,0,0,1,2,0
823476,2026-04-17,PHI,home,702222,Justin Crawford,2,0,0,0,0,0,0,0,0,0
823476,2026-04-17,PHI,home,547180,Bryce Harper,4,0,3,0,1,0,0,0,0,0
823476,2026-04-17,PHI,home,592663,J.T. Realmuto,4,0,2,0,0,0,0,0,0,0
823476,2026-04-17,PHI,home,624641,Edmundo Sosa,4,0,0,0,0,0,0,0,1,0
823476,2026-04-17,PHI,home,664761,Alec Bohm,4,0,0,0,0,0,0,0,1,0
823476,2026-04-17,PHI,home,656941,Kyle Schwarber,4,0,0,0,0,0,0,0,2,0
823476,2026-04-17,PHI,home,805249,Otto Kemp,4,0,0,0,0,0,0,0,1,0
823476,2026-04-17,PHI,home,664238,Dylan Moore,1,0,0,0,0,0,0,0,0,0
823476,2026-04-17,PHI,home,666969,Adolis García,2,0,0,0,0,0,0,2,0,0
823476,2026-04-17,PHI,home,607208,Trea Turner,4,0,1,0,0,0,0,1,0,0
823476,2026-04-17,ATL,away,671739,Michael Harris II,4,2,3,0,0,1,1,0,0,0
823476,2026-04-17,ATL,away,643289,Mauricio Dubón,3,0,0,0,0,0,0,0,0,0
823476,2026-04-17,ATL,away,686948,Drake Baldwin,5,1,2,0,0,0,0,0,1,0
823476,2026-04-17,ATL,away,621566,Matt Olson,2,1,1,0,0,0,1,3,0,0
823476,2026-04-17,ATL,away,642086,Dominic Smith,5,1,1,0,0,1,1,0,0,0
823476,2026-04-17,ATL,away,660670,Ronald Acuña Jr.,4,2,1,0,0,0,0,1,0,0
823476,2026-04-17,ATL,away,642201,Eli White,2,0,1,0,0,0,0,0,0,0
823476,2026-04-17,ATL,away,645277,Ozzie Albies,5,0,0,0,0,0,1,0,0,0
823476,2026-04-17,ATL,away,663586,Austin Riley,5,2,2,0,0,2,4,0,3,0
823476,2026-04-17,ATL,away,573262,Mike Yastrzemski,3,0,1,0,0,0,1,0,1,0
822752,2026-04-17,WSH,home,691781,Brady House,5,0,0,0,0,0,0,0,1,0
822752,2026-04-17,WSH,home,682928,CJ Abrams,4,0,1,0,0,0,0,0,1,0
822752,2026-04-17,WSH,home,683083,Nasim Nuñez,3,0,0,0,0,0,0,1,1,0
822752,2026-04-17,WSH,home,686894,Joey Wiemer,3,1,1,0,0,0,0,0,1,0
822752,2026-04-17,WSH,home,678391,Jorbit Vivas,1,0,0,0,0,0,0,0,0,0
822752,2026-04-17,WSH,home,678554,Curtis Mead,1,0,0,0,0,0,0,0,0,0
822752,2026-04-17,WSH,home,695734,Daylen Lile,3,2,1,0,0,1,2,1,1,0
822752,2026-04-17,WSH,home,677588,José Tena,4,1,3,1,0,0,1,0,1,0
822752,2026-04-17,WSH,home,695578,James Wood,5,1,1,0,0,1,1,0,2,0
822752,2026-04-17,WSH,home,696285,Jacob Young,0,0,0,0,0,0,0,0,0,0
822752,2026-04-17,WSH,home,660688,Keibert Ruiz,3,0,1,0,0,0,0,0,1,0
822752,2026-04-17,WSH,home,671277,Luis García Jr.,2,0,0,0,0,0,0,1,0,0
822752,2026-04-17,SF,away,669477,Casey Schmitt,5,2,2,0,0,1,1,0,1,0
822752,2026-04-17,SF,away,671218,Heliot Ramos,4,1,1,0,0,1,4,1,0,0
822752,2026-04-17,SF,away,656305,Matt Chapman,5,1,3,0,0,0,3,0,1,0
822752,2026-04-17,SF,away,808982,Jung Hoo Lee,4,1,1,0,0,0,0,1,0,0
822752,2026-04-17,SF,away,687551,Drew Gilbert,3,2,1,0,0,1,1,1,1,0
822752,2026-04-17,SF,away,646240,Rafael Devers,5,0,1,1,0,0,1,0,3,0
822752,2026-04-17,SF,away,642715,Willy Adames,5,2,2,1,0,0,0,0,0,0
822752,2026-04-17,SF,away,650333,Luis Arraez,5,1,2,0,0,0,0,0,0,0
822752,2026-04-17,SF,away,691740,Daniel Susac,5,0,2,1,0,0,0,0,1,0
823397,2026-04-17,PIT,home,687462,Spencer Horwitz,3,0,3,1,0,0,1,1,0,0
823397,2026-04-17,PIT,home,664040,Brandon Lowe,5,0,3,2,0,0,2,0,0,0
823397,2026-04-17,PIT,home,668804,Bryan Reynolds,4,0,0,0,0,0,0,1,2,0
823397,2026-04-17,PIT,home,665833,Oneil Cruz,4,1,1,0,0,1,2,1,2,0
823397,2026-04-17,PIT,home,695257,Billy Cook,0,1,0,0,0,0,0,0,0,1
823397,2026-04-17,PIT,home,680779,Henry Davis,2,0,0,0,0,0,0,1,0,0
823397,2026-04-17,PIT,home,804606,Konnor Griffin,3,2,1,0,0,0,0,1,0,1
823397,2026-04-17,PIT,home,656811,Ryan O'Hearn,4,0,0,0,0,0,0,0,1,0
823397,2026-04-17,PIT,home,542303,Marcell Ozuna,4,1,3,0,0,0,0,0,0,0
823397,2026-04-17,PIT,home,693304,Nick Gonzales,4,0,0,0,0,0,0,0,1,0
823397,2026-04-17,TB,away,680700,Richie Palacios,2,0,0,0,0,0,0,0,0,0
823397,2026-04-17,TB,away,668723,Ryan Vilade,1,0,0,0,0,0,0,0,0,0
823397,2026-04-17,TB,away,641584,Jake Fraley,4,0,1,0,0,0,0,0,0,1
823397,2026-04-17,TB,away,802415,Chandler Simpson,4,1,1,0,0,0,0,0,0,0
823397,2026-04-17,TB,away,666018,Jonathan Aranda,3,0,0,0,0,0,0,1,2,0
823397,2026-04-17,TB,away,663743,Nick Fortes,3,0,1,0,0,0,0,0,1,0
823397,2026-04-17,TB,away,650490,Yandy Díaz,4,0,1,1,0,0,0,0,0,0
823397,2026-04-17,TB,away,810938,Ben Williamson,3,0,0,0,0,0,0,1,1,0
823397,2026-04-17,TB,away,691406,Junior Caminero,4,0,1,0,0,0,1,0,1,0
823397,2026-04-17,TB,away,656775,Cedric Mullins,4,0,0,0,0,0,0,0,1,0
823559,2026-04-17,NYY,home,676609,José Caballero,2,0,0,0,0,0,0,1,1,1
823559,2026-04-17,NYY,home,642708,Amed Rosario,3,0,0,0,0,0,0,0,0,0
823559,2026-04-17,NYY,home,592450,Aaron Judge,3,0,1,1,0,0,0,1,1,1
823559,2026-04-17,NYY,home,641857,Ryan McMahon,1,1,1,0,0,1,2,0,0,0
823559,2026-04-17,NYY,home,669224,Austin Wells,2,0,0,0,0,0,0,1,0,0
823559,2026-04-17,NYY,home,700250,Ben Rice,4,2,2,0,0,1,2,0,1,0
823559,2026-04-17,NYY,home,641355,Cody Bellinger,4,1,1,0,0,0,0,0,1,0
823559,2026-04-17,NYY,home,519317,Giancarlo Stanton,4,0,0,0,0,0,0,0,3,0
823559,2026-04-17,NYY,home,665862,Jazz Chisholm Jr.,2,0,0,0,0,0,0,2,1,0
823559,2026-04-17,NYY,home,663757,Trent Grisham,4,0,0,0,0,0,0,0,0,0
823559,2026-04-17,KC,away,695600,Carter Jensen,2,0,0,0,0,0,0,2,2,0
823559,2026-04-17,KC,away,663697,Jonathan India,2,0,0,0,0,0,0,0,1,0
823559,2026-04-17,KC,away,521692,Salvador Perez,4,0,0,0,0,0,0,0,2,0
823559,2026-04-17,KC,away,686681,Michael Massey,2,0,0,0,0,0,0,0,0,0
823559,2026-04-17,KC,away,516782,Starling Marte,1,0,0,0,0,0,0,0,0,0
823559,2026-04-17,KC,away,686469,Vinnie Pasquantino,4,1,2,0,0,1,2,0,0,0
823559,2026-04-17,KC,away,664728,Kyle Isbel,2,0,0,0,0,0,0,0,0,0
823559,2026-04-17,KC,away,672580,Maikel Garcia,3,1,0,0,0,0,0,1,1,0
823559,2026-04-17,KC,away,657041,Lane Thomas,4,0,1,0,0,0,0,0,0,0
823559,2026-04-17,KC,away,695506,Jac Caglianone,4,0,1,0,0,0,0,0,3,0
823559,2026-04-17,KC,away,677951,Bobby Witt Jr.,4,0,0,0,0,0,0,0,1,0
823883,2026-04-17,MIA,home,681715,Heriberto Hernández,0,0,0,0,0,0,0,2,0,0
823883,2026-04-17,MIA,home,805300,Jakob Marsee,4,1,0,0,0,0,0,1,0,0
823883,2026-04-17,MIA,home,691594,Javier Sanoja,3,0,0,0,0,0,0,1,0,0
823883,2026-04-17,MIA,home,669364,Xavier Edwards,4,2,2,1,0,0,0,1,0,0
823883,2026-04-17,MIA,home,688363,Graham Pauley,2,0,0,0,0,0,0,0,1,0
823883,2026-04-17,MIA,home,689414,Liam Hicks,5,0,1,1,0,0,0,0,0,0
823883,2026-04-17,MIA,home,683357,Owen Caissie,2,0,1,0,0,0,1,0,1,0
823883,2026-04-17,MIA,home,682663,Agustín Ramírez,5,0,1,1,0,0,1,0,2,0
823883,2026-04-17,MIA,home,681393,Connor Norby,4,0,0,0,0,0,0,0,2,0
823883,2026-04-17,MIA,home,596103,Austin Slater,1,0,0,0,0,0,0,0,1,0
823883,2026-04-17,MIA,home,672640,Otto Lopez,5,2,3,0,1,1,2,0,2,0
823883,2026-04-17,MIL,away,650859,Luis Rengifo,4,1,2,1,0,0,1,0,0,1
823883,2026-04-17,MIL,away,675659,Greg Jones,5,0,0,0,0,0,1,0,2,1
823883,2026-04-17,MIL,away,687401,Joey Ortiz,0,1,0,0,0,0,0,0,0,0
823883,2026-04-17,MIL,away,641343,Jake Bauers,4,3,3,0,0,0,0,1,1,1
823883,2026-04-17,MIL,away,686217,Sal Frelick,6,0,1,0,0,0,0,0,0,0
823883,2026-04-17,MIL,away,669003,Garrett Mitchell,4,0,2,1,0,0,3,1,2,0
823883,2026-04-17,MIL,away,666152,David Hamilton,5,0,0,0,0,0,0,0,2,0
823883,2026-04-17,MIL,away,661388,William Contreras,5,0,1,1,0,0,0,0,0,0
823883,2026-04-17,MIL,away,668930,Brice Turang,4,1,0,0,0,0,0,1,2,0
823883,2026-04-17,MIL,away,596142,Gary Sánchez,2,1,0,0,0,0,0,3,1,0
823883,2026-04-17,MIL,away,656730,Trevor Megill,0,0,0,0,0,0,0,0,0,0
824778,2026-04-17,BOS,home,701350,Roman Anthony,4,0,0,0,0,0,0,0,1,0
824778,2026-04-17,BOS,home,575929,Willson Contreras,3,0,0,0,0,0,0,0,1,0
824778,2026-04-17,BOS,home,657136,Connor Wong,2,0,1,1,0,0,0,1,0,0
824778,2026-04-17,BOS,home,596115,Trevor Story,4,0,0,0,0,0,0,0,2,0
824778,2026-04-17,BOS,home,677800,Wilyer Abreu,4,0,0,0,0,0,0,0,2,0
824778,2026-04-17,BOS,home,702332,Caleb Durbin,3,0,1,1,0,0,0,0,0,0
824778,2026-04-17,BOS,home,680776,Jarren Duran,4,1,1,0,0,0,0,0,1,1
824778,2026-04-17,BOS,home,678882,Ceddanne Rafaela,3,0,0,0,0,0,0,1,1,0
824778,2026-04-17,BOS,home,807799,Masataka Yoshida,1,0,1,0,0,0,1,0,0,0
824778,2026-04-17,BOS,home,691785,Marcelo Mayer,3,0,0,0,0,0,0,1,1,0
824778,2026-04-17,DET,away,701678,Hao-Yu  Lee,3,0,0,0,0,0,0,0,1,0
824778,2026-04-17,DET,away,663330,Jahmai Jones,4,0,2,1,0,0,0,0,1,0
824778,2026-04-17,DET,away,682985,Riley Greene,1,0,0,0,0,0,0,0,0,0
824778,2026-04-17,DET,away,595879,Javier Báez,3,0,1,0,0,0,0,0,0,0
824778,2026-04-17,DET,away,805808,Kevin McGonigle,4,0,1,0,0,0,0,0,1,0
824778,2026-04-17,DET,away,679529,Spencer Torkelson,4,0,0,0,0,0,0,0,0,0
824778,2026-04-17,DET,away,650402,Gleyber Torres,3,0,0,0,0,0,0,1,0,0
824778,2026-04-17,DET,away,663837,Matt Vierling,3,0,0,0,0,0,0,0,0,0
824778,2026-04-17,DET,away,693307,Dillon Dingler,3,0,0,0,0,0,0,1,2,0
824778,2026-04-17,DET,away,672761,Wenceel Pérez,4,0,0,0,0,0,0,0,1,0
824207,2026-04-17,HOU,home,694376,Shay Whitcomb,1,0,0,0,0,0,0,0,1,0
824207,2026-04-17,HOU,home,670623,Isaac Paredes,2,0,0,0,0,0,0,0,1,0
824207,2026-04-17,HOU,home,669397,Nick Allen,1,0,0,0,0,0,0,0,0,0
824207,2026-04-17,HOU,home,701358,Cam Smith,2,0,0,0,0,0,0,1,0,0
824207,2026-04-17,HOU,home,694728,Brice Matthews,1,0,0,0,0,0,0,0,1,0
824207,2026-04-17,HOU,home,514888,Jose Altuve,5,1,1,0,0,1,1,0,1,0
824207,2026-04-17,HOU,home,666211,Taylor Trammell,4,0,2,0,0,0,1,0,1,0
824207,2026-04-17,HOU,home,694388,Joey Loperfido,3,0,0,0,0,0,0,0,1,0
824207,2026-04-17,HOU,home,621043,Carlos Correa,5,1,1,1,0,0,0,0,1,0
824207,2026-04-17,HOU,home,572233,Christian Walker,4,0,0,0,0,0,0,0,2,0
824207,2026-04-17,HOU,home,543877,Christian Vázquez,3,1,2,0,0,1,1,1,1,0
824207,2026-04-17,HOU,home,670541,Yordan Alvarez,5,1,2,0,0,1,1,0,0,0
824207,2026-04-17,STL,away,669357,Nolan Gorman,5,1,1,0,0,1,3,0,3,0
824207,2026-04-17,STL,away,691023,Jordan Walker,4,1,1,0,0,0,1,1,2,0
824207,2026-04-17,STL,away,701675,Nathan Church,3,0,1,0,0,0,0,1,1,1
824207,2026-04-17,STL,away,687363,Victor Scott II,4,0,0,0,0,0,0,0,2,0
824207,2026-04-17,STL,away,802139,JJ Wetherholt,3,3,1,0,0,0,0,1,0,0
824207,2026-04-17,STL,away,676475,Alec Burleson,4,1,2,1,0,0,0,1,1,0
824207,2026-04-17,STL,away,686780,Pedro Pagés,4,1,1,1,0,0,0,0,0,0
824207,2026-04-17,STL,away,691026,Masyn Winn,5,0,1,0,0,0,2,0,0,0
824207,2026-04-17,STL,away,671056,Iván Herrera,4,2,2,0,0,1,3,0,0,0
823720,2026-04-17,MIN,home,605170,Victor Caratini,4,0,0,0,0,0,0,0,1,0
823720,2026-04-17,MIN,home,686797,Brooks Lee,3,1,0,0,0,0,0,1,0,0
823720,2026-04-17,MIN,home,668885,Austin Martin,2,0,1,0,0,0,1,1,0,0
823720,2026-04-17,MIN,home,656484,Tristan Gray,1,0,0,0,0,0,0,0,1,0
823720,2026-04-17,MIN,home,605137,Josh Bell,4,0,2,0,0,0,0,0,0,0
823720,2026-04-17,MIN,home,680777,Ryan Jeffers,4,0,1,0,0,0,0,0,0,0
823720,2026-04-17,MIN,home,681546,James Outman,0,0,0,0,0,0,0,0,0,0
823720,2026-04-17,MIN,home,668952,Ryan Kreidler,1,0,0,0,0,0,0,1,0,0
823720,2026-04-17,MIN,home,663616,Trevor Larnach,0,0,0,0,0,0,0,1,0,0
823720,2026-04-17,MIN,home,621439,Byron Buxton,4,0,1,0,0,0,0,1,0,0
823720,2026-04-17,MIN,home,670242,Matt Wallner,3,0,0,0,0,0,0,0,1,0
823720,2026-04-17,MIN,home,807712,Luke Keaschall,4,0,0,0,0,0,0,0,1,0
823720,2026-04-17,CIN,away,682829,Elly De La Cruz,3,1,1,1,0,0,0,1,0,0
823720,2026-04-17,CIN,away,701398,Sal Stewart,4,1,1,0,0,0,0,0,1,1
823720,2026-04-17,CIN,away,667472,Dane Myers,1,0,0,0,0,0,0,0,0,0
823720,2026-04-17,CIN,away,663993,Nathaniel Lowe,3,0,0,0,0,0,0,0,1,0
823720,2026-04-17,CIN,away,680574,Matt McLain,4,0,0,0,0,0,0,0,3,0
823720,2026-04-17,CIN,away,663647,Ke'Bryan Hayes,0,0,0,0,0,0,0,0,0,0
823720,2026-04-17,CIN,away,666181,Will Benson,2,0,0,0,0,0,0,0,0,0
823720,2026-04-17,CIN,away,670770,TJ Friedl,4,0,0,0,0,0,0,0,1,0
823720,2026-04-17,CIN,away,668715,Spencer Steer,3,0,0,0,0,0,0,0,0,0
823720,2026-04-17,CIN,away,553993,Eugenio Suárez,4,0,2,1,0,0,2,0,1,0
823720,2026-04-17,CIN,away,663886,Tyler Stephenson,3,0,0,0,0,0,0,0,1,0
824373,2026-04-17,COL,home,666160,Mickey Moniak,3,1,1,1,0,0,0,1,1,1
824373,2026-04-17,COL,home,664983,Jake McCarthy,3,0,0,0,0,0,0,0,1,0
824373,2026-04-17,COL,home,687859,Troy Johnston,4,0,0,0,0,0,1,0,2,0
824373,2026-04-17,COL,home,666397,Edouard Julien,3,0,0,0,0,0,0,1,0,0
824373,2026-04-17,COL,home,664954,Brett Sullivan,3,0,0,0,0,0,0,0,1,0
824373,2026-04-17,COL,home,686668,Brenton Doyle,3,0,0,0,0,0,0,0,1,0
824373,2026-04-17,COL,home,678662,Ezequiel Tovar,3,0,1,1,0,0,0,0,1,0
824373,2026-04-17,COL,home,681198,TJ Rumfield,4,0,0,0,0,0,0,0,2,0
824373,2026-04-17,COL,home,691720,Kyle Karros,2,0,0,0,0,0,0,1,1,0
824373,2026-04-17,LAD,away,669257,Will Smith,4,1,2,0,0,0,2,0,1,0
824373,2026-04-17,LAD,away,663656,Kyle Tucker,5,1,1,1,0,0,0,0,2,0
824373,2026-04-17,LAD,away,571970,Max Muncy,4,2,3,1,0,2,3,0,1,0
824373,2026-04-17,LAD,away,518692,Freddie Freeman,4,1,2,1,0,0,0,1,0,0
824373,2026-04-17,LAD,away,808975,Hyeseong Kim,3,0,1,0,0,0,0,1,0,2
824373,2026-04-17,LAD,away,669289,Santiago Espinal,1,0,0,0,0,0,0,0,0,0
824373,2026-04-17,LAD,away,660271,Shohei Ohtani,5,1,2,1,0,0,0,0,1,0
824373,2026-04-17,LAD,away,606192,Teoscar Hernández,5,0,0,0,0,0,0,0,3,0
824373,2026-04-17,LAD,away,681624,Andy Pages,2,1,1,0,0,0,1,1,0,0
824373,2026-04-17,LAD,away,690976,Alex Freeland,3,0,1,0,0,0,1,0,0,0
824048,2026-04-17,LAA,home,624428,Adam Frazier,4,2,2,0,1,0,1,0,1,0
824048,2026-04-17,LAA,home,672724,Oswald Peraza,4,1,2,0,0,0,0,0,0,0
824048,2026-04-17,LAA,home,687263,Zach Neto,5,0,2,0,0,0,1,0,1,0
824048,2026-04-17,LAA,home,660162,Yoán Moncada,5,1,1,0,0,1,1,0,1,0
824048,2026-04-17,LAA,home,545361,Mike Trout,3,1,0,0,0,0,0,2,1,0
824048,2026-04-17,LAA,home,666176,Jo Adell,5,0,1,1,0,0,2,0,2,0
824048,2026-04-17,LAA,home,694384,Nolan Schanuel,5,1,3,0,0,0,1,0,1,0
824048,2026-04-17,LAA,home,666139,Josh Lowe,4,1,2,0,0,1,2,0,1,0
824048,2026-04-17,LAA,home,669326,Bryce Teodosio,0,0,0,0,0,0,0,0,0,0
824048,2026-04-17,LAA,home,681351,Logan O'Hoppe,2,1,0,0,0,0,0,1,1,0
824048,2026-04-17,SD,away,669134,Luis Campusano,1,0,0,0,0,0,0,2,0,0
824048,2026-04-17,SD,away,592206,Nick Castellanos,4,0,0,0,0,0,0,0,4,0
824048,2026-04-17,SD,away,701538,Jackson Merrill,4,0,0,0,0,0,0,0,2,0
824048,2026-04-17,SD,away,657757,Gavin Sheets,4,0,1,1,0,0,0,0,1,0
824048,2026-04-17,SD,away,592518,Manny Machado,4,0,1,0,0,0,0,0,2,0
824048,2026-04-17,SD,away,665487,Fernando Tatis Jr.,3,0,0,0,0,0,0,1,1,0
824048,2026-04-17,SD,away,664034,Ty France,3,0,1,0,0,0,0,0,0,0
824048,2026-04-17,SD,away,669369,Bryce Johnson,1,0,0,0,0,0,0,0,1,0
824048,2026-04-17,SD,away,593428,Xander Bogaerts,2,0,0,0,0,0,0,1,0,0
824048,2026-04-17,SD,away,630105,Jake Cronenworth,4,0,0,0,0,0,0,0,2,0
823152,2026-04-17,SEA,home,647304,Josh Naylor,2,0,2,0,0,0,0,2,0,0
823152,2026-04-17,SEA,home,702284,Cole Young,2,0,1,0,0,0,0,2,0,0
823152,2026-04-17,SEA,home,668227,Randy Arozarena,4,0,0,0,0,0,0,0,1,0
823152,2026-04-17,SEA,home,641487,J.P. Crawford,4,0,1,0,0,0,0,0,1,0
823152,2026-04-17,SEA,home,686527,Dominic Canzone,2,0,1,0,0,0,0,0,0,0
823152,2026-04-17,SEA,home,663728,Cal Raleigh,3,0,0,0,0,0,0,1,0,0
823152,2026-04-17,SEA,home,608701,Rob Refsnyder,2,0,0,0,0,0,0,0,0,0
823152,2026-04-17,SEA,home,680977,Brendan Donovan,2,0,0,0,0,0,0,0,0,0
823152,2026-04-17,SEA,home,641598,Mitch Garver,2,0,0,0,0,0,0,0,0,0
823152,2026-04-17,SEA,home,660844,Leo Rivas,2,0,0,0,0,0,0,0,2,0
823152,2026-04-17,SEA,home,677594,Julio Rodríguez,4,0,1,1,0,0,0,0,2,0
823152,2026-04-17,SEA,home,670042,Luke Raley,2,0,0,0,0,0,0,0,1,0
823152,2026-04-17,TEX,away,694497,Evan Carter,4,0,1,0,0,0,0,0,1,0
823152,2026-04-17,TEX,away,694671,Wyatt Langford,5,1,3,0,0,0,1,0,2,0
823152,2026-04-17,TEX,away,669394,Jake Burger,5,1,3,0,0,0,1,0,1,0
823152,2026-04-17,TEX,away,592626,Joc Pederson,2,0,1,0,0,0,0,1,1,0
823152,2026-04-17,TEX,away,608369,Corey Seager,4,2,2,2,0,0,0,0,0,0
823152,2026-04-17,TEX,away,673962,Josh Jung,5,0,3,3,0,0,1,0,0,0
823152,2026-04-17,TEX,away,457705,Andrew McCutchen,1,0,0,0,0,0,1,0,1,0
823152,2026-04-17,TEX,away,607043,Brandon Nimmo,4,1,1,0,0,1,1,1,2,0
823152,2026-04-17,TEX,away,669701,Josh Smith,4,0,0,0,0,0,0,0,2,0
823152,2026-04-17,TEX,away,643376,Danny Jansen,5,0,1,1,0,0,0,0,2,0
825101,2026-04-17,ARI,home,694374,Tim Tawa,3,0,1,1,0,0,1,1,0,0
825101,2026-04-17,ARI,home,571448,Nolan Arenado,4,1,2,0,0,1,2,0,0,0
825101,2026-04-17,ARI,home,606466,Ketel Marte,5,2,2,0,0,0,0,0,0,0
825101,2026-04-17,ARI,home,545121,Ildemaro Vargas,3,0,1,0,0,0,0,0,0,0
825101,2026-04-17,ARI,home,672695,Geraldo Perdomo,4,0,1,1,0,0,0,0,1,0
825101,2026-04-17,ARI,home,699912,Jose Fernandez,4,0,1,0,0,0,1,0,1,0
825101,2026-04-17,ARI,home,682998,Corbin Carroll,4,1,1,0,0,0,1,1,2,0
825101,2026-04-17,ARI,home,543510,James McCann,4,1,1,0,0,0,0,0,1,0
825101,2026-04-17,ARI,home,678489,Jorge Barrosa,3,1,0,0,0,0,0,0,1,0
825101,2026-04-17,TOR,away,672820,Lenyn Sosa,3,0,0,0,0,0,1,0,0,0
825101,2026-04-17,TOR,away,676391,Ernie Clement,3,0,1,1,0,0,0,0,1,0
825101,2026-04-17,TOR,away,662139,Daulton Varsho,1,0,0,0,0,0,0,0,1,0
825101,2026-04-17,TOR,away,665926,Andrés Giménez,4,0,1,1,0,0,0,0,1,1
825101,2026-04-17,TOR,away,676914,Davis Schneider,3,0,0,0,0,0,0,0,1,0
825101,2026-04-17,TOR,away,664770,Nathan Lukes,1,0,1,0,0,0,0,0,0,0
825101,2026-04-17,TOR,away,623168,Tyler Heineman,3,1,1,0,0,0,0,0,1,0
825101,2026-04-17,TOR,away,665489,Vladimir Guerrero Jr.,4,0,1,0,0,0,1,0,0,0
825101,2026-04-17,TOR,away,660821,Jesús Sánchez,4,0,1,0,0,0,0,0,1,0
825101,2026-04-17,TOR,away,664702,Myles Straw,3,2,2,0,0,1,1,0,0,0
825101,2026-04-17,TOR,away,672960,Kazuma Okamoto,4,0,0,0,0,0,0,0,1,0
825019,2026-04-17,OAK,home,671732,Lawrence Butler,3,0,0,0,0,0,0,0,1,0
825019,2026-04-17,OAK,home,680869,Zack Gelof,1,0,0,0,0,0,0,0,0,0
825019,2026-04-17,OAK,home,643446,Jeff McNeil,3,0,1,1,0,0,0,0,0,0
825019,2026-04-17,OAK,home,666126,Carlos Cortes,2,0,0,0,0,0,0,1,0,0
825019,2026-04-17,OAK,home,691777,Max Muncy,2,1,0,0,0,0,0,1,1,0
825019,2026-04-17,OAK,home,672016,Denzel Clarke,3,0,1,0,0,0,0,0,2,0
825019,2026-04-17,OAK,home,691016,Tyler Soderstrom,4,0,0,0,0,0,0,0,1,0
825019,2026-04-17,OAK,home,701762,Nick Kurtz,2,0,1,0,0,0,1,2,0,0
825019,2026-04-17,OAK,home,669127,Shea Langeliers,4,1,1,1,0,0,0,0,0,0
825019,2026-04-17,OAK,home,628451,Andy Ibáñez,1,0,0,0,0,0,1,0,0,0
825019,2026-04-17,OAK,home,805779,Jacob Wilson,4,0,0,0,0,0,0,0,0,0
825019,2026-04-17,CWS,away,682668,Luisangel Acuña,4,2,2,1,0,0,1,1,2,1
825019,2026-04-17,CWS,away,808959,Munetaka Murakami,5,2,3,0,0,1,4,0,2,0
825019,2026-04-17,CWS,away,805367,Chase Meidroth,4,2,2,0,0,0,0,1,0,0
825019,2026-04-17,CWS,away,695657,Colson Montgomery,4,0,2,1,0,0,2,1,2,0
825019,2026-04-17,CWS,away,700337,Edgar Quero,5,0,2,0,0,0,1,0,2,0
825019,2026-04-17,CWS,away,643217,Andrew Benintendi,6,2,3,2,0,0,1,0,1,0
825019,2026-04-17,CWS,away,677592,Everson Pereira,5,0,0,0,0,0,0,0,1,0
825019,2026-04-17,CWS,away,803011,Sam Antonacci,3,0,0,0,0,0,0,1,0,0
825019,2026-04-17,CWS,away,678246,Miguel Vargas,5,1,1,0,0,0,0,0,1,0
823558,2026-04-18,NYY,home,676609,José Caballero,4,3,2,0,0,0,0,0,0,0
823558,2026-04-18,NYY,home,642708,Amed Rosario,5,2,2,0,0,1,3,0,0,0
823558,2026-04-18,NYY,home,545341,Randal Grichuk,4,1,1,1,0,0,1,0,1,0
823558,2026-04-18,NYY,home,592450,Aaron Judge,2,1,0,0,0,0,0,2,2,0
823558,2026-04-18,NYY,home,641857,Ryan McMahon,0,1,0,0,0,0,0,1,0,0
823558,2026-04-18,NYY,home,700250,Ben Rice,3,1,1,0,0,1,1,2,0,0
823558,2026-04-18,NYY,home,641555,J.C. Escarra,4,2,2,1,1,0,3,0,0,0
823558,2026-04-18,NYY,home,641355,Cody Bellinger,4,2,3,0,0,2,5,1,0,0
823558,2026-04-18,NYY,home,519317,Giancarlo Stanton,5,0,0,0,0,0,0,0,0,0
823558,2026-04-18,NYY,home,665862,Jazz Chisholm Jr.,4,0,0,0,0,0,0,1,3,0
823558,2026-04-18,KC,away,695600,Carter Jensen,3,2,2,0,0,1,2,1,1,0
823558,2026-04-18,KC,away,663697,Jonathan India,0,0,0,0,0,0,0,0,0,0
823558,2026-04-18,KC,away,686475,Tyler Tolbert,1,1,1,0,0,0,0,0,0,0
823558,2026-04-18,KC,away,686555,Isaac Collins,4,0,0,0,0,0,0,0,4,0
823558,2026-04-18,KC,away,686681,Michael Massey,4,0,1,1,0,0,2,0,1,0
823558,2026-04-18,KC,away,686469,Vinnie Pasquantino,4,0,0,0,0,0,0,0,1,0
823558,2026-04-18,KC,away,664728,Kyle Isbel,3,0,0,0,0,0,0,0,1,0
823558,2026-04-18,KC,away,672580,Maikel Garcia,4,0,1,1,0,0,0,0,1,0
823558,2026-04-18,KC,away,657041,Lane Thomas,3,0,0,0,0,0,0,0,1,0
823558,2026-04-18,KC,away,695506,Jac Caglianone,4,1,1,0,0,0,0,0,1,0
823558,2026-04-18,KC,away,677951,Bobby Witt Jr.,3,0,1,0,0,0,0,0,1,0
823721,2026-04-18,MIN,home,665019,Kody Clemens,1,0,0,0,0,0,0,0,1,0
823721,2026-04-18,MIN,home,686797,Brooks Lee,3,0,1,0,0,0,1,1,0,0
823721,2026-04-18,MIN,home,668885,Austin Martin,4,2,0,0,0,0,0,1,2,0
823721,2026-04-18,MIN,home,656484,Tristan Gray,4,0,1,0,0,0,0,0,3,0
823721,2026-04-18,MIN,home,605137,Josh Bell,4,2,2,0,0,0,0,0,1,0
823721,2026-04-18,MIN,home,680777,Ryan Jeffers,5,0,1,0,1,0,2,0,0,0
823721,2026-04-18,MIN,home,681546,James Outman,0,0,0,0,0,0,0,0,0,0
823721,2026-04-18,MIN,home,668952,Ryan Kreidler,2,0,1,1,0,0,0,2,0,0
823721,2026-04-18,MIN,home,663616,Trevor Larnach,3,0,0,0,0,0,0,1,1,0
823721,2026-04-18,MIN,home,621439,Byron Buxton,5,0,1,0,0,0,0,0,2,0
823721,2026-04-18,MIN,home,670242,Matt Wallner,1,0,0,0,0,0,0,0,1,0
823721,2026-04-18,MIN,home,807712,Luke Keaschall,5,0,2,1,0,0,1,0,1,1
823721,2026-04-18,CIN,away,682829,Elly De La Cruz,5,0,1,0,0,0,1,0,2,0
823721,2026-04-18,CIN,away,667472,Dane Myers,1,0,1,0,0,0,1,0,0,0
823721,2026-04-18,CIN,away,701398,Sal Stewart,4,1,1,0,0,0,0,1,0,0
823721,2026-04-18,CIN,away,663993,Nathaniel Lowe,4,0,2,1,0,0,0,0,1,0
823721,2026-04-18,CIN,away,680574,Matt McLain,0,0,0,0,0,0,0,0,0,0
823721,2026-04-18,CIN,away,663647,Ke'Bryan Hayes,3,0,0,0,0,0,0,0,0,0
823721,2026-04-18,CIN,away,666181,Will Benson,2,0,1,0,0,0,0,1,0,1
823721,2026-04-18,CIN,away,670770,TJ Friedl,4,0,0,0,0,0,0,0,1,0
823721,2026-04-18,CIN,away,668715,Spencer Steer,1,1,1,0,0,0,0,0,0,0
823721,2026-04-18,CIN,away,663886,Tyler Stephenson,3,0,1,0,0,0,2,0,2,0
823721,2026-04-18,CIN,away,553993,Eugenio Suárez,4,2,2,1,0,0,0,0,1,0
823721,2026-04-18,CIN,away,677956,Rece Hinds,3,1,1,0,0,0,1,0,0,0
824694,2026-04-18,CHC,home,664023,Ian Happ,2,2,1,0,0,1,1,2,0,0
824694,2026-04-18,CHC,home,608324,Alex Bregman,4,0,0,0,0,0,0,0,0,0
824694,2026-04-18,CHC,home,683737,Michael Busch,4,0,1,0,0,0,0,0,1,0
824694,2026-04-18,CHC,home,608348,Carson Kelly,1,1,1,0,0,1,3,0,0,0
824694,2026-04-18,CHC,home,691718,Pete Crow-Armstrong,3,0,0,0,0,0,0,0,0,0
824694,2026-04-18,CHC,home,665804,Miguel Amaya,3,0,1,0,0,0,0,0,0,0
824694,2026-04-18,CHC,home,694208,Moisés Ballesteros,2,0,1,0,0,0,0,0,1,0
824694,2026-04-18,CHC,home,673548,Seiya Suzuki,2,1,0,0,0,0,0,1,0,0
824694,2026-04-18,CHC,home,621020,Dansby Swanson,3,0,0,0,0,0,0,0,1,0
824694,2026-04-18,CHC,home,663538,Nico Hoerner,4,0,0,0,0,0,0,0,0,0
824694,2026-04-18,NYM,away,621438,Tyrone Taylor,1,0,0,0,0,0,0,0,0,0
824694,2026-04-18,NYM,away,666182,Bo Bichette,4,1,1,0,0,0,0,0,0,0
824694,2026-04-18,NYM,away,682626,Francisco Alvarez,4,0,0,0,0,0,0,0,0,0
824694,2026-04-18,NYM,away,668901,Mark Vientos,4,1,1,0,0,1,1,0,1,0
824694,2026-04-18,NYM,away,683146,Brett Baty,2,0,0,0,0,0,0,1,0,0
824694,2026-04-18,NYM,away,701807,Carson Benge,3,0,0,0,0,0,0,1,1,0
824694,2026-04-18,NYM,away,502054,Tommy Pham,1,0,0,0,0,0,0,0,1,0
824694,2026-04-18,NYM,away,543760,Marcus Semien,3,0,1,0,0,0,0,1,1,0
824694,2026-04-18,NYM,away,669004,MJ Melendez,3,0,0,0,0,0,0,1,2,0
824694,2026-04-18,NYM,away,596019,Francisco Lindor,4,0,2,0,0,0,0,0,1,0
824694,2026-04-18,NYM,away,673357,Luis Robert Jr.,4,0,2,1,0,0,0,0,0,0
823394,2026-04-18,PIT,home,694377,Nick Yorke,6,1,1,0,0,0,1,0,2,0
823394,2026-04-18,PIT,home,687462,Spencer Horwitz,4,0,0,0,0,0,0,2,2,0
823394,2026-04-18,PIT,home,664040,Brandon Lowe,5,1,0,0,0,0,0,1,1,0
823394,2026-04-18,PIT,home,668804,Bryan Reynolds,3,1,0,0,0,0,0,3,1,0
823394,2026-04-18,PIT,home,663698,Joey Bart,1,0,0,0,0,0,0,0,1,0
823394,2026-04-18,PIT,home,665833,Oneil Cruz,6,0,1,1,0,0,0,0,1,0
823394,2026-04-18,PIT,home,663968,Jake Mangum,1,1,0,0,0,0,0,1,1,0
823394,2026-04-18,PIT,home,695257,Billy Cook,0,0,0,0,0,0,0,0,0,0
823394,2026-04-18,PIT,home,680779,Henry Davis,4,0,0,0,0,0,0,0,0,0
823394,2026-04-18,PIT,home,804606,Konnor Griffin,6,0,1,0,0,0,2,0,2,1
823394,2026-04-18,PIT,home,656811,Ryan O'Hearn,3,2,2,0,0,1,2,1,1,0
823394,2026-04-18,PIT,home,542303,Marcell Ozuna,6,1,2,0,0,1,2,0,2,0
823394,2026-04-18,PIT,home,693304,Nick Gonzales,1,0,0,0,0,0,0,0,0,0
823394,2026-04-18,TB,away,670764,Taylor Walls,6,1,0,0,0,0,0,0,4,1
823394,2026-04-18,TB,away,680700,Richie Palacios,2,0,1,0,0,0,0,0,0,0
823394,2026-04-18,TB,away,668723,Ryan Vilade,1,0,0,0,0,0,0,0,0,0
823394,2026-04-18,TB,away,641584,Jake Fraley,2,0,1,0,0,0,0,0,1,0
823394,2026-04-18,TB,away,802415,Chandler Simpson,7,0,2,0,0,0,0,0,1,0
823394,2026-04-18,TB,away,676356,Jonny DeLuca,4,2,2,1,0,0,2,0,0,0
823394,2026-04-18,TB,away,676439,Hunter Feduccia,1,1,0,0,0,0,0,1,0,0
823394,2026-04-18,TB,away,666018,Jonathan Aranda,4,1,2,0,0,0,1,1,1,0
823394,2026-04-18,TB,away,663743,Nick Fortes,2,0,1,0,0,0,0,1,0,0
823394,2026-04-18,TB,away,650490,Yandy Díaz,5,1,1,0,0,0,0,1,3,0
823394,2026-04-18,TB,away,810938,Ben Williamson,4,0,1,0,0,0,0,0,1,0
823394,2026-04-18,TB,away,691406,Junior Caminero,7,1,2,1,0,0,1,0,0,0
823394,2026-04-18,TB,away,656775,Cedric Mullins,5,1,2,0,0,1,3,0,1,0
822751,2026-04-18,WSH,home,691781,Brady House,2,0,1,0,0,0,1,0,1,0
822751,2026-04-18,WSH,home,682928,CJ Abrams,5,0,0,0,0,0,0,1,1,0
822751,2026-04-18,WSH,home,683083,Nasim Nuñez,4,1,0,0,0,0,0,0,1,0
822751,2026-04-18,WSH,home,686452,Drew Millas,5,1,1,1,0,0,0,0,1,0
822751,2026-04-18,WSH,home,686894,Joey Wiemer,1,0,0,0,0,0,0,0,1,0
822751,2026-04-18,WSH,home,678391,Jorbit Vivas,4,1,1,1,0,0,0,1,0,0
822751,2026-04-18,WSH,home,678554,Curtis Mead,3,0,0,0,0,0,0,0,0,0
822751,2026-04-18,WSH,home,677588,José Tena,2,0,1,0,0,0,1,1,0,0
822751,2026-04-18,WSH,home,695734,Daylen Lile,6,0,2,1,0,0,0,0,2,0
822751,2026-04-18,WSH,home,695578,James Wood,3,3,1,0,0,1,2,2,1,0
822751,2026-04-18,WSH,home,696285,Jacob Young,6,0,2,0,0,0,0,0,0,0
822751,2026-04-18,WSH,home,671277,Luis García Jr.,3,0,1,0,0,0,2,0,0,0
822751,2026-04-18,SF,away,669477,Casey Schmitt,6,0,2,1,0,0,1,0,2,0
822751,2026-04-18,SF,away,671218,Heliot Ramos,5,2,3,1,0,1,2,1,1,0
822751,2026-04-18,SF,away,656305,Matt Chapman,6,1,2,0,0,0,1,0,0,0
822751,2026-04-18,SF,away,672275,Patrick Bailey,4,0,1,0,0,0,0,0,3,0
822751,2026-04-18,SF,away,808982,Jung Hoo Lee,6,1,2,0,0,0,0,0,1,0
822751,2026-04-18,SF,away,687551,Drew Gilbert,5,0,2,0,0,0,1,0,1,0
822751,2026-04-18,SF,away,646240,Rafael Devers,6,0,1,0,0,0,1,0,1,0
822751,2026-04-18,SF,away,642715,Willy Adames,6,1,1,0,0,0,0,0,2,0
822751,2026-04-18,SF,away,650333,Luis Arraez,6,2,2,0,0,0,0,0,0,0
822751,2026-04-18,SF,away,691740,Daniel Susac,1,0,0,0,0,0,0,0,0,0
825020,2026-04-18,OAK,home,671732,Lawrence Butler,3,1,1,1,0,0,1,2,0,2
825020,2026-04-18,OAK,home,680869,Zack Gelof,1,0,1,0,0,0,0,0,0,0
825020,2026-04-18,OAK,home,643446,Jeff McNeil,3,0,0,0,0,0,1,1,0,0
825020,2026-04-18,OAK,home,642851,Austin Wynns,4,1,0,0,0,0,0,1,1,0
825020,2026-04-18,OAK,home,666126,Carlos Cortes,2,0,0,0,0,0,0,0,0,0
825020,2026-04-18,OAK,home,691777,Max Muncy,5,1,1,0,1,0,1,0,2,0
825020,2026-04-18,OAK,home,672016,Denzel Clarke,1,0,0,0,0,0,0,1,0,1
825020,2026-04-18,OAK,home,691016,Tyler Soderstrom,5,0,1,0,0,0,1,1,1,0
825020,2026-04-18,OAK,home,687231,Darell Hernaiz,0,0,0,0,0,0,0,0,0,0
825020,2026-04-18,OAK,home,701762,Nick Kurtz,3,1,2,0,0,1,2,3,0,0
825020,2026-04-18,OAK,home,669127,Shea Langeliers,5,1,2,0,0,0,0,1,1,0
825020,2026-04-18,OAK,home,678022,Jack Perkins,0,0,0,0,0,0,0,0,0,0
825020,2026-04-18,OAK,home,628451,Andy Ibáñez,1,0,0,0,0,0,0,0,0,0
825020,2026-04-18,OAK,home,805779,Jacob Wilson,6,2,2,0,0,1,1,0,1,0
825020,2026-04-18,CWS,away,671976,Tristan Peters,1,1,0,0,0,0,0,1,1,0
825020,2026-04-18,CWS,away,695020,Tanner Murray,0,0,0,0,0,0,0,0,0,0
825020,2026-04-18,CWS,away,682668,Luisangel Acuña,1,0,1,0,0,0,0,0,0,1
825020,2026-04-18,CWS,away,808959,Munetaka Murakami,2,1,1,0,0,1,1,3,1,0
825020,2026-04-18,CWS,away,805367,Chase Meidroth,4,0,1,0,0,0,0,0,1,0
825020,2026-04-18,CWS,away,695657,Colson Montgomery,4,1,1,0,0,1,1,1,1,0
825020,2026-04-18,CWS,away,624512,Reese McGuire,4,1,1,0,0,0,1,0,0,0
825020,2026-04-18,CWS,away,700337,Edgar Quero,0,0,0,0,0,0,0,0,0,0
825020,2026-04-18,CWS,away,643217,Andrew Benintendi,6,1,1,0,0,1,3,0,1,0
825020,2026-04-18,CWS,away,677592,Everson Pereira,5,1,2,2,0,0,0,1,1,0
825020,2026-04-18,CWS,away,803011,Sam Antonacci,5,0,0,0,0,0,0,0,1,0
825020,2026-04-18,CWS,away,656537,Derek Hill,2,0,0,0,0,0,0,0,0,0
825020,2026-04-18,CWS,away,678246,Miguel Vargas,4,0,0,0,0,0,0,2,0,0
824775,2026-04-18,BOS,home,701350,Roman Anthony,3,0,1,0,0,0,0,1,1,0
824775,2026-04-18,BOS,home,575929,Willson Contreras,4,0,1,0,0,0,0,0,3,0
824775,2026-04-18,BOS,home,657136,Connor Wong,3,0,0,0,0,0,0,0,1,0
824775,2026-04-18,BOS,home,596115,Trevor Story,4,0,0,0,0,0,0,0,3,0
824775,2026-04-18,BOS,home,677800,Wilyer Abreu,4,1,1,0,0,0,0,0,1,0
824775,2026-04-18,BOS,home,655316,Andruw Monasterio,4,0,1,0,0,0,0,0,1,1
824775,2026-04-18,BOS,home,643396,Isiah Kiner-Falefa,3,0,0,0,0,0,0,0,0,0
824775,2026-04-18,BOS,home,702332,Caleb Durbin,2,0,0,0,0,0,0,1,1,0
824775,2026-04-18,BOS,home,678882,Ceddanne Rafaela,4,0,1,1,0,0,0,0,1,0
824775,2026-04-18,DET,away,595879,Javier Báez,4,1,1,1,0,0,0,0,0,0
824775,2026-04-18,DET,away,682985,Riley Greene,2,0,0,0,0,0,0,2,1,0
824775,2026-04-18,DET,away,805808,Kevin McGonigle,5,1,2,0,0,0,1,0,0,0
824775,2026-04-18,DET,away,681481,Kerry Carpenter,3,1,2,0,0,1,2,1,1,0
824775,2026-04-18,DET,away,679529,Spencer Torkelson,4,0,0,0,0,0,0,0,3,0
824775,2026-04-18,DET,away,668670,Jake Rogers,3,0,1,1,0,0,1,0,0,0
824775,2026-04-18,DET,away,650402,Gleyber Torres,5,0,1,0,0,0,0,0,2,0
824775,2026-04-18,DET,away,693307,Dillon Dingler,2,0,0,0,0,0,0,0,0,0
824775,2026-04-18,DET,away,690993,Colt Keith,3,0,1,0,0,0,0,0,0,0
824775,2026-04-18,DET,away,672761,Wenceel Pérez,3,1,0,0,0,0,0,1,0,0
823882,2026-04-18,MIA,home,681715,Heriberto Hernández,4,0,0,0,0,0,1,0,0,0
823882,2026-04-18,MIA,home,805300,Jakob Marsee,4,0,1,0,0,0,0,0,0,0
823882,2026-04-18,MIA,home,691594,Javier Sanoja,3,0,0,0,0,0,0,1,0,0
823882,2026-04-18,MIA,home,669364,Xavier Edwards,4,0,1,0,0,0,0,0,1,0
823882,2026-04-18,MIA,home,689414,Liam Hicks,4,1,2,0,0,0,0,0,0,0
823882,2026-04-18,MIA,home,683357,Owen Caissie,4,0,1,0,0,0,0,0,2,0
823882,2026-04-18,MIA,home,682663,Agustín Ramírez,4,0,0,0,0,0,0,0,1,0
823882,2026-04-18,MIA,home,681393,Connor Norby,4,0,2,0,0,0,1,0,0,0
823882,2026-04-18,MIA,home,672640,Otto Lopez,4,1,1,0,0,0,0,0,0,0
823882,2026-04-18,MIL,away,650859,Luis Rengifo,4,1,1,1,0,0,0,1,0,0
823882,2026-04-18,MIL,away,687401,Joey Ortiz,2,1,0,0,0,0,0,2,0,0
823882,2026-04-18,MIL,away,641343,Jake Bauers,5,0,0,0,0,0,0,0,0,0
823882,2026-04-18,MIL,away,686217,Sal Frelick,5,0,1,0,0,0,1,0,0,0
823882,2026-04-18,MIL,away,663604,Brandon Lockridge,4,0,1,0,0,0,1,1,2,1
823882,2026-04-18,MIL,away,669003,Garrett Mitchell,2,1,0,0,0,0,0,3,1,1
823882,2026-04-18,MIL,away,661388,William Contreras,4,1,0,0,0,0,0,1,1,0
823882,2026-04-18,MIL,away,668930,Brice Turang,3,1,2,0,0,1,3,2,0,0
823882,2026-04-18,MIL,away,596142,Gary Sánchez,3,0,0,0,0,0,0,1,1,0
824451,2026-04-18,CLE,home,671655,George Valera,3,0,0,0,0,0,0,0,0,0
824451,2026-04-18,CLE,home,800050,Chase DeLauter,4,0,0,0,0,0,0,0,0,0
824451,2026-04-18,CLE,home,682177,Daniel Schneemann,3,1,1,0,0,0,0,0,2,0
824451,2026-04-18,CLE,home,677587,Brayan Rocchio,3,1,1,0,0,1,3,0,0,0
824451,2026-04-18,CLE,home,666310,Bo Naylor,3,1,1,0,0,1,1,0,1,0
824451,2026-04-18,CLE,home,608070,José Ramírez,2,0,0,0,0,0,0,1,0,1
824451,2026-04-18,CLE,home,680757,Steven Kwan,4,0,0,0,0,0,0,0,2,0
824451,2026-04-18,CLE,home,682657,Angel Martínez,0,0,0,0,0,0,0,0,0,0
824451,2026-04-18,CLE,home,700932,Kyle Manzardo,3,0,0,0,0,0,0,0,2,0
824451,2026-04-18,CLE,home,656555,Rhys Hoskins,2,1,0,0,0,0,0,1,1,0
824451,2026-04-18,BAL,away,669236,Jeremiah Jackson,3,0,0,0,0,0,0,0,1,0
824451,2026-04-18,BAL,away,694212,Samuel Basallo,3,0,0,0,0,0,0,0,1,0
824451,2026-04-18,BAL,away,683002,Gunnar Henderson,4,1,2,0,0,1,1,0,2,0
824451,2026-04-18,BAL,away,665750,Leody Taveras,3,1,1,0,0,1,1,1,1,0
824451,2026-04-18,BAL,away,621493,Taylor Ward,4,0,1,1,0,0,0,0,0,0
824451,2026-04-18,BAL,away,687637,Dylan Beavers,4,0,0,0,0,0,0,0,3,0
824451,2026-04-18,BAL,away,624413,Pete Alonso,4,0,0,0,0,0,0,0,4,0
824451,2026-04-18,BAL,away,681297,Colton Cowser,4,0,0,0,0,0,0,0,4,0
824451,2026-04-18,BAL,away,691723,Coby Mayo,3,0,0,0,0,0,0,0,0,0
824206,2026-04-18,HOU,home,514888,Jose Altuve,4,1,0,0,0,0,0,1,2,0
824206,2026-04-18,HOU,home,666211,Taylor Trammell,4,0,1,0,0,0,0,0,1,1
824206,2026-04-18,HOU,home,694376,Shay Whitcomb,4,1,1,0,0,1,3,0,2,0
824206,2026-04-18,HOU,home,670623,Isaac Paredes,4,0,0,0,0,0,0,0,1,0
824206,2026-04-18,HOU,home,701358,Cam Smith,2,1,0,0,0,0,0,2,0,0
824206,2026-04-18,HOU,home,621043,Carlos Correa,2,0,0,0,0,0,0,2,1,0
824206,2026-04-18,HOU,home,572233,Christian Walker,4,0,0,0,0,0,0,0,1,0
824206,2026-04-18,HOU,home,543877,Christian Vázquez,2,1,0,0,0,0,0,2,0,0
824206,2026-04-18,HOU,home,670541,Yordan Alvarez,4,1,2,1,0,1,1,1,1,0
824206,2026-04-18,STL,away,669357,Nolan Gorman,5,1,2,0,0,0,2,0,0,0
824206,2026-04-18,STL,away,691023,Jordan Walker,4,0,1,0,0,0,0,1,2,1
824206,2026-04-18,STL,away,701675,Nathan Church,4,0,1,0,0,0,0,0,2,0
824206,2026-04-18,STL,away,687363,Victor Scott II,0,0,0,0,0,0,0,0,0,0
824206,2026-04-18,STL,away,665877,José Fermín,3,1,1,0,0,1,1,1,1,0
824206,2026-04-18,STL,away,802139,JJ Wetherholt,3,1,1,0,0,0,0,1,1,0
824206,2026-04-18,STL,away,676475,Alec Burleson,5,1,2,1,0,1,1,0,0,0
824206,2026-04-18,STL,away,602104,Ramón Urías,3,1,0,0,0,0,0,1,0,0
824206,2026-04-18,STL,away,691026,Masyn Winn,5,1,1,0,0,1,2,0,3,0
824206,2026-04-18,STL,away,671056,Iván Herrera,4,1,1,1,0,0,0,0,2,0
823151,2026-04-18,SEA,home,647304,Josh Naylor,4,0,1,0,0,0,0,0,1,0
823151,2026-04-18,SEA,home,702284,Cole Young,3,1,2,0,0,0,2,1,1,1
823151,2026-04-18,SEA,home,641487,J.P. Crawford,5,1,2,2,0,0,0,0,1,0
823151,2026-04-18,SEA,home,668227,Randy Arozarena,4,1,1,0,0,0,0,0,2,0
823151,2026-04-18,SEA,home,686527,Dominic Canzone,4,1,3,1,0,0,2,0,1,0
823151,2026-04-18,SEA,home,663728,Cal Raleigh,4,0,0,0,0,0,0,1,1,0
823151,2026-04-18,SEA,home,677594,Julio Rodríguez,4,0,1,0,0,0,1,0,0,0
823151,2026-04-18,SEA,home,660844,Leo Rivas,3,0,0,0,0,0,1,0,1,0
823151,2026-04-18,SEA,home,670042,Luke Raley,3,3,1,0,0,1,1,1,0,0
823151,2026-04-18,TEX,away,694497,Evan Carter,2,0,0,0,0,0,1,2,1,0
823151,2026-04-18,TEX,away,694671,Wyatt Langford,5,1,3,1,0,0,0,0,0,0
823151,2026-04-18,TEX,away,669394,Jake Burger,4,0,0,0,0,0,0,1,2,0
823151,2026-04-18,TEX,away,592626,Joc Pederson,2,0,1,0,0,0,0,1,1,0
823151,2026-04-18,TEX,away,608369,Corey Seager,4,0,0,0,0,0,0,1,1,0
823151,2026-04-18,TEX,away,673962,Josh Jung,4,1,2,0,0,1,1,1,0,0
823151,2026-04-18,TEX,away,543309,Kyle Higashioka,4,0,0,0,0,0,0,1,1,0
823151,2026-04-18,TEX,away,677649,Ezequiel Duran,5,0,3,1,0,0,1,0,0,0
823151,2026-04-18,TEX,away,607043,Brandon Nimmo,6,0,1,0,0,0,0,0,2,0
823151,2026-04-18,TEX,away,669701,Josh Smith,1,1,1,0,0,0,0,1,0,0
823151,2026-04-18,TEX,away,664059,Sam Haggerty,0,0,0,0,0,0,0,0,0,0
823474,2026-04-18,PHI,home,669016,Brandon Marsh,2,0,0,0,0,0,0,0,1,0
823474,2026-04-18,PHI,home,547180,Bryce Harper,4,0,0,0,0,0,0,0,3,0
823474,2026-04-18,PHI,home,592663,J.T. Realmuto,2,0,0,0,0,0,0,0,0,0
823474,2026-04-18,PHI,home,624641,Edmundo Sosa,3,0,1,0,0,0,0,0,1,0
823474,2026-04-18,PHI,home,664761,Alec Bohm,3,0,1,0,0,0,0,0,0,0
823474,2026-04-18,PHI,home,656941,Kyle Schwarber,4,0,1,0,0,0,0,0,1,0
823474,2026-04-18,PHI,home,665561,Rafael Marchán,2,0,0,0,0,0,0,0,1,0
823474,2026-04-18,PHI,home,694025,Felix Reyes,3,1,1,0,0,1,1,0,1,0
823474,2026-04-18,PHI,home,664238,Dylan Moore,1,0,0,0,0,0,0,0,1,0
823474,2026-04-18,PHI,home,666969,Adolis García,3,0,0,0,0,0,0,1,1,0
823474,2026-04-18,PHI,home,607208,Trea Turner,4,0,1,0,0,0,0,0,0,1
823474,2026-04-18,ATL,away,641680,Jonah Heim,4,0,2,1,0,0,0,0,2,0
823474,2026-04-18,ATL,away,671739,Michael Harris II,0,0,0,0,0,0,0,1,0,0
823474,2026-04-18,ATL,away,622761,Jorge Mateo,3,0,0,0,0,0,0,0,2,0
823474,2026-04-18,ATL,away,643289,Mauricio Dubón,4,0,1,0,0,0,2,0,2,0
823474,2026-04-18,ATL,away,686948,Drake Baldwin,5,1,1,0,0,0,0,0,1,0
823474,2026-04-18,ATL,away,621566,Matt Olson,4,1,1,1,0,0,0,1,1,0
823474,2026-04-18,ATL,away,660670,Ronald Acuña Jr.,4,0,1,0,0,0,0,1,1,0
823474,2026-04-18,ATL,away,642201,Eli White,4,0,0,0,0,0,0,0,1,0
823474,2026-04-18,ATL,away,645277,Ozzie Albies,4,1,2,1,0,0,0,1,0,0
823474,2026-04-18,ATL,away,663586,Austin Riley,5,0,2,0,0,0,1,0,2,0
824372,2026-04-18,COL,home,666160,Mickey Moniak,4,1,1,1,0,0,0,0,1,0
824372,2026-04-18,COL,home,687859,Troy Johnston,4,1,3,2,0,0,2,0,1,1
824372,2026-04-18,COL,home,666397,Edouard Julien,3,0,0,0,0,0,0,1,2,0
824372,2026-04-18,COL,home,696100,Hunter Goodman,4,1,1,1,0,0,0,0,1,0
824372,2026-04-18,COL,home,687597,Jordan Beck,3,0,0,0,0,0,0,0,0,0
824372,2026-04-18,COL,home,686668,Brenton Doyle,3,0,0,0,0,0,0,0,1,0
824372,2026-04-18,COL,home,678662,Ezequiel Tovar,4,1,1,0,0,0,0,0,1,0
824372,2026-04-18,COL,home,681198,TJ Rumfield,4,0,1,0,0,0,1,0,0,0
824372,2026-04-18,COL,home,691720,Kyle Karros,1,0,0,0,0,0,1,1,0,0
824372,2026-04-18,LAD,away,669257,Will Smith,1,0,1,0,0,0,0,0,0,0
824372,2026-04-18,LAD,away,687221,Dalton Rushing,4,1,1,0,0,1,1,0,1,0
824372,2026-04-18,LAD,away,663656,Kyle Tucker,5,1,3,0,0,1,2,0,0,0
824372,2026-04-18,LAD,away,571970,Max Muncy,4,0,0,0,0,0,0,0,1,0
824372,2026-04-18,LAD,away,518692,Freddie Freeman,3,0,2,0,1,0,0,1,0,0
824372,2026-04-18,LAD,away,808975,Hyeseong Kim,1,0,0,0,0,0,0,0,0,0
824372,2026-04-18,LAD,away,669289,Santiago Espinal,0,0,0,0,0,0,0,0,0,0
824372,2026-04-18,LAD,away,660271,Shohei Ohtani,4,1,1,0,0,0,0,0,0,0
824372,2026-04-18,LAD,away,606192,Teoscar Hernández,3,0,0,0,0,0,0,1,1,0
824372,2026-04-18,LAD,away,681624,Andy Pages,4,0,0,0,0,0,0,0,3,0
824372,2026-04-18,LAD,away,669743,Alex Call,0,0,0,0,0,0,0,0,0,0
824372,2026-04-18,LAD,away,500743,Miguel Rojas,3,0,0,0,0,0,0,0,0,0
824372,2026-04-18,LAD,away,690976,Alex Freeland,2,0,0,0,0,0,0,0,2,0
825098,2026-04-18,ARI,home,680728,Adrian Del Castillo,4,0,0,0,0,0,0,0,1,0
825098,2026-04-18,ARI,home,571448,Nolan Arenado,3,0,0,0,0,0,0,0,0,0
825098,2026-04-18,ARI,home,606466,Ketel Marte,3,1,0,0,0,0,0,1,0,0
825098,2026-04-18,ARI,home,545121,Ildemaro Vargas,3,1,1,0,0,0,0,0,0,0
825098,2026-04-18,ARI,home,672695,Geraldo Perdomo,4,0,3,0,0,0,1,0,1,0
825098,2026-04-18,ARI,home,699912,Jose Fernandez,3,1,1,0,0,0,0,0,0,0
825098,2026-04-18,ARI,home,682998,Corbin Carroll,3,2,1,0,0,1,4,1,0,1
825098,2026-04-18,ARI,home,666971,Lourdes Gurriel Jr.,4,0,0,0,0,0,0,0,1,0
825098,2026-04-18,ARI,home,678489,Jorge Barrosa,0,0,0,0,0,0,0,0,0,0
825098,2026-04-18,ARI,home,677950,Alek Thomas,3,1,2,1,0,0,1,0,0,0
825098,2026-04-18,TOR,away,676391,Ernie Clement,5,0,2,1,0,0,0,0,1,0
825098,2026-04-18,TOR,away,665926,Andrés Giménez,4,0,0,0,0,0,0,0,1,0
825098,2026-04-18,TOR,away,676914,Davis Schneider,0,0,0,0,0,0,0,0,0,0
825098,2026-04-18,TOR,away,664770,Nathan Lukes,5,1,3,0,0,0,0,0,0,0
825098,2026-04-18,TOR,away,623168,Tyler Heineman,4,0,0,0,0,0,0,0,1,0
825098,2026-04-18,TOR,away,665489,Vladimir Guerrero Jr.,4,0,1,0,0,0,0,0,1,0
825098,2026-04-18,TOR,away,660821,Jesús Sánchez,4,0,1,0,0,0,1,0,0,0
825098,2026-04-18,TOR,away,650391,Eloy Jiménez,4,1,2,0,0,0,0,0,1,0
825098,2026-04-18,TOR,away,664702,Myles Straw,3,0,1,0,0,0,0,0,0,0
825098,2026-04-18,TOR,away,672960,Kazuma Okamoto,4,0,2,0,0,0,1,0,2,0
824049,2026-04-18,LAA,home,624428,Adam Frazier,4,0,1,0,0,0,0,0,0,0
824049,2026-04-18,LAA,home,672724,Oswald Peraza,4,0,0,0,0,0,0,0,3,0
824049,2026-04-18,LAA,home,687263,Zach Neto,3,0,1,1,0,0,0,1,1,0
824049,2026-04-18,LAA,home,660162,Yoán Moncada,4,0,1,0,0,0,0,0,1,0
824049,2026-04-18,LAA,home,545361,Mike Trout,4,0,1,1,0,0,0,0,0,0
824049,2026-04-18,LAA,home,666176,Jo Adell,3,0,0,0,0,0,0,1,1,0
824049,2026-04-18,LAA,home,687093,Vaughn Grissom,1,0,0,0,0,0,0,1,0,0
824049,2026-04-18,LAA,home,694384,Nolan Schanuel,3,0,1,0,0,0,1,1,1,0
824049,2026-04-18,LAA,home,666139,Josh Lowe,2,0,0,0,0,0,0,0,1,0
824049,2026-04-18,LAA,home,669326,Bryce Teodosio,0,0,0,0,0,0,0,0,0,0
824049,2026-04-18,LAA,home,681351,Logan O'Hoppe,4,1,1,0,0,0,0,0,2,0
824049,2026-04-18,SD,away,666023,Freddy Fermin,2,2,1,0,0,0,0,2,1,0
824049,2026-04-18,SD,away,701538,Jackson Merrill,5,0,0,0,0,0,0,0,3,0
824049,2026-04-18,SD,away,657757,Gavin Sheets,2,0,0,0,0,0,0,0,0,0
824049,2026-04-18,SD,away,657656,Ramón Laureano,4,0,1,0,0,0,2,0,2,0
824049,2026-04-18,SD,away,592518,Manny Machado,4,0,0,0,0,0,0,0,1,0
824049,2026-04-18,SD,away,609280,Miguel Andujar,3,0,2,1,0,0,0,0,1,0
824049,2026-04-18,SD,away,665487,Fernando Tatis Jr.,4,0,2,0,0,0,2,1,1,1
824049,2026-04-18,SD,away,664034,Ty France,2,0,0,0,0,0,0,0,1,0
824049,2026-04-18,SD,away,669369,Bryce Johnson,1,1,1,0,0,0,0,0,0,1
824049,2026-04-18,SD,away,593428,Xander Bogaerts,4,0,1,0,0,0,0,0,0,0
824049,2026-04-18,SD,away,630105,Jake Cronenworth,1,1,1,0,0,0,0,2,0,0
822750,2026-04-19,WSH,home,691781,Brady House,4,0,1,0,0,0,0,0,1,0
822750,2026-04-19,WSH,home,682928,CJ Abrams,4,0,0,0,0,0,0,0,0,0
822750,2026-04-19,WSH,home,683083,Nasim Nuñez,3,1,1,0,0,0,0,0,0,1
822750,2026-04-19,WSH,home,686894,Joey Wiemer,3,0,1,1,0,0,0,0,2,0
822750,2026-04-19,WSH,home,678554,Curtis Mead,4,1,1,0,0,1,2,0,0,0
822750,2026-04-19,WSH,home,695578,James Wood,3,0,0,0,0,0,0,1,2,0
822750,2026-04-19,WSH,home,696285,Jacob Young,4,0,1,0,0,0,0,0,1,0
822750,2026-04-19,WSH,home,660688,Keibert Ruiz,3,1,2,1,0,0,1,0,0,0
822750,2026-04-19,WSH,home,671277,Luis García Jr.,3,0,0,0,0,0,0,0,2,0
822750,2026-04-19,SF,away,669477,Casey Schmitt,4,0,1,1,0,0,0,0,0,0
822750,2026-04-19,SF,away,666464,Jerar Encarnacion,1,0,0,0,0,0,0,0,1,0
822750,2026-04-19,SF,away,671218,Heliot Ramos,4,0,1,1,0,0,0,0,2,0
822750,2026-04-19,SF,away,656305,Matt Chapman,4,0,2,0,0,0,0,0,0,0
822750,2026-04-19,SF,away,672275,Patrick Bailey,2,0,1,0,0,0,0,1,0,0
822750,2026-04-19,SF,away,808982,Jung Hoo Lee,3,0,0,0,0,0,0,0,1,0
822750,2026-04-19,SF,away,687551,Drew Gilbert,4,0,2,0,0,0,0,0,0,0
822750,2026-04-19,SF,away,646240,Rafael Devers,4,0,2,0,0,0,0,0,1,0
822750,2026-04-19,SF,away,642715,Willy Adames,5,0,0,0,0,0,0,0,3,0
822750,2026-04-19,SF,away,650333,Luis Arraez,4,0,0,0,0,0,0,0,0,0
822750,2026-04-19,SF,away,691740,Daniel Susac,1,0,0,0,0,0,0,0,1,0
823393,2026-04-19,PIT,home,694377,Nick Yorke,4,1,1,0,0,1,1,0,0,0
823393,2026-04-19,PIT,home,687462,Spencer Horwitz,2,1,1,0,0,1,1,0,0,0
823393,2026-04-19,PIT,home,668804,Bryan Reynolds,4,0,2,0,0,0,3,0,1,0
823393,2026-04-19,PIT,home,663698,Joey Bart,4,1,1,1,0,0,0,0,0,0
823393,2026-04-19,PIT,home,665833,Oneil Cruz,3,0,0,0,0,0,0,1,3,0
823393,2026-04-19,PIT,home,663968,Jake Mangum,5,1,2,1,0,0,0,0,1,1
823393,2026-04-19,PIT,home,695257,Billy Cook,2,1,1,0,0,0,0,0,0,1
823393,2026-04-19,PIT,home,804606,Konnor Griffin,4,0,1,0,0,0,0,0,2,1
823393,2026-04-19,PIT,home,693304,Nick Gonzales,4,1,2,0,0,0,1,0,0,0
823393,2026-04-19,PIT,home,542303,Marcell Ozuna,4,0,1,1,0,0,0,0,2,0
823393,2026-04-19,TB,away,670764,Taylor Walls,3,0,0,0,0,0,0,0,0,0
823393,2026-04-19,TB,away,680700,Richie Palacios,3,1,1,1,0,0,0,0,2,0
823393,2026-04-19,TB,away,802415,Chandler Simpson,4,0,1,0,0,0,0,0,1,0
823393,2026-04-19,TB,away,676356,Jonny DeLuca,3,1,1,0,0,0,0,0,1,1
823393,2026-04-19,TB,away,676439,Hunter Feduccia,3,0,1,0,0,0,2,0,0,0
823393,2026-04-19,TB,away,666018,Jonathan Aranda,4,0,0,0,0,0,0,0,1,0
823393,2026-04-19,TB,away,650490,Yandy Díaz,4,0,0,0,0,0,0,0,1,0
823393,2026-04-19,TB,away,691406,Junior Caminero,4,1,1,0,0,1,1,0,0,0
823393,2026-04-19,TB,away,656775,Cedric Mullins,4,0,1,1,0,0,0,0,1,0
823556,2026-04-19,NYY,home,676609,José Caballero,4,0,1,0,0,0,0,0,0,0
823556,2026-04-19,NYY,home,642708,Amed Rosario,3,0,1,0,0,0,0,1,1,0
823556,2026-04-19,NYY,home,592450,Aaron Judge,5,1,1,0,0,1,2,0,3,0
823556,2026-04-19,NYY,home,641857,Ryan McMahon,3,0,0,0,0,0,0,1,2,0
823556,2026-04-19,NYY,home,502671,Paul Goldschmidt,4,1,0,0,0,0,0,1,1,0
823556,2026-04-19,NYY,home,669224,Austin Wells,1,0,0,0,0,0,1,2,0,0
823556,2026-04-19,NYY,home,700250,Ben Rice,3,2,1,0,0,1,1,2,1,0
823556,2026-04-19,NYY,home,641355,Cody Bellinger,3,2,1,1,0,0,0,2,0,0
823556,2026-04-19,NYY,home,663757,Trent Grisham,4,1,2,0,0,1,3,1,1,0
823556,2026-04-19,KC,away,686555,Isaac Collins,4,0,0,0,0,0,0,0,1,0
823556,2026-04-19,KC,away,521692,Salvador Perez,4,0,0,0,0,0,0,0,2,0
823556,2026-04-19,KC,away,686681,Michael Massey,3,0,0,0,0,0,0,0,1,0
823556,2026-04-19,KC,away,516782,Starling Marte,3,0,1,0,0,0,0,0,0,0
823556,2026-04-19,KC,away,686469,Vinnie Pasquantino,4,0,0,0,0,0,0,0,2,0
823556,2026-04-19,KC,away,553869,Elias Díaz,3,0,2,1,0,0,0,0,0,0
823556,2026-04-19,KC,away,672580,Maikel Garcia,4,0,0,0,0,0,0,0,2,0
823556,2026-04-19,KC,away,657041,Lane Thomas,3,0,1,0,0,0,0,1,0,0
823556,2026-04-19,KC,away,677951,Bobby Witt Jr.,3,0,2,1,0,0,0,1,1,0
824452,2026-04-19,CLE,home,595978,Austin Hedges,4,1,0,0,0,0,0,0,2,0
824452,2026-04-19,CLE,home,682177,Daniel Schneemann,2,1,0,0,0,0,0,2,1,0
824452,2026-04-19,CLE,home,677587,Brayan Rocchio,4,0,3,0,0,0,3,0,1,0
824452,2026-04-19,CLE,home,681807,David Fry,3,2,2,0,0,0,0,1,1,0
824452,2026-04-19,CLE,home,608070,José Ramírez,4,2,2,0,0,2,2,0,2,0
824452,2026-04-19,CLE,home,680757,Steven Kwan,4,0,0,0,0,0,1,0,1,0
824452,2026-04-19,CLE,home,682657,Angel Martínez,4,0,0,0,0,0,0,0,1,0
824452,2026-04-19,CLE,home,682877,Juan Brito,4,1,1,1,0,0,2,0,3,0
824452,2026-04-19,CLE,home,656555,Rhys Hoskins,3,1,0,0,0,0,0,1,0,0
824452,2026-04-19,BAL,away,669236,Jeremiah Jackson,3,0,1,0,0,0,0,1,1,1
824452,2026-04-19,BAL,away,642215,Weston Wilson,1,0,0,0,0,0,0,0,1,1
824452,2026-04-19,BAL,away,683002,Gunnar Henderson,4,0,0,0,0,0,0,1,1,0
824452,2026-04-19,BAL,away,665750,Leody Taveras,1,0,0,0,0,0,0,0,1,0
824452,2026-04-19,BAL,away,621493,Taylor Ward,5,1,2,0,0,1,3,0,0,0
824452,2026-04-19,BAL,away,687637,Dylan Beavers,2,0,0,0,0,0,1,0,1,0
824452,2026-04-19,BAL,away,677942,Blaze Alexander,3,0,0,0,0,0,0,0,0,0
824452,2026-04-19,BAL,away,671286,Johnathan Rodríguez,2,0,0,0,0,0,0,1,1,0
824452,2026-04-19,BAL,away,624413,Pete Alonso,4,1,1,0,0,0,0,0,1,0
824452,2026-04-19,BAL,away,669087,Sam Huff,4,1,1,0,0,0,0,0,3,0
824452,2026-04-19,BAL,away,681297,Colton Cowser,1,0,0,0,0,0,0,0,0,0
824452,2026-04-19,BAL,away,691723,Coby Mayo,3,1,0,0,0,0,0,1,2,0
823881,2026-04-19,MIA,home,805300,Jakob Marsee,3,1,0,0,0,0,0,2,2,0
823881,2026-04-19,MIA,home,691594,Javier Sanoja,2,0,1,0,0,0,2,0,0,0
823881,2026-04-19,MIA,home,669364,Xavier Edwards,4,1,1,0,0,0,0,1,2,0
823881,2026-04-19,MIA,home,669065,Kyle Stowers,3,0,2,1,0,0,0,0,1,0
823881,2026-04-19,MIA,home,688363,Graham Pauley,1,0,0,0,0,0,0,1,1,0
823881,2026-04-19,MIA,home,689414,Liam Hicks,3,1,2,1,0,0,1,1,0,0
823881,2026-04-19,MIA,home,683357,Owen Caissie,4,1,1,1,0,0,0,0,2,0
823881,2026-04-19,MIA,home,682663,Agustín Ramírez,4,0,0,0,0,0,0,0,1,0
823881,2026-04-19,MIA,home,681393,Connor Norby,4,0,0,0,0,0,0,0,4,0
823881,2026-04-19,MIA,home,672640,Otto Lopez,4,1,1,0,0,0,0,0,0,0
823881,2026-04-19,MIL,away,650859,Luis Rengifo,4,0,1,0,0,0,0,0,1,0
823881,2026-04-19,MIL,away,675659,Greg Jones,2,0,0,0,0,0,0,0,1,0
823881,2026-04-19,MIL,away,687401,Joey Ortiz,0,0,0,0,0,0,0,0,0,0
823881,2026-04-19,MIL,away,641343,Jake Bauers,3,0,0,0,0,0,0,0,1,0
823881,2026-04-19,MIL,away,686217,Sal Frelick,1,1,1,0,0,0,0,0,0,0
823881,2026-04-19,MIL,away,663604,Brandon Lockridge,4,0,1,1,0,0,0,0,3,0
823881,2026-04-19,MIL,away,669003,Garrett Mitchell,3,1,0,0,0,0,1,1,2,0
823881,2026-04-19,MIL,away,666152,David Hamilton,2,1,0,0,0,0,0,1,0,1
823881,2026-04-19,MIL,away,663368,Blake Perkins,2,0,0,0,0,0,0,0,0,0
823881,2026-04-19,MIL,away,661388,William Contreras,1,0,0,0,0,0,0,0,0,0
823881,2026-04-19,MIL,away,668930,Brice Turang,3,0,1,0,0,0,0,1,1,0
823881,2026-04-19,MIL,away,682641,Luis Matos,2,0,0,0,0,0,0,0,1,0
823881,2026-04-19,MIL,away,596142,Gary Sánchez,4,0,1,0,0,0,2,0,0,0
824205,2026-04-19,HOU,home,694376,Shay Whitcomb,2,0,0,0,0,0,0,0,1,0
824205,2026-04-19,HOU,home,670623,Isaac Paredes,4,0,1,0,0,0,2,0,1,0
824205,2026-04-19,HOU,home,701358,Cam Smith,4,0,0,0,0,0,0,0,1,0
824205,2026-04-19,HOU,home,687957,Dustin Harris,2,0,0,0,0,0,0,0,0,0
824205,2026-04-19,HOU,home,694728,Brice Matthews,0,0,0,0,0,0,0,0,0,0
824205,2026-04-19,HOU,home,514888,Jose Altuve,5,1,3,0,0,0,1,0,0,0
824205,2026-04-19,HOU,home,666211,Taylor Trammell,4,2,2,0,1,0,0,0,1,0
824205,2026-04-19,HOU,home,621043,Carlos Correa,3,0,0,0,0,0,1,1,0,0
824205,2026-04-19,HOU,home,572233,Christian Walker,3,1,0,0,0,0,0,2,1,0
824205,2026-04-19,HOU,home,673237,Yainer Diaz,4,0,1,1,0,0,0,0,1,0
824205,2026-04-19,HOU,home,670541,Yordan Alvarez,5,1,1,0,0,1,1,0,0,0
824205,2026-04-19,STL,away,669357,Nolan Gorman,4,0,0,0,0,0,0,0,1,0
824205,2026-04-19,STL,away,691023,Jordan Walker,5,1,1,1,0,0,0,0,2,0
824205,2026-04-19,STL,away,701675,Nathan Church,2,1,0,0,0,0,0,1,1,0
824205,2026-04-19,STL,away,687363,Victor Scott II,2,1,0,0,0,0,1,1,0,0
824205,2026-04-19,STL,away,665877,José Fermín,2,0,1,1,0,0,0,0,0,0
824205,2026-04-19,STL,away,802139,JJ Wetherholt,4,0,1,0,0,0,2,0,2,0
824205,2026-04-19,STL,away,676475,Alec Burleson,5,0,0,0,0,0,0,0,2,0
824205,2026-04-19,STL,away,695336,Thomas Saggese,0,0,0,0,0,0,0,0,0,0
824205,2026-04-19,STL,away,650968,Yohel Pozo,1,0,0,0,0,0,0,0,0,0
824205,2026-04-19,STL,away,686780,Pedro Pagés,4,1,1,0,0,0,0,1,1,0
824205,2026-04-19,STL,away,602104,Ramón Urías,0,1,0,0,0,0,0,0,0,0
824205,2026-04-19,STL,away,691026,Masyn Winn,5,1,3,1,0,0,3,0,2,0
824205,2026-04-19,STL,away,671056,Iván Herrera,5,1,1,0,0,0,1,0,2,0
823718,2026-04-19,MIN,home,605170,Victor Caratini,4,0,2,0,0,0,2,0,0,0
823718,2026-04-19,MIN,home,665019,Kody Clemens,5,0,1,0,0,0,0,0,1,0
823718,2026-04-19,MIN,home,686797,Brooks Lee,4,0,0,0,0,0,0,1,1,0
823718,2026-04-19,MIN,home,668885,Austin Martin,1,0,1,1,0,0,1,0,0,0
823718,2026-04-19,MIN,home,656484,Tristan Gray,4,0,0,0,0,0,0,0,2,0
823718,2026-04-19,MIN,home,605137,Josh Bell,5,0,1,0,0,0,1,0,0,0
823718,2026-04-19,MIN,home,680777,Ryan Jeffers,0,0,0,0,0,0,0,1,0,0
823718,2026-04-19,MIN,home,681546,James Outman,4,1,2,1,0,0,0,0,0,0
823718,2026-04-19,MIN,home,663616,Trevor Larnach,1,1,1,0,0,0,0,3,0,0
823718,2026-04-19,MIN,home,621439,Byron Buxton,4,2,1,0,0,0,0,1,1,0
823718,2026-04-19,MIN,home,807712,Luke Keaschall,5,0,0,0,0,0,0,0,0,0
823718,2026-04-19,CIN,away,682829,Elly De La Cruz,5,2,1,1,0,0,0,0,1,0
823718,2026-04-19,CIN,away,701398,Sal Stewart,5,0,0,0,0,0,1,0,1,0
823718,2026-04-19,CIN,away,667472,Dane Myers,2,1,0,0,0,0,0,1,1,0
823718,2026-04-19,CIN,away,663993,Nathaniel Lowe,0,0,0,0,0,0,0,0,0,0
823718,2026-04-19,CIN,away,680574,Matt McLain,4,0,1,0,0,0,0,1,1,0
823718,2026-04-19,CIN,away,663647,Ke'Bryan Hayes,2,0,0,0,0,0,0,0,1,0
823718,2026-04-19,CIN,away,666181,Will Benson,0,2,0,0,0,0,0,1,0,0
823718,2026-04-19,CIN,away,670770,TJ Friedl,5,0,2,1,0,0,3,0,1,1
823718,2026-04-19,CIN,away,664731,P.J. Higgins,0,0,0,0,0,0,0,0,0,0
823718,2026-04-19,CIN,away,668715,Spencer Steer,4,1,1,0,0,0,0,1,3,0
823718,2026-04-19,CIN,away,553993,Eugenio Suárez,4,1,0,0,0,0,0,1,2,0
823718,2026-04-19,CIN,away,663886,Tyler Stephenson,3,0,1,0,0,0,0,1,1,0
823718,2026-04-19,CIN,away,677956,Rece Hinds,4,0,1,1,0,0,2,1,2,0
824691,2026-04-19,CHC,home,624424,Michael Conforto,1,0,1,1,0,0,1,0,0,0
824691,2026-04-19,CHC,home,664023,Ian Happ,3,0,2,0,0,0,0,1,0,0
824691,2026-04-19,CHC,home,664068,Scott Kingery,0,1,0,0,0,0,0,0,0,0
824691,2026-04-19,CHC,home,573204,Caleb Thielbar,0,0,0,0,0,0,0,0,0,0
824691,2026-04-19,CHC,home,608324,Alex Bregman,3,0,1,0,0,0,0,1,0,0
824691,2026-04-19,CHC,home,683737,Michael Busch,4,0,0,0,0,0,0,0,1,0
824691,2026-04-19,CHC,home,608348,Carson Kelly,4,0,0,0,0,0,0,0,3,0
824691,2026-04-19,CHC,home,691718,Pete Crow-Armstrong,3,1,1,0,1,0,0,0,1,0
824691,2026-04-19,CHC,home,694208,Moisés Ballesteros,2,0,0,0,0,0,0,0,0,0
824691,2026-04-19,CHC,home,673548,Seiya Suzuki,4,0,0,0,0,0,0,0,2,0
824691,2026-04-19,CHC,home,621020,Dansby Swanson,4,0,0,0,0,0,0,0,1,0
824691,2026-04-19,CHC,home,663538,Nico Hoerner,3,0,1,0,0,0,1,1,0,1
824691,2026-04-19,CHC,home,807713,Matt Shaw,1,0,1,0,0,0,0,0,0,0
824691,2026-04-19,NYM,away,620443,Luis Torrens,4,0,1,1,0,0,0,0,1,0
824691,2026-04-19,NYM,away,666182,Bo Bichette,4,0,0,0,0,0,0,0,1,0
824691,2026-04-19,NYM,away,621438,Tyrone Taylor,2,0,0,0,0,0,0,0,1,0
824691,2026-04-19,NYM,away,682626,Francisco Alvarez,1,0,0,0,0,0,0,0,1,0
824691,2026-04-19,NYM,away,668901,Mark Vientos,4,0,0,0,0,0,0,0,0,0
824691,2026-04-19,NYM,away,683146,Brett Baty,2,0,1,0,0,0,0,0,0,0
824691,2026-04-19,NYM,away,701807,Carson Benge,3,0,0,0,0,0,0,0,1,0
824691,2026-04-19,NYM,away,502054,Tommy Pham,0,0,0,0,0,0,0,0,0,0
824691,2026-04-19,NYM,away,543760,Marcus Semien,3,0,2,0,0,0,0,0,0,1
824691,2026-04-19,NYM,away,669004,MJ Melendez,4,1,1,0,0,1,1,0,3,0
824691,2026-04-19,NYM,away,596019,Francisco Lindor,4,0,0,0,0,0,0,0,1,0
824691,2026-04-19,NYM,away,673357,Luis Robert Jr.,4,0,1,0,0,0,0,0,0,0
824371,2026-04-19,COL,home,666160,Mickey Moniak,5,2,2,0,0,1,3,0,0,0
824371,2026-04-19,COL,home,664983,Jake McCarthy,3,1,1,1,0,0,0,0,0,0
824371,2026-04-19,COL,home,687859,Troy Johnston,3,0,2,1,0,0,0,1,0,0
824371,2026-04-19,COL,home,650489,Willi Castro,4,1,1,0,0,0,0,0,1,1
824371,2026-04-19,COL,home,671289,Tyler Freeman,4,0,1,0,0,0,1,1,1,0
824371,2026-04-19,COL,home,666397,Edouard Julien,5,1,3,1,0,0,3,0,0,0
824371,2026-04-19,COL,home,696100,Hunter Goodman,4,1,1,1,0,0,0,0,2,0
824371,2026-04-19,COL,home,686668,Brenton Doyle,1,1,1,0,0,0,0,0,0,0
824371,2026-04-19,COL,home,678662,Ezequiel Tovar,1,0,0,0,0,0,0,0,1,0
824371,2026-04-19,COL,home,681198,TJ Rumfield,3,0,1,0,0,0,1,0,0,0
824371,2026-04-19,COL,home,691720,Kyle Karros,3,2,2,0,0,1,1,1,0,0
824371,2026-04-19,LAD,away,669257,Will Smith,5,1,1,0,0,0,1,0,1,0
824371,2026-04-19,LAD,away,687221,Dalton Rushing,1,0,0,0,0,0,1,0,0,0
824371,2026-04-19,LAD,away,663656,Kyle Tucker,5,0,1,0,0,0,0,0,1,0
824371,2026-04-19,LAD,away,669899,Ryan Ward,5,0,2,0,0,0,1,0,0,0
824371,2026-04-19,LAD,away,571970,Max Muncy,5,0,3,0,0,0,0,0,0,0
824371,2026-04-19,LAD,away,808975,Hyeseong Kim,4,1,2,1,0,0,0,0,0,0
824371,2026-04-19,LAD,away,660271,Shohei Ohtani,5,1,2,2,0,0,1,0,2,0
824371,2026-04-19,LAD,away,681624,Andy Pages,4,1,1,0,0,0,0,1,1,0
824371,2026-04-19,LAD,away,669743,Alex Call,3,1,1,0,0,0,0,1,1,0
824371,2026-04-19,LAD,away,690976,Alex Freeland,4,1,2,0,0,0,2,0,1,0
825018,2026-04-19,OAK,home,671732,Lawrence Butler,2,0,0,0,0,0,0,0,1,0
825018,2026-04-19,OAK,home,680869,Zack Gelof,3,1,1,1,0,0,2,0,0,0
825018,2026-04-19,OAK,home,643446,Jeff McNeil,0,0,0,0,0,0,0,0,0,0
825018,2026-04-19,OAK,home,666126,Carlos Cortes,2,0,1,1,0,0,0,0,0,0
825018,2026-04-19,OAK,home,691777,Max Muncy,4,0,0,0,0,0,0,0,1,0
825018,2026-04-19,OAK,home,672016,Denzel Clarke,2,0,0,0,0,0,0,0,2,0
825018,2026-04-19,OAK,home,691016,Tyler Soderstrom,4,1,1,1,0,0,0,0,2,0
825018,2026-04-19,OAK,home,687231,Darell Hernaiz,2,2,1,0,0,1,1,2,0,0
825018,2026-04-19,OAK,home,701762,Nick Kurtz,3,0,0,0,0,0,0,1,2,0
825018,2026-04-19,OAK,home,669127,Shea Langeliers,4,0,0,0,0,0,0,0,2,0
825018,2026-04-19,OAK,home,628451,Andy Ibáñez,2,0,0,0,0,0,0,0,0,0
825018,2026-04-19,OAK,home,805779,Jacob Wilson,5,0,1,0,0,0,0,0,1,0
825018,2026-04-19,CWS,away,671976,Tristan Peters,0,0,0,0,0,0,0,0,0,0
825018,2026-04-19,CWS,away,695020,Tanner Murray,3,0,0,0,0,0,0,0,1,0
825018,2026-04-19,CWS,away,682668,Luisangel Acuña,3,0,0,0,0,0,0,0,1,0
825018,2026-04-19,CWS,away,808959,Munetaka Murakami,5,1,1,0,0,1,2,0,2,0
825018,2026-04-19,CWS,away,805367,Chase Meidroth,5,2,2,1,0,0,0,0,1,0
825018,2026-04-19,CWS,away,695657,Colson Montgomery,3,1,1,0,0,1,1,1,1,0
825018,2026-04-19,CWS,away,700337,Edgar Quero,4,0,0,0,0,0,1,0,1,0
825018,2026-04-19,CWS,away,643217,Andrew Benintendi,1,0,0,0,0,0,0,0,1,0
825018,2026-04-19,CWS,away,677592,Everson Pereira,4,0,2,1,0,0,0,0,1,0
825018,2026-04-19,CWS,away,803011,Sam Antonacci,1,0,1,0,0,0,0,0,0,0
825018,2026-04-19,CWS,away,656537,Derek Hill,4,1,1,0,0,1,1,0,2,0
825018,2026-04-19,CWS,away,678246,Miguel Vargas,3,2,2,0,0,1,2,2,0,0
824047,2026-04-19,LAA,home,624428,Adam Frazier,2,0,0,0,0,0,0,0,2,0
824047,2026-04-19,LAA,home,672724,Oswald Peraza,2,1,1,1,0,0,0,0,0,0
824047,2026-04-19,LAA,home,687263,Zach Neto,2,0,0,0,0,0,1,2,1,1
824047,2026-04-19,LAA,home,624585,Jorge Soler,4,0,1,0,0,0,0,0,3,0
824047,2026-04-19,LAA,home,660162,Yoán Moncada,3,0,0,0,0,0,0,1,1,0
824047,2026-04-19,LAA,home,518595,Travis d'Arnaud,1,0,0,0,0,0,0,0,1,0
824047,2026-04-19,LAA,home,545361,Mike Trout,1,0,0,0,0,0,0,3,0,0
824047,2026-04-19,LAA,home,666176,Jo Adell,4,0,0,0,0,0,0,0,1,0
824047,2026-04-19,LAA,home,687093,Vaughn Grissom,1,0,0,0,0,0,0,0,1,0
824047,2026-04-19,LAA,home,694384,Nolan Schanuel,3,0,0,0,0,0,0,1,0,0
824047,2026-04-19,LAA,home,666139,Josh Lowe,2,0,0,0,0,0,0,0,0,0
824047,2026-04-19,LAA,home,669326,Bryce Teodosio,0,0,0,0,0,0,0,0,0,0
824047,2026-04-19,LAA,home,681351,Logan O'Hoppe,1,0,0,0,0,0,0,0,1,0
824047,2026-04-19,SD,away,669134,Luis Campusano,2,0,0,0,0,0,0,0,2,0
824047,2026-04-19,SD,away,666023,Freddy Fermin,0,0,0,0,0,0,0,0,0,0
824047,2026-04-19,SD,away,701538,Jackson Merrill,4,0,0,0,0,0,0,0,2,0
824047,2026-04-19,SD,away,657757,Gavin Sheets,3,0,1,0,0,0,0,1,0,0
824047,2026-04-19,SD,away,657656,Ramón Laureano,4,0,0,0,0,0,0,0,3,0
824047,2026-04-19,SD,away,592518,Manny Machado,4,0,0,0,0,0,0,0,1,0
824047,2026-04-19,SD,away,609280,Miguel Andujar,4,0,0,0,0,0,0,0,0,0
824047,2026-04-19,SD,away,665487,Fernando Tatis Jr.,4,1,1,0,0,0,0,0,1,1
824047,2026-04-19,SD,away,664034,Ty France,0,0,0,0,0,0,0,0,0,0
824047,2026-04-19,SD,away,669369,Bryce Johnson,3,0,2,1,0,0,1,0,0,1
824047,2026-04-19,SD,away,593428,Xander Bogaerts,2,1,1,0,0,0,1,2,1,0
824047,2026-04-19,SD,away,630105,Jake Cronenworth,1,0,0,0,0,0,0,0,1,0
823150,2026-04-19,SEA,home,702284,Cole Young,4,0,1,0,0,0,0,0,1,0
823150,2026-04-19,SEA,home,668227,Randy Arozarena,4,1,2,1,0,1,2,0,1,0
823150,2026-04-19,SEA,home,641487,J.P. Crawford,3,1,1,0,0,1,2,1,1,0
823150,2026-04-19,SEA,home,663728,Cal Raleigh,4,0,1,0,0,0,0,0,1,0
823150,2026-04-19,SEA,home,608701,Rob Refsnyder,4,1,1,0,0,1,1,0,0,0
823150,2026-04-19,SEA,home,656582,Connor Joe,3,0,1,0,0,0,0,1,1,1
823150,2026-04-19,SEA,home,641598,Mitch Garver,3,1,0,0,0,0,0,1,1,0
823150,2026-04-19,SEA,home,677594,Julio Rodríguez,3,1,1,0,0,0,0,1,0,0
823150,2026-04-19,SEA,home,660844,Leo Rivas,3,0,0,0,0,0,0,0,1,0
823150,2026-04-19,SEA,home,670042,Luke Raley,1,0,0,0,0,0,0,0,0,0
823150,2026-04-19,TEX,away,694497,Evan Carter,4,0,1,1,0,0,1,0,0,0
823150,2026-04-19,TEX,away,694671,Wyatt Langford,4,1,1,0,0,0,0,0,1,0
823150,2026-04-19,TEX,away,669394,Jake Burger,4,0,0,0,0,0,0,0,3,0
823150,2026-04-19,TEX,away,592626,Joc Pederson,3,0,0,0,0,0,0,0,1,0
823150,2026-04-19,TEX,away,608369,Corey Seager,3,1,0,0,0,0,0,1,2,0
823150,2026-04-19,TEX,away,673962,Josh Jung,3,0,0,0,0,0,1,0,2,0
823150,2026-04-19,TEX,away,543309,Kyle Higashioka,0,0,0,0,0,0,0,0,0,0
823150,2026-04-19,TEX,away,607043,Brandon Nimmo,4,0,2,1,0,0,0,0,0,0
823150,2026-04-19,TEX,away,669701,Josh Smith,3,0,1,0,0,0,0,0,0,0
823150,2026-04-19,TEX,away,643376,Danny Jansen,2,0,0,0,0,0,0,0,1,0
823150,2026-04-19,TEX,away,664059,Sam Haggerty,1,0,0,0,0,0,0,0,1,0
825100,2026-04-19,ARI,home,694374,Tim Tawa,1,0,1,0,0,0,0,0,0,0
825100,2026-04-19,ARI,home,680728,Adrian Del Castillo,3,1,2,1,0,0,1,1,0,0
825100,2026-04-19,ARI,home,571448,Nolan Arenado,3,0,0,0,0,0,0,0,1,0
825100,2026-04-19,ARI,home,606466,Ketel Marte,4,1,1,0,0,0,0,0,0,0
825100,2026-04-19,ARI,home,545121,Ildemaro Vargas,4,0,1,0,0,0,0,0,1,0
825100,2026-04-19,ARI,home,699912,Jose Fernandez,4,0,1,0,0,0,0,0,1,0
825100,2026-04-19,ARI,home,682998,Corbin Carroll,2,0,0,0,0,0,0,0,1,0
825100,2026-04-19,ARI,home,666971,Lourdes Gurriel Jr.,4,1,1,0,0,0,0,0,0,0
825100,2026-04-19,ARI,home,605244,Aramis Garcia,0,0,0,0,0,0,0,0,0,0
825100,2026-04-19,ARI,home,543510,James McCann,4,0,1,0,0,0,1,0,1,0
825100,2026-04-19,ARI,home,678489,Jorge Barrosa,2,1,1,0,0,1,2,0,0,0
825100,2026-04-19,ARI,home,677950,Alek Thomas,4,0,1,1,0,0,0,0,0,0
825100,2026-04-19,TOR,away,676391,Ernie Clement,5,1,2,2,0,0,0,0,0,0
825100,2026-04-19,TOR,away,665926,Andrés Giménez,4,1,1,0,0,0,1,0,0,0
825100,2026-04-19,TOR,away,678218,Brandon Valenzuela,4,0,1,0,0,0,0,0,2,0
825100,2026-04-19,TOR,away,664770,Nathan Lukes,5,1,3,2,0,0,3,0,0,0
825100,2026-04-19,TOR,away,665489,Vladimir Guerrero Jr.,5,2,3,1,0,0,2,0,1,0
825100,2026-04-19,TOR,away,660821,Jesús Sánchez,4,1,1,0,0,0,0,1,0,0
825100,2026-04-19,TOR,away,650391,Eloy Jiménez,4,1,1,0,0,0,1,1,1,0
825100,2026-04-19,TOR,away,664702,Myles Straw,3,1,0,0,0,0,0,1,1,0
825100,2026-04-19,TOR,away,672960,Kazuma Okamoto,4,2,2,1,0,1,3,1,2,0
824777,2026-04-19,BOS,home,701350,Roman Anthony,3,0,0,0,0,0,0,1,1,0
824777,2026-04-19,BOS,home,575929,Willson Contreras,4,1,1,0,0,1,1,0,1,0
824777,2026-04-19,BOS,home,596115,Trevor Story,3,0,1,0,0,0,0,1,2,1
824777,2026-04-19,BOS,home,677800,Wilyer Abreu,3,1,1,0,0,0,0,1,0,0
824777,2026-04-19,BOS,home,655316,Andruw Monasterio,4,0,0,0,0,0,0,0,2,0
824777,2026-04-19,BOS,home,643396,Isiah Kiner-Falefa,2,0,0,0,0,0,0,0,1,0
824777,2026-04-19,BOS,home,702332,Caleb Durbin,4,0,1,1,0,0,1,0,0,0
824777,2026-04-19,BOS,home,665966,Carlos Narváez,3,0,1,1,0,0,0,0,0,0
824777,2026-04-19,BOS,home,678882,Ceddanne Rafaela,4,0,1,1,0,0,0,0,3,0
824777,2026-04-19,BOS,home,807799,Masataka Yoshida,1,0,0,0,0,0,0,0,0,0
824777,2026-04-19,BOS,home,691785,Marcelo Mayer,1,0,0,0,0,0,0,0,0,0
824777,2026-04-19,DET,away,701678,Hao-Yu  Lee,4,0,0,0,0,0,0,0,2,0
824777,2026-04-19,DET,away,663330,Jahmai Jones,3,1,1,0,0,1,1,0,0,0
824777,2026-04-19,DET,away,682985,Riley Greene,4,0,1,0,0,0,0,0,2,0
824777,2026-04-19,DET,away,595879,Javier Báez,4,1,2,0,0,0,0,0,1,0
824777,2026-04-19,DET,away,681481,Kerry Carpenter,1,0,1,0,0,0,0,1,0,0
824777,2026-04-19,DET,away,679529,Spencer Torkelson,3,0,0,0,0,0,0,1,1,0
824777,2026-04-19,DET,away,650402,Gleyber Torres,4,1,1,0,0,0,1,1,1,0
824777,2026-04-19,DET,away,663837,Matt Vierling,5,2,2,1,0,0,0,0,0,0
824777,2026-04-19,DET,away,693307,Dillon Dingler,5,1,4,1,0,1,4,0,0,0
824777,2026-04-19,DET,away,672761,Wenceel Pérez,4,0,0,0,0,0,0,0,1,0
823475,2026-04-19,PHI,home,669016,Brandon Marsh,4,0,0,0,0,0,0,0,1,0
823475,2026-04-19,PHI,home,702222,Justin Crawford,3,0,1,0,0,0,0,1,0,0
823475,2026-04-19,PHI,home,547180,Bryce Harper,3,0,1,0,0,0,0,1,0,0
823475,2026-04-19,PHI,home,664761,Alec Bohm,3,0,0,0,0,0,0,0,0,0
823475,2026-04-19,PHI,home,681082,Bryson Stott,4,0,1,1,0,0,0,0,0,0
823475,2026-04-19,PHI,home,656941,Kyle Schwarber,4,1,2,1,0,1,2,1,0,0
823475,2026-04-19,PHI,home,665561,Rafael Marchán,4,0,0,0,0,0,0,0,2,0
823475,2026-04-19,PHI,home,666969,Adolis García,3,0,0,0,0,0,0,1,3,0
823475,2026-04-19,PHI,home,607208,Trea Turner,5,1,1,0,0,0,0,0,1,0
823475,2026-04-19,ATL,away,671739,Michael Harris II,3,2,3,0,0,1,1,1,0,0
823475,2026-04-19,ATL,away,643289,Mauricio Dubón,4,0,0,0,0,0,0,0,2,0
823475,2026-04-19,ATL,away,686948,Drake Baldwin,4,0,0,0,0,0,0,1,1,0
823475,2026-04-19,ATL,away,621566,Matt Olson,5,1,0,0,0,0,1,0,2,0
823475,2026-04-19,ATL,away,642086,Dominic Smith,4,0,1,0,0,0,0,0,1,0
823475,2026-04-19,ATL,away,660670,Ronald Acuña Jr.,4,1,1,0,0,0,0,1,1,0
823475,2026-04-19,ATL,away,642201,Eli White,1,0,0,0,0,0,0,0,0,0
823475,2026-04-19,ATL,away,645277,Ozzie Albies,3,0,1,1,0,0,1,1,1,0
823475,2026-04-19,ATL,away,663586,Austin Riley,4,0,1,0,0,0,1,0,0,0
823475,2026-04-19,ATL,away,573262,Mike Yastrzemski,3,0,1,1,0,0,0,0,1,0
824776,2026-04-20,BOS,home,701350,Roman Anthony,2,0,1,0,0,0,1,3,1,1
824776,2026-04-20,BOS,home,575929,Willson Contreras,5,0,1,0,0,0,0,0,1,0
824776,2026-04-20,BOS,home,596115,Trevor Story,4,2,1,1,0,0,0,1,2,0
824776,2026-04-20,BOS,home,677800,Wilyer Abreu,4,0,0,0,0,0,1,1,1,0
824776,2026-04-20,BOS,home,643396,Isiah Kiner-Falefa,2,0,1,0,0,0,2,0,1,1
824776,2026-04-20,BOS,home,702332,Caleb Durbin,4,1,2,1,0,0,0,1,0,0
824776,2026-04-20,BOS,home,665966,Carlos Narváez,3,1,2,1,0,0,1,1,0,1
824776,2026-04-20,BOS,home,680776,Jarren Duran,3,0,0,0,0,0,0,0,1,0
824776,2026-04-20,BOS,home,678882,Ceddanne Rafaela,2,1,1,0,0,0,2,0,0,0
824776,2026-04-20,BOS,home,807799,Masataka Yoshida,4,2,2,0,0,0,0,1,0,0
824776,2026-04-20,BOS,home,691785,Marcelo Mayer,3,1,1,0,0,0,0,0,0,0
824776,2026-04-20,DET,away,701678,Hao-Yu  Lee,4,1,2,1,0,0,1,0,1,0
824776,2026-04-20,DET,away,663330,Jahmai Jones,1,0,1,0,0,0,1,0,0,0
824776,2026-04-20,DET,away,682985,Riley Greene,3,1,2,1,0,0,2,2,0,0
824776,2026-04-20,DET,away,805808,Kevin McGonigle,5,1,2,1,0,0,0,0,1,0
824776,2026-04-20,DET,away,681481,Kerry Carpenter,1,0,0,0,0,0,0,0,1,0
824776,2026-04-20,DET,away,679529,Spencer Torkelson,1,0,0,0,0,0,0,0,1,0
824776,2026-04-20,DET,away,650402,Gleyber Torres,4,1,1,0,0,0,1,1,0,0
824776,2026-04-20,DET,away,668670,Jake Rogers,4,0,1,0,0,0,1,0,1,1
824776,2026-04-20,DET,away,663837,Matt Vierling,4,1,1,1,0,0,0,0,2,0
824776,2026-04-20,DET,away,693307,Dillon Dingler,4,1,0,0,0,0,0,1,0,0
824776,2026-04-20,DET,away,690993,Colt Keith,4,0,0,0,0,0,0,0,0,0
824776,2026-04-20,DET,away,672761,Wenceel Pérez,1,0,0,0,0,0,0,0,0,0
824450,2026-04-20,CLE,home,671655,George Valera,3,0,1,0,0,0,1,1,0,0
824450,2026-04-20,CLE,home,800050,Chase DeLauter,4,0,0,0,0,0,0,1,0,0
824450,2026-04-20,CLE,home,677587,Brayan Rocchio,3,0,3,1,0,0,0,1,0,1
824450,2026-04-20,CLE,home,666310,Bo Naylor,4,0,0,0,0,0,0,0,1,0
824450,2026-04-20,CLE,home,608070,José Ramírez,4,2,1,1,0,0,0,1,1,0
824450,2026-04-20,CLE,home,680757,Steven Kwan,4,0,0,0,0,0,0,1,0,0
824450,2026-04-20,CLE,home,682877,Juan Brito,3,0,0,0,0,0,0,0,0,0
824450,2026-04-20,CLE,home,700932,Kyle Manzardo,5,0,1,0,0,0,0,0,3,0
824450,2026-04-20,CLE,home,656555,Rhys Hoskins,4,0,2,0,0,0,1,1,1,0
824450,2026-04-20,HOU,away,670623,Isaac Paredes,5,2,3,0,0,2,2,0,0,0
824450,2026-04-20,HOU,away,701358,Cam Smith,2,1,0,0,0,0,1,0,1,1
824450,2026-04-20,HOU,away,687957,Dustin Harris,3,1,0,0,0,0,0,1,0,0
824450,2026-04-20,HOU,away,694728,Brice Matthews,3,1,1,1,0,0,1,1,0,1
824450,2026-04-20,HOU,away,514888,Jose Altuve,5,0,0,0,0,0,0,0,0,0
824450,2026-04-20,HOU,away,666211,Taylor Trammell,1,0,1,0,0,0,0,1,0,0
824450,2026-04-20,HOU,away,621043,Carlos Correa,5,1,3,0,0,0,2,0,2,0
824450,2026-04-20,HOU,away,572233,Christian Walker,5,3,3,1,0,1,2,0,1,0
824450,2026-04-20,HOU,away,673237,Yainer Diaz,4,0,1,0,0,0,1,0,0,0
824450,2026-04-20,HOU,away,670541,Yordan Alvarez,5,0,1,0,0,0,0,0,0,0
822994,2026-04-20,TB,home,670764,Taylor Walls,3,0,0,0,0,0,0,1,1,0
822994,2026-04-20,TB,home,680700,Richie Palacios,4,0,1,0,0,0,0,0,0,0
822994,2026-04-20,TB,home,641584,Jake Fraley,3,0,1,1,0,0,0,1,1,0
822994,2026-04-20,TB,home,802415,Chandler Simpson,5,1,2,0,0,0,0,0,0,0
822994,2026-04-20,TB,home,666018,Jonathan Aranda,2,0,1,0,0,0,0,2,0,0
822994,2026-04-20,TB,home,663743,Nick Fortes,4,0,0,0,0,0,0,0,2,0
822994,2026-04-20,TB,home,650490,Yandy Díaz,3,0,0,0,0,0,1,1,0,0
822994,2026-04-20,TB,home,691406,Junior Caminero,4,0,1,0,0,0,0,0,0,0
822994,2026-04-20,TB,home,656775,Cedric Mullins,4,0,0,0,0,0,0,0,1,0
822994,2026-04-20,CIN,away,682829,Elly De La Cruz,4,0,1,0,0,0,1,0,0,0
822994,2026-04-20,CIN,away,667472,Dane Myers,0,0,0,0,0,0,0,0,0,0
822994,2026-04-20,CIN,away,701398,Sal Stewart,4,2,2,1,0,1,2,0,1,1
822994,2026-04-20,CIN,away,680574,Matt McLain,5,1,2,1,0,0,0,0,2,0
822994,2026-04-20,CIN,away,663647,Ke'Bryan Hayes,4,0,1,0,0,0,0,0,1,0
822994,2026-04-20,CIN,away,670770,TJ Friedl,5,1,1,1,0,0,0,0,0,0
822994,2026-04-20,CIN,away,668715,Spencer Steer,3,1,1,1,0,0,0,0,1,0
822994,2026-04-20,CIN,away,663886,Tyler Stephenson,4,0,0,0,0,0,0,0,0,0
822994,2026-04-20,CIN,away,553993,Eugenio Suárez,4,1,1,0,0,0,0,0,2,0
822994,2026-04-20,CIN,away,677956,Rece Hinds,4,0,1,1,0,0,2,0,1,0
823879,2026-04-20,MIA,home,805300,Jakob Marsee,3,0,0,0,0,0,0,1,1,0
823879,2026-04-20,MIA,home,669364,Xavier Edwards,2,0,1,1,0,0,1,2,0,0
823879,2026-04-20,MIA,home,669065,Kyle Stowers,3,2,1,0,0,0,0,1,0,0
823879,2026-04-20,MIA,home,688363,Graham Pauley,3,0,0,0,0,0,0,0,0,0
823879,2026-04-20,MIA,home,689414,Liam Hicks,4,0,2,0,0,0,2,0,0,0
823879,2026-04-20,MIA,home,683357,Owen Caissie,4,0,0,0,0,0,0,0,1,0
823879,2026-04-20,MIA,home,682663,Agustín Ramírez,4,1,1,0,0,1,1,0,1,0
823879,2026-04-20,MIA,home,681393,Connor Norby,2,0,0,0,0,0,0,1,1,0
823879,2026-04-20,MIA,home,672640,Otto Lopez,3,2,1,1,0,0,1,1,0,1
823879,2026-04-20,STL,away,669357,Nolan Gorman,3,0,0,0,0,0,0,1,1,0
823879,2026-04-20,STL,away,691023,Jordan Walker,3,2,1,0,0,0,0,1,2,1
823879,2026-04-20,STL,away,687363,Victor Scott II,2,0,0,0,0,0,0,0,1,0
823879,2026-04-20,STL,away,665877,José Fermín,2,0,0,0,0,0,0,0,1,0
823879,2026-04-20,STL,away,802139,JJ Wetherholt,3,0,0,0,0,0,0,0,2,0
823879,2026-04-20,STL,away,676475,Alec Burleson,4,0,0,0,0,0,0,0,1,0
823879,2026-04-20,STL,away,695336,Thomas Saggese,4,0,0,0,0,0,0,0,2,0
823879,2026-04-20,STL,away,602104,Ramón Urías,3,0,1,0,0,0,1,0,2,0
823879,2026-04-20,STL,away,691026,Masyn Winn,3,1,2,0,1,0,1,0,1,1
823879,2026-04-20,STL,away,671056,Iván Herrera,3,0,1,0,0,0,0,0,0,0
822749,2026-04-20,WSH,home,691781,Brady House,4,1,1,0,0,0,0,0,2,0
822749,2026-04-20,WSH,home,682928,CJ Abrams,2,2,0,0,0,0,0,1,1,1
822749,2026-04-20,WSH,home,683083,Nasim Nuñez,3,0,0,0,0,0,0,0,0,0
822749,2026-04-20,WSH,home,686452,Drew Millas,3,0,0,0,0,0,0,0,2,0
822749,2026-04-20,WSH,home,695734,Daylen Lile,3,1,1,0,0,1,1,1,0,0
822749,2026-04-20,WSH,home,677588,José Tena,4,0,0,0,0,0,0,0,1,0
822749,2026-04-20,WSH,home,695578,James Wood,4,0,0,0,0,0,0,0,1,0
822749,2026-04-20,WSH,home,696285,Jacob Young,4,0,1,0,0,0,2,0,1,0
822749,2026-04-20,WSH,home,671277,Luis García Jr.,4,0,0,0,0,0,0,0,1,0
822749,2026-04-20,ATL,away,671739,Michael Harris II,4,0,1,0,0,0,1,0,0,0
822749,2026-04-20,ATL,away,622761,Jorge Mateo,3,1,0,0,0,0,0,1,1,0
822749,2026-04-20,ATL,away,686948,Drake Baldwin,4,2,2,1,0,0,2,1,0,0
822749,2026-04-20,ATL,away,621566,Matt Olson,4,1,1,0,0,1,3,0,0,0
822749,2026-04-20,ATL,away,642086,Dominic Smith,4,0,1,0,0,0,1,0,0,0
822749,2026-04-20,ATL,away,660670,Ronald Acuña Jr.,1,1,0,0,0,0,0,0,1,0
822749,2026-04-20,ATL,away,642201,Eli White,2,0,1,0,0,0,1,0,1,0
822749,2026-04-20,ATL,away,645277,Ozzie Albies,4,1,1,0,0,0,1,0,0,0
822749,2026-04-20,ATL,away,663586,Austin Riley,4,1,0,0,0,0,0,1,2,0
822749,2026-04-20,ATL,away,573262,Mike Yastrzemski,4,2,0,0,0,0,0,0,1,0
824125,2026-04-20,KC,home,695600,Carter Jensen,4,0,1,0,0,0,0,0,1,0
824125,2026-04-20,KC,home,686555,Isaac Collins,6,1,2,0,0,0,0,0,2,0
824125,2026-04-20,KC,home,521692,Salvador Perez,6,1,3,0,0,0,0,0,1,0
824125,2026-04-20,KC,home,679845,Nick Loftin,2,0,2,1,0,0,3,1,0,0
824125,2026-04-20,KC,home,686681,Michael Massey,3,0,0,0,0,0,0,0,1,0
824125,2026-04-20,KC,home,686469,Vinnie Pasquantino,4,1,0,0,0,0,0,2,1,0
824125,2026-04-20,KC,home,664728,Kyle Isbel,5,0,0,0,0,0,0,0,4,0
824125,2026-04-20,KC,home,553869,Elias Díaz,1,0,0,0,0,0,0,0,0,0
824125,2026-04-20,KC,home,672580,Maikel Garcia,6,0,3,0,0,0,0,0,1,0
824125,2026-04-20,KC,home,657041,Lane Thomas,0,1,0,0,0,0,0,1,0,0
824125,2026-04-20,KC,home,695506,Jac Caglianone,4,1,1,0,0,1,1,1,1,0
824125,2026-04-20,KC,home,677951,Bobby Witt Jr.,5,0,2,0,0,0,1,1,1,0
824125,2026-04-20,BAL,away,669236,Jeremiah Jackson,5,1,1,0,0,0,0,0,0,0
824125,2026-04-20,BAL,away,694212,Samuel Basallo,3,1,2,0,0,0,2,2,0,0
824125,2026-04-20,BAL,away,642215,Weston Wilson,2,1,0,0,0,0,0,1,2,0
824125,2026-04-20,BAL,away,683002,Gunnar Henderson,4,0,0,0,0,0,0,2,3,0
824125,2026-04-20,BAL,away,665750,Leody Taveras,5,1,1,0,0,1,4,0,1,0
824125,2026-04-20,BAL,away,621493,Taylor Ward,4,0,1,1,0,0,0,2,0,0
824125,2026-04-20,BAL,away,687637,Dylan Beavers,5,1,1,0,0,0,1,0,1,0
824125,2026-04-20,BAL,away,677942,Blaze Alexander,5,1,0,0,0,0,0,0,3,0
824125,2026-04-20,BAL,away,624413,Pete Alonso,4,0,0,0,0,0,0,1,2,0
824125,2026-04-20,BAL,away,681297,Colton Cowser,2,0,0,0,0,0,0,0,2,0
824125,2026-04-20,BAL,away,691723,Coby Mayo,0,1,0,0,0,0,0,0,0,0
824692,2026-04-20,CHC,home,624424,Michael Conforto,0,0,0,0,0,0,1,1,0,0
824692,2026-04-20,CHC,home,664023,Ian Happ,3,1,1,0,0,0,0,1,2,0
824692,2026-04-20,CHC,home,608324,Alex Bregman,4,0,2,2,0,0,0,0,1,0
824692,2026-04-20,CHC,home,683737,Michael Busch,4,1,1,0,0,0,0,0,1,0
824692,2026-04-20,CHC,home,691718,Pete Crow-Armstrong,3,1,0,0,0,0,0,1,0,0
824692,2026-04-20,CHC,home,665804,Miguel Amaya,4,0,0,0,0,0,0,0,2,0
824692,2026-04-20,CHC,home,694208,Moisés Ballesteros,1,1,1,0,0,0,0,1,0,0
824692,2026-04-20,CHC,home,673548,Seiya Suzuki,1,0,0,0,0,0,0,1,1,0
824692,2026-04-20,CHC,home,621020,Dansby Swanson,4,1,1,0,0,1,3,0,1,0
824692,2026-04-20,CHC,home,663538,Nico Hoerner,4,0,1,0,0,0,0,0,2,0
824692,2026-04-20,CHC,home,807713,Matt Shaw,2,0,1,0,0,0,0,0,0,0
824692,2026-04-20,PHI,away,669016,Brandon Marsh,4,0,1,0,0,0,0,0,0,0
824692,2026-04-20,PHI,away,702222,Justin Crawford,2,0,1,1,0,0,1,2,0,0
824692,2026-04-20,PHI,away,547180,Bryce Harper,3,0,1,0,0,0,0,1,0,0
824692,2026-04-20,PHI,away,664761,Alec Bohm,3,0,0,0,0,0,0,1,1,0
824692,2026-04-20,PHI,away,681082,Bryson Stott,4,1,1,0,0,0,0,0,0,1
824692,2026-04-20,PHI,away,656941,Kyle Schwarber,5,0,0,0,0,0,0,0,2,0
824692,2026-04-20,PHI,away,665561,Rafael Marchán,4,0,1,0,0,0,0,0,1,0
824692,2026-04-20,PHI,away,666969,Adolis García,4,0,1,0,0,0,0,0,1,0
824692,2026-04-20,PHI,away,607208,Trea Turner,4,0,0,0,0,0,0,1,0,0
824370,2026-04-20,COL,home,687859,Troy Johnston,4,0,1,0,0,0,0,0,1,0
824370,2026-04-20,COL,home,650489,Willi Castro,4,0,2,0,0,0,0,0,1,0
824370,2026-04-20,COL,home,671289,Tyler Freeman,0,0,0,0,0,0,0,0,0,0
824370,2026-04-20,COL,home,696100,Hunter Goodman,5,0,0,0,0,0,0,0,1,0
824370,2026-04-20,COL,home,687597,Jordan Beck,4,1,3,1,0,0,1,0,0,0
824370,2026-04-20,COL,home,664954,Brett Sullivan,4,0,2,0,0,0,0,0,0,0
824370,2026-04-20,COL,home,686668,Brenton Doyle,5,0,1,1,0,0,1,0,0,0
824370,2026-04-20,COL,home,678662,Ezequiel Tovar,4,0,0,0,0,0,0,0,2,0
824370,2026-04-20,COL,home,681198,TJ Rumfield,4,1,1,0,0,1,1,0,0,0
824370,2026-04-20,COL,home,691720,Kyle Karros,3,1,1,1,0,0,0,1,0,0
824370,2026-04-20,LAD,away,669257,Will Smith,5,0,0,0,0,0,0,0,1,0
824370,2026-04-20,LAD,away,687221,Dalton Rushing,5,2,2,0,0,2,3,0,2,0
824370,2026-04-20,LAD,away,669899,Ryan Ward,1,0,0,0,0,0,0,0,1,0
824370,2026-04-20,LAD,away,571970,Max Muncy,4,4,4,0,0,2,2,1,0,0
824370,2026-04-20,LAD,away,808975,Hyeseong Kim,0,0,0,0,0,0,0,0,0,0
824370,2026-04-20,LAD,away,669289,Santiago Espinal,4,1,2,0,0,0,0,0,0,0
824370,2026-04-20,LAD,away,660271,Shohei Ohtani,4,2,1,0,0,0,0,2,1,1
824370,2026-04-20,LAD,away,606192,Teoscar Hernández,5,0,1,0,0,0,1,0,1,0
824370,2026-04-20,LAD,away,681624,Andy Pages,5,1,1,0,0,0,0,0,0,1
824370,2026-04-20,LAD,away,669743,Alex Call,5,1,1,0,0,0,1,1,1,0
824370,2026-04-20,LAD,away,500743,Miguel Rojas,3,1,3,0,0,1,2,0,0,0
824046,2026-04-20,LAA,home,624428,Adam Frazier,4,0,0,0,0,0,0,0,3,0
824046,2026-04-20,LAA,home,687263,Zach Neto,3,1,1,0,0,0,0,1,1,2
824046,2026-04-20,LAA,home,624585,Jorge Soler,4,0,1,0,0,0,1,0,2,0
824046,2026-04-20,LAA,home,660162,Yoán Moncada,2,0,0,0,0,0,0,2,1,0
824046,2026-04-20,LAA,home,545361,Mike Trout,4,0,1,0,0,0,0,0,3,1
824046,2026-04-20,LAA,home,666176,Jo Adell,4,0,1,0,0,0,0,0,2,0
824046,2026-04-20,LAA,home,694384,Nolan Schanuel,3,1,1,1,0,0,1,0,1,0
824046,2026-04-20,LAA,home,666139,Josh Lowe,4,0,1,0,0,0,0,0,1,0
824046,2026-04-20,LAA,home,681351,Logan O'Hoppe,4,0,0,0,0,0,0,0,4,0
824046,2026-04-20,TOR,away,672820,Lenyn Sosa,2,0,0,0,0,0,1,0,1,0
824046,2026-04-20,TOR,away,676391,Ernie Clement,5,0,1,0,0,0,0,0,0,0
824046,2026-04-20,TOR,away,662139,Daulton Varsho,3,0,0,0,0,0,0,0,1,0
824046,2026-04-20,TOR,away,665926,Andrés Giménez,1,0,0,0,0,0,0,0,0,0
824046,2026-04-20,TOR,away,676914,Davis Schneider,2,1,0,0,0,0,0,1,1,0
824046,2026-04-20,TOR,away,664770,Nathan Lukes,2,0,1,0,0,0,2,0,0,0
824046,2026-04-20,TOR,away,623168,Tyler Heineman,2,0,0,0,0,0,0,0,1,0
824046,2026-04-20,TOR,away,665489,Vladimir Guerrero Jr.,4,2,3,0,0,1,2,0,1,0
824046,2026-04-20,TOR,away,660821,Jesús Sánchez,1,0,0,0,0,0,0,0,0,0
824046,2026-04-20,TOR,away,650391,Eloy Jiménez,3,0,2,0,0,0,0,0,0,0
824046,2026-04-20,TOR,away,664702,Myles Straw,3,2,1,0,0,0,0,1,0,0
824046,2026-04-20,TOR,away,672960,Kazuma Okamoto,3,0,0,0,0,0,0,1,1,0
823149,2026-04-20,SEA,home,647304,Josh Naylor,4,0,3,2,0,0,1,0,0,1
823149,2026-04-20,SEA,home,702284,Cole Young,4,1,1,0,0,0,0,0,0,0
823149,2026-04-20,SEA,home,641487,J.P. Crawford,4,0,0,0,0,0,0,1,0,0
823149,2026-04-20,SEA,home,668227,Randy Arozarena,4,0,0,0,0,0,0,0,3,0
823149,2026-04-20,SEA,home,686527,Dominic Canzone,4,1,2,1,0,1,1,0,0,0
823149,2026-04-20,SEA,home,663728,Cal Raleigh,5,1,1,0,0,1,1,0,1,0
823149,2026-04-20,SEA,home,608701,Rob Refsnyder,2,0,0,0,0,0,0,0,1,0
823149,2026-04-20,SEA,home,677594,Julio Rodríguez,4,1,2,0,0,0,0,0,1,1
823149,2026-04-20,SEA,home,660844,Leo Rivas,4,0,1,1,0,0,1,0,1,0
823149,2026-04-20,SEA,home,670042,Luke Raley,2,0,0,0,0,0,0,0,2,0
823149,2026-04-20,OAK,away,671732,Lawrence Butler,4,0,2,0,0,0,2,0,0,1
823149,2026-04-20,OAK,away,680869,Zack Gelof,4,0,0,0,0,0,0,0,2,0
823149,2026-04-20,OAK,away,643446,Jeff McNeil,3,1,1,0,0,0,0,1,0,0
823149,2026-04-20,OAK,away,666126,Carlos Cortes,5,1,4,0,0,1,1,0,0,0
823149,2026-04-20,OAK,away,691777,Max Muncy,2,0,0,0,0,0,1,0,0,0
823149,2026-04-20,OAK,away,672016,Denzel Clarke,0,0,0,0,0,0,0,0,0,0
823149,2026-04-20,OAK,away,691016,Tyler Soderstrom,5,1,2,1,0,0,0,0,0,0
823149,2026-04-20,OAK,away,701762,Nick Kurtz,4,1,1,0,0,1,1,1,1,0
823149,2026-04-20,OAK,away,669127,Shea Langeliers,5,1,1,0,0,1,1,0,1,0
823149,2026-04-20,OAK,away,805779,Jacob Wilson,4,1,2,0,0,0,0,0,0,0
824448,2026-04-21,CLE,home,671655,George Valera,5,0,1,0,0,0,1,0,1,0
824448,2026-04-21,CLE,home,800050,Chase DeLauter,4,1,1,0,1,0,3,1,0,0
824448,2026-04-21,CLE,home,595978,Austin Hedges,2,0,1,0,0,0,0,0,1,0
824448,2026-04-21,CLE,home,682177,Daniel Schneemann,2,1,1,0,0,0,0,2,1,0
824448,2026-04-21,CLE,home,677587,Brayan Rocchio,4,1,1,0,0,0,1,0,1,0
824448,2026-04-21,CLE,home,666310,Bo Naylor,2,0,0,0,0,0,0,0,1,0
824448,2026-04-21,CLE,home,608070,José Ramírez,3,2,1,0,0,0,0,2,0,1
824448,2026-04-21,CLE,home,680757,Steven Kwan,3,1,1,0,0,0,0,2,0,0
824448,2026-04-21,CLE,home,682657,Angel Martínez,4,2,2,0,0,1,1,0,2,0
824448,2026-04-21,CLE,home,700932,Kyle Manzardo,4,0,2,0,0,0,2,1,0,0
824448,2026-04-21,HOU,away,670623,Isaac Paredes,3,1,1,0,0,0,0,1,0,0
824448,2026-04-21,HOU,away,701358,Cam Smith,4,1,2,0,0,0,0,0,1,0
824448,2026-04-21,HOU,away,687957,Dustin Harris,1,1,0,0,0,0,0,0,0,0
824448,2026-04-21,HOU,away,694728,Brice Matthews,3,1,2,1,0,0,1,0,1,0
824448,2026-04-21,HOU,away,514888,Jose Altuve,5,0,0,0,0,0,0,0,2,0
824448,2026-04-21,HOU,away,669288,Daniel Johnson,0,0,0,0,0,0,0,1,0,0
824448,2026-04-21,HOU,away,621043,Carlos Correa,4,0,2,0,0,0,1,1,1,0
824448,2026-04-21,HOU,away,572233,Christian Walker,4,0,0,0,0,0,0,0,0,0
824448,2026-04-21,HOU,away,673237,Yainer Diaz,4,1,1,1,0,0,0,0,0,0
824448,2026-04-21,HOU,away,670541,Yordan Alvarez,5,0,2,1,0,0,3,0,0,0
822995,2026-04-21,TB,home,670764,Taylor Walls,4,0,0,0,0,0,0,0,3,0
822995,2026-04-21,TB,home,680700,Richie Palacios,2,1,0,0,0,0,0,2,1,0
822995,2026-04-21,TB,home,668723,Ryan Vilade,3,0,1,1,0,0,0,0,0,0
822995,2026-04-21,TB,home,641584,Jake Fraley,1,0,0,0,0,0,0,0,1,0
822995,2026-04-21,TB,home,802415,Chandler Simpson,4,1,0,0,0,0,0,1,0,0
822995,2026-04-21,TB,home,676356,Jonny DeLuca,4,0,1,1,0,0,2,0,2,0
822995,2026-04-21,TB,home,676439,Hunter Feduccia,4,0,1,0,0,0,0,0,2,0
822995,2026-04-21,TB,home,666018,Jonathan Aranda,3,2,1,0,0,1,3,2,1,0
822995,2026-04-21,TB,home,650490,Yandy Díaz,4,0,1,0,0,0,0,0,1,0
822995,2026-04-21,TB,home,810938,Ben Williamson,0,0,0,0,0,0,1,1,0,0
822995,2026-04-21,TB,home,691406,Junior Caminero,4,2,2,0,0,0,0,1,1,0
822995,2026-04-21,TB,home,656775,Cedric Mullins,2,0,1,0,0,0,0,0,0,1
822995,2026-04-21,CIN,away,682829,Elly De La Cruz,6,3,3,0,0,2,5,0,1,1
822995,2026-04-21,CIN,away,667472,Dane Myers,3,4,1,0,0,1,1,3,0,0
822995,2026-04-21,CIN,away,701398,Sal Stewart,4,0,2,0,0,0,3,1,0,1
822995,2026-04-21,CIN,away,680574,Matt McLain,6,1,2,1,0,0,1,0,1,1
822995,2026-04-21,CIN,away,663647,Ke'Bryan Hayes,3,2,1,0,0,1,1,2,0,0
822995,2026-04-21,CIN,away,666181,Will Benson,0,0,0,0,0,0,0,1,0,0
822995,2026-04-21,CIN,away,668715,Spencer Steer,3,1,1,0,0,1,1,2,1,0
822995,2026-04-21,CIN,away,553993,Eugenio Suárez,5,0,0,0,0,0,0,0,2,0
822995,2026-04-21,CIN,away,663886,Tyler Stephenson,4,0,0,0,0,0,0,1,3,0
822995,2026-04-21,CIN,away,677956,Rece Hinds,3,1,0,0,0,0,0,0,3,0
823880,2026-04-21,MIA,home,681715,Heriberto Hernández,1,0,1,0,0,0,2,0,0,0
823880,2026-04-21,MIA,home,805300,Jakob Marsee,4,1,3,0,0,1,1,0,0,0
823880,2026-04-21,MIA,home,691594,Javier Sanoja,0,0,0,0,0,0,0,1,0,0
823880,2026-04-21,MIA,home,669364,Xavier Edwards,4,1,2,0,0,0,0,1,0,0
823880,2026-04-21,MIA,home,669065,Kyle Stowers,4,0,0,0,0,0,0,1,1,0
823880,2026-04-21,MIA,home,688363,Graham Pauley,2,0,1,0,0,0,0,0,1,0
823880,2026-04-21,MIA,home,689414,Liam Hicks,3,1,0,0,0,0,0,1,0,0
823880,2026-04-21,MIA,home,683357,Owen Caissie,2,0,0,0,0,0,0,0,2,0
823880,2026-04-21,MIA,home,682663,Agustín Ramírez,4,0,0,0,0,0,0,0,2,0
823880,2026-04-21,MIA,home,681393,Connor Norby,4,0,1,0,0,0,0,0,2,0
823880,2026-04-21,MIA,home,596103,Austin Slater,1,0,0,0,0,0,0,0,0,0
823880,2026-04-21,MIA,home,672640,Otto Lopez,5,0,0,0,0,0,0,0,1,0
823880,2026-04-21,STL,away,669357,Nolan Gorman,4,0,1,0,0,0,1,0,2,0
823880,2026-04-21,STL,away,691023,Jordan Walker,4,0,0,0,0,0,0,0,2,0
823880,2026-04-21,STL,away,701675,Nathan Church,4,1,2,0,0,1,2,0,0,1
823880,2026-04-21,STL,away,687363,Victor Scott II,3,0,0,0,0,0,0,1,1,0
823880,2026-04-21,STL,away,802139,JJ Wetherholt,4,2,1,1,0,0,0,1,2,0
823880,2026-04-21,STL,away,676475,Alec Burleson,4,1,2,1,0,0,2,0,1,0
823880,2026-04-21,STL,away,686780,Pedro Pagés,4,0,0,0,0,0,0,0,2,0
823880,2026-04-21,STL,away,691026,Masyn Winn,4,1,2,1,0,0,0,0,0,0
823880,2026-04-21,STL,away,671056,Iván Herrera,5,0,2,0,0,0,0,0,2,0
824290,2026-04-21,DET,home,701678,Hao-Yu  Lee,3,0,1,0,0,0,0,1,2,0
824290,2026-04-21,DET,home,663330,Jahmai Jones,2,0,0,0,0,0,0,0,0,0
824290,2026-04-21,DET,home,595879,Javier Báez,3,0,0,0,0,0,0,0,1,0
824290,2026-04-21,DET,home,682985,Riley Greene,3,1,1,0,0,0,0,1,0,0
824290,2026-04-21,DET,home,805808,Kevin McGonigle,5,1,2,1,0,0,1,0,0,0
824290,2026-04-21,DET,home,681481,Kerry Carpenter,3,0,0,0,0,0,0,0,2,0
824290,2026-04-21,DET,home,679529,Spencer Torkelson,3,0,1,0,0,0,0,1,2,0
824290,2026-04-21,DET,home,650402,Gleyber Torres,2,0,1,0,0,0,0,1,0,0
824290,2026-04-21,DET,home,663837,Matt Vierling,4,0,1,1,0,0,2,1,0,0
824290,2026-04-21,DET,home,693307,Dillon Dingler,5,0,0,0,0,0,0,0,2,0
824290,2026-04-21,DET,home,690993,Colt Keith,1,1,1,0,0,0,0,0,0,0
824290,2026-04-21,DET,home,672761,Wenceel Pérez,1,1,1,0,0,0,0,0,0,0
824290,2026-04-21,MIL,away,675659,Greg Jones,1,0,1,0,0,0,0,0,0,0
824290,2026-04-21,MIL,away,650859,Luis Rengifo,3,1,1,0,0,0,1,1,0,0
824290,2026-04-21,MIL,away,687401,Joey Ortiz,1,1,0,0,0,0,0,0,1,0
824290,2026-04-21,MIL,away,641343,Jake Bauers,5,0,2,1,0,0,1,0,0,0
824290,2026-04-21,MIL,away,686217,Sal Frelick,3,2,1,0,0,0,1,1,0,0
824290,2026-04-21,MIL,away,669003,Garrett Mitchell,5,2,2,0,1,0,1,0,1,0
824290,2026-04-21,MIL,away,666152,David Hamilton,5,2,4,0,0,0,0,0,0,0
824290,2026-04-21,MIL,away,663368,Blake Perkins,2,2,0,0,0,0,1,1,2,0
824290,2026-04-21,MIL,away,661388,William Contreras,5,1,2,0,0,0,2,0,0,0
824290,2026-04-21,MIL,away,668930,Brice Turang,5,0,2,0,0,0,4,0,0,0
824290,2026-04-21,MIL,away,682641,Luis Matos,1,0,0,0,0,0,0,0,0,0
824290,2026-04-21,MIL,away,596142,Gary Sánchez,5,1,1,0,1,0,1,0,1,0
822747,2026-04-21,WSH,home,691781,Brady House,2,2,1,0,0,0,0,1,1,1
822747,2026-04-21,WSH,home,682928,CJ Abrams,4,0,0,0,0,0,0,1,2,0
822747,2026-04-21,WSH,home,683083,Nasim Nuñez,4,1,1,0,0,0,1,1,2,2
822747,2026-04-21,WSH,home,686452,Drew Millas,5,1,1,0,0,0,0,0,3,0
822747,2026-04-21,WSH,home,678391,Jorbit Vivas,1,0,0,0,0,0,0,1,0,0
822747,2026-04-21,WSH,home,678554,Curtis Mead,2,2,1,0,0,1,3,1,1,0
822747,2026-04-21,WSH,home,695734,Daylen Lile,3,0,0,0,0,0,1,2,0,0
822747,2026-04-21,WSH,home,677588,José Tena,2,0,0,0,0,0,0,0,1,0
822747,2026-04-21,WSH,home,695578,James Wood,2,3,1,0,0,1,1,4,0,0
822747,2026-04-21,WSH,home,696285,Jacob Young,4,1,1,0,0,0,2,1,0,0
822747,2026-04-21,WSH,home,671277,Luis García Jr.,5,1,4,1,0,0,3,0,0,1
822747,2026-04-21,ATL,away,641680,Jonah Heim,4,0,1,1,0,0,0,0,0,0
822747,2026-04-21,ATL,away,671739,Michael Harris II,4,0,1,1,0,0,1,0,0,0
822747,2026-04-21,ATL,away,643289,Mauricio Dubón,3,1,2,1,0,0,0,1,0,0
822747,2026-04-21,ATL,away,686948,Drake Baldwin,4,2,1,0,0,1,1,1,2,0
822747,2026-04-21,ATL,away,621566,Matt Olson,4,0,0,0,0,0,0,0,1,0
822747,2026-04-21,ATL,away,660670,Ronald Acuña Jr.,5,0,1,0,0,0,0,0,1,0
822747,2026-04-21,ATL,away,642201,Eli White,2,1,1,0,0,1,1,0,0,0
822747,2026-04-21,ATL,away,645277,Ozzie Albies,4,0,1,0,0,0,0,0,0,0
822747,2026-04-21,ATL,away,663586,Austin Riley,3,0,0,0,0,0,1,1,0,0
822747,2026-04-21,ATL,away,573262,Mike Yastrzemski,2,0,0,0,0,0,0,0,2,0
824773,2026-04-21,BOS,home,701350,Roman Anthony,3,0,0,0,0,0,0,1,1,0
824773,2026-04-21,BOS,home,575929,Willson Contreras,4,0,1,0,0,0,0,0,0,0
824773,2026-04-21,BOS,home,596115,Trevor Story,3,0,0,0,0,0,0,1,0,0
824773,2026-04-21,BOS,home,677800,Wilyer Abreu,4,0,0,0,0,0,0,0,0,0
824773,2026-04-21,BOS,home,655316,Andruw Monasterio,1,0,0,0,0,0,0,0,0,0
824773,2026-04-21,BOS,home,702332,Caleb Durbin,3,0,0,0,0,0,0,0,2,0
824773,2026-04-21,BOS,home,665966,Carlos Narváez,3,0,1,0,0,0,0,0,0,0
824773,2026-04-21,BOS,home,680776,Jarren Duran,1,0,0,0,0,0,0,0,1,0
824773,2026-04-21,BOS,home,678882,Ceddanne Rafaela,3,0,1,0,0,0,0,1,0,0
824773,2026-04-21,BOS,home,807799,Masataka Yoshida,4,0,0,0,0,0,0,0,0,0
824773,2026-04-21,BOS,home,691785,Marcelo Mayer,1,0,1,1,0,0,0,0,0,0
824773,2026-04-21,NYY,away,676609,José Caballero,4,0,1,0,0,0,0,0,2,0
824773,2026-04-21,NYY,away,545341,Randal Grichuk,4,0,2,1,0,0,1,0,0,0
824773,2026-04-21,NYY,away,642708,Amed Rosario,3,1,0,0,0,0,0,1,0,0
824773,2026-04-21,NYY,away,592450,Aaron Judge,3,1,1,0,0,0,0,2,0,0
824773,2026-04-21,NYY,away,641857,Ryan McMahon,1,0,0,0,0,0,0,0,1,0
824773,2026-04-21,NYY,away,669224,Austin Wells,4,0,1,0,0,0,0,0,0,0
824773,2026-04-21,NYY,away,700250,Ben Rice,4,0,0,0,0,0,0,0,4,0
824773,2026-04-21,NYY,away,641355,Cody Bellinger,3,1,1,0,0,0,0,1,0,0
824773,2026-04-21,NYY,away,519317,Giancarlo Stanton,4,1,2,1,0,1,3,0,1,0
824773,2026-04-21,NYY,away,665862,Jazz Chisholm Jr.,4,0,2,0,0,0,0,0,1,0
824773,2026-04-21,NYY,away,663757,Trent Grisham,0,0,0,0,0,0,0,0,0,0
823640,2026-04-21,NYM,home,620443,Luis Torrens,2,0,0,0,0,0,0,0,2,0
823640,2026-04-21,NYM,home,666182,Bo Bichette,4,0,1,0,0,0,0,0,0,0
823640,2026-04-21,NYM,home,621438,Tyrone Taylor,2,0,0,0,0,0,0,0,2,0
823640,2026-04-21,NYM,home,682626,Francisco Alvarez,4,0,0,0,0,0,0,0,1,0
823640,2026-04-21,NYM,home,668901,Mark Vientos,2,0,1,0,0,0,0,1,0,0
823640,2026-04-21,NYM,home,683146,Brett Baty,2,0,1,0,0,0,0,0,1,0
823640,2026-04-21,NYM,home,701807,Carson Benge,3,1,0,0,0,0,0,0,0,1
823640,2026-04-21,NYM,home,543760,Marcus Semien,3,1,0,0,0,0,0,1,1,0
823640,2026-04-21,NYM,home,669004,MJ Melendez,2,0,0,0,0,0,0,0,0,0
823640,2026-04-21,NYM,home,596019,Francisco Lindor,3,1,1,0,0,1,3,1,1,0
823640,2026-04-21,NYM,home,673357,Luis Robert Jr.,4,0,0,0,0,0,0,0,0,0
823640,2026-04-21,MIN,away,665019,Kody Clemens,3,1,1,1,0,0,0,0,1,0
823640,2026-04-21,MIN,away,686797,Brooks Lee,4,0,0,0,0,0,0,0,4,0
823640,2026-04-21,MIN,away,668885,Austin Martin,0,0,0,0,0,0,0,0,0,0
823640,2026-04-21,MIN,away,605137,Josh Bell,3,0,0,0,0,0,0,1,0,0
823640,2026-04-21,MIN,away,680777,Ryan Jeffers,3,1,0,0,0,0,0,1,2,0
823640,2026-04-21,MIN,away,681546,James Outman,0,1,0,0,0,0,0,0,0,1
823640,2026-04-21,MIN,away,668904,Royce Lewis,4,0,0,0,0,0,0,0,2,0
823640,2026-04-21,MIN,away,663616,Trevor Larnach,4,0,1,0,0,0,0,0,1,0
823640,2026-04-21,MIN,away,621439,Byron Buxton,5,1,1,0,0,1,2,0,3,0
823640,2026-04-21,MIN,away,670242,Matt Wallner,3,1,1,0,0,0,1,1,1,0
823640,2026-04-21,MIN,away,807712,Luke Keaschall,4,0,2,0,0,0,2,0,1,1
824127,2026-04-21,KC,home,695600,Carter Jensen,3,1,2,1,0,0,0,1,0,0
824127,2026-04-21,KC,home,686555,Isaac Collins,4,0,0,0,0,0,0,0,2,0
824127,2026-04-21,KC,home,521692,Salvador Perez,4,0,1,1,0,0,0,0,0,0
824127,2026-04-21,KC,home,686681,Michael Massey,3,1,2,1,0,1,2,0,0,0
824127,2026-04-21,KC,home,686469,Vinnie Pasquantino,4,0,0,0,0,0,1,0,1,0
824127,2026-04-21,KC,home,664728,Kyle Isbel,4,2,3,2,0,0,0,0,0,0
824127,2026-04-21,KC,home,672580,Maikel Garcia,3,2,1,0,0,0,1,2,1,1
824127,2026-04-21,KC,home,695506,Jac Caglianone,4,0,0,0,0,0,0,0,3,0
824127,2026-04-21,KC,home,677951,Bobby Witt Jr.,3,0,1,1,0,0,1,1,0,0
824127,2026-04-21,BAL,away,669236,Jeremiah Jackson,3,1,1,0,0,0,0,1,0,0
824127,2026-04-21,BAL,away,694212,Samuel Basallo,0,0,0,0,0,0,0,1,0,0
824127,2026-04-21,BAL,away,642215,Weston Wilson,3,1,1,0,0,0,0,1,1,0
824127,2026-04-21,BAL,away,683002,Gunnar Henderson,4,1,1,1,0,0,0,0,0,0
824127,2026-04-21,BAL,away,665750,Leody Taveras,4,0,0,0,0,0,0,0,0,0
824127,2026-04-21,BAL,away,621493,Taylor Ward,4,0,0,0,0,0,0,1,1,0
824127,2026-04-21,BAL,away,668939,Adley Rutschman,4,1,2,0,0,1,2,0,1,0
824127,2026-04-21,BAL,away,677942,Blaze Alexander,2,0,0,0,0,0,0,1,1,0
824127,2026-04-21,BAL,away,624413,Pete Alonso,4,0,2,1,0,0,0,0,0,0
824127,2026-04-21,BAL,away,681297,Colton Cowser,1,0,0,0,0,0,0,0,0,0
824127,2026-04-21,BAL,away,691723,Coby Mayo,3,1,1,0,0,1,3,0,0,0
824690,2026-04-21,CHC,home,664023,Ian Happ,4,2,1,0,0,0,0,2,0,1
824690,2026-04-21,CHC,home,664068,Scott Kingery,2,0,1,0,0,0,0,0,0,0
824690,2026-04-21,CHC,home,608324,Alex Bregman,4,1,1,0,0,0,0,2,0,0
824690,2026-04-21,CHC,home,683737,Michael Busch,4,1,1,0,0,0,2,1,1,0
824690,2026-04-21,CHC,home,608348,Carson Kelly,4,0,1,0,0,0,0,1,1,0
824690,2026-04-21,CHC,home,691718,Pete Crow-Armstrong,5,0,2,0,0,0,0,0,1,0
824690,2026-04-21,CHC,home,694208,Moisés Ballesteros,0,0,0,0,0,0,1,1,0,0
824690,2026-04-21,CHC,home,673548,Seiya Suzuki,4,1,2,0,0,1,2,0,1,0
824690,2026-04-21,CHC,home,621020,Dansby Swanson,2,0,0,0,0,0,0,3,1,0
824690,2026-04-21,CHC,home,663538,Nico Hoerner,5,2,2,0,0,1,1,0,0,0
824690,2026-04-21,CHC,home,807713,Matt Shaw,2,0,1,0,0,0,0,0,1,0
824690,2026-04-21,PHI,away,669016,Brandon Marsh,4,0,2,0,0,0,0,0,0,0
824690,2026-04-21,PHI,away,547180,Bryce Harper,4,1,1,0,0,1,2,0,1,0
824690,2026-04-21,PHI,away,592663,J.T. Realmuto,4,0,0,0,0,0,0,0,0,0
824690,2026-04-21,PHI,away,624641,Edmundo Sosa,4,0,0,0,0,0,0,0,1,0
824690,2026-04-21,PHI,away,664761,Alec Bohm,3,0,0,0,0,0,1,0,0,0
824690,2026-04-21,PHI,away,656941,Kyle Schwarber,3,2,1,0,0,1,1,1,0,0
824690,2026-04-21,PHI,away,694025,Felix Reyes,4,0,1,0,0,0,0,0,0,0
824690,2026-04-21,PHI,away,666969,Adolis García,4,1,1,0,0,0,0,0,0,0
824690,2026-04-21,PHI,away,607208,Trea Turner,4,0,0,0,0,0,0,1,1,1
822914,2026-04-21,TEX,home,694497,Evan Carter,3,0,1,0,0,0,1,1,1,0
822914,2026-04-21,TEX,home,694671,Wyatt Langford,1,0,0,0,0,0,0,1,1,1
822914,2026-04-21,TEX,home,669394,Jake Burger,4,0,1,0,0,0,0,0,1,0
822914,2026-04-21,TEX,home,592626,Joc Pederson,3,1,1,0,0,0,0,1,2,0
822914,2026-04-21,TEX,home,608369,Corey Seager,4,1,1,0,0,0,1,0,1,0
822914,2026-04-21,TEX,home,673962,Josh Jung,3,1,1,1,0,0,1,1,0,0
822914,2026-04-21,TEX,home,677649,Ezequiel Duran,2,1,1,1,0,0,1,0,0,0
822914,2026-04-21,TEX,home,607043,Brandon Nimmo,5,0,0,0,0,0,0,0,1,0
822914,2026-04-21,TEX,home,669701,Josh Smith,2,1,1,1,0,0,1,1,1,0
822914,2026-04-21,TEX,home,643376,Danny Jansen,4,0,1,1,0,0,0,0,2,0
822914,2026-04-21,PIT,away,694377,Nick Yorke,4,0,0,0,0,0,0,0,0,0
822914,2026-04-21,PIT,away,668804,Bryan Reynolds,3,0,0,0,0,0,0,1,2,0
822914,2026-04-21,PIT,away,665833,Oneil Cruz,4,1,1,0,0,0,0,0,1,1
822914,2026-04-21,PIT,away,663968,Jake Mangum,4,0,2,0,0,0,0,0,0,0
822914,2026-04-21,PIT,away,680779,Henry Davis,3,0,0,0,0,0,0,0,1,0
822914,2026-04-21,PIT,away,804606,Konnor Griffin,3,0,0,0,0,0,0,0,0,0
822914,2026-04-21,PIT,away,656811,Ryan O'Hearn,4,0,1,0,0,0,1,0,1,0
822914,2026-04-21,PIT,away,542303,Marcell Ozuna,4,0,0,0,0,0,0,0,2,0
822914,2026-04-21,PIT,away,693304,Nick Gonzales,4,0,2,0,0,0,0,0,2,0
824369,2026-04-21,COL,home,666160,Mickey Moniak,4,0,1,0,0,0,0,0,1,0
824369,2026-04-21,COL,home,687859,Troy Johnston,3,0,0,0,0,0,0,0,0,0
824369,2026-04-21,COL,home,650489,Willi Castro,1,0,0,0,0,0,0,0,0,0
824369,2026-04-21,COL,home,666397,Edouard Julien,4,0,1,0,0,0,0,0,2,0
824369,2026-04-21,COL,home,696100,Hunter Goodman,4,0,1,0,0,0,0,0,1,0
824369,2026-04-21,COL,home,687597,Jordan Beck,3,0,0,0,0,0,0,0,1,0
824369,2026-04-21,COL,home,686668,Brenton Doyle,2,0,0,0,0,0,0,0,2,0
824369,2026-04-21,COL,home,678662,Ezequiel Tovar,2,0,0,0,0,0,0,0,0,1
824369,2026-04-21,COL,home,681198,TJ Rumfield,3,0,0,0,0,0,0,0,1,0
824369,2026-04-21,COL,home,691720,Kyle Karros,3,0,0,0,0,0,0,0,0,0
824369,2026-04-21,SD,away,666023,Freddy Fermin,3,0,1,1,0,0,0,0,0,0
824369,2026-04-21,SD,away,592206,Nick Castellanos,1,0,0,0,0,0,0,0,1,0
824369,2026-04-21,SD,away,701538,Jackson Merrill,3,0,0,0,0,0,0,0,3,0
824369,2026-04-21,SD,away,657757,Gavin Sheets,3,0,0,0,0,0,0,0,1,0
824369,2026-04-21,SD,away,657656,Ramón Laureano,4,0,0,0,0,0,0,0,3,0
824369,2026-04-21,SD,away,592518,Manny Machado,3,0,0,0,0,0,1,1,1,0
824369,2026-04-21,SD,away,609280,Miguel Andujar,4,0,1,0,0,0,0,0,1,0
824369,2026-04-21,SD,away,665487,Fernando Tatis Jr.,4,0,2,0,0,0,0,0,2,0
824369,2026-04-21,SD,away,664034,Ty France,0,0,0,0,0,0,0,0,0,0
824369,2026-04-21,SD,away,593428,Xander Bogaerts,4,0,1,0,0,0,0,0,2,0
824369,2026-04-21,SD,away,630105,Jake Cronenworth,4,1,1,1,0,0,0,0,1,0
824045,2026-04-21,LAA,home,624428,Adam Frazier,1,0,0,0,0,0,0,0,0,0
824045,2026-04-21,LAA,home,672724,Oswald Peraza,3,1,2,0,0,0,0,0,1,0
824045,2026-04-21,LAA,home,687263,Zach Neto,4,0,0,0,0,0,0,0,2,0
824045,2026-04-21,LAA,home,624585,Jorge Soler,3,0,0,0,0,0,0,0,0,0
824045,2026-04-21,LAA,home,660162,Yoán Moncada,1,0,1,0,0,0,1,0,0,0
824045,2026-04-21,LAA,home,545361,Mike Trout,4,1,1,0,0,0,0,0,0,0
824045,2026-04-21,LAA,home,666176,Jo Adell,3,0,0,0,0,0,0,0,1,0
824045,2026-04-21,LAA,home,687093,Vaughn Grissom,0,0,0,0,0,0,1,1,0,0
824045,2026-04-21,LAA,home,694384,Nolan Schanuel,4,0,1,0,0,0,0,0,1,0
824045,2026-04-21,LAA,home,666139,Josh Lowe,1,0,0,0,0,0,0,0,0,0
824045,2026-04-21,LAA,home,669326,Bryce Teodosio,2,0,0,0,0,0,0,0,1,0
824045,2026-04-21,LAA,home,681351,Logan O'Hoppe,2,0,0,0,0,0,0,1,0,0
824045,2026-04-21,TOR,away,672820,Lenyn Sosa,1,0,1,1,0,0,2,0,0,0
824045,2026-04-21,TOR,away,676391,Ernie Clement,4,1,2,1,0,0,0,0,1,0
824045,2026-04-21,TOR,away,662139,Daulton Varsho,4,0,2,0,0,0,0,0,1,0
824045,2026-04-21,TOR,away,665926,Andrés Giménez,4,0,0,0,0,0,0,0,1,0
824045,2026-04-21,TOR,away,678218,Brandon Valenzuela,4,0,0,0,0,0,0,0,0,0
824045,2026-04-21,TOR,away,676914,Davis Schneider,0,1,0,0,0,0,0,0,0,0
824045,2026-04-21,TOR,away,664770,Nathan Lukes,2,0,0,0,0,0,0,0,0,0
824045,2026-04-21,TOR,away,665489,Vladimir Guerrero Jr.,3,2,1,0,0,0,0,1,0,0
824045,2026-04-21,TOR,away,660821,Jesús Sánchez,2,0,1,0,0,0,0,1,0,0
824045,2026-04-21,TOR,away,650391,Eloy Jiménez,2,0,1,0,0,0,2,1,0,0
824045,2026-04-21,TOR,away,664702,Myles Straw,2,0,0,0,0,0,0,0,0,0
824045,2026-04-21,TOR,away,672960,Kazuma Okamoto,4,0,0,0,0,0,0,0,1,0
823148,2026-04-21,SEA,home,647304,Josh Naylor,2,0,0,0,0,0,1,1,0,0
823148,2026-04-21,SEA,home,702284,Cole Young,4,0,1,0,0,0,0,0,1,0
823148,2026-04-21,SEA,home,668227,Randy Arozarena,4,0,1,0,0,0,0,0,0,0
823148,2026-04-21,SEA,home,641487,J.P. Crawford,4,0,0,0,0,0,0,0,1,0
823148,2026-04-21,SEA,home,686527,Dominic Canzone,1,0,0,0,0,0,0,0,0,0
823148,2026-04-21,SEA,home,663728,Cal Raleigh,3,1,2,0,0,1,1,1,0,0
823148,2026-04-21,SEA,home,608701,Rob Refsnyder,3,1,1,0,0,0,0,0,0,0
823148,2026-04-21,SEA,home,641598,Mitch Garver,4,0,1,0,0,0,0,0,1,0
823148,2026-04-21,SEA,home,677594,Julio Rodríguez,3,0,2,0,0,0,0,1,0,0
823148,2026-04-21,SEA,home,660844,Leo Rivas,3,0,0,0,0,0,0,0,0,0
823148,2026-04-21,SEA,home,670042,Luke Raley,2,0,0,0,0,0,0,0,2,0
823148,2026-04-21,OAK,away,671732,Lawrence Butler,3,0,0,0,0,0,0,1,2,0
823148,2026-04-21,OAK,away,680869,Zack Gelof,4,0,1,0,0,0,0,0,1,0
823148,2026-04-21,OAK,away,643446,Jeff McNeil,5,1,2,0,0,1,1,0,1,0
823148,2026-04-21,OAK,away,666126,Carlos Cortes,5,0,1,1,0,0,0,0,1,0
823148,2026-04-21,OAK,away,691777,Max Muncy,5,0,2,0,0,0,0,0,2,0
823148,2026-04-21,OAK,away,691016,Tyler Soderstrom,4,1,2,2,0,0,1,1,0,0
823148,2026-04-21,OAK,away,701762,Nick Kurtz,4,2,1,0,0,0,0,1,1,1
823148,2026-04-21,OAK,away,669127,Shea Langeliers,4,1,2,0,0,1,1,1,1,0
823148,2026-04-21,OAK,away,805779,Jacob Wilson,5,0,2,1,0,0,2,0,1,0
825099,2026-04-21,ARI,home,680728,Adrian Del Castillo,5,0,0,0,0,0,0,0,1,0
825099,2026-04-21,ARI,home,571448,Nolan Arenado,3,1,2,1,0,0,0,1,0,0
825099,2026-04-21,ARI,home,606466,Ketel Marte,4,0,1,0,0,0,0,1,1,0
825099,2026-04-21,ARI,home,545121,Ildemaro Vargas,4,1,1,0,0,1,3,0,0,0
825099,2026-04-21,ARI,home,672695,Geraldo Perdomo,3,1,1,0,1,0,0,2,0,0
825099,2026-04-21,ARI,home,699912,Jose Fernandez,4,1,1,0,0,0,0,0,1,0
825099,2026-04-21,ARI,home,682998,Corbin Carroll,3,0,0,0,0,0,0,2,3,0
825099,2026-04-21,ARI,home,666971,Lourdes Gurriel Jr.,3,0,0,0,0,0,1,1,0,0
825099,2026-04-21,ARI,home,677950,Alek Thomas,4,1,2,0,0,1,1,0,0,0
825099,2026-04-21,CWS,away,671976,Tristan Peters,5,0,3,0,0,0,0,0,1,1
825099,2026-04-21,CWS,away,808959,Munetaka Murakami,5,2,3,0,0,1,1,1,0,0
825099,2026-04-21,CWS,away,805367,Chase Meidroth,3,2,1,0,0,0,0,2,1,0
825099,2026-04-21,CWS,away,695657,Colson Montgomery,5,2,2,1,0,1,3,0,2,0
825099,2026-04-21,CWS,away,624512,Reese McGuire,2,0,0,0,0,0,1,2,1,0
825099,2026-04-21,CWS,away,643217,Andrew Benintendi,6,1,2,0,0,0,0,0,1,0
825099,2026-04-21,CWS,away,677592,Everson Pereira,3,1,0,0,0,0,1,0,2,0
825099,2026-04-21,CWS,away,803011,Sam Antonacci,5,1,2,0,1,1,3,0,0,0
825099,2026-04-21,CWS,away,678246,Miguel Vargas,4,2,1,0,0,1,1,1,0,0
823236,2026-04-21,SF,home,669477,Casey Schmitt,3,0,0,0,0,0,1,0,0,0
823236,2026-04-21,SF,home,666464,Jerar Encarnacion,0,0,0,0,0,0,0,0,0,0
823236,2026-04-21,SF,home,671218,Heliot Ramos,3,0,1,0,0,0,0,0,0,0
823236,2026-04-21,SF,home,672275,Patrick Bailey,2,0,0,0,0,0,0,1,1,0
823236,2026-04-21,SF,home,656305,Matt Chapman,2,1,0,0,0,0,0,2,1,0
823236,2026-04-21,SF,home,687551,Drew Gilbert,3,0,0,0,0,0,0,0,2,0
823236,2026-04-21,SF,home,808982,Jung Hoo Lee,3,0,2,0,0,0,1,0,0,0
823236,2026-04-21,SF,home,646240,Rafael Devers,4,0,1,0,0,0,1,0,2,0
823236,2026-04-21,SF,home,642715,Willy Adames,4,1,1,0,0,0,0,0,2,0
823236,2026-04-21,SF,home,650333,Luis Arraez,4,1,1,0,0,0,0,0,0,0
823236,2026-04-21,LAD,away,669257,Will Smith,1,0,0,0,0,0,0,0,1,0
823236,2026-04-21,LAD,away,687221,Dalton Rushing,2,0,0,0,0,0,0,1,0,0
823236,2026-04-21,LAD,away,663656,Kyle Tucker,4,0,0,0,0,0,0,0,3,0
823236,2026-04-21,LAD,away,571970,Max Muncy,3,0,0,0,0,0,0,1,2,0
823236,2026-04-21,LAD,away,518692,Freddie Freeman,2,0,0,0,0,0,0,2,0,0
823236,2026-04-21,LAD,away,808975,Hyeseong Kim,1,0,1,0,0,0,1,1,0,0
823236,2026-04-21,LAD,away,660271,Shohei Ohtani,4,0,1,0,0,0,0,0,2,0
823236,2026-04-21,LAD,away,606192,Teoscar Hernández,3,1,1,1,0,0,0,1,0,0
823236,2026-04-21,LAD,away,681624,Andy Pages,1,0,0,0,0,0,0,0,1,0
823236,2026-04-21,LAD,away,669743,Alex Call,4,0,0,0,0,0,0,0,0,0
823236,2026-04-21,LAD,away,500743,Miguel Rojas,1,0,0,0,0,0,0,0,0,0
823236,2026-04-21,LAD,away,690976,Alex Freeland,3,0,0,0,0,0,0,1,3,0
823878,2026-04-22,MIA,home,681715,Heriberto Hernández,4,1,2,0,0,0,0,0,0,0
823878,2026-04-22,MIA,home,805300,Jakob Marsee,4,0,1,0,0,0,2,1,0,1
823878,2026-04-22,MIA,home,691594,Javier Sanoja,4,0,3,0,0,0,0,0,0,0
823878,2026-04-22,MIA,home,669364,Xavier Edwards,5,0,0,0,0,0,0,0,1,0
823878,2026-04-22,MIA,home,688363,Graham Pauley,2,0,1,0,0,0,0,0,0,0
823878,2026-04-22,MIA,home,689414,Liam Hicks,4,0,1,0,0,0,0,0,0,0
823878,2026-04-22,MIA,home,683357,Owen Caissie,4,0,1,0,0,0,1,0,2,0
823878,2026-04-22,MIA,home,682663,Agustín Ramírez,3,1,2,0,0,0,1,1,0,0
823878,2026-04-22,MIA,home,677870,Leo Jiménez,0,1,0,0,0,0,0,1,0,0
823878,2026-04-22,MIA,home,672640,Otto Lopez,4,1,1,0,0,0,0,0,2,0
823878,2026-04-22,STL,away,669357,Nolan Gorman,3,0,1,1,0,0,0,1,0,0
823878,2026-04-22,STL,away,701675,Nathan Church,3,0,1,0,0,0,0,1,2,0
823878,2026-04-22,STL,away,687363,Victor Scott II,3,0,0,0,0,0,0,0,2,0
823878,2026-04-22,STL,away,665877,José Fermín,4,0,0,0,0,0,0,0,1,0
823878,2026-04-22,STL,away,802139,JJ Wetherholt,4,0,0,0,0,0,0,0,2,0
823878,2026-04-22,STL,away,695336,Thomas Saggese,3,0,0,0,0,0,0,0,1,0
823878,2026-04-22,STL,away,602104,Ramón Urías,4,0,0,0,0,0,0,0,0,0
823878,2026-04-22,STL,away,686780,Pedro Pagés,3,0,1,0,0,0,0,0,1,0
823878,2026-04-22,STL,away,671056,Iván Herrera,4,1,1,0,0,1,1,0,0,0
824449,2026-04-22,CLE,home,671655,George Valera,4,0,0,0,0,0,0,0,0,0
824449,2026-04-22,CLE,home,800050,Chase DeLauter,4,0,2,0,0,0,0,0,0,0
824449,2026-04-22,CLE,home,682177,Daniel Schneemann,3,0,1,0,0,0,0,1,2,0
824449,2026-04-22,CLE,home,677587,Brayan Rocchio,4,0,0,0,0,0,0,0,0,0
824449,2026-04-22,CLE,home,666310,Bo Naylor,3,0,0,0,0,0,0,1,1,0
824449,2026-04-22,CLE,home,608070,José Ramírez,4,0,1,0,0,0,0,0,2,0
824449,2026-04-22,CLE,home,680757,Steven Kwan,3,0,1,0,0,0,0,1,0,0
824449,2026-04-22,CLE,home,682877,Juan Brito,3,0,0,0,0,0,0,0,2,0
824449,2026-04-22,CLE,home,682657,Angel Martínez,1,0,0,0,0,0,0,0,0,0
824449,2026-04-22,CLE,home,700932,Kyle Manzardo,2,0,0,0,0,0,0,1,2,0
824449,2026-04-22,CLE,home,656555,Rhys Hoskins,1,0,0,0,0,0,0,0,1,0
824449,2026-04-22,HOU,away,670623,Isaac Paredes,4,0,1,0,0,0,0,0,1,0
824449,2026-04-22,HOU,away,701358,Cam Smith,4,0,0,0,0,0,0,0,2,0
824449,2026-04-22,HOU,away,694728,Brice Matthews,2,0,0,0,0,0,0,1,0,0
824449,2026-04-22,HOU,away,514888,Jose Altuve,4,0,0,0,0,0,0,0,0,0
824449,2026-04-22,HOU,away,669288,Daniel Johnson,4,0,0,0,0,0,0,0,1,0
824449,2026-04-22,HOU,away,621043,Carlos Correa,4,1,1,1,0,0,0,0,1,0
824449,2026-04-22,HOU,away,572233,Christian Walker,3,0,1,0,0,0,0,1,0,0
824449,2026-04-22,HOU,away,543877,Christian Vázquez,3,0,0,0,0,0,0,1,1,0
824449,2026-04-22,HOU,away,670541,Yordan Alvarez,4,1,3,0,0,1,2,0,0,0
822993,2026-04-22,TB,home,670764,Taylor Walls,3,1,1,0,0,0,0,0,0,0
822993,2026-04-22,TB,home,680700,Richie Palacios,1,0,0,0,0,0,0,0,0,0
822993,2026-04-22,TB,home,668723,Ryan Vilade,2,1,2,0,0,0,1,1,0,0
822993,2026-04-22,TB,home,802415,Chandler Simpson,3,0,1,0,0,0,1,0,0,0
822993,2026-04-22,TB,home,676356,Jonny DeLuca,3,1,0,0,0,0,0,1,0,0
822993,2026-04-22,TB,home,666018,Jonathan Aranda,2,0,0,0,0,0,0,1,2,0
822993,2026-04-22,TB,home,663743,Nick Fortes,3,0,0,0,0,0,0,0,0,0
822993,2026-04-22,TB,home,650490,Yandy Díaz,4,1,3,0,0,0,1,0,1,0
822993,2026-04-22,TB,home,810938,Ben Williamson,4,1,1,0,0,0,1,0,1,0
822993,2026-04-22,TB,home,691406,Junior Caminero,4,1,1,0,0,1,2,0,0,0
822993,2026-04-22,CIN,away,682829,Elly De La Cruz,4,0,0,0,0,0,0,0,2,0
822993,2026-04-22,CIN,away,701398,Sal Stewart,4,0,1,0,0,0,0,0,1,0
822993,2026-04-22,CIN,away,663993,Nathaniel Lowe,4,1,1,0,0,0,0,0,1,0
822993,2026-04-22,CIN,away,680574,Matt McLain,4,0,1,0,0,0,0,0,1,0
822993,2026-04-22,CIN,away,666181,Will Benson,2,0,0,0,0,0,0,1,0,0
822993,2026-04-22,CIN,away,670770,TJ Friedl,4,0,1,0,0,0,0,0,0,0
822993,2026-04-22,CIN,away,664731,P.J. Higgins,2,0,0,0,0,0,1,0,1,0
822993,2026-04-22,CIN,away,668715,Spencer Steer,3,0,1,1,0,0,0,0,0,0
822993,2026-04-22,CIN,away,553993,Eugenio Suárez,4,0,0,0,0,0,0,0,1,0
824123,2026-04-22,KC,home,695600,Carter Jensen,3,2,2,0,0,1,2,1,0,0
824123,2026-04-22,KC,home,521692,Salvador Perez,4,0,0,0,0,0,0,0,1,0
824123,2026-04-22,KC,home,679845,Nick Loftin,2,0,0,0,0,0,0,0,0,0
824123,2026-04-22,KC,home,686681,Michael Massey,4,1,2,1,0,0,0,0,1,0
824123,2026-04-22,KC,home,686469,Vinnie Pasquantino,3,2,2,1,0,1,1,1,0,0
824123,2026-04-22,KC,home,664728,Kyle Isbel,4,1,1,0,0,1,2,0,1,0
824123,2026-04-22,KC,home,672580,Maikel Garcia,3,0,0,0,0,0,0,0,1,0
824123,2026-04-22,KC,home,657041,Lane Thomas,4,0,1,0,0,0,1,0,0,0
824123,2026-04-22,KC,home,695506,Jac Caglianone,4,0,1,0,0,0,0,0,0,0
824123,2026-04-22,KC,home,677951,Bobby Witt Jr.,5,0,1,0,0,0,0,0,1,1
824123,2026-04-22,BAL,away,669236,Jeremiah Jackson,4,1,1,0,0,0,2,0,1,0
824123,2026-04-22,BAL,away,694212,Samuel Basallo,4,1,1,0,0,0,0,0,1,0
824123,2026-04-22,BAL,away,683002,Gunnar Henderson,5,0,0,0,0,0,0,0,3,0
824123,2026-04-22,BAL,away,665750,Leody Taveras,4,1,2,0,0,0,1,0,1,0
824123,2026-04-22,BAL,away,621493,Taylor Ward,3,1,1,1,0,0,0,2,0,0
824123,2026-04-22,BAL,away,687637,Dylan Beavers,5,0,2,2,0,0,0,0,0,0
824123,2026-04-22,BAL,away,624413,Pete Alonso,4,2,1,0,0,1,2,1,0,0
824123,2026-04-22,BAL,away,681297,Colton Cowser,4,1,2,1,0,0,0,0,1,0
824123,2026-04-22,BAL,away,691723,Coby Mayo,4,1,1,0,0,1,3,0,1,0
824044,2026-04-22,LAA,home,624428,Adam Frazier,0,0,0,0,0,0,0,0,0,0
824044,2026-04-22,LAA,home,672724,Oswald Peraza,3,0,1,0,0,0,0,0,0,0
824044,2026-04-22,LAA,home,687263,Zach Neto,4,0,1,1,0,0,0,1,1,0
824044,2026-04-22,LAA,home,624585,Jorge Soler,3,0,0,0,0,0,0,1,1,0
824044,2026-04-22,LAA,home,660162,Yoán Moncada,0,1,0,0,0,0,0,1,0,0
824044,2026-04-22,LAA,home,545361,Mike Trout,3,2,1,0,0,1,1,2,1,1
824044,2026-04-22,LAA,home,666176,Jo Adell,4,1,1,0,0,0,1,0,0,0
824044,2026-04-22,LAA,home,687093,Vaughn Grissom,4,0,1,0,0,0,1,0,0,0
824044,2026-04-22,LAA,home,694384,Nolan Schanuel,4,2,2,1,0,1,4,0,1,0
824044,2026-04-22,LAA,home,666139,Josh Lowe,1,0,0,0,0,0,0,0,0,0
824044,2026-04-22,LAA,home,669326,Bryce Teodosio,4,0,2,0,0,0,0,0,2,0
824044,2026-04-22,LAA,home,681351,Logan O'Hoppe,4,1,2,0,0,0,0,0,2,0
824044,2026-04-22,TOR,away,672820,Lenyn Sosa,4,0,1,0,0,0,0,0,1,0
824044,2026-04-22,TOR,away,676391,Ernie Clement,5,0,3,0,0,0,1,0,0,0
824044,2026-04-22,TOR,away,662139,Daulton Varsho,4,0,1,0,0,0,0,0,1,0
824044,2026-04-22,TOR,away,665926,Andrés Giménez,4,1,2,1,0,0,0,0,1,0
824044,2026-04-22,TOR,away,678218,Brandon Valenzuela,0,0,0,0,0,0,0,0,0,0
824044,2026-04-22,TOR,away,676914,Davis Schneider,1,0,0,0,0,0,0,0,0,0
824044,2026-04-22,TOR,away,664770,Nathan Lukes,5,1,2,1,0,0,1,0,1,0
824044,2026-04-22,TOR,away,623168,Tyler Heineman,3,0,0,0,0,0,1,0,1,0
824044,2026-04-22,TOR,away,665489,Vladimir Guerrero Jr.,4,0,0,0,0,0,0,0,1,0
824044,2026-04-22,TOR,away,660821,Jesús Sánchez,3,0,1,0,0,0,0,0,2,0
824044,2026-04-22,TOR,away,650391,Eloy Jiménez,1,0,1,0,0,0,0,0,0,0
824044,2026-04-22,TOR,away,672960,Kazuma Okamoto,3,1,1,0,0,0,0,1,1,0
823147,2026-04-22,SEA,home,647304,Josh Naylor,5,1,3,0,0,0,1,0,1,0
823147,2026-04-22,SEA,home,702284,Cole Young,4,0,0,0,0,0,0,0,0,0
823147,2026-04-22,SEA,home,641487,J.P. Crawford,5,2,2,0,0,0,0,0,0,0
823147,2026-04-22,SEA,home,668227,Randy Arozarena,3,0,2,1,0,0,1,0,0,1
823147,2026-04-22,SEA,home,686527,Dominic Canzone,2,0,0,0,0,0,0,0,2,0
823147,2026-04-22,SEA,home,663728,Cal Raleigh,5,2,3,1,0,1,1,0,1,1
823147,2026-04-22,SEA,home,608701,Rob Refsnyder,1,0,0,0,0,0,1,0,1,0
823147,2026-04-22,SEA,home,641598,Mitch Garver,2,0,1,1,0,0,0,0,1,0
823147,2026-04-22,SEA,home,677594,Julio Rodríguez,5,0,2,0,0,0,1,0,1,0
823147,2026-04-22,SEA,home,660844,Leo Rivas,4,0,1,0,0,0,0,0,1,0
823147,2026-04-22,SEA,home,670042,Luke Raley,1,0,0,0,0,0,0,1,0,0
823147,2026-04-22,OAK,away,671732,Lawrence Butler,3,0,0,0,0,0,0,1,3,0
823147,2026-04-22,OAK,away,680869,Zack Gelof,0,0,0,0,0,0,0,0,0,0
823147,2026-04-22,OAK,away,643446,Jeff McNeil,3,0,1,0,0,0,1,0,0,0
823147,2026-04-22,OAK,away,642851,Austin Wynns,4,0,1,0,0,0,0,0,1,0
823147,2026-04-22,OAK,away,666126,Carlos Cortes,5,1,2,0,0,0,0,0,1,0
823147,2026-04-22,OAK,away,691777,Max Muncy,2,0,0,0,0,0,0,1,0,0
823147,2026-04-22,OAK,away,691016,Tyler Soderstrom,3,0,0,0,0,0,1,0,0,0
823147,2026-04-22,OAK,away,701762,Nick Kurtz,4,2,2,0,0,1,1,1,1,0
823147,2026-04-22,OAK,away,669127,Shea Langeliers,5,1,1,0,0,0,0,0,1,0
823147,2026-04-22,OAK,away,805779,Jacob Wilson,4,0,2,1,0,0,1,0,0,0
824286,2026-04-22,DET,home,663330,Jahmai Jones,1,0,0,0,0,0,0,0,0,0
824286,2026-04-22,DET,home,682985,Riley Greene,4,1,2,1,0,0,0,0,2,0
824286,2026-04-22,DET,home,595879,Javier Báez,4,1,1,0,0,0,0,0,0,0
824286,2026-04-22,DET,home,805808,Kevin McGonigle,3,1,1,1,0,0,1,1,1,0
824286,2026-04-22,DET,home,681481,Kerry Carpenter,4,1,1,0,0,1,1,0,1,0
824286,2026-04-22,DET,home,679529,Spencer Torkelson,4,1,1,0,0,1,2,0,0,0
824286,2026-04-22,DET,home,650402,Gleyber Torres,3,0,1,0,0,0,0,1,1,0
824286,2026-04-22,DET,home,668670,Jake Rogers,2,0,0,0,0,0,0,1,0,0
824286,2026-04-22,DET,home,663837,Matt Vierling,0,0,0,0,0,0,0,0,0,0
824286,2026-04-22,DET,home,690993,Colt Keith,3,0,2,0,0,0,1,0,0,0
824286,2026-04-22,DET,home,672761,Wenceel Pérez,4,0,0,0,0,0,0,0,1,0
824286,2026-04-22,MIL,away,650859,Luis Rengifo,1,1,1,0,0,0,0,1,0,0
824286,2026-04-22,MIL,away,675659,Greg Jones,0,0,0,0,0,0,0,0,0,0
824286,2026-04-22,MIL,away,687401,Joey Ortiz,2,0,0,0,0,0,0,0,0,0
824286,2026-04-22,MIL,away,641343,Jake Bauers,4,0,1,0,0,0,1,0,1,0
824286,2026-04-22,MIL,away,686217,Sal Frelick,4,0,1,0,0,0,0,0,0,0
824286,2026-04-22,MIL,away,663604,Brandon Lockridge,4,0,2,0,0,0,0,0,1,0
824286,2026-04-22,MIL,away,669003,Garrett Mitchell,3,0,0,0,0,0,0,1,2,1
824286,2026-04-22,MIL,away,666152,David Hamilton,3,0,0,0,0,0,0,1,1,0
824286,2026-04-22,MIL,away,661388,William Contreras,4,0,1,0,0,0,1,0,2,0
824286,2026-04-22,MIL,away,668930,Brice Turang,3,1,0,0,0,0,0,2,1,1
824286,2026-04-22,MIL,away,596142,Gary Sánchez,4,0,0,0,0,0,0,0,1,0
822748,2026-04-22,WSH,home,691781,Brady House,5,0,1,0,0,0,0,0,3,0
822748,2026-04-22,WSH,home,682928,CJ Abrams,5,0,1,0,0,0,0,0,2,0
822748,2026-04-22,WSH,home,678391,Jorbit Vivas,4,0,1,1,0,0,1,0,0,0
822748,2026-04-22,WSH,home,686894,Joey Wiemer,1,1,1,0,0,1,1,1,0,1
822748,2026-04-22,WSH,home,678554,Curtis Mead,3,0,0,0,0,0,0,0,2,0
822748,2026-04-22,WSH,home,695734,Daylen Lile,5,1,2,1,0,1,3,0,0,0
822748,2026-04-22,WSH,home,677588,José Tena,2,0,0,0,0,0,0,0,2,0
822748,2026-04-22,WSH,home,695578,James Wood,3,2,2,0,0,1,1,2,1,0
822748,2026-04-22,WSH,home,696285,Jacob Young,5,1,2,0,0,0,0,0,0,0
822748,2026-04-22,WSH,home,660688,Keibert Ruiz,4,0,0,0,0,0,0,0,2,0
822748,2026-04-22,WSH,home,671277,Luis García Jr.,2,1,1,0,0,0,0,0,0,0
822748,2026-04-22,ATL,away,641680,Jonah Heim,3,1,1,0,0,0,0,1,0,0
822748,2026-04-22,ATL,away,671739,Michael Harris II,4,2,2,0,0,2,3,0,0,0
822748,2026-04-22,ATL,away,643289,Mauricio Dubón,4,0,0,0,0,0,0,0,0,0
822748,2026-04-22,ATL,away,686948,Drake Baldwin,3,1,2,0,0,1,1,1,0,0
822748,2026-04-22,ATL,away,621566,Matt Olson,4,1,1,0,0,1,3,0,0,0
822748,2026-04-22,ATL,away,660670,Ronald Acuña Jr.,3,1,0,0,0,0,1,1,0,0
822748,2026-04-22,ATL,away,645277,Ozzie Albies,4,1,1,0,0,0,0,0,0,0
822748,2026-04-22,ATL,away,663586,Austin Riley,4,0,0,0,0,0,0,0,1,0
822748,2026-04-22,ATL,away,573262,Mike Yastrzemski,4,1,1,0,0,0,0,0,0,0
824774,2026-04-22,BOS,home,575929,Willson Contreras,3,0,0,0,0,0,0,1,1,0
824774,2026-04-22,BOS,home,657136,Connor Wong,3,0,0,0,0,0,0,0,1,0
824774,2026-04-22,BOS,home,596115,Trevor Story,4,1,1,0,0,0,0,0,2,0
824774,2026-04-22,BOS,home,677800,Wilyer Abreu,4,0,1,0,0,0,0,0,0,0
824774,2026-04-22,BOS,home,655316,Andruw Monasterio,3,0,0,0,0,0,0,1,0,0
824774,2026-04-22,BOS,home,643396,Isiah Kiner-Falefa,3,0,0,0,0,0,0,0,1,0
824774,2026-04-22,BOS,home,702332,Caleb Durbin,4,0,0,0,0,0,0,0,1,0
824774,2026-04-22,BOS,home,680776,Jarren Duran,4,0,3,2,0,0,1,0,0,0
824774,2026-04-22,BOS,home,678882,Ceddanne Rafaela,4,0,0,0,0,0,0,0,3,0
824774,2026-04-22,NYY,away,676609,José Caballero,3,0,1,0,0,0,0,0,1,0
824774,2026-04-22,NYY,away,545341,Randal Grichuk,2,0,1,0,0,0,0,0,0,0
824774,2026-04-22,NYY,away,642708,Amed Rosario,1,1,1,0,0,1,4,0,0,0
824774,2026-04-22,NYY,away,592450,Aaron Judge,2,2,1,0,0,0,0,2,0,1
824774,2026-04-22,NYY,away,641857,Ryan McMahon,1,0,0,0,0,0,0,0,1,0
824774,2026-04-22,NYY,away,502671,Paul Goldschmidt,4,0,0,0,0,0,0,0,2,0
824774,2026-04-22,NYY,away,669224,Austin Wells,3,0,0,0,0,0,0,0,1,0
824774,2026-04-22,NYY,away,700250,Ben Rice,1,0,0,0,0,0,0,0,1,0
824774,2026-04-22,NYY,away,641355,Cody Bellinger,4,0,0,0,0,0,0,0,1,0
824774,2026-04-22,NYY,away,519317,Giancarlo Stanton,4,1,2,2,0,0,0,0,0,0
824774,2026-04-22,NYY,away,665862,Jazz Chisholm Jr.,4,0,0,0,0,0,0,0,1,0
824774,2026-04-22,NYY,away,663757,Trent Grisham,2,0,0,0,0,0,0,0,1,0
823641,2026-04-22,NYM,home,666182,Bo Bichette,4,1,1,1,0,0,0,0,1,0
823641,2026-04-22,NYM,home,621438,Tyrone Taylor,3,0,1,0,0,0,0,0,1,0
823641,2026-04-22,NYM,home,682626,Francisco Alvarez,3,0,1,1,0,0,1,1,0,0
823641,2026-04-22,NYM,home,668901,Mark Vientos,3,0,1,0,0,0,1,1,2,0
823641,2026-04-22,NYM,home,683146,Brett Baty,0,1,0,0,0,0,0,2,0,0
823641,2026-04-22,NYM,home,701807,Carson Benge,0,0,0,0,0,0,0,0,0,0
823641,2026-04-22,NYM,home,502054,Tommy Pham,3,0,0,0,0,0,0,0,2,0
823641,2026-04-22,NYM,home,543760,Marcus Semien,4,0,1,1,0,0,0,0,1,1
823641,2026-04-22,NYM,home,596019,Francisco Lindor,2,1,2,0,0,0,1,0,0,0
823641,2026-04-22,NYM,home,665742,Juan Soto,3,0,1,0,0,0,0,1,0,0
823641,2026-04-22,NYM,home,673357,Luis Robert Jr.,4,0,0,0,0,0,0,0,1,0
823641,2026-04-22,MIN,away,605170,Victor Caratini,2,0,0,0,0,0,1,1,0,0
823641,2026-04-22,MIN,away,665019,Kody Clemens,3,0,1,1,0,0,0,0,0,0
823641,2026-04-22,MIN,away,686797,Brooks Lee,4,0,1,0,0,0,0,0,0,0
823641,2026-04-22,MIN,away,668885,Austin Martin,0,0,0,0,0,0,0,1,0,0
823641,2026-04-22,MIN,away,605137,Josh Bell,4,0,1,0,0,0,0,0,0,0
823641,2026-04-22,MIN,away,680777,Ryan Jeffers,0,0,0,0,0,0,0,1,0,0
823641,2026-04-22,MIN,away,681546,James Outman,0,0,0,0,0,0,0,0,0,0
823641,2026-04-22,MIN,away,668904,Royce Lewis,4,0,1,0,0,0,0,0,3,0
823641,2026-04-22,MIN,away,663616,Trevor Larnach,3,1,1,1,0,0,0,0,1,0
823641,2026-04-22,MIN,away,621439,Byron Buxton,5,1,1,0,0,1,1,0,2,0
823641,2026-04-22,MIN,away,670242,Matt Wallner,4,0,1,0,0,0,0,0,1,0
823641,2026-04-22,MIN,away,807712,Luke Keaschall,4,0,0,0,0,0,0,0,0,0
824688,2026-04-22,CHC,home,664023,Ian Happ,4,1,1,0,0,0,2,0,1,0
824688,2026-04-22,CHC,home,608324,Alex Bregman,5,1,3,0,1,0,0,0,0,0
824688,2026-04-22,CHC,home,683737,Michael Busch,4,1,2,0,0,1,1,0,1,0
824688,2026-04-22,CHC,home,691718,Pete Crow-Armstrong,4,0,3,1,0,0,2,0,1,1
824688,2026-04-22,CHC,home,665804,Miguel Amaya,4,1,0,0,0,0,0,0,1,0
824688,2026-04-22,CHC,home,694208,Moisés Ballesteros,4,1,1,1,0,0,0,0,0,0
824688,2026-04-22,CHC,home,673548,Seiya Suzuki,4,1,2,0,0,1,2,0,1,0
824688,2026-04-22,CHC,home,621020,Dansby Swanson,3,0,0,0,0,0,0,1,1,0
824688,2026-04-22,CHC,home,663538,Nico Hoerner,5,1,1,0,0,0,0,0,1,0
824688,2026-04-22,PHI,away,702222,Justin Crawford,4,0,1,0,0,0,1,0,1,0
824688,2026-04-22,PHI,away,547180,Bryce Harper,4,0,0,0,0,0,0,0,1,0
824688,2026-04-22,PHI,away,624641,Edmundo Sosa,2,0,2,1,0,0,1,0,0,0
824688,2026-04-22,PHI,away,664761,Alec Bohm,4,1,2,0,0,0,0,0,1,0
824688,2026-04-22,PHI,away,681082,Bryson Stott,2,0,0,0,0,0,0,0,1,0
824688,2026-04-22,PHI,away,656941,Kyle Schwarber,4,0,0,0,0,0,0,0,2,0
824688,2026-04-22,PHI,away,665561,Rafael Marchán,4,0,1,0,0,0,0,0,2,0
824688,2026-04-22,PHI,away,694025,Felix Reyes,4,1,1,0,0,0,0,0,1,0
824688,2026-04-22,PHI,away,666969,Adolis García,4,0,1,0,0,0,0,0,2,0
824688,2026-04-22,PHI,away,607208,Trea Turner,4,0,1,1,0,0,0,0,1,0
822913,2026-04-22,TEX,home,694497,Evan Carter,4,0,1,0,0,0,0,0,2,1
822913,2026-04-22,TEX,home,669394,Jake Burger,4,0,1,0,0,0,2,0,1,0
822913,2026-04-22,TEX,home,592626,Joc Pederson,1,1,0,0,0,0,0,2,0,0
822913,2026-04-22,TEX,home,608369,Corey Seager,4,0,0,0,0,0,0,0,2,0
822913,2026-04-22,TEX,home,673962,Josh Jung,4,1,2,0,0,1,2,0,1,0
822913,2026-04-22,TEX,home,457705,Andrew McCutchen,1,1,1,0,0,0,0,0,0,0
822913,2026-04-22,TEX,home,543309,Kyle Higashioka,4,0,1,1,0,0,0,0,1,0
822913,2026-04-22,TEX,home,677649,Ezequiel Duran,3,0,0,0,0,0,0,0,1,0
822913,2026-04-22,TEX,home,607043,Brandon Nimmo,4,1,1,1,0,0,0,0,1,0
822913,2026-04-22,TEX,home,669701,Josh Smith,2,0,0,0,0,0,0,0,0,0
822913,2026-04-22,TEX,home,664059,Sam Haggerty,1,0,0,0,0,0,0,0,1,0
822913,2026-04-22,PIT,away,687462,Spencer Horwitz,4,1,2,0,0,0,0,0,0,0
822913,2026-04-22,PIT,away,664040,Brandon Lowe,5,1,1,0,0,0,1,0,3,0
822913,2026-04-22,PIT,away,663698,Joey Bart,0,0,0,0,0,0,0,0,0,0
822913,2026-04-22,PIT,away,668804,Bryan Reynolds,5,1,2,1,0,0,1,0,0,0
822913,2026-04-22,PIT,away,665833,Oneil Cruz,5,1,1,0,0,1,3,0,3,0
822913,2026-04-22,PIT,away,663968,Jake Mangum,1,1,0,0,0,0,1,0,0,0
822913,2026-04-22,PIT,away,695257,Billy Cook,0,1,0,0,0,0,0,0,0,0
822913,2026-04-22,PIT,away,680779,Henry Davis,2,1,0,0,0,0,0,1,1,0
822913,2026-04-22,PIT,away,804606,Konnor Griffin,4,0,0,0,0,0,0,0,2,0
822913,2026-04-22,PIT,away,656811,Ryan O'Hearn,3,0,1,0,0,0,0,1,0,0
822913,2026-04-22,PIT,away,693304,Nick Gonzales,4,1,1,0,0,0,0,0,0,1
822913,2026-04-22,PIT,away,542303,Marcell Ozuna,3,0,1,0,0,0,1,0,0,0
824367,2026-04-22,COL,home,666160,Mickey Moniak,4,1,2,2,0,0,1,0,0,0
824367,2026-04-22,COL,home,664983,Jake McCarthy,4,1,2,0,0,0,1,0,0,0
824367,2026-04-22,COL,home,687859,Troy Johnston,4,1,1,0,0,0,0,0,2,0
824367,2026-04-22,COL,home,650489,Willi Castro,3,1,2,0,0,0,1,1,0,0
824367,2026-04-22,COL,home,671289,Tyler Freeman,5,0,1,0,0,0,1,0,0,0
824367,2026-04-22,COL,home,666397,Edouard Julien,3,1,1,0,0,0,1,1,1,0
824367,2026-04-22,COL,home,696100,Hunter Goodman,4,2,3,2,0,1,1,1,1,0
824367,2026-04-22,COL,home,687597,Jordan Beck,1,0,0,0,0,0,0,0,0,0
824367,2026-04-22,COL,home,686668,Brenton Doyle,1,0,0,0,0,0,0,0,1,0
824367,2026-04-22,COL,home,678662,Ezequiel Tovar,1,0,0,0,0,0,0,0,1,0
824367,2026-04-22,COL,home,681198,TJ Rumfield,5,0,2,1,0,0,2,0,0,0
824367,2026-04-22,COL,home,691720,Kyle Karros,3,1,1,1,0,0,0,1,0,0
824367,2026-04-22,SD,away,669134,Luis Campusano,4,2,3,2,0,1,1,0,0,0
824367,2026-04-22,SD,away,592206,Nick Castellanos,4,0,0,0,0,0,0,0,1,0
824367,2026-04-22,SD,away,701538,Jackson Merrill,3,0,1,0,0,0,1,1,0,1
824367,2026-04-22,SD,away,657757,Gavin Sheets,4,0,0,0,0,0,0,0,1,0
824367,2026-04-22,SD,away,657656,Ramón Laureano,4,1,0,0,0,0,0,1,2,0
824367,2026-04-22,SD,away,592518,Manny Machado,4,0,1,0,0,0,0,0,1,0
824367,2026-04-22,SD,away,665487,Fernando Tatis Jr.,4,0,0,0,0,0,0,0,2,0
824367,2026-04-22,SD,away,593428,Xander Bogaerts,4,0,2,0,0,0,0,0,0,0
824367,2026-04-22,SD,away,630105,Jake Cronenworth,3,0,0,0,0,0,1,1,0,0
825097,2026-04-22,ARI,home,571448,Nolan Arenado,4,3,4,0,0,1,3,1,0,0
825097,2026-04-22,ARI,home,606466,Ketel Marte,5,1,2,1,0,0,0,0,1,0
825097,2026-04-22,ARI,home,545121,Ildemaro Vargas,5,2,2,0,0,2,5,0,1,0
825097,2026-04-22,ARI,home,672695,Geraldo Perdomo,4,1,3,0,2,0,1,1,1,0
825097,2026-04-22,ARI,home,699912,Jose Fernandez,3,2,2,0,0,0,0,2,0,0
825097,2026-04-22,ARI,home,682998,Corbin Carroll,4,2,3,0,1,0,1,1,0,2
825097,2026-04-22,ARI,home,666971,Lourdes Gurriel Jr.,5,0,0,0,0,0,0,0,0,0
825097,2026-04-22,ARI,home,543510,James McCann,5,0,0,0,0,0,0,0,2,0
825097,2026-04-22,ARI,home,678489,Jorge Barrosa,3,0,0,0,0,0,0,1,0,0
825097,2026-04-22,CWS,away,671976,Tristan Peters,2,1,1,0,1,0,0,0,1,0
825097,2026-04-22,CWS,away,695020,Tanner Murray,2,0,0,0,0,0,0,0,1,0
825097,2026-04-22,CWS,away,682668,Luisangel Acuña,2,0,0,0,0,0,0,0,0,0
825097,2026-04-22,CWS,away,808959,Munetaka Murakami,5,1,3,0,0,1,2,0,1,0
825097,2026-04-22,CWS,away,805367,Chase Meidroth,5,1,1,0,0,0,0,0,0,0
825097,2026-04-22,CWS,away,695657,Colson Montgomery,5,1,1,0,0,1,2,0,2,0
825097,2026-04-22,CWS,away,700337,Edgar Quero,3,0,0,0,0,0,1,2,1,0
825097,2026-04-22,CWS,away,643217,Andrew Benintendi,2,0,0,0,0,0,1,0,1,0
825097,2026-04-22,CWS,away,677592,Everson Pereira,4,0,2,0,0,0,0,1,0,0
825097,2026-04-22,CWS,away,803011,Sam Antonacci,2,0,1,0,0,0,0,0,0,0
825097,2026-04-22,CWS,away,656537,Derek Hill,1,0,0,0,0,0,0,1,0,0
825097,2026-04-22,CWS,away,678246,Miguel Vargas,4,3,2,0,0,1,1,1,1,1
823231,2026-04-22,SF,home,669477,Casey Schmitt,4,0,0,0,0,0,0,0,2,0
823231,2026-04-22,SF,home,671218,Heliot Ramos,3,1,2,0,0,0,0,0,0,0
823231,2026-04-22,SF,home,656305,Matt Chapman,4,0,1,0,0,0,0,0,2,0
823231,2026-04-22,SF,home,672275,Patrick Bailey,3,1,1,0,0,1,3,0,0,0
823231,2026-04-22,SF,home,808982,Jung Hoo Lee,3,1,1,0,0,0,0,0,1,0
823231,2026-04-22,SF,home,687551,Drew Gilbert,2,0,0,0,0,0,0,0,1,0
823231,2026-04-22,SF,home,646240,Rafael Devers,4,0,2,1,0,0,0,0,0,0
823231,2026-04-22,SF,home,642715,Willy Adames,4,0,0,0,0,0,0,0,2,0
823231,2026-04-22,SF,home,650333,Luis Arraez,4,0,1,0,0,0,0,0,0,0
823231,2026-04-22,LAD,away,669257,Will Smith,3,0,0,0,0,0,0,1,0,0
823231,2026-04-22,LAD,away,663656,Kyle Tucker,4,0,0,0,0,0,0,0,1,0
823231,2026-04-22,LAD,away,571970,Max Muncy,3,0,1,0,0,0,0,1,0,0
823231,2026-04-22,LAD,away,518692,Freddie Freeman,4,0,2,0,0,0,0,0,0,0
823231,2026-04-22,LAD,away,808975,Hyeseong Kim,3,0,0,0,0,0,0,0,1,0
823231,2026-04-22,LAD,away,660271,Shohei Ohtani,4,0,0,0,0,0,0,0,1,0
823231,2026-04-22,LAD,away,606192,Teoscar Hernández,4,0,0,0,0,0,0,0,1,0
823231,2026-04-22,LAD,away,681624,Andy Pages,3,0,0,0,0,0,0,1,1,0
823231,2026-04-22,LAD,away,500743,Miguel Rojas,3,0,1,0,0,0,0,0,0,0
822745,2026-04-23,WSH,home,682928,CJ Abrams,3,1,1,0,0,1,1,1,1,0
822745,2026-04-23,WSH,home,683083,Nasim Nuñez,3,0,0,0,0,0,0,0,0,0
822745,2026-04-23,WSH,home,686452,Drew Millas,0,0,0,0,0,0,0,0,0,0
822745,2026-04-23,WSH,home,678391,Jorbit Vivas,3,0,1,0,0,0,0,0,1,0
822745,2026-04-23,WSH,home,686894,Joey Wiemer,1,0,0,0,0,0,0,0,0,0
822745,2026-04-23,WSH,home,678554,Curtis Mead,1,0,0,0,0,0,0,0,1,0
822745,2026-04-23,WSH,home,677588,José Tena,4,0,0,0,0,0,0,0,3,0
822745,2026-04-23,WSH,home,695734,Daylen Lile,2,0,2,0,0,0,0,1,0,0
822745,2026-04-23,WSH,home,695578,James Wood,4,1,1,0,0,1,1,0,2,0
822745,2026-04-23,WSH,home,696285,Jacob Young,4,0,0,0,0,0,0,0,1,0
822745,2026-04-23,WSH,home,660688,Keibert Ruiz,2,0,0,0,0,0,0,0,0,0
822745,2026-04-23,WSH,home,671277,Luis García Jr.,3,0,0,0,0,0,0,0,1,0
822745,2026-04-23,ATL,away,671739,Michael Harris II,4,0,3,1,0,0,2,0,0,0
822745,2026-04-23,ATL,away,622761,Jorge Mateo,1,0,0,0,0,0,0,0,1,0
822745,2026-04-23,ATL,away,643289,Mauricio Dubón,5,0,0,0,0,0,0,0,3,0
822745,2026-04-23,ATL,away,686948,Drake Baldwin,4,1,1,0,0,0,0,1,3,1
822745,2026-04-23,ATL,away,621566,Matt Olson,5,2,3,1,0,0,0,0,2,0
822745,2026-04-23,ATL,away,642086,Dominic Smith,3,0,2,0,0,0,0,0,0,0
822745,2026-04-23,ATL,away,660670,Ronald Acuña Jr.,5,0,1,0,0,0,0,0,1,0
822745,2026-04-23,ATL,away,642201,Eli White,2,0,0,0,0,0,0,0,1,0
822745,2026-04-23,ATL,away,645277,Ozzie Albies,4,2,3,0,0,1,4,0,1,0
822745,2026-04-23,ATL,away,663586,Austin Riley,4,2,1,1,0,0,0,1,2,0
822745,2026-04-23,ATL,away,573262,Mike Yastrzemski,2,0,0,0,0,0,0,0,1,0
824288,2026-04-23,DET,home,663330,Jahmai Jones,1,1,1,0,0,1,1,0,0,0
824288,2026-04-23,DET,home,682985,Riley Greene,3,1,2,0,0,1,2,1,1,0
824288,2026-04-23,DET,home,595879,Javier Báez,3,0,1,0,0,0,0,0,0,0
824288,2026-04-23,DET,home,805808,Kevin McGonigle,4,1,1,1,0,0,0,0,1,0
824288,2026-04-23,DET,home,681481,Kerry Carpenter,2,0,0,0,0,0,0,0,1,0
824288,2026-04-23,DET,home,679529,Spencer Torkelson,4,1,1,0,0,1,1,0,2,0
824288,2026-04-23,DET,home,650402,Gleyber Torres,4,0,0,0,0,0,0,0,1,0
824288,2026-04-23,DET,home,663837,Matt Vierling,1,0,0,0,0,0,0,1,1,0
824288,2026-04-23,DET,home,693307,Dillon Dingler,4,0,1,0,0,0,1,0,1,0
824288,2026-04-23,DET,home,690993,Colt Keith,2,1,0,0,0,0,0,1,0,0
824288,2026-04-23,DET,home,672761,Wenceel Pérez,3,0,0,0,0,0,0,0,0,0
824288,2026-04-23,MIL,away,650859,Luis Rengifo,3,0,0,0,0,0,0,0,0,0
824288,2026-04-23,MIL,away,687401,Joey Ortiz,3,0,1,0,0,0,0,1,1,0
824288,2026-04-23,MIL,away,686217,Sal Frelick,1,0,1,0,0,0,0,0,0,0
824288,2026-04-23,MIL,away,663604,Brandon Lockridge,3,0,1,0,0,0,0,1,2,0
824288,2026-04-23,MIL,away,669003,Garrett Mitchell,1,0,0,0,0,0,0,0,1,0
824288,2026-04-23,MIL,away,666152,David Hamilton,4,0,2,0,0,0,1,0,0,0
824288,2026-04-23,MIL,away,663368,Blake Perkins,3,1,1,1,0,0,2,0,0,0
824288,2026-04-23,MIL,away,661388,William Contreras,4,1,1,1,0,0,0,0,0,0
824288,2026-04-23,MIL,away,668930,Brice Turang,4,0,0,0,0,0,0,0,1,0
824288,2026-04-23,MIL,away,682641,Luis Matos,3,1,1,0,0,0,0,0,0,0
824288,2026-04-23,MIL,away,596142,Gary Sánchez,4,1,2,1,0,0,1,0,1,0
824689,2026-04-23,CHC,home,664023,Ian Happ,6,3,2,0,0,1,1,0,1,0
824689,2026-04-23,CHC,home,664068,Scott Kingery,0,0,0,0,0,0,0,0,0,0
824689,2026-04-23,CHC,home,608324,Alex Bregman,5,0,1,0,0,0,0,1,1,0
824689,2026-04-23,CHC,home,608348,Carson Kelly,5,2,3,1,0,0,0,0,0,0
824689,2026-04-23,CHC,home,683737,Michael Busch,6,1,2,0,0,1,4,0,2,0
824689,2026-04-23,CHC,home,691718,Pete Crow-Armstrong,2,0,0,0,0,0,0,0,2,0
824689,2026-04-23,CHC,home,665804,Miguel Amaya,3,0,1,0,0,0,0,0,1,0
824689,2026-04-23,CHC,home,694208,Moisés Ballesteros,2,0,2,2,0,0,0,0,0,0
824689,2026-04-23,CHC,home,673548,Seiya Suzuki,4,2,3,0,0,1,1,2,0,0
824689,2026-04-23,CHC,home,621020,Dansby Swanson,5,0,2,0,0,0,2,0,0,0
824689,2026-04-23,CHC,home,663538,Nico Hoerner,5,0,0,0,0,0,0,1,0,0
824689,2026-04-23,CHC,home,807713,Matt Shaw,2,0,2,0,0,0,0,1,0,1
824689,2026-04-23,PHI,away,669016,Brandon Marsh,4,2,3,0,0,2,3,1,1,0
824689,2026-04-23,PHI,away,702222,Justin Crawford,5,0,0,0,0,0,0,0,1,0
824689,2026-04-23,PHI,away,547180,Bryce Harper,4,1,1,0,0,0,0,1,0,0
824689,2026-04-23,PHI,away,624641,Edmundo Sosa,2,0,1,0,0,0,1,0,0,1
824689,2026-04-23,PHI,away,664761,Alec Bohm,4,1,1,1,0,0,0,1,1,0
824689,2026-04-23,PHI,away,681082,Bryson Stott,3,1,1,0,0,0,0,0,1,0
824689,2026-04-23,PHI,away,656941,Kyle Schwarber,4,0,0,0,0,0,0,1,2,0
824689,2026-04-23,PHI,away,694025,Felix Reyes,4,0,0,0,0,0,0,0,0,0
824689,2026-04-23,PHI,away,665561,Rafael Marchán,0,0,0,0,0,0,0,0,0,0
824689,2026-04-23,PHI,away,664238,Dylan Moore,1,1,0,0,0,0,0,0,0,1
824689,2026-04-23,PHI,away,596117,Garrett Stubbs,2,0,0,0,0,0,1,0,0,0
824689,2026-04-23,PHI,away,666969,Adolis García,1,1,1,0,0,1,1,0,0,0
824689,2026-04-23,PHI,away,607208,Trea Turner,4,0,0,0,0,0,0,1,1,0
824368,2026-04-23,COL,home,666160,Mickey Moniak,5,3,4,0,0,2,2,0,1,0
824368,2026-04-23,COL,home,664983,Jake McCarthy,2,1,1,1,0,0,0,0,0,0
824368,2026-04-23,COL,home,687859,Troy Johnston,4,0,3,0,0,0,2,1,0,0
824368,2026-04-23,COL,home,650489,Willi Castro,1,0,0,0,0,0,0,1,1,0
824368,2026-04-23,COL,home,671289,Tyler Freeman,2,1,1,1,0,0,1,0,0,0
824368,2026-04-23,COL,home,666397,Edouard Julien,5,2,2,0,1,0,1,0,2,0
824368,2026-04-23,COL,home,664954,Brett Sullivan,4,0,0,0,0,0,0,0,0,0
824368,2026-04-23,COL,home,686668,Brenton Doyle,2,0,1,0,0,0,0,0,0,0
824368,2026-04-23,COL,home,678662,Ezequiel Tovar,5,0,0,0,0,0,0,0,0,0
824368,2026-04-23,COL,home,681198,TJ Rumfield,4,1,2,2,0,0,2,1,0,0
824368,2026-04-23,COL,home,691720,Kyle Karros,4,0,0,0,0,0,0,0,0,0
824368,2026-04-23,SD,away,666023,Freddy Fermin,4,1,0,0,0,0,0,1,2,0
824368,2026-04-23,SD,away,701538,Jackson Merrill,3,1,0,0,0,0,0,1,3,0
824368,2026-04-23,SD,away,657757,Gavin Sheets,2,1,1,0,0,1,3,0,0,0
824368,2026-04-23,SD,away,657656,Ramón Laureano,6,0,3,0,1,0,2,0,1,0
824368,2026-04-23,SD,away,592518,Manny Machado,5,2,2,0,0,0,0,0,1,0
824368,2026-04-23,SD,away,609280,Miguel Andujar,5,0,2,1,0,0,3,0,2,0
824368,2026-04-23,SD,away,665487,Fernando Tatis Jr.,5,0,1,0,0,0,0,0,3,0
824368,2026-04-23,SD,away,664034,Ty France,3,0,0,0,0,0,0,0,0,0
824368,2026-04-23,SD,away,669369,Bryce Johnson,0,1,0,0,0,0,0,0,0,0
824368,2026-04-23,SD,away,593428,Xander Bogaerts,3,3,2,0,0,1,2,2,0,0
824368,2026-04-23,SD,away,630105,Jake Cronenworth,4,1,2,0,0,0,0,1,1,1
825096,2026-04-23,ARI,home,680728,Adrian Del Castillo,4,0,1,1,0,0,1,0,2,0
825096,2026-04-23,ARI,home,571448,Nolan Arenado,4,0,1,0,0,0,0,0,2,0
825096,2026-04-23,ARI,home,606466,Ketel Marte,4,1,2,0,0,0,0,0,0,0
825096,2026-04-23,ARI,home,545121,Ildemaro Vargas,4,0,1,0,0,0,0,0,0,0
825096,2026-04-23,ARI,home,672695,Geraldo Perdomo,4,0,1,0,0,0,0,0,2,0
825096,2026-04-23,ARI,home,699912,Jose Fernandez,1,0,0,0,0,0,0,0,1,0
825096,2026-04-23,ARI,home,682998,Corbin Carroll,4,0,0,0,0,0,0,0,1,0
825096,2026-04-23,ARI,home,605244,Aramis Garcia,2,0,1,0,0,0,0,0,1,0
825096,2026-04-23,ARI,home,543510,James McCann,0,0,0,0,0,0,0,0,0,0
825096,2026-04-23,ARI,home,678489,Jorge Barrosa,4,0,0,0,0,0,0,0,3,0
825096,2026-04-23,ARI,home,677950,Alek Thomas,2,0,1,1,0,0,0,1,0,1
825096,2026-04-23,CWS,away,671976,Tristan Peters,3,0,1,0,0,0,0,0,0,0
825096,2026-04-23,CWS,away,808959,Munetaka Murakami,5,0,1,0,0,0,0,0,3,0
825096,2026-04-23,CWS,away,805367,Chase Meidroth,3,1,2,0,0,0,0,1,1,0
825096,2026-04-23,CWS,away,695657,Colson Montgomery,4,0,3,0,0,0,0,0,0,0
825096,2026-04-23,CWS,away,624512,Reese McGuire,3,0,0,0,0,0,0,0,2,0
825096,2026-04-23,CWS,away,700337,Edgar Quero,0,1,0,0,0,0,0,1,0,0
825096,2026-04-23,CWS,away,643217,Andrew Benintendi,5,2,2,0,0,1,3,0,2,0
825096,2026-04-23,CWS,away,677592,Everson Pereira,4,0,0,0,0,0,0,0,1,0
825096,2026-04-23,CWS,away,803011,Sam Antonacci,4,0,0,0,0,0,0,0,1,0
825096,2026-04-23,CWS,away,656537,Derek Hill,0,0,0,0,0,0,0,0,0,1
825096,2026-04-23,CWS,away,678246,Miguel Vargas,4,0,1,0,0,0,1,1,0,1
823233,2026-04-23,SF,home,666464,Jerar Encarnacion,1,0,0,0,0,0,0,0,0,0
823233,2026-04-23,SF,home,671218,Heliot Ramos,3,0,0,0,0,0,0,0,2,0
823233,2026-04-23,SF,home,686823,Will Brennan,3,0,0,0,0,0,0,0,1,0
823233,2026-04-23,SF,home,656305,Matt Chapman,3,0,0,0,0,0,0,0,1,0
823233,2026-04-23,SF,home,672275,Patrick Bailey,3,0,0,0,0,0,0,0,0,0
823233,2026-04-23,SF,home,808982,Jung Hoo Lee,3,0,0,0,0,0,0,0,0,0
823233,2026-04-23,SF,home,687551,Drew Gilbert,2,0,0,0,0,0,0,0,0,0
823233,2026-04-23,SF,home,646240,Rafael Devers,3,0,0,0,0,0,0,0,3,0
823233,2026-04-23,SF,home,642715,Willy Adames,4,0,0,0,0,0,0,0,2,0
823233,2026-04-23,SF,home,650333,Luis Arraez,2,0,1,0,0,0,0,1,0,1
823233,2026-04-23,LAD,away,687221,Dalton Rushing,2,0,1,0,0,0,1,1,0,0
823233,2026-04-23,LAD,away,663656,Kyle Tucker,4,1,2,1,0,0,0,0,1,0
823233,2026-04-23,LAD,away,571970,Max Muncy,3,2,1,1,0,0,0,1,0,0
823233,2026-04-23,LAD,away,518692,Freddie Freeman,4,0,1,0,0,0,0,0,0,0
823233,2026-04-23,LAD,away,808975,Hyeseong Kim,4,0,2,0,0,0,1,0,1,1
823233,2026-04-23,LAD,away,660271,Shohei Ohtani,5,0,0,0,0,0,0,0,2,0
823233,2026-04-23,LAD,away,606192,Teoscar Hernández,4,0,0,0,0,0,0,0,2,0
823233,2026-04-23,LAD,away,681624,Andy Pages,4,0,0,0,0,0,0,0,0,0
823233,2026-04-23,LAD,away,690976,Alex Freeland,3,0,1,0,0,0,0,1,1,0
824770,2026-04-23,BOS,home,575929,Willson Contreras,4,0,0,0,0,0,0,0,2,0
824770,2026-04-23,BOS,home,596115,Trevor Story,3,1,0,0,0,0,0,0,0,0
824770,2026-04-23,BOS,home,677800,Wilyer Abreu,2,0,1,0,0,0,0,1,0,0
824770,2026-04-23,BOS,home,702332,Caleb Durbin,3,0,0,0,0,0,0,0,0,0
824770,2026-04-23,BOS,home,665966,Carlos Narváez,3,1,1,0,0,1,1,0,2,0
824770,2026-04-23,BOS,home,680776,Jarren Duran,4,0,1,0,0,0,0,0,1,0
824770,2026-04-23,BOS,home,678882,Ceddanne Rafaela,4,0,0,0,0,0,0,0,0,0
824770,2026-04-23,BOS,home,807799,Masataka Yoshida,4,0,0,0,0,0,0,0,0,0
824770,2026-04-23,BOS,home,691785,Marcelo Mayer,3,0,1,1,0,0,1,0,0,0
824770,2026-04-23,NYY,away,676609,José Caballero,4,1,2,1,0,0,0,0,1,0
824770,2026-04-23,NYY,away,642708,Amed Rosario,3,0,1,0,0,0,0,0,1,0
824770,2026-04-23,NYY,away,545341,Randal Grichuk,3,0,0,0,0,0,0,0,2,0
824770,2026-04-23,NYY,away,592450,Aaron Judge,4,0,1,0,0,0,1,1,3,0
824770,2026-04-23,NYY,away,641857,Ryan McMahon,1,0,1,0,0,0,0,0,0,0
824770,2026-04-23,NYY,away,669224,Austin Wells,4,0,0,0,0,0,0,0,1,0
824770,2026-04-23,NYY,away,700250,Ben Rice,4,0,1,0,0,0,0,1,2,0
824770,2026-04-23,NYY,away,641355,Cody Bellinger,2,0,1,0,0,0,2,0,0,0
824770,2026-04-23,NYY,away,519317,Giancarlo Stanton,4,0,0,0,0,0,0,0,4,0
824770,2026-04-23,NYY,away,665862,Jazz Chisholm Jr.,4,2,2,0,0,1,1,0,1,0
824770,2026-04-23,NYY,away,663757,Trent Grisham,4,1,1,0,0,0,0,0,2,0
823639,2026-04-23,NYM,home,666182,Bo Bichette,5,2,3,1,0,0,3,0,2,1
823639,2026-04-23,NYM,home,621438,Tyrone Taylor,0,0,0,0,0,0,0,0,0,0
823639,2026-04-23,NYM,home,682626,Francisco Alvarez,3,0,0,0,0,0,1,0,2,0
823639,2026-04-23,NYM,home,668901,Mark Vientos,3,0,0,0,0,0,0,0,0,0
823639,2026-04-23,NYM,home,683146,Brett Baty,4,2,2,0,0,1,3,0,1,0
823639,2026-04-23,NYM,home,701807,Carson Benge,3,2,2,1,0,1,1,0,1,0
823639,2026-04-23,NYM,home,502054,Tommy Pham,0,1,0,0,0,0,0,1,0,0
823639,2026-04-23,NYM,home,543760,Marcus Semien,4,2,2,1,0,0,0,0,1,1
823639,2026-04-23,NYM,home,665742,Juan Soto,3,0,0,0,0,0,0,2,0,0
823639,2026-04-23,NYM,home,677595,Ronny Mauricio,4,0,0,0,0,0,0,0,2,0
823639,2026-04-23,NYM,home,673357,Luis Robert Jr.,4,1,1,1,0,0,1,0,0,0
823639,2026-04-23,MIN,away,665019,Kody Clemens,4,0,0,0,0,0,0,1,1,0
823639,2026-04-23,MIN,away,686797,Brooks Lee,4,3,3,0,0,0,0,1,0,0
823639,2026-04-23,MIN,away,668885,Austin Martin,4,0,3,0,0,0,1,1,0,0
823639,2026-04-23,MIN,away,656484,Tristan Gray,5,1,2,0,0,1,2,0,1,0
823639,2026-04-23,MIN,away,605137,Josh Bell,4,1,1,0,0,0,1,1,0,0
823639,2026-04-23,MIN,away,680777,Ryan Jeffers,3,1,1,0,0,1,4,2,1,0
823639,2026-04-23,MIN,away,663616,Trevor Larnach,5,2,1,0,0,0,0,1,3,0
823639,2026-04-23,MIN,away,621439,Byron Buxton,5,0,1,1,0,0,0,0,2,0
823639,2026-04-23,MIN,away,807712,Luke Keaschall,5,0,0,0,0,0,0,0,1,0
822912,2026-04-23,TEX,home,694497,Evan Carter,4,1,2,0,0,1,2,0,1,0
822912,2026-04-23,TEX,home,669394,Jake Burger,4,0,0,0,0,0,0,0,0,0
822912,2026-04-23,TEX,home,696030,Alejandro Osuna,2,1,1,0,0,0,0,2,0,0
822912,2026-04-23,TEX,home,592626,Joc Pederson,3,1,1,0,0,0,1,0,1,0
822912,2026-04-23,TEX,home,608369,Corey Seager,4,1,2,0,0,1,3,0,1,0
822912,2026-04-23,TEX,home,673962,Josh Jung,3,1,1,0,0,0,0,0,0,0
822912,2026-04-23,TEX,home,457705,Andrew McCutchen,2,0,0,0,0,0,0,0,1,0
822912,2026-04-23,TEX,home,607043,Brandon Nimmo,3,0,2,1,0,0,0,2,1,0
822912,2026-04-23,TEX,home,669701,Josh Smith,3,1,0,0,0,0,0,1,1,1
822912,2026-04-23,TEX,home,643376,Danny Jansen,4,0,0,0,0,0,0,0,1,0
822912,2026-04-23,PIT,away,687462,Spencer Horwitz,3,0,0,0,0,0,0,1,0,0
822912,2026-04-23,PIT,away,664040,Brandon Lowe,4,0,0,0,0,0,0,0,2,0
822912,2026-04-23,PIT,away,668804,Bryan Reynolds,4,0,0,0,0,0,0,0,2,0
822912,2026-04-23,PIT,away,663698,Joey Bart,3,0,1,0,0,0,0,0,1,0
822912,2026-04-23,PIT,away,665833,Oneil Cruz,4,1,1,0,0,1,1,0,2,0
822912,2026-04-23,PIT,away,804606,Konnor Griffin,4,0,0,0,0,0,0,0,2,0
822912,2026-04-23,PIT,away,656811,Ryan O'Hearn,3,0,1,0,0,0,0,1,1,0
822912,2026-04-23,PIT,away,542303,Marcell Ozuna,4,0,0,0,0,0,0,0,3,0
822912,2026-04-23,PIT,away,693304,Nick Gonzales,3,0,2,0,0,0,0,0,0,0
824529,2026-04-24,CIN,home,682829,Elly De La Cruz,4,1,2,0,0,0,0,1,0,0
824529,2026-04-24,CIN,home,667472,Dane Myers,3,2,1,0,0,0,0,2,2,0
824529,2026-04-24,CIN,home,701398,Sal Stewart,4,0,0,0,0,0,0,1,2,1
824529,2026-04-24,CIN,home,663993,Nathaniel Lowe,5,3,2,0,0,2,3,0,0,0
824529,2026-04-24,CIN,home,680574,Matt McLain,4,2,2,0,0,2,4,1,0,0
824529,2026-04-24,CIN,home,663647,Ke'Bryan Hayes,3,0,0,0,0,0,0,0,1,0
824529,2026-04-24,CIN,home,670770,TJ Friedl,1,0,0,0,0,0,0,0,1,0
824529,2026-04-24,CIN,home,668715,Spencer Steer,5,1,2,0,0,0,0,0,2,1
824529,2026-04-24,CIN,home,663886,Tyler Stephenson,3,0,1,1,0,0,1,1,2,0
824529,2026-04-24,CIN,home,677956,Rece Hinds,4,0,1,1,0,0,0,0,3,0
824529,2026-04-24,DET,away,701678,Hao-Yu  Lee,2,0,0,0,0,0,0,0,0,0
824529,2026-04-24,DET,away,663330,Jahmai Jones,3,0,1,0,0,0,1,0,1,0
824529,2026-04-24,DET,away,682985,Riley Greene,5,1,2,0,0,1,1,0,1,0
824529,2026-04-24,DET,away,595879,Javier Báez,4,1,1,0,0,1,1,0,1,0
824529,2026-04-24,DET,away,805808,Kevin McGonigle,3,1,1,0,0,0,0,1,1,1
824529,2026-04-24,DET,away,681481,Kerry Carpenter,2,1,1,0,0,1,2,0,0,0
824529,2026-04-24,DET,away,679529,Spencer Torkelson,3,2,2,1,0,1,1,1,0,0
824529,2026-04-24,DET,away,650402,Gleyber Torres,2,1,0,0,0,0,0,3,1,0
824529,2026-04-24,DET,away,663837,Matt Vierling,5,0,1,1,0,0,2,0,0,0
824529,2026-04-24,DET,away,693307,Dillon Dingler,4,0,0,0,0,0,0,1,1,0
824529,2026-04-24,DET,away,690993,Colt Keith,2,1,2,0,0,0,0,0,0,0
824854,2026-04-24,BAL,home,669236,Jeremiah Jackson,4,0,0,0,0,0,0,0,0,0
824854,2026-04-24,BAL,home,694212,Samuel Basallo,5,1,4,1,0,1,1,0,0,0
824854,2026-04-24,BAL,home,683002,Gunnar Henderson,5,3,3,0,0,1,1,0,1,0
824854,2026-04-24,BAL,home,665750,Leody Taveras,4,0,0,0,0,0,0,1,1,0
824854,2026-04-24,BAL,home,621493,Taylor Ward,4,2,4,0,0,0,0,1,0,0
824854,2026-04-24,BAL,home,687637,Dylan Beavers,5,1,3,0,0,1,1,0,0,0
824854,2026-04-24,BAL,home,668939,Adley Rutschman,5,2,3,0,0,2,6,0,0,0
824854,2026-04-24,BAL,home,677942,Blaze Alexander,0,0,0,0,0,0,0,0,0,0
824854,2026-04-24,BAL,home,624413,Pete Alonso,5,0,1,0,0,0,0,0,1,0
824854,2026-04-24,BAL,home,691723,Coby Mayo,5,1,2,0,0,1,1,0,2,0
824854,2026-04-24,BOS,away,575929,Willson Contreras,4,0,0,0,0,0,0,0,4,0
824854,2026-04-24,BOS,away,596115,Trevor Story,3,0,2,0,0,0,0,1,0,0
824854,2026-04-24,BOS,away,677800,Wilyer Abreu,4,2,2,1,0,1,1,0,1,0
824854,2026-04-24,BOS,away,702332,Caleb Durbin,3,1,1,0,0,0,0,1,0,0
824854,2026-04-24,BOS,away,665966,Carlos Narváez,4,0,1,0,0,0,0,0,1,0
824854,2026-04-24,BOS,away,680776,Jarren Duran,5,0,1,0,0,0,0,0,0,1
824854,2026-04-24,BOS,away,678882,Ceddanne Rafaela,4,0,0,0,0,0,1,0,0,0
824854,2026-04-24,BOS,away,807799,Masataka Yoshida,4,0,1,0,0,0,0,0,0,0
824854,2026-04-24,BOS,away,691785,Marcelo Mayer,4,0,2,1,0,0,1,0,0,0
822827,2026-04-24,TOR,home,672820,Lenyn Sosa,4,1,1,0,0,0,0,0,2,0
822827,2026-04-24,TOR,home,676391,Ernie Clement,4,0,1,1,0,0,1,0,0,0
822827,2026-04-24,TOR,home,662139,Daulton Varsho,4,0,0,0,0,0,0,0,0,0
822827,2026-04-24,TOR,home,665926,Andrés Giménez,4,0,3,1,0,0,2,0,0,0
822827,2026-04-24,TOR,home,676914,Davis Schneider,3,2,0,0,0,0,0,1,1,0
822827,2026-04-24,TOR,home,664770,Nathan Lukes,1,0,1,1,0,0,0,0,0,0
822827,2026-04-24,TOR,home,623168,Tyler Heineman,3,0,0,0,0,0,0,0,0,0
822827,2026-04-24,TOR,home,665489,Vladimir Guerrero Jr.,4,0,0,0,0,0,1,0,0,0
822827,2026-04-24,TOR,home,660821,Jesús Sánchez,3,1,1,0,0,1,1,0,1,0
822827,2026-04-24,TOR,home,650391,Eloy Jiménez,1,0,0,0,0,0,0,0,0,0
822827,2026-04-24,TOR,home,664702,Myles Straw,1,0,0,0,0,0,0,0,0,0
822827,2026-04-24,TOR,home,672960,Kazuma Okamoto,3,2,2,0,0,1,1,1,1,0
822827,2026-04-24,CLE,away,671655,George Valera,4,1,1,1,0,0,2,0,1,0
822827,2026-04-24,CLE,away,800050,Chase DeLauter,4,0,0,0,0,0,1,1,0,0
822827,2026-04-24,CLE,away,682177,Daniel Schneemann,4,1,2,1,0,1,1,1,2,0
822827,2026-04-24,CLE,away,677587,Brayan Rocchio,4,1,2,0,0,0,0,0,0,0
822827,2026-04-24,CLE,away,666310,Bo Naylor,4,0,1,0,0,0,0,0,1,0
822827,2026-04-24,CLE,away,608070,José Ramírez,4,1,1,0,0,0,0,1,0,0
822827,2026-04-24,CLE,away,680757,Steven Kwan,0,0,0,0,0,0,0,0,0,0
822827,2026-04-24,CLE,away,682657,Angel Martínez,4,2,2,0,0,2,4,0,2,0
822827,2026-04-24,CLE,away,700932,Kyle Manzardo,5,0,0,0,0,0,0,0,0,0
822827,2026-04-24,CLE,away,656555,Rhys Hoskins,4,2,1,0,0,0,0,1,2,0
823638,2026-04-24,NYM,home,620443,Luis Torrens,0,0,0,0,0,0,0,0,0,0
823638,2026-04-24,NYM,home,666182,Bo Bichette,4,1,1,0,0,0,0,0,0,0
823638,2026-04-24,NYM,home,621438,Tyrone Taylor,3,0,1,0,0,0,0,0,1,0
823638,2026-04-24,NYM,home,682626,Francisco Alvarez,4,0,1,0,0,0,0,0,1,0
823638,2026-04-24,NYM,home,668901,Mark Vientos,4,0,2,0,0,0,0,0,1,0
823638,2026-04-24,NYM,home,683146,Brett Baty,4,1,2,1,0,0,2,0,0,0
823638,2026-04-24,NYM,home,701807,Carson Benge,4,0,1,0,0,0,0,0,0,0
823638,2026-04-24,NYM,home,502054,Tommy Pham,0,0,0,0,0,0,0,0,0,0
823638,2026-04-24,NYM,home,543760,Marcus Semien,4,0,0,0,0,0,0,0,0,0
823638,2026-04-24,NYM,home,669004,MJ Melendez,1,0,0,0,0,0,0,0,1,0
823638,2026-04-24,NYM,home,665742,Juan Soto,4,0,1,0,0,0,0,0,0,0
823638,2026-04-24,NYM,home,677595,Ronny Mauricio,3,1,2,0,0,0,0,0,0,0
823638,2026-04-24,COL,away,666160,Mickey Moniak,5,0,1,0,0,0,0,0,2,0
823638,2026-04-24,COL,away,664983,Jake McCarthy,3,0,1,1,0,0,1,0,1,0
823638,2026-04-24,COL,away,687859,Troy Johnston,5,0,1,0,0,0,2,0,2,0
823638,2026-04-24,COL,away,671289,Tyler Freeman,4,0,1,0,0,0,0,0,1,0
823638,2026-04-24,COL,away,696100,Hunter Goodman,4,1,1,0,0,0,0,1,2,0
823638,2026-04-24,COL,away,687597,Jordan Beck,1,0,0,0,0,0,0,0,1,0
823638,2026-04-24,COL,away,686668,Brenton Doyle,3,1,1,0,0,0,0,1,2,1
823638,2026-04-24,COL,away,678662,Ezequiel Tovar,4,0,2,0,0,0,0,0,2,0
823638,2026-04-24,COL,away,681198,TJ Rumfield,3,1,1,0,0,0,1,1,1,0
823638,2026-04-24,COL,away,691720,Kyle Karros,4,1,1,0,0,0,0,1,1,0
822992,2026-04-24,TB,home,670764,Taylor Walls,2,0,0,0,0,0,0,0,1,0
822992,2026-04-24,TB,home,802415,Chandler Simpson,3,1,0,0,0,0,1,1,0,0
822992,2026-04-24,TB,home,676356,Jonny DeLuca,4,0,1,0,0,0,0,0,0,0
822992,2026-04-24,TB,home,666018,Jonathan Aranda,4,2,2,0,0,2,2,0,1,0
822992,2026-04-24,TB,home,663743,Nick Fortes,3,1,1,1,0,0,0,0,0,0
822992,2026-04-24,TB,home,650490,Yandy Díaz,4,0,1,0,0,0,0,0,0,0
822992,2026-04-24,TB,home,810938,Ben Williamson,3,0,0,0,0,0,0,1,2,0
822992,2026-04-24,TB,home,691406,Junior Caminero,4,2,2,0,0,2,3,0,0,0
822992,2026-04-24,TB,home,656775,Cedric Mullins,3,0,0,0,0,0,0,1,1,1
822992,2026-04-24,MIN,away,605170,Victor Caratini,4,0,0,0,0,0,0,0,2,0
822992,2026-04-24,MIN,away,665019,Kody Clemens,4,0,1,0,0,0,0,0,1,0
822992,2026-04-24,MIN,away,686797,Brooks Lee,4,1,3,1,0,1,1,0,1,0
822992,2026-04-24,MIN,away,668885,Austin Martin,3,0,1,1,0,0,0,1,1,0
822992,2026-04-24,MIN,away,656484,Tristan Gray,4,0,1,0,0,0,0,0,1,0
822992,2026-04-24,MIN,away,668904,Royce Lewis,4,1,1,0,0,1,1,0,0,0
822992,2026-04-24,MIN,away,663616,Trevor Larnach,5,0,1,0,0,0,0,0,0,0
822992,2026-04-24,MIN,away,621439,Byron Buxton,5,0,0,0,0,0,0,0,2,0
822992,2026-04-24,MIN,away,670242,Matt Wallner,3,0,1,0,0,0,0,1,0,0
824932,2026-04-24,ATL,home,671739,Michael Harris II,1,0,1,1,0,0,2,0,0,0
824932,2026-04-24,ATL,home,622761,Jorge Mateo,1,1,0,0,0,0,0,0,1,1
824932,2026-04-24,ATL,home,643289,Mauricio Dubón,3,1,1,0,0,0,0,1,0,0
824932,2026-04-24,ATL,home,686948,Drake Baldwin,5,0,0,0,0,0,0,0,1,0
824932,2026-04-24,ATL,home,621566,Matt Olson,5,0,2,0,0,0,0,0,0,0
824932,2026-04-24,ATL,home,642086,Dominic Smith,4,1,1,0,0,0,0,0,0,0
824932,2026-04-24,ATL,home,660670,Ronald Acuña Jr.,3,1,1,0,0,1,2,2,0,0
824932,2026-04-24,ATL,home,642201,Eli White,2,1,1,0,0,0,0,0,0,0
824932,2026-04-24,ATL,home,645277,Ozzie Albies,4,0,2,0,0,0,0,0,0,0
824932,2026-04-24,ATL,home,663586,Austin Riley,3,0,0,0,0,0,0,0,0,0
824932,2026-04-24,ATL,home,573262,Mike Yastrzemski,4,0,1,0,0,0,0,0,0,0
824932,2026-04-24,PHI,away,669016,Brandon Marsh,5,0,1,0,0,0,0,0,0,0
824932,2026-04-24,PHI,away,702222,Justin Crawford,4,0,0,0,0,0,0,0,0,0
824932,2026-04-24,PHI,away,547180,Bryce Harper,5,1,1,0,0,1,1,0,2,0
824932,2026-04-24,PHI,away,664761,Alec Bohm,3,0,1,0,0,0,0,1,0,0
824932,2026-04-24,PHI,away,681082,Bryson Stott,4,0,1,0,0,0,0,0,0,0
824932,2026-04-24,PHI,away,656941,Kyle Schwarber,4,0,0,0,0,0,0,1,2,0
824932,2026-04-24,PHI,away,596117,Garrett Stubbs,4,1,2,0,0,0,0,0,0,0
824932,2026-04-24,PHI,away,666969,Adolis García,5,0,3,0,0,0,0,0,0,0
824932,2026-04-24,PHI,away,607208,Trea Turner,3,1,1,0,0,1,2,2,1,0
824124,2026-04-24,KC,home,695600,Carter Jensen,4,1,2,0,0,0,0,0,0,0
824124,2026-04-24,KC,home,686555,Isaac Collins,3,1,2,0,0,0,2,1,1,0
824124,2026-04-24,KC,home,521692,Salvador Perez,4,0,0,0,0,0,0,0,3,0
824124,2026-04-24,KC,home,679845,Nick Loftin,4,0,0,0,0,0,0,0,1,0
824124,2026-04-24,KC,home,686681,Michael Massey,4,0,1,1,0,0,1,0,2,0
824124,2026-04-24,KC,home,516782,Starling Marte,3,1,1,0,0,0,1,0,1,0
824124,2026-04-24,KC,home,664728,Kyle Isbel,0,1,0,0,0,0,0,0,0,1
824124,2026-04-24,KC,home,553869,Elias Díaz,3,1,1,1,0,0,2,1,1,0
824124,2026-04-24,KC,home,657041,Lane Thomas,2,0,0,0,0,0,0,2,1,0
824124,2026-04-24,KC,home,677951,Bobby Witt Jr.,4,1,1,1,0,0,0,0,0,0
824124,2026-04-24,LAA,away,624428,Adam Frazier,1,0,0,0,0,0,0,0,1,0
824124,2026-04-24,LAA,away,672724,Oswald Peraza,2,0,0,0,0,0,0,1,1,0
824124,2026-04-24,LAA,away,687263,Zach Neto,5,0,1,0,0,0,1,0,1,0
824124,2026-04-24,LAA,away,624585,Jorge Soler,3,0,1,0,0,0,0,1,1,0
824124,2026-04-24,LAA,away,660162,Yoán Moncada,1,0,0,0,0,0,0,0,1,0
824124,2026-04-24,LAA,away,545361,Mike Trout,2,0,0,0,0,0,1,3,2,0
824124,2026-04-24,LAA,away,666176,Jo Adell,5,0,1,0,0,0,1,0,1,0
824124,2026-04-24,LAA,away,687093,Vaughn Grissom,4,1,2,2,0,0,0,0,0,0
824124,2026-04-24,LAA,away,694384,Nolan Schanuel,4,0,0,0,0,0,0,0,0,0
824124,2026-04-24,LAA,away,669326,Bryce Teodosio,3,1,2,0,0,0,0,0,1,0
824124,2026-04-24,LAA,away,681351,Logan O'Hoppe,3,1,1,0,0,0,0,1,0,0
824611,2026-04-24,CWS,home,671976,Tristan Peters,4,0,1,0,0,0,0,0,0,0
824611,2026-04-24,CWS,home,682668,Luisangel Acuña,2,1,0,0,0,0,0,2,0,0
824611,2026-04-24,CWS,home,808959,Munetaka Murakami,3,1,1,0,0,1,1,1,1,0
824611,2026-04-24,CWS,home,805367,Chase Meidroth,4,0,0,0,0,0,0,0,2,0
824611,2026-04-24,CWS,home,695657,Colson Montgomery,3,0,1,0,0,0,1,1,0,0
824611,2026-04-24,CWS,home,700337,Edgar Quero,3,0,0,0,0,0,0,0,0,0
824611,2026-04-24,CWS,home,643217,Andrew Benintendi,2,1,1,1,0,0,1,0,0,0
824611,2026-04-24,CWS,home,677592,Everson Pereira,1,0,1,0,0,0,0,0,0,1
824611,2026-04-24,CWS,home,803011,Sam Antonacci,1,1,1,1,0,0,1,1,0,0
824611,2026-04-24,CWS,home,656537,Derek Hill,0,0,0,0,0,0,0,0,0,0
824611,2026-04-24,CWS,home,678246,Miguel Vargas,4,1,2,0,0,0,0,0,0,0
824611,2026-04-24,WSH,away,691781,Brady House,4,1,1,0,0,1,2,0,1,0
824611,2026-04-24,WSH,away,682928,CJ Abrams,4,0,0,0,0,0,0,0,1,0
824611,2026-04-24,WSH,away,683083,Nasim Nuñez,3,0,1,0,0,0,0,1,1,1
824611,2026-04-24,WSH,away,686452,Drew Millas,2,1,0,0,0,0,0,0,0,0
824611,2026-04-24,WSH,away,678391,Jorbit Vivas,4,1,1,0,0,0,0,0,0,0
824611,2026-04-24,WSH,away,686894,Joey Wiemer,0,0,0,0,0,0,0,0,0,0
824611,2026-04-24,WSH,away,695734,Daylen Lile,3,0,1,0,0,0,1,1,1,0
824611,2026-04-24,WSH,away,677588,José Tena,1,0,0,0,0,0,0,0,0,0
824611,2026-04-24,WSH,away,695578,James Wood,2,0,0,0,0,0,0,3,2,0
824611,2026-04-24,WSH,away,696285,Jacob Young,4,0,0,0,0,0,0,0,0,0
824611,2026-04-24,WSH,away,671277,Luis García Jr.,3,1,2,1,0,0,1,0,0,0
823800,2026-04-24,MIL,home,650859,Luis Rengifo,3,0,0,0,0,0,0,0,0,0
823800,2026-04-24,MIL,home,675659,Greg Jones,1,0,0,0,0,0,0,0,0,0
823800,2026-04-24,MIL,home,687401,Joey Ortiz,1,0,0,0,0,0,0,0,0,0
823800,2026-04-24,MIL,home,641343,Jake Bauers,3,0,1,0,0,0,0,0,1,0
823800,2026-04-24,MIL,home,686217,Sal Frelick,2,0,0,0,0,0,0,0,0,0
823800,2026-04-24,MIL,home,663604,Brandon Lockridge,3,0,0,0,0,0,0,0,1,0
823800,2026-04-24,MIL,home,672012,Tyler Black,3,0,0,0,0,0,0,0,1,0
823800,2026-04-24,MIL,home,669003,Garrett Mitchell,2,0,0,0,0,0,0,0,2,0
823800,2026-04-24,MIL,home,666152,David Hamilton,2,0,0,0,0,0,0,0,1,0
823800,2026-04-24,MIL,home,663368,Blake Perkins,1,0,0,0,0,0,0,0,1,0
823800,2026-04-24,MIL,home,661388,William Contreras,4,0,0,0,0,0,0,0,0,0
823800,2026-04-24,MIL,home,668930,Brice Turang,3,0,0,0,0,0,0,1,2,0
823800,2026-04-24,PIT,away,687462,Spencer Horwitz,3,1,1,0,0,0,1,1,0,0
823800,2026-04-24,PIT,away,664040,Brandon Lowe,5,1,1,1,0,0,0,0,1,0
823800,2026-04-24,PIT,away,668804,Bryan Reynolds,3,0,0,0,0,0,0,2,2,0
823800,2026-04-24,PIT,away,665833,Oneil Cruz,5,0,0,0,0,0,1,0,1,0
823800,2026-04-24,PIT,away,663968,Jake Mangum,0,0,0,0,0,0,0,0,0,0
823800,2026-04-24,PIT,away,695257,Billy Cook,0,0,0,0,0,0,0,0,0,0
823800,2026-04-24,PIT,away,680779,Henry Davis,4,0,1,0,0,0,0,0,0,0
823800,2026-04-24,PIT,away,804606,Konnor Griffin,4,1,3,0,0,1,3,0,0,1
823800,2026-04-24,PIT,away,656811,Ryan O'Hearn,4,2,2,1,0,0,0,0,0,0
823800,2026-04-24,PIT,away,542303,Marcell Ozuna,5,0,0,0,0,0,0,0,1,0
823800,2026-04-24,PIT,away,693304,Nick Gonzales,4,1,1,0,0,0,1,0,0,0
822909,2026-04-24,TEX,home,694497,Evan Carter,4,0,1,0,0,0,0,0,1,0
822909,2026-04-24,TEX,home,669394,Jake Burger,4,0,0,0,0,0,0,0,0,0
822909,2026-04-24,TEX,home,696030,Alejandro Osuna,2,0,0,0,0,0,0,0,0,0
822909,2026-04-24,TEX,home,592626,Joc Pederson,3,0,1,0,0,0,0,0,2,0
822909,2026-04-24,TEX,home,608369,Corey Seager,4,1,2,1,0,0,0,0,0,0
822909,2026-04-24,TEX,home,673962,Josh Jung,4,0,1,1,0,0,1,0,1,1
822909,2026-04-24,TEX,home,457705,Andrew McCutchen,1,0,1,0,0,0,0,0,0,0
822909,2026-04-24,TEX,home,543309,Kyle Higashioka,4,0,0,0,0,0,0,0,1,0
822909,2026-04-24,TEX,home,607043,Brandon Nimmo,4,0,0,0,0,0,0,0,1,0
822909,2026-04-24,TEX,home,669701,Josh Smith,3,0,2,0,0,0,0,1,0,0
822909,2026-04-24,TEX,home,664059,Sam Haggerty,1,0,0,0,0,0,0,0,1,0
822909,2026-04-24,OAK,away,671732,Lawrence Butler,4,0,0,0,0,0,0,0,1,0
822909,2026-04-24,OAK,away,680869,Zack Gelof,4,2,2,0,0,1,2,0,1,0
822909,2026-04-24,OAK,away,643446,Jeff McNeil,4,1,2,0,0,0,0,0,0,0
822909,2026-04-24,OAK,away,666126,Carlos Cortes,4,2,2,0,0,2,4,0,0,0
822909,2026-04-24,OAK,away,691777,Max Muncy,4,0,0,0,0,0,0,0,2,0
822909,2026-04-24,OAK,away,691016,Tyler Soderstrom,4,1,1,0,0,1,1,0,0,0
822909,2026-04-24,OAK,away,701762,Nick Kurtz,4,2,2,0,0,1,1,1,1,0
822909,2026-04-24,OAK,away,669127,Shea Langeliers,4,0,0,0,0,0,0,0,0,0
822909,2026-04-24,OAK,away,805779,Jacob Wilson,4,0,0,0,0,0,0,0,0,0
824204,2026-04-24,HOU,home,694376,Shay Whitcomb,1,0,0,0,0,0,0,0,1,0
824204,2026-04-24,HOU,home,670623,Isaac Paredes,3,0,0,0,0,0,0,0,0,0
824204,2026-04-24,HOU,home,701358,Cam Smith,3,0,0,0,0,0,1,1,2,0
824204,2026-04-24,HOU,home,669699,Braden Shewmake,2,1,1,0,0,1,1,0,0,0
824204,2026-04-24,HOU,home,687957,Dustin Harris,3,0,0,0,0,0,0,1,3,0
824204,2026-04-24,HOU,home,694728,Brice Matthews,4,0,0,0,0,0,0,0,2,0
824204,2026-04-24,HOU,home,514888,Jose Altuve,3,2,2,1,0,0,0,0,0,0
824204,2026-04-24,HOU,home,669288,Daniel Johnson,1,0,1,0,0,0,0,0,0,0
824204,2026-04-24,HOU,home,621043,Carlos Correa,3,0,0,0,0,0,0,0,1,0
824204,2026-04-24,HOU,home,572233,Christian Walker,4,0,2,0,0,0,0,0,2,0
824204,2026-04-24,HOU,home,543877,Christian Vázquez,2,0,1,0,0,0,0,0,0,0
824204,2026-04-24,HOU,home,673237,Yainer Diaz,4,1,2,0,0,1,2,0,0,0
824204,2026-04-24,HOU,home,670541,Yordan Alvarez,3,0,2,0,0,0,0,0,0,0
824204,2026-04-24,NYY,away,676609,José Caballero,4,1,2,0,0,1,2,0,0,0
824204,2026-04-24,NYY,away,642708,Amed Rosario,0,0,0,0,0,0,0,0,0,0
824204,2026-04-24,NYY,away,545341,Randal Grichuk,2,2,1,1,0,0,0,0,0,0
824204,2026-04-24,NYY,away,592450,Aaron Judge,2,0,0,0,0,0,0,3,0,0
824204,2026-04-24,NYY,away,641857,Ryan McMahon,4,1,1,0,0,1,1,0,0,0
824204,2026-04-24,NYY,away,700250,Ben Rice,5,3,2,1,0,1,2,0,1,0
824204,2026-04-24,NYY,away,641555,J.C. Escarra,5,0,2,0,0,0,0,0,1,0
824204,2026-04-24,NYY,away,641355,Cody Bellinger,5,1,1,0,0,0,0,0,1,0
824204,2026-04-24,NYY,away,519317,Giancarlo Stanton,3,0,1,0,0,0,1,0,0,0
824204,2026-04-24,NYY,away,665862,Jazz Chisholm Jr.,4,3,3,0,0,1,4,1,1,0
824204,2026-04-24,NYY,away,663757,Trent Grisham,2,1,0,0,0,0,1,2,0,0
823069,2026-04-24,STL,home,669357,Nolan Gorman,4,1,2,1,0,0,0,0,0,0
823069,2026-04-24,STL,home,691023,Jordan Walker,4,1,0,0,0,0,0,0,2,0
823069,2026-04-24,STL,home,701675,Nathan Church,4,0,1,0,0,0,0,0,0,0
823069,2026-04-24,STL,home,665877,José Fermín,3,0,1,0,0,0,0,0,0,0
823069,2026-04-24,STL,home,802139,JJ Wetherholt,4,0,1,0,0,0,0,0,0,0
823069,2026-04-24,STL,home,676475,Alec Burleson,3,0,0,0,0,0,0,1,1,0
823069,2026-04-24,STL,home,602104,Ramón Urías,4,0,0,0,0,0,0,0,1,0
823069,2026-04-24,STL,home,691026,Masyn Winn,4,0,2,0,0,0,2,0,1,0
823069,2026-04-24,STL,home,671056,Iván Herrera,3,0,1,0,0,0,0,0,0,0
823069,2026-04-24,SEA,away,647304,Josh Naylor,3,2,1,0,0,1,1,1,2,1
823069,2026-04-24,SEA,away,702284,Cole Young,4,0,1,0,0,0,1,0,1,0
823069,2026-04-24,SEA,away,641487,J.P. Crawford,2,0,0,0,0,0,0,1,1,0
823069,2026-04-24,SEA,away,668227,Randy Arozarena,4,1,1,1,0,0,0,0,3,0
823069,2026-04-24,SEA,away,686527,Dominic Canzone,3,0,1,0,0,0,1,1,1,0
823069,2026-04-24,SEA,away,663728,Cal Raleigh,3,0,0,0,0,0,0,1,1,0
823069,2026-04-24,SEA,away,608701,Rob Refsnyder,1,0,0,0,0,0,0,1,0,0
823069,2026-04-24,SEA,away,677594,Julio Rodríguez,4,0,0,0,0,0,0,0,0,0
823069,2026-04-24,SEA,away,660844,Leo Rivas,4,0,0,0,0,0,0,0,0,0
823069,2026-04-24,SEA,away,670042,Luke Raley,2,0,0,0,0,0,0,0,1,0
823962,2026-04-24,LAD,home,669257,Will Smith,4,1,1,0,0,1,3,0,1,0
823962,2026-04-24,LAD,home,663656,Kyle Tucker,3,0,0,0,0,0,0,1,0,0
823962,2026-04-24,LAD,home,571970,Max Muncy,4,1,1,1,0,0,0,0,0,0
823962,2026-04-24,LAD,home,518692,Freddie Freeman,4,0,0,0,0,0,0,0,0,0
823962,2026-04-24,LAD,home,808975,Hyeseong Kim,3,1,2,0,0,0,1,0,0,1
823962,2026-04-24,LAD,home,660271,Shohei Ohtani,3,0,0,0,0,0,0,1,3,0
823962,2026-04-24,LAD,home,606192,Teoscar Hernández,4,0,0,0,0,0,0,0,2,0
823962,2026-04-24,LAD,home,681624,Andy Pages,4,0,1,1,0,0,0,0,0,0
823962,2026-04-24,LAD,home,690976,Alex Freeland,2,1,1,0,0,0,0,1,0,0
823962,2026-04-24,CHC,away,664023,Ian Happ,4,0,1,0,0,0,0,0,2,0
823962,2026-04-24,CHC,away,608324,Alex Bregman,5,1,2,0,0,1,1,0,2,0
823962,2026-04-24,CHC,away,683737,Michael Busch,5,0,2,1,0,0,0,0,2,0
823962,2026-04-24,CHC,away,608348,Carson Kelly,3,0,0,0,0,0,0,1,2,0
823962,2026-04-24,CHC,away,691718,Pete Crow-Armstrong,3,2,1,0,0,0,0,1,1,0
823962,2026-04-24,CHC,away,694208,Moisés Ballesteros,4,1,2,1,0,0,0,0,2,0
823962,2026-04-24,CHC,away,673548,Seiya Suzuki,4,0,0,0,0,0,0,0,1,0
823962,2026-04-24,CHC,away,621020,Dansby Swanson,3,2,2,0,1,1,4,0,1,0
823962,2026-04-24,CHC,away,663538,Nico Hoerner,5,0,1,0,0,0,1,0,0,0
823962,2026-04-24,CHC,away,807713,Matt Shaw,0,0,0,0,0,0,0,0,0,0
823232,2026-04-24,SF,home,669477,Casey Schmitt,4,0,1,0,0,0,0,0,0,0
823232,2026-04-24,SF,home,666464,Jerar Encarnacion,0,0,0,0,0,0,0,1,0,0
823232,2026-04-24,SF,home,671218,Heliot Ramos,3,1,1,1,0,0,0,1,1,0
823232,2026-04-24,SF,home,656305,Matt Chapman,4,0,1,0,0,0,0,0,0,0
823232,2026-04-24,SF,home,808982,Jung Hoo Lee,4,1,3,0,0,1,1,0,0,0
823232,2026-04-24,SF,home,687551,Drew Gilbert,3,1,1,0,0,0,1,0,1,0
823232,2026-04-24,SF,home,646240,Rafael Devers,4,0,0,0,0,0,0,0,2,0
823232,2026-04-24,SF,home,606992,Eric Haase,3,1,1,1,0,0,1,0,0,0
823232,2026-04-24,SF,home,683766,Christian Koss,1,0,0,0,0,0,0,0,0,0
823232,2026-04-24,SF,home,642715,Willy Adames,5,0,0,0,0,0,0,0,2,0
823232,2026-04-24,SF,home,650333,Luis Arraez,5,0,3,0,0,0,1,0,0,1
823232,2026-04-24,MIA,away,681715,Heriberto Hernández,1,0,0,0,0,0,0,0,0,0
823232,2026-04-24,MIA,away,665923,Esteury Ruiz,0,0,0,0,0,0,0,0,0,0
823232,2026-04-24,MIA,away,805300,Jakob Marsee,6,1,1,1,0,0,0,0,1,1
823232,2026-04-24,MIA,away,691594,Javier Sanoja,0,0,0,0,0,0,0,1,0,0
823232,2026-04-24,MIA,away,669364,Xavier Edwards,4,1,3,1,0,0,1,1,0,1
823232,2026-04-24,MIA,away,669065,Kyle Stowers,5,2,3,2,0,0,0,0,1,0
823232,2026-04-24,MIA,away,688363,Graham Pauley,3,1,2,0,0,0,1,1,1,0
823232,2026-04-24,MIA,away,689414,Liam Hicks,4,1,1,0,0,1,3,0,1,0
823232,2026-04-24,MIA,away,683357,Owen Caissie,3,2,1,1,0,0,0,1,1,0
823232,2026-04-24,MIA,away,682663,Agustín Ramírez,5,0,1,1,0,0,0,0,0,0
823232,2026-04-24,MIA,away,681393,Connor Norby,5,1,1,0,0,1,3,0,0,0
823232,2026-04-24,MIA,away,672640,Otto Lopez,5,0,3,0,0,0,1,0,1,0
824851,2026-04-25,BAL,home,669236,Jeremiah Jackson,4,0,1,0,0,0,0,0,1,0
824851,2026-04-25,BAL,home,683002,Gunnar Henderson,4,0,0,0,0,0,0,0,3,0
824851,2026-04-25,BAL,home,665750,Leody Taveras,3,0,0,0,0,0,1,1,0,0
824851,2026-04-25,BAL,home,621493,Taylor Ward,3,0,2,0,0,0,0,1,0,0
824851,2026-04-25,BAL,home,668939,Adley Rutschman,4,0,1,0,0,0,0,0,0,0
824851,2026-04-25,BAL,home,641933,Tyler O'Neill,4,1,1,0,0,0,0,0,1,0
824851,2026-04-25,BAL,home,677942,Blaze Alexander,2,0,0,0,0,0,0,0,1,0
824851,2026-04-25,BAL,home,624413,Pete Alonso,4,0,0,0,0,0,0,0,2,0
824851,2026-04-25,BAL,home,681297,Colton Cowser,1,0,0,0,0,0,0,0,1,0
824851,2026-04-25,BAL,home,691723,Coby Mayo,3,0,1,1,0,0,0,0,0,0
824851,2026-04-25,BOS,away,575929,Willson Contreras,4,2,2,0,0,1,5,1,1,0
824851,2026-04-25,BOS,away,657136,Connor Wong,3,1,1,1,0,0,3,2,0,0
824851,2026-04-25,BOS,away,596115,Trevor Story,6,2,1,0,0,0,0,0,2,0
824851,2026-04-25,BOS,away,677800,Wilyer Abreu,6,1,2,0,0,0,0,0,0,0
824851,2026-04-25,BOS,away,655316,Andruw Monasterio,6,3,3,2,0,1,4,0,0,0
824851,2026-04-25,BOS,away,643396,Isiah Kiner-Falefa,5,2,2,0,0,0,1,0,1,1
824851,2026-04-25,BOS,away,702332,Caleb Durbin,4,3,2,1,0,1,3,1,1,1
824851,2026-04-25,BOS,away,680776,Jarren Duran,5,1,1,0,0,0,0,0,1,0
824851,2026-04-25,BOS,away,678882,Ceddanne Rafaela,5,2,3,0,1,0,1,1,1,0
824851,2026-04-25,BOS,away,691785,Marcelo Mayer,0,0,0,0,0,0,0,0,0,0
823070,2026-04-25,STL,home,669357,Nolan Gorman,4,1,1,0,0,0,0,1,1,0
823070,2026-04-25,STL,home,691023,Jordan Walker,4,1,1,0,0,0,0,0,2,0
823070,2026-04-25,STL,home,701675,Nathan Church,4,2,2,0,0,2,4,0,0,0
823070,2026-04-25,STL,home,687363,Victor Scott II,4,0,1,0,0,0,0,0,1,0
823070,2026-04-25,STL,home,802139,JJ Wetherholt,5,1,3,0,0,1,1,0,0,0
823070,2026-04-25,STL,home,676475,Alec Burleson,5,0,0,0,0,0,0,0,1,0
823070,2026-04-25,STL,home,695336,Thomas Saggese,0,0,0,0,0,0,0,0,0,0
823070,2026-04-25,STL,home,650968,Yohel Pozo,0,0,0,0,0,0,0,0,0,0
823070,2026-04-25,STL,home,686780,Pedro Pagés,3,1,3,0,0,1,2,1,0,1
823070,2026-04-25,STL,home,691026,Masyn Winn,5,2,2,0,0,0,1,0,1,0
823070,2026-04-25,STL,home,671056,Iván Herrera,3,1,1,0,0,1,1,0,1,0
823070,2026-04-25,SEA,away,647304,Josh Naylor,5,0,2,0,0,0,0,0,1,2
823070,2026-04-25,SEA,away,702284,Cole Young,4,3,3,1,0,1,1,0,1,0
823070,2026-04-25,SEA,away,669717,Will Wilson,2,1,1,0,0,1,2,0,0,0
823070,2026-04-25,SEA,away,668227,Randy Arozarena,4,0,1,1,0,0,1,0,0,1
823070,2026-04-25,SEA,away,641487,J.P. Crawford,4,1,1,0,0,0,0,1,0,0
823070,2026-04-25,SEA,away,686527,Dominic Canzone,1,0,1,0,0,0,1,0,0,0
823070,2026-04-25,SEA,away,663728,Cal Raleigh,5,1,2,0,0,0,0,1,1,0
823070,2026-04-25,SEA,away,608701,Rob Refsnyder,3,0,1,0,0,0,0,0,1,0
823070,2026-04-25,SEA,away,656582,Connor Joe,2,0,1,0,0,0,2,0,0,0
823070,2026-04-25,SEA,away,641598,Mitch Garver,4,3,2,0,0,0,0,1,0,0
823070,2026-04-25,SEA,away,677594,Julio Rodríguez,6,2,3,0,0,1,2,0,1,1
823070,2026-04-25,SEA,away,660844,Leo Rivas,1,0,1,0,0,0,2,0,0,0
823070,2026-04-25,SEA,away,670042,Luke Raley,1,0,0,0,0,0,0,0,1,0
822826,2026-04-25,TOR,home,676391,Ernie Clement,4,0,2,1,0,0,0,0,1,0
822826,2026-04-25,TOR,home,662139,Daulton Varsho,4,1,0,0,0,0,0,0,0,1
822826,2026-04-25,TOR,home,665926,Andrés Giménez,4,0,1,1,0,0,2,0,2,0
822826,2026-04-25,TOR,home,676914,Davis Schneider,3,0,0,0,0,0,0,1,2,0
822826,2026-04-25,TOR,home,623168,Tyler Heineman,4,0,1,0,0,0,0,0,3,0
822826,2026-04-25,TOR,home,665489,Vladimir Guerrero Jr.,3,1,1,0,0,0,0,1,0,1
822826,2026-04-25,TOR,home,660821,Jesús Sánchez,2,0,0,0,0,0,0,0,1,0
822826,2026-04-25,TOR,home,650391,Eloy Jiménez,2,0,0,0,0,0,0,0,0,0
822826,2026-04-25,TOR,home,664702,Myles Straw,5,1,2,1,0,0,0,0,0,1
822826,2026-04-25,TOR,home,672960,Kazuma Okamoto,3,2,2,0,0,1,2,1,1,0
822826,2026-04-25,CLE,away,671655,George Valera,4,0,1,0,0,0,0,0,1,0
822826,2026-04-25,CLE,away,800050,Chase DeLauter,4,0,1,0,0,0,0,0,1,0
822826,2026-04-25,CLE,away,682177,Daniel Schneemann,0,0,0,0,0,0,0,0,0,0
822826,2026-04-25,CLE,away,677587,Brayan Rocchio,4,0,1,0,0,0,1,0,1,0
822826,2026-04-25,CLE,away,666310,Bo Naylor,4,0,0,0,0,0,0,0,2,0
822826,2026-04-25,CLE,away,681807,David Fry,3,1,1,0,0,1,1,0,1,0
822826,2026-04-25,CLE,away,608070,José Ramírez,4,0,1,1,0,0,0,0,0,0
822826,2026-04-25,CLE,away,682657,Angel Martínez,4,0,1,0,0,0,0,0,0,1
822826,2026-04-25,CLE,away,682877,Juan Brito,3,1,1,1,0,0,0,1,0,0
822826,2026-04-25,CLE,away,700932,Kyle Manzardo,1,0,1,1,0,0,1,0,0,0
822826,2026-04-25,CLE,away,656555,Rhys Hoskins,4,1,1,0,0,0,0,0,1,0
823229,2026-04-25,SF,home,669477,Casey Schmitt,3,1,2,1,0,1,2,1,0,0
823229,2026-04-25,SF,home,671218,Heliot Ramos,4,1,2,0,0,1,1,0,1,0
823229,2026-04-25,SF,home,672275,Patrick Bailey,3,1,1,0,0,0,1,1,2,1
823229,2026-04-25,SF,home,656305,Matt Chapman,3,1,1,1,0,0,0,2,1,0
823229,2026-04-25,SF,home,687551,Drew Gilbert,4,1,1,0,0,1,1,0,0,0
823229,2026-04-25,SF,home,808982,Jung Hoo Lee,3,1,2,2,0,0,0,1,0,0
823229,2026-04-25,SF,home,646240,Rafael Devers,4,0,0,0,0,0,0,0,1,0
823229,2026-04-25,SF,home,642715,Willy Adames,5,0,0,0,0,0,0,0,2,0
823229,2026-04-25,SF,home,650333,Luis Arraez,5,0,2,1,0,0,1,0,0,0
823229,2026-04-25,MIA,away,681715,Heriberto Hernández,4,0,0,0,0,0,0,0,0,0
823229,2026-04-25,MIA,away,665923,Esteury Ruiz,2,0,0,0,0,0,0,0,0,0
823229,2026-04-25,MIA,away,805300,Jakob Marsee,2,0,1,0,0,0,1,0,0,0
823229,2026-04-25,MIA,away,691594,Javier Sanoja,2,0,0,0,0,0,0,1,0,0
823229,2026-04-25,MIA,away,669364,Xavier Edwards,4,0,2,0,0,0,1,0,2,1
823229,2026-04-25,MIA,away,669065,Kyle Stowers,3,0,0,0,0,0,0,1,0,0
823229,2026-04-25,MIA,away,689414,Liam Hicks,1,0,0,0,0,0,0,0,0,0
823229,2026-04-25,MIA,away,683357,Owen Caissie,1,1,0,0,0,0,0,0,0,0
823229,2026-04-25,MIA,away,682663,Agustín Ramírez,5,1,2,0,0,0,0,0,1,1
823229,2026-04-25,MIA,away,677870,Leo Jiménez,2,0,0,0,0,0,0,1,2,0
823229,2026-04-25,MIA,away,681393,Connor Norby,2,0,0,0,0,0,0,2,1,0
823229,2026-04-25,MIA,away,672640,Otto Lopez,4,0,1,0,0,0,0,0,0,0
822989,2026-04-25,TB,home,680700,Richie Palacios,1,0,0,0,0,0,1,1,0,0
822989,2026-04-25,TB,home,641584,Jake Fraley,2,1,1,0,0,1,2,0,0,0
822989,2026-04-25,TB,home,802415,Chandler Simpson,3,0,0,0,0,0,0,1,3,1
822989,2026-04-25,TB,home,676356,Jonny DeLuca,2,1,1,1,0,0,0,0,1,0
822989,2026-04-25,TB,home,666018,Jonathan Aranda,4,0,0,0,0,0,0,0,1,0
822989,2026-04-25,TB,home,663743,Nick Fortes,3,0,1,0,0,0,1,0,0,0
822989,2026-04-25,TB,home,650490,Yandy Díaz,3,2,1,0,0,0,0,0,0,0
822989,2026-04-25,TB,home,810938,Ben Williamson,4,1,3,1,1,0,2,0,0,0
822989,2026-04-25,TB,home,691406,Junior Caminero,4,0,1,0,0,0,0,0,0,0
822989,2026-04-25,TB,home,656775,Cedric Mullins,3,1,0,0,0,0,0,1,1,1
822989,2026-04-25,MIN,away,605170,Victor Caratini,4,0,0,0,0,0,0,0,2,0
822989,2026-04-25,MIN,away,686797,Brooks Lee,4,0,0,0,0,0,0,0,1,1
822989,2026-04-25,MIN,away,668885,Austin Martin,3,0,0,0,0,0,0,1,2,0
822989,2026-04-25,MIN,away,605137,Josh Bell,3,0,0,0,0,0,0,1,1,0
822989,2026-04-25,MIN,away,680777,Ryan Jeffers,4,0,1,0,0,0,0,0,1,0
822989,2026-04-25,MIN,away,668904,Royce Lewis,4,0,1,0,0,0,1,0,1,0
822989,2026-04-25,MIN,away,621439,Byron Buxton,4,0,2,0,0,0,0,0,1,0
822989,2026-04-25,MIN,away,670242,Matt Wallner,4,0,0,0,0,0,0,0,1,0
822989,2026-04-25,MIN,away,807712,Luke Keaschall,3,1,1,0,0,0,0,0,1,1
824613,2026-04-25,CWS,home,671976,Tristan Peters,2,0,0,0,0,0,0,0,1,0
824613,2026-04-25,CWS,home,695020,Tanner Murray,1,0,0,0,0,0,1,0,1,0
824613,2026-04-25,CWS,home,682668,Luisangel Acuña,0,0,0,0,0,0,0,0,0,0
824613,2026-04-25,CWS,home,808959,Munetaka Murakami,5,0,0,0,0,0,0,0,3,0
824613,2026-04-25,CWS,home,805367,Chase Meidroth,3,0,2,0,0,0,1,1,0,0
824613,2026-04-25,CWS,home,695657,Colson Montgomery,3,2,0,0,0,0,0,0,2,0
824613,2026-04-25,CWS,home,691011,Drew Romo,0,0,0,0,0,0,0,1,0,0
824613,2026-04-25,CWS,home,700337,Edgar Quero,3,0,1,0,0,0,0,0,0,0
824613,2026-04-25,CWS,home,643217,Andrew Benintendi,5,0,0,0,0,0,0,0,3,0
824613,2026-04-25,CWS,home,677592,Everson Pereira,5,0,1,0,0,0,1,0,2,0
824613,2026-04-25,CWS,home,803011,Sam Antonacci,2,0,1,0,0,0,0,0,0,0
824613,2026-04-25,CWS,home,656537,Derek Hill,3,0,1,0,0,0,0,0,1,0
824613,2026-04-25,CWS,home,678246,Miguel Vargas,3,1,1,1,0,0,0,2,1,0
824613,2026-04-25,WSH,away,691781,Brady House,3,1,1,0,0,0,0,2,2,0
824613,2026-04-25,WSH,away,683083,Nasim Nuñez,4,0,2,0,0,0,4,1,2,1
824613,2026-04-25,WSH,away,682928,CJ Abrams,1,0,0,0,0,0,0,0,1,0
824613,2026-04-25,WSH,away,665953,Andrés Chaparro,3,0,0,0,0,0,0,0,0,0
824613,2026-04-25,WSH,away,686452,Drew Millas,1,0,0,0,0,0,0,0,0,0
824613,2026-04-25,WSH,away,678391,Jorbit Vivas,1,0,0,0,0,0,0,0,1,0
824613,2026-04-25,WSH,away,686894,Joey Wiemer,4,0,0,0,0,0,1,1,3,0
824613,2026-04-25,WSH,away,695418,Brad Lord,0,0,0,0,0,0,0,0,0,0
824613,2026-04-25,WSH,away,678554,Curtis Mead,3,1,0,0,0,0,0,2,2,0
824613,2026-04-25,WSH,away,695734,Daylen Lile,3,2,0,0,0,0,0,2,1,0
824613,2026-04-25,WSH,away,695578,James Wood,4,1,0,0,0,0,0,1,1,0
824613,2026-04-25,WSH,away,696285,Jacob Young,3,0,1,0,0,0,0,1,2,0
824613,2026-04-25,WSH,away,660688,Keibert Ruiz,3,0,1,1,0,0,0,0,0,0
824613,2026-04-25,WSH,away,671277,Luis García Jr.,2,1,1,0,0,0,0,0,0,0
825093,2026-04-25,ARI,home,694374,Tim Tawa,1,0,0,0,0,0,0,0,1,0
825093,2026-04-25,ARI,home,680728,Adrian Del Castillo,4,0,0,0,0,0,0,0,1,0
825093,2026-04-25,ARI,home,571448,Nolan Arenado,4,1,2,0,0,0,0,0,0,0
825093,2026-04-25,ARI,home,606466,Ketel Marte,4,0,1,0,0,0,0,1,1,0
825093,2026-04-25,ARI,home,545121,Ildemaro Vargas,4,1,1,0,0,0,0,0,0,0
825093,2026-04-25,ARI,home,672695,Geraldo Perdomo,3,0,0,0,0,0,0,0,1,0
825093,2026-04-25,ARI,home,699912,Jose Fernandez,4,1,2,1,0,0,2,0,0,0
825093,2026-04-25,ARI,home,682998,Corbin Carroll,2,0,0,0,0,0,0,1,0,0
825093,2026-04-25,ARI,home,666971,Lourdes Gurriel Jr.,4,0,0,0,0,0,0,0,0,0
825093,2026-04-25,ARI,home,678489,Jorge Barrosa,1,0,0,0,0,0,0,0,0,0
825093,2026-04-25,ARI,home,677950,Alek Thomas,4,1,1,0,0,1,2,0,0,0
825093,2026-04-25,SD,away,666023,Freddy Fermin,3,0,1,0,0,0,1,0,1,0
825093,2026-04-25,SD,away,701538,Jackson Merrill,3,1,0,0,0,0,0,1,1,0
825093,2026-04-25,SD,away,657757,Gavin Sheets,4,1,1,0,0,0,2,0,1,0
825093,2026-04-25,SD,away,657656,Ramón Laureano,3,0,0,0,0,0,1,1,2,0
825093,2026-04-25,SD,away,592518,Manny Machado,4,1,1,0,0,0,0,0,0,0
825093,2026-04-25,SD,away,665487,Fernando Tatis Jr.,4,0,1,0,0,0,0,1,1,0
825093,2026-04-25,SD,away,664034,Ty France,4,2,2,0,0,2,2,0,0,0
825093,2026-04-25,SD,away,593428,Xander Bogaerts,3,1,0,0,0,0,0,1,3,0
825093,2026-04-25,SD,away,630105,Jake Cronenworth,2,0,0,0,0,0,0,1,1,0
822910,2026-04-25,TEX,home,694497,Evan Carter,2,1,0,0,0,0,0,1,1,0
822910,2026-04-25,TEX,home,669394,Jake Burger,4,0,0,0,0,0,0,0,2,0
822910,2026-04-25,TEX,home,592626,Joc Pederson,1,0,0,0,0,0,0,0,0,0
822910,2026-04-25,TEX,home,608369,Corey Seager,4,1,2,0,0,0,1,0,0,0
822910,2026-04-25,TEX,home,673962,Josh Jung,4,1,1,0,0,1,2,0,1,0
822910,2026-04-25,TEX,home,457705,Andrew McCutchen,3,0,0,0,0,0,0,0,1,0
822910,2026-04-25,TEX,home,677649,Ezequiel Duran,3,0,0,0,0,0,0,0,0,0
822910,2026-04-25,TEX,home,607043,Brandon Nimmo,3,0,0,0,0,0,1,0,0,0
822910,2026-04-25,TEX,home,664059,Sam Haggerty,3,0,1,0,0,0,0,0,0,0
822910,2026-04-25,TEX,home,643376,Danny Jansen,1,1,1,0,0,0,0,1,0,0
822910,2026-04-25,OAK,away,680869,Zack Gelof,4,0,0,0,0,0,0,0,0,0
822910,2026-04-25,OAK,away,643446,Jeff McNeil,1,0,0,0,0,0,0,0,0,0
822910,2026-04-25,OAK,away,642851,Austin Wynns,4,0,0,0,0,0,0,0,1,0
822910,2026-04-25,OAK,away,666126,Carlos Cortes,1,0,1,1,0,0,0,0,0,0
822910,2026-04-25,OAK,away,691777,Max Muncy,2,0,0,0,0,0,0,1,2,0
822910,2026-04-25,OAK,away,691016,Tyler Soderstrom,4,0,0,0,0,0,0,0,0,0
822910,2026-04-25,OAK,away,687231,Darell Hernaiz,2,0,1,0,0,0,1,1,0,0
822910,2026-04-25,OAK,away,701762,Nick Kurtz,4,1,0,0,0,0,0,1,2,0
822910,2026-04-25,OAK,away,687515,Colby Thomas,4,0,1,0,0,0,1,0,3,0
822910,2026-04-25,OAK,away,669127,Shea Langeliers,5,1,2,0,0,0,0,0,2,0
822910,2026-04-25,OAK,away,805779,Jacob Wilson,3,1,2,1,0,0,1,0,0,0
824121,2026-04-25,KC,home,695600,Carter Jensen,5,0,1,0,0,0,2,1,2,0
824121,2026-04-25,KC,home,686555,Isaac Collins,2,2,1,0,0,0,0,2,1,0
824121,2026-04-25,KC,home,521692,Salvador Perez,5,2,3,0,0,1,2,0,1,0
824121,2026-04-25,KC,home,679845,Nick Loftin,4,2,3,0,0,0,4,1,0,0
824121,2026-04-25,KC,home,686681,Michael Massey,5,1,2,0,0,0,1,0,0,0
824121,2026-04-25,KC,home,686469,Vinnie Pasquantino,3,1,0,0,0,0,1,3,0,0
824121,2026-04-25,KC,home,664728,Kyle Isbel,4,0,2,0,0,0,0,0,1,0
824121,2026-04-25,KC,home,695506,Jac Caglianone,3,3,1,1,0,0,0,2,1,0
824121,2026-04-25,KC,home,677951,Bobby Witt Jr.,5,1,2,1,0,0,0,1,0,0
824121,2026-04-25,LAA,away,624428,Adam Frazier,1,0,0,0,0,0,0,0,1,0
824121,2026-04-25,LAA,away,672724,Oswald Peraza,4,0,1,0,0,0,0,0,2,1
824121,2026-04-25,LAA,away,687263,Zach Neto,4,0,0,0,0,0,0,0,2,0
824121,2026-04-25,LAA,away,624585,Jorge Soler,3,0,1,1,0,0,0,0,1,0
824121,2026-04-25,LAA,away,660162,Yoán Moncada,1,0,1,0,0,0,0,0,0,0
824121,2026-04-25,LAA,away,518595,Travis d'Arnaud,1,0,0,0,0,0,0,0,0,0
824121,2026-04-25,LAA,away,545361,Mike Trout,4,0,1,0,0,0,0,0,1,0
824121,2026-04-25,LAA,away,666176,Jo Adell,4,1,1,0,0,1,1,0,1,0
824121,2026-04-25,LAA,away,687093,Vaughn Grissom,4,0,3,1,0,0,0,0,0,0
824121,2026-04-25,LAA,away,694384,Nolan Schanuel,3,0,0,0,0,0,0,0,2,0
824121,2026-04-25,LAA,away,666139,Josh Lowe,1,0,0,0,0,0,0,0,1,0
824121,2026-04-25,LAA,away,669326,Bryce Teodosio,2,0,0,0,0,0,0,0,2,0
824121,2026-04-25,LAA,away,681351,Logan O'Hoppe,3,0,0,0,0,0,0,0,1,0
824203,2026-04-25,HOU,home,670623,Isaac Paredes,4,0,1,0,0,0,1,0,0,0
824203,2026-04-25,HOU,home,701358,Cam Smith,4,0,0,0,0,0,0,0,3,0
824203,2026-04-25,HOU,home,694728,Brice Matthews,3,0,0,0,0,0,0,0,1,0
824203,2026-04-25,HOU,home,514888,Jose Altuve,3,0,0,0,0,0,0,1,1,0
824203,2026-04-25,HOU,home,621043,Carlos Correa,3,2,2,1,0,1,1,1,0,0
824203,2026-04-25,HOU,home,572233,Christian Walker,4,1,1,0,0,1,1,0,2,0
824203,2026-04-25,HOU,home,543877,Christian Vázquez,4,0,1,0,0,0,0,0,0,0
824203,2026-04-25,HOU,home,673237,Yainer Diaz,4,0,1,0,0,0,0,0,2,0
824203,2026-04-25,HOU,home,670541,Yordan Alvarez,4,0,1,0,0,0,0,0,0,0
824203,2026-04-25,NYY,away,676609,José Caballero,5,1,3,0,0,1,1,0,0,1
824203,2026-04-25,NYY,away,642708,Amed Rosario,5,1,1,0,0,0,0,0,2,0
824203,2026-04-25,NYY,away,592450,Aaron Judge,3,0,0,0,0,0,0,2,2,0
824203,2026-04-25,NYY,away,641857,Ryan McMahon,5,1,2,0,0,0,1,0,1,0
824203,2026-04-25,NYY,away,669224,Austin Wells,3,1,2,0,0,1,2,2,0,0
824203,2026-04-25,NYY,away,700250,Ben Rice,4,1,3,1,0,0,1,0,1,0
824203,2026-04-25,NYY,away,641355,Cody Bellinger,2,1,0,0,0,0,1,3,0,0
824203,2026-04-25,NYY,away,665862,Jazz Chisholm Jr.,4,0,0,0,0,0,1,1,1,0
824203,2026-04-25,NYY,away,663757,Trent Grisham,3,2,1,0,0,1,1,2,1,0
823799,2026-04-25,MIL,home,675659,Greg Jones,4,0,0,0,0,0,0,0,2,0
823799,2026-04-25,MIL,home,650859,Luis Rengifo,2,0,0,0,0,0,0,0,1,0
823799,2026-04-25,MIL,home,687401,Joey Ortiz,3,0,0,0,0,0,0,1,0,0
823799,2026-04-25,MIL,home,641343,Jake Bauers,5,2,2,0,0,0,0,0,2,0
823799,2026-04-25,MIL,home,686217,Sal Frelick,0,0,0,0,0,0,2,2,0,0
823799,2026-04-25,MIL,home,672012,Tyler Black,5,1,2,1,0,0,0,0,2,0
823799,2026-04-25,MIL,home,669003,Garrett Mitchell,4,0,1,1,0,0,1,0,0,0
823799,2026-04-25,MIL,home,666152,David Hamilton,2,0,0,0,0,0,0,0,1,0
823799,2026-04-25,MIL,home,661388,William Contreras,5,0,0,0,0,0,0,0,1,0
823799,2026-04-25,MIL,home,668930,Brice Turang,4,0,1,0,0,0,0,1,2,0
823799,2026-04-25,PIT,away,694377,Nick Yorke,0,1,0,0,0,0,0,0,0,0
823799,2026-04-25,PIT,away,687462,Spencer Horwitz,4,0,1,0,0,0,2,0,0,0
823799,2026-04-25,PIT,away,664040,Brandon Lowe,4,0,1,0,0,0,0,0,2,0
823799,2026-04-25,PIT,away,668804,Bryan Reynolds,3,2,1,0,0,0,1,1,2,0
823799,2026-04-25,PIT,away,665833,Oneil Cruz,5,0,0,0,0,0,0,0,4,0
823799,2026-04-25,PIT,away,663968,Jake Mangum,4,0,0,0,0,0,0,0,2,0
823799,2026-04-25,PIT,away,680779,Henry Davis,4,1,0,0,0,0,0,0,0,0
823799,2026-04-25,PIT,away,804606,Konnor Griffin,4,0,2,0,0,0,1,0,2,1
823799,2026-04-25,PIT,away,656811,Ryan O'Hearn,4,1,1,0,0,0,0,0,2,0
823799,2026-04-25,PIT,away,542303,Marcell Ozuna,0,0,0,0,0,0,0,1,0,0
823799,2026-04-25,PIT,away,693304,Nick Gonzales,5,1,3,0,0,0,1,0,1,0
824527,2026-04-25,CIN,home,682829,Elly De La Cruz,3,2,1,0,0,1,2,2,0,0
824527,2026-04-25,CIN,home,701398,Sal Stewart,4,1,3,0,0,1,5,1,0,0
824527,2026-04-25,CIN,home,667472,Dane Myers,2,0,0,0,0,0,0,0,1,0
824527,2026-04-25,CIN,home,663993,Nathaniel Lowe,4,1,1,0,0,1,1,1,1,0
824527,2026-04-25,CIN,home,680574,Matt McLain,4,1,0,0,0,0,0,1,3,0
824527,2026-04-25,CIN,home,663647,Ke'Bryan Hayes,4,2,2,1,0,0,0,0,2,0
824527,2026-04-25,CIN,home,666181,Will Benson,2,0,0,0,0,0,0,0,2,0
824527,2026-04-25,CIN,home,670770,TJ Friedl,4,2,3,1,0,1,1,0,1,0
824527,2026-04-25,CIN,home,668715,Spencer Steer,2,0,0,0,0,0,0,1,0,0
824527,2026-04-25,CIN,home,663886,Tyler Stephenson,3,0,0,0,0,0,0,1,2,0
824527,2026-04-25,DET,away,701678,Hao-Yu  Lee,1,0,0,0,0,0,0,0,0,0
824527,2026-04-25,DET,away,663330,Jahmai Jones,1,0,0,0,0,0,0,0,1,0
824527,2026-04-25,DET,away,682985,Riley Greene,3,0,2,0,0,0,0,1,0,0
824527,2026-04-25,DET,away,595879,Javier Báez,3,0,0,0,0,0,0,0,2,0
824527,2026-04-25,DET,away,805808,Kevin McGonigle,5,1,3,1,0,1,1,0,0,0
824527,2026-04-25,DET,away,681481,Kerry Carpenter,3,0,1,0,0,0,0,0,1,0
824527,2026-04-25,DET,away,679529,Spencer Torkelson,4,1,1,0,0,1,1,0,1,0
824527,2026-04-25,DET,away,663837,Matt Vierling,3,0,0,0,0,0,0,1,0,0
824527,2026-04-25,DET,away,693307,Dillon Dingler,4,0,0,0,0,0,0,0,0,0
824527,2026-04-25,DET,away,690993,Colt Keith,4,0,1,0,0,0,0,0,1,0
824527,2026-04-25,DET,away,672761,Wenceel Pérez,4,0,2,0,0,0,0,0,0,0
823960,2026-04-25,LAD,home,687221,Dalton Rushing,4,1,1,0,0,0,1,1,2,0
823960,2026-04-25,LAD,home,663656,Kyle Tucker,5,1,1,1,0,0,0,0,1,0
823960,2026-04-25,LAD,home,571970,Max Muncy,1,1,1,0,0,1,2,2,0,0
823960,2026-04-25,LAD,home,518692,Freddie Freeman,5,1,1,0,0,0,1,0,2,0
823960,2026-04-25,LAD,home,808975,Hyeseong Kim,5,1,2,0,0,0,1,0,1,0
823960,2026-04-25,LAD,home,669289,Santiago Espinal,2,1,1,1,0,0,0,0,0,0
823960,2026-04-25,LAD,home,660271,Shohei Ohtani,3,2,1,0,0,0,0,2,0,1
823960,2026-04-25,LAD,home,606192,Teoscar Hernández,3,2,2,0,0,0,2,1,0,0
823960,2026-04-25,LAD,home,681624,Andy Pages,5,1,2,1,0,0,3,0,0,0
823960,2026-04-25,LAD,home,669743,Alex Call,1,0,0,0,0,0,0,0,0,0
823960,2026-04-25,LAD,home,690976,Alex Freeland,4,1,2,2,0,0,1,0,1,0
823960,2026-04-25,CHC,away,624424,Michael Conforto,1,0,1,0,0,0,0,0,0,0
823960,2026-04-25,CHC,away,664023,Ian Happ,2,0,0,0,0,0,0,1,2,0
823960,2026-04-25,CHC,away,608324,Alex Bregman,3,0,0,0,0,0,0,0,1,0
823960,2026-04-25,CHC,away,683737,Michael Busch,5,0,1,0,0,0,1,0,1,0
823960,2026-04-25,CHC,away,691718,Pete Crow-Armstrong,4,0,0,0,0,0,0,0,4,0
823960,2026-04-25,CHC,away,665804,Miguel Amaya,3,2,1,0,0,1,1,0,0,0
823960,2026-04-25,CHC,away,694208,Moisés Ballesteros,3,1,1,0,0,1,1,1,0,0
823960,2026-04-25,CHC,away,670032,Nicky Lopez,2,0,0,0,0,0,0,0,2,0
823960,2026-04-25,CHC,away,673548,Seiya Suzuki,4,1,3,0,0,1,1,0,0,0
823960,2026-04-25,CHC,away,621020,Dansby Swanson,4,0,0,0,0,0,0,0,1,0
823960,2026-04-25,CHC,away,663538,Nico Hoerner,3,0,2,0,0,0,0,0,0,0
823960,2026-04-25,CHC,away,807713,Matt Shaw,1,0,0,0,0,0,0,0,0,0
824933,2026-04-25,ATL,home,671739,Michael Harris II,4,0,2,0,0,0,2,0,0,0
824933,2026-04-25,ATL,home,622761,Jorge Mateo,0,0,0,0,0,0,0,0,0,0
824933,2026-04-25,ATL,home,643289,Mauricio Dubón,3,0,0,0,0,0,0,0,1,0
824933,2026-04-25,ATL,home,686948,Drake Baldwin,4,1,1,0,0,0,1,1,2,0
824933,2026-04-25,ATL,home,621566,Matt Olson,3,2,2,1,0,0,0,2,0,0
824933,2026-04-25,ATL,home,642086,Dominic Smith,1,0,0,0,0,0,0,0,1,0
824933,2026-04-25,ATL,home,660670,Ronald Acuña Jr.,4,0,0,0,0,0,0,1,2,1
824933,2026-04-25,ATL,home,642201,Eli White,4,1,0,0,0,0,0,0,0,0
824933,2026-04-25,ATL,home,645277,Ozzie Albies,5,1,3,2,0,0,1,0,0,0
824933,2026-04-25,ATL,home,663586,Austin Riley,4,0,1,1,0,0,1,0,0,0
824933,2026-04-25,ATL,home,573262,Mike Yastrzemski,4,0,0,0,0,0,0,0,2,0
824933,2026-04-25,PHI,away,669016,Brandon Marsh,5,1,2,0,0,0,2,0,1,0
824933,2026-04-25,PHI,away,702222,Justin Crawford,5,0,1,0,0,0,0,0,2,1
824933,2026-04-25,PHI,away,547180,Bryce Harper,3,2,2,0,0,0,4,1,0,0
824933,2026-04-25,PHI,away,664761,Alec Bohm,5,0,0,0,0,0,0,0,1,0
824933,2026-04-25,PHI,away,681082,Bryson Stott,5,0,2,0,1,0,1,0,0,0
824933,2026-04-25,PHI,away,656941,Kyle Schwarber,4,1,1,0,1,0,0,1,0,0
824933,2026-04-25,PHI,away,665561,Rafael Marchán,4,1,1,0,0,0,0,0,1,0
824933,2026-04-25,PHI,away,664238,Dylan Moore,0,1,0,0,0,0,0,0,0,0
824933,2026-04-25,PHI,away,596117,Garrett Stubbs,0,1,0,0,0,0,0,0,0,0
824933,2026-04-25,PHI,away,666969,Adolis García,5,0,1,0,1,0,1,0,3,0
824933,2026-04-25,PHI,away,607208,Trea Turner,4,1,1,0,0,0,0,1,0,0
824852,2026-04-26,BAL,home,669236,Jeremiah Jackson,3,0,0,0,0,0,0,0,1,0
824852,2026-04-26,BAL,home,694212,Samuel Basallo,4,1,2,0,0,1,1,0,1,0
824852,2026-04-26,BAL,home,683002,Gunnar Henderson,4,1,2,0,0,1,2,0,1,0
824852,2026-04-26,BAL,home,621493,Taylor Ward,3,0,0,0,0,0,0,1,0,0
824852,2026-04-26,BAL,home,687637,Dylan Beavers,3,0,0,0,0,0,0,0,1,0
824852,2026-04-26,BAL,home,668939,Adley Rutschman,4,0,1,0,0,0,0,0,0,0
824852,2026-04-26,BAL,home,641933,Tyler O'Neill,4,0,0,0,0,0,0,0,3,0
824852,2026-04-26,BAL,home,677942,Blaze Alexander,2,0,0,0,0,0,0,0,0,0
824852,2026-04-26,BAL,home,624413,Pete Alonso,4,0,0,0,0,0,0,0,0,0
824852,2026-04-26,BAL,home,681297,Colton Cowser,1,1,1,0,0,0,0,0,0,0
824852,2026-04-26,BAL,home,691723,Coby Mayo,0,0,0,0,0,0,0,0,0,0
824852,2026-04-26,BOS,away,701350,Roman Anthony,3,0,0,0,0,0,0,1,2,0
824852,2026-04-26,BOS,away,575929,Willson Contreras,3,1,1,0,0,1,2,1,1,0
824852,2026-04-26,BOS,away,657136,Connor Wong,3,0,0,0,0,0,0,1,0,0
824852,2026-04-26,BOS,away,677800,Wilyer Abreu,3,1,1,0,0,0,0,1,0,0
824852,2026-04-26,BOS,away,655316,Andruw Monasterio,4,0,1,0,0,0,1,0,0,0
824852,2026-04-26,BOS,away,702332,Caleb Durbin,4,1,1,0,0,0,0,0,1,2
824852,2026-04-26,BOS,away,680776,Jarren Duran,4,1,0,0,0,0,0,1,1,1
824852,2026-04-26,BOS,away,678882,Ceddanne Rafaela,4,1,2,1,1,0,1,0,1,0
824852,2026-04-26,BOS,away,691785,Marcelo Mayer,4,0,1,0,0,0,1,0,0,1
824934,2026-04-26,ATL,home,671739,Michael Harris II,3,0,0,0,0,0,0,1,2,0
824934,2026-04-26,ATL,home,622761,Jorge Mateo,4,0,1,0,0,0,0,0,2,0
824934,2026-04-26,ATL,home,643289,Mauricio Dubón,4,1,2,0,1,0,0,0,0,0
824934,2026-04-26,ATL,home,686948,Drake Baldwin,3,1,2,0,0,0,1,1,0,0
824934,2026-04-26,ATL,home,621566,Matt Olson,4,1,1,0,0,1,3,0,1,0
824934,2026-04-26,ATL,home,660670,Ronald Acuña Jr.,3,2,2,0,0,0,0,1,1,1
824934,2026-04-26,ATL,home,642201,Eli White,4,1,1,0,0,1,2,0,1,0
824934,2026-04-26,ATL,home,645277,Ozzie Albies,4,0,1,0,0,0,0,0,0,0
824934,2026-04-26,ATL,home,663586,Austin Riley,4,0,0,0,0,0,0,0,1,0
824934,2026-04-26,PHI,away,669016,Brandon Marsh,1,0,0,0,0,0,0,0,1,0
824934,2026-04-26,PHI,away,547180,Bryce Harper,4,0,0,0,0,0,0,0,3,0
824934,2026-04-26,PHI,away,624641,Edmundo Sosa,2,0,0,0,0,0,0,0,1,0
824934,2026-04-26,PHI,away,664761,Alec Bohm,4,0,0,0,0,0,0,0,2,0
824934,2026-04-26,PHI,away,681082,Bryson Stott,1,0,0,0,0,0,0,0,1,0
824934,2026-04-26,PHI,away,656941,Kyle Schwarber,3,1,1,0,0,1,2,1,0,0
824934,2026-04-26,PHI,away,694025,Felix Reyes,3,0,0,0,0,0,0,0,1,0
824934,2026-04-26,PHI,away,665561,Rafael Marchán,2,1,0,0,0,0,0,0,0,0
824934,2026-04-26,PHI,away,664238,Dylan Moore,2,0,0,0,0,0,0,1,0,0
824934,2026-04-26,PHI,away,666969,Adolis García,4,0,0,0,0,0,0,0,2,0
824934,2026-04-26,PHI,away,607208,Trea Turner,4,0,1,0,0,0,0,0,1,0
822824,2026-04-26,TOR,home,672820,Lenyn Sosa,3,0,0,0,0,0,0,0,1,0
822824,2026-04-26,TOR,home,676391,Ernie Clement,4,1,1,1,0,0,0,0,1,0
822824,2026-04-26,TOR,home,662139,Daulton Varsho,3,1,0,0,0,0,0,1,2,0
822824,2026-04-26,TOR,home,678218,Brandon Valenzuela,3,0,0,0,0,0,0,0,2,0
822824,2026-04-26,TOR,home,676914,Davis Schneider,3,0,0,0,0,0,0,0,1,0
822824,2026-04-26,TOR,home,682818,Yohendrick Piñango,2,0,1,0,0,0,0,0,0,0
822824,2026-04-26,TOR,home,665489,Vladimir Guerrero Jr.,4,1,3,1,0,0,1,0,0,0
822824,2026-04-26,TOR,home,660821,Jesús Sánchez,3,1,1,0,0,1,3,0,0,0
822824,2026-04-26,TOR,home,664702,Myles Straw,1,0,0,0,0,0,0,0,0,0
822824,2026-04-26,TOR,home,672960,Kazuma Okamoto,3,0,0,0,0,0,0,0,1,0
822824,2026-04-26,CLE,away,671655,George Valera,1,0,0,0,0,0,0,0,1,0
822824,2026-04-26,CLE,away,800050,Chase DeLauter,1,0,1,0,0,0,0,0,0,0
822824,2026-04-26,CLE,away,595978,Austin Hedges,3,1,1,0,0,0,0,0,0,0
822824,2026-04-26,CLE,away,682177,Daniel Schneemann,4,0,1,0,0,0,0,0,2,0
822824,2026-04-26,CLE,away,677587,Brayan Rocchio,4,0,1,0,0,0,1,0,0,0
822824,2026-04-26,CLE,away,681807,David Fry,2,0,0,0,0,0,0,1,1,0
822824,2026-04-26,CLE,away,608070,José Ramírez,3,0,0,0,0,0,0,1,1,0
822824,2026-04-26,CLE,away,680757,Steven Kwan,5,0,1,0,0,0,0,0,2,0
822824,2026-04-26,CLE,away,682657,Angel Martínez,5,0,2,1,0,0,1,0,1,0
822824,2026-04-26,CLE,away,682877,Juan Brito,4,1,1,0,0,0,0,0,2,0
822824,2026-04-26,CLE,away,700932,Kyle Manzardo,0,0,0,0,0,0,0,1,0,0
822824,2026-04-26,CLE,away,656555,Rhys Hoskins,1,0,0,0,0,0,0,2,0,0
824528,2026-04-26,CIN,home,682829,Elly De La Cruz,4,0,1,0,0,0,0,0,3,0
824528,2026-04-26,CIN,home,701398,Sal Stewart,4,0,0,0,0,0,0,0,1,0
824528,2026-04-26,CIN,home,667472,Dane Myers,2,0,1,0,0,0,0,0,0,0
824528,2026-04-26,CIN,home,663993,Nathaniel Lowe,4,1,1,0,0,1,1,0,0,0
824528,2026-04-26,CIN,home,680574,Matt McLain,3,0,1,1,0,0,1,1,0,0
824528,2026-04-26,CIN,home,663647,Ke'Bryan Hayes,4,1,1,0,1,0,0,0,1,0
824528,2026-04-26,CIN,home,666181,Will Benson,1,0,0,0,0,0,0,0,0,0
824528,2026-04-26,CIN,home,670770,TJ Friedl,4,0,1,1,0,0,0,0,1,0
824528,2026-04-26,CIN,home,668715,Spencer Steer,4,0,0,0,0,0,0,0,0,0
824528,2026-04-26,CIN,home,624431,Jose Trevino,2,0,0,0,0,0,0,0,1,0
824528,2026-04-26,CIN,home,663886,Tyler Stephenson,1,0,0,0,0,0,0,0,0,0
824528,2026-04-26,CIN,home,668709,JJ Bleday,1,1,1,0,0,1,1,1,0,0
824528,2026-04-26,DET,away,701678,Hao-Yu  Lee,2,1,1,0,0,1,2,0,1,0
824528,2026-04-26,DET,away,663330,Jahmai Jones,1,0,0,0,0,0,0,1,1,0
824528,2026-04-26,DET,away,682985,Riley Greene,5,1,1,0,0,0,0,0,3,0
824528,2026-04-26,DET,away,595879,Javier Báez,1,0,0,0,0,0,0,0,0,0
824528,2026-04-26,DET,away,805808,Kevin McGonigle,4,1,1,0,0,0,0,1,0,0
824528,2026-04-26,DET,away,681481,Kerry Carpenter,5,1,2,1,1,0,2,0,1,0
824528,2026-04-26,DET,away,679529,Spencer Torkelson,4,1,3,2,0,1,1,1,1,0
824528,2026-04-26,DET,away,650402,Gleyber Torres,5,3,3,0,0,1,2,0,1,0
824528,2026-04-26,DET,away,668670,Jake Rogers,4,0,1,0,0,0,0,0,2,0
824528,2026-04-26,DET,away,663837,Matt Vierling,2,0,0,0,0,0,1,2,0,0
824528,2026-04-26,DET,away,690993,Colt Keith,3,0,0,0,0,0,0,0,2,0
824528,2026-04-26,DET,away,672761,Wenceel Pérez,2,0,0,0,0,0,0,0,0,0
823635,2026-04-26,NYM,home,620443,Luis Torrens,2,0,0,0,0,0,0,0,0,0
823635,2026-04-26,NYM,home,666182,Bo Bichette,3,0,1,0,0,0,0,1,0,0
823635,2026-04-26,NYM,home,621438,Tyrone Taylor,3,1,1,0,0,1,1,0,0,0
823635,2026-04-26,NYM,home,682626,Francisco Alvarez,1,0,1,0,0,0,0,0,0,0
823635,2026-04-26,NYM,home,668901,Mark Vientos,4,0,1,0,0,0,0,0,2,0
823635,2026-04-26,NYM,home,683146,Brett Baty,4,0,0,0,0,0,0,0,3,0
823635,2026-04-26,NYM,home,701807,Carson Benge,1,0,0,0,0,0,0,0,0,0
823635,2026-04-26,NYM,home,502054,Tommy Pham,2,0,0,0,0,0,0,0,1,0
823635,2026-04-26,NYM,home,543760,Marcus Semien,4,0,0,0,0,0,0,0,2,0
823635,2026-04-26,NYM,home,669004,MJ Melendez,1,0,0,0,0,0,0,0,1,0
823635,2026-04-26,NYM,home,665742,Juan Soto,3,0,0,0,0,0,0,1,1,0
823635,2026-04-26,NYM,home,673357,Luis Robert Jr.,3,0,0,0,0,0,0,1,0,0
823635,2026-04-26,COL,away,666160,Mickey Moniak,3,0,1,0,0,0,0,1,1,0
823635,2026-04-26,COL,away,664983,Jake McCarthy,3,0,2,0,0,0,1,0,0,0
823635,2026-04-26,COL,away,687859,Troy Johnston,4,0,1,0,0,0,1,0,0,0
823635,2026-04-26,COL,away,666397,Edouard Julien,4,2,2,1,0,0,0,0,1,0
823635,2026-04-26,COL,away,664954,Brett Sullivan,4,1,1,1,0,0,0,0,1,0
823635,2026-04-26,COL,away,687597,Jordan Beck,2,0,0,0,0,0,0,1,1,0
823635,2026-04-26,COL,away,686668,Brenton Doyle,0,0,0,0,0,0,0,0,0,0
823635,2026-04-26,COL,away,678662,Ezequiel Tovar,4,0,0,0,0,0,0,0,2,0
823635,2026-04-26,COL,away,681198,TJ Rumfield,3,0,0,0,0,0,0,1,1,0
823635,2026-04-26,COL,away,691720,Kyle Karros,4,0,0,0,0,0,0,0,2,0
823637,2026-04-26,NYM,home,666182,Bo Bichette,4,0,0,0,0,0,0,0,1,0
823637,2026-04-26,NYM,home,621438,Tyrone Taylor,3,0,0,0,0,0,0,0,0,0
823637,2026-04-26,NYM,home,682626,Francisco Alvarez,4,0,0,0,0,0,0,0,2,0
823637,2026-04-26,NYM,home,683146,Brett Baty,3,0,0,0,0,0,0,1,0,0
823637,2026-04-26,NYM,home,701807,Carson Benge,4,0,2,0,0,0,0,0,0,0
823637,2026-04-26,NYM,home,543760,Marcus Semien,4,0,1,0,0,0,0,0,1,0
823637,2026-04-26,NYM,home,669004,MJ Melendez,4,0,1,1,0,0,0,0,1,0
823637,2026-04-26,NYM,home,665742,Juan Soto,2,0,1,0,0,0,0,2,1,0
823637,2026-04-26,NYM,home,677595,Ronny Mauricio,3,0,1,0,0,0,0,0,1,0
823637,2026-04-26,COL,away,666160,Mickey Moniak,3,0,1,0,0,0,0,1,1,0
823637,2026-04-26,COL,away,687859,Troy Johnston,3,0,1,0,0,0,1,1,1,0
823637,2026-04-26,COL,away,671289,Tyler Freeman,3,1,0,0,0,0,0,0,0,0
823637,2026-04-26,COL,away,666397,Edouard Julien,4,1,1,0,0,0,0,1,0,0
823637,2026-04-26,COL,away,696100,Hunter Goodman,4,1,1,0,0,1,2,0,2,0
823637,2026-04-26,COL,away,686668,Brenton Doyle,4,0,0,0,0,0,0,0,2,0
823637,2026-04-26,COL,away,678662,Ezequiel Tovar,4,0,0,0,0,0,0,0,2,0
823637,2026-04-26,COL,away,681198,TJ Rumfield,3,0,0,0,0,0,0,1,0,0
823637,2026-04-26,COL,away,691720,Kyle Karros,2,0,0,0,0,0,0,2,1,0
822991,2026-04-26,TB,home,670764,Taylor Walls,2,0,1,1,0,0,0,1,1,0
822991,2026-04-26,TB,home,641584,Jake Fraley,3,0,1,1,0,0,0,1,1,0
822991,2026-04-26,TB,home,802415,Chandler Simpson,4,1,3,0,0,0,0,0,0,1
822991,2026-04-26,TB,home,676356,Jonny DeLuca,0,0,0,0,0,0,0,0,0,0
822991,2026-04-26,TB,home,676439,Hunter Feduccia,1,1,1,0,0,0,0,1,0,0
822991,2026-04-26,TB,home,666018,Jonathan Aranda,4,1,1,0,0,0,2,0,1,0
822991,2026-04-26,TB,home,663743,Nick Fortes,1,0,0,0,0,0,0,0,0,0
822991,2026-04-26,TB,home,650490,Yandy Díaz,3,1,1,0,0,1,2,1,0,0
822991,2026-04-26,TB,home,810938,Ben Williamson,4,0,1,0,0,0,0,0,1,0
822991,2026-04-26,TB,home,691406,Junior Caminero,4,0,0,0,0,0,0,0,0,0
822991,2026-04-26,TB,home,656775,Cedric Mullins,4,0,0,0,0,0,0,0,0,0
822991,2026-04-26,MIN,away,665019,Kody Clemens,4,0,1,0,0,0,0,0,1,0
822991,2026-04-26,MIN,away,686797,Brooks Lee,3,1,1,0,0,1,2,1,0,0
822991,2026-04-26,MIN,away,605137,Josh Bell,4,0,0,0,0,0,0,0,1,0
822991,2026-04-26,MIN,away,680777,Ryan Jeffers,3,0,1,0,0,0,0,1,0,0
822991,2026-04-26,MIN,away,681546,James Outman,4,1,1,1,0,0,0,0,0,0
822991,2026-04-26,MIN,away,668904,Royce Lewis,4,0,0,0,0,0,0,0,2,0
822991,2026-04-26,MIN,away,663616,Trevor Larnach,3,0,0,0,0,0,0,1,1,0
822991,2026-04-26,MIN,away,670242,Matt Wallner,3,0,0,0,0,0,0,1,0,0
822991,2026-04-26,MIN,away,807712,Luke Keaschall,4,0,1,0,0,0,0,0,1,0
824612,2026-04-26,CWS,home,671976,Tristan Peters,1,0,1,0,0,0,1,0,0,0
824612,2026-04-26,CWS,home,695020,Tanner Murray,3,0,1,0,0,0,0,1,1,0
824612,2026-04-26,CWS,home,682668,Luisangel Acuña,2,0,0,0,0,0,0,0,0,0
824612,2026-04-26,CWS,home,808959,Munetaka Murakami,4,0,0,0,0,0,0,0,2,0
824612,2026-04-26,CWS,home,805367,Chase Meidroth,5,0,1,0,0,0,0,0,1,0
824612,2026-04-26,CWS,home,695657,Colson Montgomery,3,0,0,0,0,0,0,0,1,0
824612,2026-04-26,CWS,home,691011,Drew Romo,3,0,0,0,0,0,0,1,1,0
824612,2026-04-26,CWS,home,643217,Andrew Benintendi,1,0,0,0,0,0,0,0,1,0
824612,2026-04-26,CWS,home,677592,Everson Pereira,4,0,1,0,0,0,0,0,2,0
824612,2026-04-26,CWS,home,803011,Sam Antonacci,0,0,0,0,0,0,0,0,0,0
824612,2026-04-26,CWS,home,656537,Derek Hill,3,1,0,0,0,0,0,0,2,0
824612,2026-04-26,CWS,home,678246,Miguel Vargas,4,0,0,0,0,0,0,1,2,0
824612,2026-04-26,WSH,away,691781,Brady House,3,0,0,0,0,0,0,0,1,0
824612,2026-04-26,WSH,away,682928,CJ Abrams,3,0,0,0,0,0,1,0,0,0
824612,2026-04-26,WSH,away,683083,Nasim Nuñez,3,0,1,0,0,0,0,0,0,1
824612,2026-04-26,WSH,away,686452,Drew Millas,3,0,0,0,0,0,0,0,0,0
824612,2026-04-26,WSH,away,678391,Jorbit Vivas,1,0,0,0,0,0,0,0,0,0
824612,2026-04-26,WSH,away,686894,Joey Wiemer,0,0,0,0,0,0,0,0,0,0
824612,2026-04-26,WSH,away,678554,Curtis Mead,4,0,0,0,0,0,0,0,0,0
824612,2026-04-26,WSH,away,695734,Daylen Lile,4,1,0,0,0,0,0,0,1,0
824612,2026-04-26,WSH,away,677588,José Tena,1,1,1,0,0,1,1,0,0,0
824612,2026-04-26,WSH,away,695578,James Wood,3,0,1,0,0,0,0,1,2,1
824612,2026-04-26,WSH,away,696285,Jacob Young,3,0,1,1,0,0,0,0,0,0
824612,2026-04-26,WSH,away,671277,Luis García Jr.,4,0,0,0,0,0,0,0,1,0
824202,2026-04-26,HOU,home,670623,Isaac Paredes,4,3,2,0,0,1,3,0,0,0
824202,2026-04-26,HOU,home,701358,Cam Smith,2,0,0,0,0,0,0,1,1,0
824202,2026-04-26,HOU,home,669699,Braden Shewmake,3,0,0,0,0,0,0,0,1,0
824202,2026-04-26,HOU,home,687957,Dustin Harris,3,0,0,0,0,0,0,0,0,0
824202,2026-04-26,HOU,home,694728,Brice Matthews,1,0,0,0,0,0,0,0,0,0
824202,2026-04-26,HOU,home,669288,Daniel Johnson,3,0,0,0,0,0,0,0,1,0
824202,2026-04-26,HOU,home,621043,Carlos Correa,2,1,0,0,0,0,0,2,0,0
824202,2026-04-26,HOU,home,572233,Christian Walker,4,1,3,1,0,1,4,0,1,0
824202,2026-04-26,HOU,home,543877,Christian Vázquez,4,0,0,0,0,0,0,0,0,0
824202,2026-04-26,HOU,home,670541,Yordan Alvarez,4,2,2,1,0,0,0,0,0,0
824202,2026-04-26,NYY,away,676609,José Caballero,3,0,0,0,0,0,0,0,1,1
824202,2026-04-26,NYY,away,592450,Aaron Judge,4,1,1,0,0,1,1,0,0,0
824202,2026-04-26,NYY,away,641857,Ryan McMahon,4,0,1,0,0,0,1,0,1,0
824202,2026-04-26,NYY,away,502671,Paul Goldschmidt,4,1,2,2,0,0,1,0,0,0
824202,2026-04-26,NYY,away,700250,Ben Rice,3,0,0,0,0,0,0,1,0,0
824202,2026-04-26,NYY,away,641555,J.C. Escarra,4,1,1,1,0,0,1,0,2,0
824202,2026-04-26,NYY,away,641355,Cody Bellinger,4,0,0,0,0,0,0,0,1,0
824202,2026-04-26,NYY,away,665862,Jazz Chisholm Jr.,4,1,2,0,0,0,0,0,2,1
824202,2026-04-26,NYY,away,663757,Trent Grisham,4,0,0,0,0,0,0,0,2,0
823797,2026-04-26,MIL,home,650859,Luis Rengifo,3,1,1,0,0,0,1,1,0,0
823797,2026-04-26,MIL,home,687401,Joey Ortiz,0,0,0,0,0,0,0,0,0,0
823797,2026-04-26,MIL,home,641343,Jake Bauers,4,1,2,2,0,0,0,0,1,0
823797,2026-04-26,MIL,home,686217,Sal Frelick,3,1,0,0,0,0,0,0,1,0
823797,2026-04-26,MIL,home,663604,Brandon Lockridge,2,0,1,0,0,0,2,1,1,1
823797,2026-04-26,MIL,home,669003,Garrett Mitchell,3,0,0,0,0,0,0,0,1,0
823797,2026-04-26,MIL,home,666152,David Hamilton,3,1,1,1,0,0,1,0,1,0
823797,2026-04-26,MIL,home,661388,William Contreras,4,1,1,0,0,0,0,0,0,0
823797,2026-04-26,MIL,home,668930,Brice Turang,4,0,0,0,0,0,0,0,2,0
823797,2026-04-26,MIL,home,596142,Gary Sánchez,4,0,1,0,0,0,1,0,0,0
823797,2026-04-26,PIT,away,694377,Nick Yorke,3,0,0,0,0,0,0,0,2,0
823797,2026-04-26,PIT,away,687462,Spencer Horwitz,1,0,0,0,0,0,0,0,1,0
823797,2026-04-26,PIT,away,668804,Bryan Reynolds,2,0,0,0,0,0,0,2,1,0
823797,2026-04-26,PIT,away,663698,Joey Bart,3,0,0,0,0,0,0,0,2,0
823797,2026-04-26,PIT,away,663968,Jake Mangum,4,0,0,0,0,0,0,0,3,0
823797,2026-04-26,PIT,away,695257,Billy Cook,3,0,0,0,0,0,0,0,2,0
823797,2026-04-26,PIT,away,804606,Konnor Griffin,2,0,0,0,0,0,0,1,2,0
823797,2026-04-26,PIT,away,656811,Ryan O'Hearn,4,0,0,0,0,0,0,0,1,0
823797,2026-04-26,PIT,away,693304,Nick Gonzales,3,0,1,1,0,0,0,1,2,0
823797,2026-04-26,PIT,away,542303,Marcell Ozuna,4,0,1,0,0,0,0,0,2,0
823068,2026-04-26,STL,home,669357,Nolan Gorman,4,0,1,0,0,0,0,0,2,0
823068,2026-04-26,STL,home,691023,Jordan Walker,2,0,1,0,0,0,0,2,0,0
823068,2026-04-26,STL,home,701675,Nathan Church,4,1,2,0,0,1,1,0,0,0
823068,2026-04-26,STL,home,687363,Victor Scott II,3,0,0,0,0,0,0,0,0,0
823068,2026-04-26,STL,home,802139,JJ Wetherholt,5,1,1,0,0,1,1,0,0,0
823068,2026-04-26,STL,home,676475,Alec Burleson,4,0,0,0,0,0,0,0,0,0
823068,2026-04-26,STL,home,650968,Yohel Pozo,1,0,0,0,0,0,0,0,0,0
823068,2026-04-26,STL,home,602104,Ramón Urías,3,0,1,0,0,0,0,0,0,0
823068,2026-04-26,STL,home,691026,Masyn Winn,4,0,0,0,0,0,0,0,2,0
823068,2026-04-26,STL,home,671056,Iván Herrera,3,0,1,1,0,0,0,1,1,0
823068,2026-04-26,SEA,away,702284,Cole Young,3,0,2,0,0,0,1,0,1,0
823068,2026-04-26,SEA,away,641487,J.P. Crawford,4,0,0,0,0,0,0,0,1,0
823068,2026-04-26,SEA,away,668227,Randy Arozarena,4,0,0,0,0,0,0,0,3,0
823068,2026-04-26,SEA,away,686527,Dominic Canzone,3,0,1,0,0,0,0,0,0,0
823068,2026-04-26,SEA,away,663728,Cal Raleigh,4,1,1,0,0,1,1,0,2,0
823068,2026-04-26,SEA,away,608701,Rob Refsnyder,1,1,1,0,0,1,1,0,0,0
823068,2026-04-26,SEA,away,656582,Connor Joe,4,1,1,1,0,0,0,0,2,0
823068,2026-04-26,SEA,away,641598,Mitch Garver,1,0,0,0,0,0,0,0,1,0
823068,2026-04-26,SEA,away,677594,Julio Rodríguez,4,0,1,0,0,0,0,0,1,0
823068,2026-04-26,SEA,away,660844,Leo Rivas,3,0,1,0,0,0,0,0,1,0
823068,2026-04-26,SEA,away,670042,Luke Raley,3,0,0,0,0,0,0,0,0,0
822911,2026-04-26,TEX,home,694497,Evan Carter,2,0,0,0,0,0,0,0,0,1
822911,2026-04-26,TEX,home,669394,Jake Burger,3,0,1,0,0,0,0,1,2,0
822911,2026-04-26,TEX,home,696030,Alejandro Osuna,1,0,1,0,0,0,0,0,0,0
822911,2026-04-26,TEX,home,592626,Joc Pederson,2,0,0,0,0,0,0,1,0,0
822911,2026-04-26,TEX,home,608369,Corey Seager,5,0,0,0,0,0,0,0,1,0
822911,2026-04-26,TEX,home,673962,Josh Jung,4,1,2,2,0,0,0,0,0,0
822911,2026-04-26,TEX,home,457705,Andrew McCutchen,1,0,0,0,0,0,0,1,1,0
822911,2026-04-26,TEX,home,607043,Brandon Nimmo,5,0,1,0,0,0,0,0,1,0
822911,2026-04-26,TEX,home,669701,Josh Smith,2,0,1,0,0,0,0,2,0,0
822911,2026-04-26,TEX,home,643376,Danny Jansen,4,0,0,0,0,0,0,0,3,0
822911,2026-04-26,TEX,home,664059,Sam Haggerty,3,0,0,0,0,0,0,0,2,0
822911,2026-04-26,OAK,away,671732,Lawrence Butler,4,0,1,0,0,0,0,0,0,0
822911,2026-04-26,OAK,away,667670,Brent Rooker,4,1,0,0,0,0,0,1,2,0
822911,2026-04-26,OAK,away,680869,Zack Gelof,0,0,0,0,0,0,0,0,0,1
822911,2026-04-26,OAK,away,643446,Jeff McNeil,4,0,1,0,0,0,0,0,0,0
822911,2026-04-26,OAK,away,666126,Carlos Cortes,4,0,3,0,1,0,2,0,0,0
822911,2026-04-26,OAK,away,691016,Tyler Soderstrom,3,1,1,1,0,0,0,2,1,0
822911,2026-04-26,OAK,away,687231,Darell Hernaiz,3,0,0,0,0,0,0,0,0,0
822911,2026-04-26,OAK,away,701762,Nick Kurtz,4,0,1,0,0,0,0,1,2,0
822911,2026-04-26,OAK,away,669127,Shea Langeliers,5,0,2,1,0,0,0,0,0,0
822911,2026-04-26,OAK,away,805779,Jacob Wilson,4,0,1,0,0,0,0,0,0,0
825094,2026-04-26,ARI,home,694374,Tim Tawa,4,1,1,0,0,1,4,0,1,0
825094,2026-04-26,ARI,home,680728,Adrian Del Castillo,1,0,0,0,0,0,0,0,1,0
825094,2026-04-26,ARI,home,571448,Nolan Arenado,3,2,2,0,0,0,0,1,0,0
825094,2026-04-26,ARI,home,606466,Ketel Marte,5,0,1,0,0,0,1,0,0,0
825094,2026-04-26,ARI,home,545121,Ildemaro Vargas,5,3,3,1,1,1,4,0,1,0
825094,2026-04-26,ARI,home,699912,Jose Fernandez,4,3,3,0,0,1,1,0,1,0
825094,2026-04-26,ARI,home,682998,Corbin Carroll,4,1,1,0,0,0,0,1,2,0
825094,2026-04-26,ARI,home,666971,Lourdes Gurriel Jr.,4,0,2,1,0,0,2,1,1,0
825094,2026-04-26,ARI,home,543510,James McCann,4,0,0,0,0,0,0,0,0,0
825094,2026-04-26,ARI,home,678489,Jorge Barrosa,0,0,0,0,0,0,0,0,0,0
825094,2026-04-26,ARI,home,677950,Alek Thomas,4,2,2,0,0,0,0,0,1,0
825094,2026-04-26,SD,away,669134,Luis Campusano,4,1,2,1,0,1,2,0,0,0
825094,2026-04-26,SD,away,666023,Freddy Fermin,0,0,0,0,0,0,0,0,0,0
825094,2026-04-26,SD,away,701538,Jackson Merrill,5,1,2,0,0,0,0,0,0,0
825094,2026-04-26,SD,away,823550,Sung-Mun Song,0,0,0,0,0,0,0,0,0,0
825094,2026-04-26,SD,away,657757,Gavin Sheets,4,0,1,0,0,0,0,0,1,0
825094,2026-04-26,SD,away,657656,Ramón Laureano,4,0,1,0,0,0,0,1,2,0
825094,2026-04-26,SD,away,592518,Manny Machado,5,2,2,0,0,2,5,0,1,0
825094,2026-04-26,SD,away,609280,Miguel Andujar,4,0,1,1,0,0,0,0,1,0
825094,2026-04-26,SD,away,665487,Fernando Tatis Jr.,4,2,1,0,0,0,0,1,0,0
825094,2026-04-26,SD,away,593428,Xander Bogaerts,4,1,1,0,0,0,0,0,1,0
825094,2026-04-26,SD,away,630105,Jake Cronenworth,4,0,0,0,0,0,0,0,0,0
823230,2026-04-26,SF,home,669477,Casey Schmitt,3,2,1,0,0,1,3,1,1,0
823230,2026-04-26,SF,home,671218,Heliot Ramos,4,0,0,0,0,0,0,0,1,0
823230,2026-04-26,SF,home,672275,Patrick Bailey,4,0,0,0,0,0,0,0,1,0
823230,2026-04-26,SF,home,656305,Matt Chapman,1,1,0,0,0,0,0,2,1,0
823230,2026-04-26,SF,home,687551,Drew Gilbert,4,0,2,0,0,0,1,0,1,0
823230,2026-04-26,SF,home,808982,Jung Hoo Lee,5,2,4,0,1,0,0,0,0,0
823230,2026-04-26,SF,home,646240,Rafael Devers,3,1,1,1,0,0,1,1,0,0
823230,2026-04-26,SF,home,683766,Christian Koss,4,0,0,0,0,0,0,0,1,0
823230,2026-04-26,SF,home,650333,Luis Arraez,3,0,0,0,0,0,0,0,0,0
823230,2026-04-26,MIA,away,681715,Heriberto Hernández,2,0,0,0,0,0,0,1,1,0
823230,2026-04-26,MIA,away,805300,Jakob Marsee,4,0,0,0,0,0,0,0,1,0
823230,2026-04-26,MIA,away,669364,Xavier Edwards,3,1,0,0,0,0,0,1,0,0
823230,2026-04-26,MIA,away,688363,Graham Pauley,3,1,1,0,0,1,3,0,1,0
823230,2026-04-26,MIA,away,669065,Kyle Stowers,4,0,0,0,0,0,0,0,0,0
823230,2026-04-26,MIA,away,689414,Liam Hicks,3,1,1,0,0,0,0,0,0,0
823230,2026-04-26,MIA,away,683357,Owen Caissie,3,0,0,0,0,0,0,0,1,0
823230,2026-04-26,MIA,away,681393,Connor Norby,3,0,0,0,0,0,0,0,2,0
823230,2026-04-26,MIA,away,672640,Otto Lopez,4,0,0,0,0,0,0,0,1,0
824122,2026-04-26,KC,home,695600,Carter Jensen,4,1,0,0,0,0,0,1,1,0
824122,2026-04-26,KC,home,686555,Isaac Collins,4,1,2,0,0,1,2,1,1,0
824122,2026-04-26,KC,home,521692,Salvador Perez,5,1,1,0,0,0,1,0,0,0
824122,2026-04-26,KC,home,679845,Nick Loftin,4,1,1,1,0,0,0,1,0,0
824122,2026-04-26,KC,home,686681,Michael Massey,2,1,0,0,0,0,0,1,0,0
824122,2026-04-26,KC,home,516782,Starling Marte,3,0,1,1,0,0,0,0,2,0
824122,2026-04-26,KC,home,686469,Vinnie Pasquantino,3,1,1,0,1,0,1,1,1,0
824122,2026-04-26,KC,home,672580,Maikel Garcia,1,1,0,0,0,0,0,1,0,0
824122,2026-04-26,KC,home,657041,Lane Thomas,6,2,3,0,0,1,3,0,1,0
824122,2026-04-26,KC,home,695506,Jac Caglianone,2,1,1,0,0,1,2,0,1,0
824122,2026-04-26,KC,home,677951,Bobby Witt Jr.,5,1,2,0,1,1,2,0,0,0
824122,2026-04-26,LAA,away,624428,Adam Frazier,5,2,2,2,0,0,1,0,1,0
824122,2026-04-26,LAA,away,672724,Oswald Peraza,1,1,0,0,0,0,0,0,1,1
824122,2026-04-26,LAA,away,687263,Zach Neto,5,2,3,2,0,0,2,1,1,0
824122,2026-04-26,LAA,away,624585,Jorge Soler,6,1,2,1,0,0,1,0,2,0
824122,2026-04-26,LAA,away,660162,Yoán Moncada,5,0,2,0,0,0,0,0,1,0
824122,2026-04-26,LAA,away,518595,Travis d'Arnaud,4,1,1,0,0,0,0,1,0,0
824122,2026-04-26,LAA,away,545361,Mike Trout,5,1,1,0,0,1,2,1,0,0
824122,2026-04-26,LAA,away,666176,Jo Adell,4,0,1,0,0,0,1,1,2,1
824122,2026-04-26,LAA,away,694384,Nolan Schanuel,5,0,1,0,0,0,0,0,0,0
824122,2026-04-26,LAA,away,666139,Josh Lowe,4,1,3,0,0,0,0,0,0,0
824122,2026-04-26,LAA,away,669326,Bryce Teodosio,0,0,0,0,0,0,0,1,0,1
823959,2026-04-26,LAD,home,687221,Dalton Rushing,4,0,1,0,0,0,1,0,1,0
823959,2026-04-26,LAD,home,663656,Kyle Tucker,3,2,1,1,0,0,0,1,0,0
823959,2026-04-26,LAD,home,518692,Freddie Freeman,4,0,0,0,0,0,0,0,2,0
823959,2026-04-26,LAD,home,808975,Hyeseong Kim,3,0,0,0,0,0,0,0,2,0
823959,2026-04-26,LAD,home,669289,Santiago Espinal,3,0,0,0,0,0,0,0,0,0
823959,2026-04-26,LAD,home,660271,Shohei Ohtani,3,2,3,1,0,1,1,1,0,1
823959,2026-04-26,LAD,home,606192,Teoscar Hernández,3,1,0,0,0,0,0,1,1,0
823959,2026-04-26,LAD,home,681624,Andy Pages,3,1,1,1,0,0,1,0,1,0
823959,2026-04-26,LAD,home,500743,Miguel Rojas,3,0,1,1,0,0,2,0,0,0
823959,2026-04-26,LAD,home,690976,Alex Freeland,1,0,0,0,0,0,0,0,1,0
823959,2026-04-26,CHC,away,664023,Ian Happ,4,0,0,0,0,0,0,1,1,0
823959,2026-04-26,CHC,away,608324,Alex Bregman,3,0,0,0,0,0,0,1,0,0
823959,2026-04-26,CHC,away,608348,Carson Kelly,4,0,1,0,0,0,0,0,0,0
823959,2026-04-26,CHC,away,683737,Michael Busch,2,0,1,1,0,0,0,1,0,0
823959,2026-04-26,CHC,away,691718,Pete Crow-Armstrong,3,0,1,0,0,0,0,1,0,0
823959,2026-04-26,CHC,away,673548,Seiya Suzuki,4,0,0,0,0,0,0,0,3,0
823959,2026-04-26,CHC,away,621020,Dansby Swanson,4,0,0,0,0,0,0,0,2,0
823959,2026-04-26,CHC,away,663538,Nico Hoerner,4,0,1,0,0,0,0,1,1,0
823959,2026-04-26,CHC,away,807713,Matt Shaw,3,0,0,0,0,0,0,1,1,0
824446,2026-04-27,CLE,home,671655,George Valera,1,0,0,0,0,0,0,0,1,0
824446,2026-04-27,CLE,home,800050,Chase DeLauter,4,0,2,1,0,0,0,0,0,0
824446,2026-04-27,CLE,home,595978,Austin Hedges,2,0,1,0,0,0,0,1,0,0
824446,2026-04-27,CLE,home,682177,Daniel Schneemann,4,1,1,0,0,1,2,0,1,0
824446,2026-04-27,CLE,home,677587,Brayan Rocchio,3,0,0,0,0,0,0,0,0,0
824446,2026-04-27,CLE,home,666310,Bo Naylor,0,0,0,0,0,0,0,0,0,0
824446,2026-04-27,CLE,home,681807,David Fry,2,1,0,0,0,0,0,1,1,0
824446,2026-04-27,CLE,home,608070,José Ramírez,4,0,1,0,0,0,0,0,0,0
824446,2026-04-27,CLE,home,680757,Steven Kwan,4,0,0,0,0,0,0,0,1,0
824446,2026-04-27,CLE,home,682657,Angel Martínez,4,0,0,0,0,0,0,0,1,0
824446,2026-04-27,CLE,home,700932,Kyle Manzardo,1,0,1,0,0,0,0,0,0,0
824446,2026-04-27,CLE,home,656555,Rhys Hoskins,3,0,0,0,0,0,0,0,1,0
824446,2026-04-27,TB,away,670764,Taylor Walls,3,0,0,0,0,0,0,1,2,0
824446,2026-04-27,TB,away,680700,Richie Palacios,0,1,0,0,0,0,0,0,0,1
824446,2026-04-27,TB,away,668723,Ryan Vilade,4,0,3,0,0,0,2,0,1,0
824446,2026-04-27,TB,away,802415,Chandler Simpson,4,0,0,0,0,0,0,0,0,0
824446,2026-04-27,TB,away,676356,Jonny DeLuca,4,0,1,0,0,0,0,0,1,0
824446,2026-04-27,TB,away,676439,Hunter Feduccia,1,0,0,0,0,0,0,0,1,0
824446,2026-04-27,TB,away,666018,Jonathan Aranda,4,1,1,0,0,1,1,0,1,0
824446,2026-04-27,TB,away,663743,Nick Fortes,3,0,1,0,0,0,0,0,1,0
824446,2026-04-27,TB,away,650490,Yandy Díaz,3,1,0,0,0,0,0,2,1,0
824446,2026-04-27,TB,away,810938,Ben Williamson,4,0,0,0,0,0,0,0,1,0
824446,2026-04-27,TB,away,691406,Junior Caminero,4,0,1,0,0,0,0,0,2,0
824446,2026-04-27,TB,away,656775,Cedric Mullins,0,0,0,0,0,0,0,0,0,0
823395,2026-04-27,PIT,home,687462,Spencer Horwitz,4,0,1,0,0,0,0,0,1,0
823395,2026-04-27,PIT,home,664040,Brandon Lowe,3,1,0,0,0,0,0,1,1,0
823395,2026-04-27,PIT,home,668804,Bryan Reynolds,4,0,0,0,0,0,0,0,0,0
823395,2026-04-27,PIT,home,663968,Jake Mangum,3,0,2,0,0,0,1,0,1,1
823395,2026-04-27,PIT,home,695257,Billy Cook,0,0,0,0,0,0,0,0,0,0
823395,2026-04-27,PIT,home,680779,Henry Davis,3,0,1,0,0,0,0,0,1,0
823395,2026-04-27,PIT,home,804606,Konnor Griffin,4,0,0,0,0,0,0,0,0,0
823395,2026-04-27,PIT,home,656811,Ryan O'Hearn,3,0,1,0,0,0,1,1,1,0
823395,2026-04-27,PIT,home,542303,Marcell Ozuna,4,0,0,0,0,0,0,0,1,0
823395,2026-04-27,PIT,home,693304,Nick Gonzales,4,1,3,1,0,0,0,0,1,0
823395,2026-04-27,STL,away,669357,Nolan Gorman,2,0,0,0,0,0,0,0,0,0
823395,2026-04-27,STL,away,691023,Jordan Walker,3,0,0,0,0,0,0,1,2,0
823395,2026-04-27,STL,away,687363,Victor Scott II,0,1,0,0,0,0,0,0,0,0
823395,2026-04-27,STL,away,701675,Nathan Church,4,0,0,0,0,0,0,0,2,0
823395,2026-04-27,STL,away,665877,José Fermín,2,0,2,1,0,0,2,0,0,0
823395,2026-04-27,STL,away,802139,JJ Wetherholt,4,1,1,0,0,1,1,0,0,0
823395,2026-04-27,STL,away,676475,Alec Burleson,4,1,2,0,0,0,0,0,0,0
823395,2026-04-27,STL,away,695336,Thomas Saggese,3,0,0,0,0,0,0,0,2,0
823395,2026-04-27,STL,away,666277,George Soriano,0,0,0,0,0,0,0,0,0,0
823395,2026-04-27,STL,away,602104,Ramón Urías,0,0,0,0,0,0,0,0,0,0
823395,2026-04-27,STL,away,686780,Pedro Pagés,3,1,1,0,0,1,1,0,0,0
823395,2026-04-27,STL,away,691026,Masyn Winn,4,0,0,0,0,0,0,0,0,0
823395,2026-04-27,STL,away,671056,Iván Herrera,3,0,0,0,0,0,0,1,1,0
822825,2026-04-27,TOR,home,672820,Lenyn Sosa,3,0,0,0,0,0,0,0,1,0
822825,2026-04-27,TOR,home,676391,Ernie Clement,4,0,0,0,0,0,0,0,0,0
822825,2026-04-27,TOR,home,662139,Daulton Varsho,1,0,1,1,0,0,0,0,0,0
822825,2026-04-27,TOR,home,676914,Davis Schneider,1,0,0,0,0,0,0,1,1,0
822825,2026-04-27,TOR,home,682818,Yohendrick Piñango,1,0,0,0,0,0,0,0,0,0
822825,2026-04-27,TOR,home,623168,Tyler Heineman,3,0,0,0,0,0,0,0,1,0
822825,2026-04-27,TOR,home,665489,Vladimir Guerrero Jr.,3,0,0,0,0,0,0,0,2,0
822825,2026-04-27,TOR,home,660821,Jesús Sánchez,3,0,1,1,0,0,0,0,2,0
822825,2026-04-27,TOR,home,650391,Eloy Jiménez,3,0,0,0,0,0,0,0,2,0
822825,2026-04-27,TOR,home,664702,Myles Straw,3,0,0,0,0,0,0,0,1,0
822825,2026-04-27,TOR,home,672960,Kazuma Okamoto,3,0,0,0,0,0,0,0,0,0
822825,2026-04-27,BOS,away,701350,Roman Anthony,4,0,1,0,0,0,1,1,2,0
822825,2026-04-27,BOS,away,575929,Willson Contreras,4,2,1,0,0,0,0,0,1,0
822825,2026-04-27,BOS,away,596115,Trevor Story,4,0,0,0,0,0,0,0,1,0
822825,2026-04-27,BOS,away,677800,Wilyer Abreu,4,0,2,1,0,0,1,1,0,0
822825,2026-04-27,BOS,away,702332,Caleb Durbin,3,0,1,0,0,0,1,1,0,0
822825,2026-04-27,BOS,away,665966,Carlos Narváez,4,1,1,0,0,1,1,0,1,0
822825,2026-04-27,BOS,away,680776,Jarren Duran,5,1,0,0,0,0,0,0,1,0
822825,2026-04-27,BOS,away,678882,Ceddanne Rafaela,4,0,1,0,0,0,0,0,2,0
822825,2026-04-27,BOS,away,691785,Marcelo Mayer,3,1,2,0,0,0,1,1,0,0
823719,2026-04-27,MIN,home,665019,Kody Clemens,5,1,2,0,0,1,5,0,1,0
823719,2026-04-27,MIN,home,686797,Brooks Lee,4,1,0,0,0,0,0,1,0,0
823719,2026-04-27,MIN,home,656484,Tristan Gray,3,2,2,0,0,0,0,1,1,0
823719,2026-04-27,MIN,home,605137,Josh Bell,4,2,1,0,0,0,0,1,0,0
823719,2026-04-27,MIN,home,680777,Ryan Jeffers,4,2,2,0,0,0,2,1,0,1
823719,2026-04-27,MIN,home,681546,James Outman,0,1,0,0,0,0,0,0,0,0
823719,2026-04-27,MIN,home,663616,Trevor Larnach,4,1,2,0,1,0,1,1,1,1
823719,2026-04-27,MIN,home,621439,Byron Buxton,4,1,1,0,0,1,2,1,1,0
823719,2026-04-27,MIN,home,670242,Matt Wallner,4,0,0,0,0,0,0,0,2,0
823719,2026-04-27,MIN,home,807712,Luke Keaschall,4,0,2,1,0,0,1,1,1,0
823719,2026-04-27,SEA,away,647304,Josh Naylor,3,0,0,0,0,0,0,1,0,0
823719,2026-04-27,SEA,away,702284,Cole Young,3,0,0,0,0,0,1,0,1,0
823719,2026-04-27,SEA,away,668227,Randy Arozarena,3,1,2,0,0,0,0,1,1,0
823719,2026-04-27,SEA,away,641487,J.P. Crawford,3,1,0,0,0,0,0,1,0,0
823719,2026-04-27,SEA,away,663728,Cal Raleigh,4,1,1,0,0,1,2,0,1,0
823719,2026-04-27,SEA,away,608701,Rob Refsnyder,4,1,1,0,0,0,0,0,1,0
823719,2026-04-27,SEA,away,641598,Mitch Garver,2,0,1,0,0,0,1,2,0,0
823719,2026-04-27,SEA,away,660844,Leo Rivas,3,0,0,0,0,0,0,0,2,0
823719,2026-04-27,SEA,away,677594,Julio Rodríguez,4,0,0,0,0,0,0,0,1,0
824609,2026-04-27,CWS,home,671976,Tristan Peters,4,2,2,0,0,0,1,0,0,0
824609,2026-04-27,CWS,home,808959,Munetaka Murakami,4,1,2,0,0,1,3,0,0,0
824609,2026-04-27,CWS,home,805367,Chase Meidroth,4,1,1,0,0,0,0,0,3,0
824609,2026-04-27,CWS,home,695657,Colson Montgomery,4,0,1,0,0,0,0,0,1,0
824609,2026-04-27,CWS,home,700337,Edgar Quero,3,1,1,0,0,0,0,0,1,0
824609,2026-04-27,CWS,home,643217,Andrew Benintendi,4,1,1,1,0,0,3,0,1,0
824609,2026-04-27,CWS,home,677592,Everson Pereira,4,0,0,0,0,0,0,0,1,0
824609,2026-04-27,CWS,home,803011,Sam Antonacci,4,1,0,0,0,0,0,0,1,0
824609,2026-04-27,CWS,home,678246,Miguel Vargas,3,1,1,0,0,1,1,1,1,0
824609,2026-04-27,LAA,away,624428,Adam Frazier,2,0,1,0,0,0,0,0,0,0
824609,2026-04-27,LAA,away,672724,Oswald Peraza,4,0,1,0,0,0,0,0,1,0
824609,2026-04-27,LAA,away,687263,Zach Neto,5,0,1,0,0,0,1,0,3,0
824609,2026-04-27,LAA,away,624585,Jorge Soler,4,1,1,0,0,1,3,0,0,0
824609,2026-04-27,LAA,away,660162,Yoán Moncada,1,0,0,0,0,0,0,0,0,0
824609,2026-04-27,LAA,away,518595,Travis d'Arnaud,2,2,1,0,0,0,0,1,0,0
824609,2026-04-27,LAA,away,545361,Mike Trout,4,2,2,1,0,0,0,1,0,0
824609,2026-04-27,LAA,away,666176,Jo Adell,5,0,1,0,0,0,0,0,0,0
824609,2026-04-27,LAA,away,687093,Vaughn Grissom,4,1,2,1,0,0,1,0,0,0
824609,2026-04-27,LAA,away,694384,Nolan Schanuel,4,1,2,1,0,0,1,0,1,0
824609,2026-04-27,LAA,away,666139,Josh Lowe,0,0,0,0,0,0,0,0,0,0
824609,2026-04-27,LAA,away,665861,Sebastián Rivero,0,0,0,0,0,0,0,0,0,0
824609,2026-04-27,LAA,away,669326,Bryce Teodosio,3,0,2,1,0,0,1,0,1,0
822906,2026-04-27,TEX,home,694497,Evan Carter,2,0,0,0,0,0,0,0,2,0
822906,2026-04-27,TEX,home,669394,Jake Burger,3,1,1,0,0,0,0,1,1,0
822906,2026-04-27,TEX,home,696030,Alejandro Osuna,1,0,1,0,0,0,1,0,0,0
822906,2026-04-27,TEX,home,592626,Joc Pederson,2,1,1,0,0,1,1,0,0,0
822906,2026-04-27,TEX,home,608369,Corey Seager,4,0,0,0,0,0,0,0,3,0
822906,2026-04-27,TEX,home,673962,Josh Jung,2,0,1,0,0,0,0,2,0,0
822906,2026-04-27,TEX,home,457705,Andrew McCutchen,2,0,0,0,0,0,0,0,0,0
822906,2026-04-27,TEX,home,543309,Kyle Higashioka,4,0,1,0,0,0,0,0,2,0
822906,2026-04-27,TEX,home,677649,Ezequiel Duran,3,0,1,0,0,0,0,1,0,0
822906,2026-04-27,TEX,home,607043,Brandon Nimmo,4,0,1,0,0,0,0,0,0,0
822906,2026-04-27,TEX,home,669701,Josh Smith,2,0,0,0,0,0,0,0,0,0
822906,2026-04-27,TEX,home,664059,Sam Haggerty,2,0,0,0,0,0,0,0,0,0
822906,2026-04-27,TEX,home,643376,Danny Jansen,1,0,0,0,0,0,0,0,0,0
822906,2026-04-27,NYY,away,676609,José Caballero,3,0,1,0,0,0,0,0,0,0
822906,2026-04-27,NYY,away,592450,Aaron Judge,3,1,3,2,0,1,1,0,0,0
822906,2026-04-27,NYY,away,641857,Ryan McMahon,4,0,1,0,0,0,0,0,2,0
822906,2026-04-27,NYY,away,691176,Jasson Domínguez,4,0,1,0,0,0,0,0,1,0
822906,2026-04-27,NYY,away,669224,Austin Wells,3,0,0,0,0,0,0,1,1,0
822906,2026-04-27,NYY,away,700250,Ben Rice,4,1,1,0,0,1,2,1,0,0
822906,2026-04-27,NYY,away,641355,Cody Bellinger,4,0,0,0,0,0,0,0,1,0
822906,2026-04-27,NYY,away,665862,Jazz Chisholm Jr.,4,1,1,0,0,1,1,0,0,0
822906,2026-04-27,NYY,away,663757,Trent Grisham,4,1,1,0,0,0,0,1,0,0
823311,2026-04-27,SD,home,666023,Freddy Fermin,4,0,0,0,0,0,0,0,1,0
823311,2026-04-27,SD,home,592206,Nick Castellanos,4,0,1,0,0,0,2,0,2,0
823311,2026-04-27,SD,home,701538,Jackson Merrill,5,1,1,0,0,0,1,0,3,0
823311,2026-04-27,SD,home,657757,Gavin Sheets,1,1,1,0,0,1,1,0,0,0
823311,2026-04-27,SD,home,657656,Ramón Laureano,4,1,1,0,0,0,0,1,1,0
823311,2026-04-27,SD,home,592518,Manny Machado,4,3,3,2,0,0,0,0,0,0
823311,2026-04-27,SD,home,609280,Miguel Andujar,3,1,1,0,0,0,1,1,0,0
823311,2026-04-27,SD,home,665487,Fernando Tatis Jr.,5,0,2,0,0,0,0,0,1,1
823311,2026-04-27,SD,home,664034,Ty France,3,1,2,1,1,0,4,1,0,1
823311,2026-04-27,SD,home,593428,Xander Bogaerts,5,1,2,0,0,0,0,0,0,0
823311,2026-04-27,SD,home,630105,Jake Cronenworth,0,0,0,0,0,0,0,0,0,0
823311,2026-04-27,CHC,away,624424,Michael Conforto,2,0,0,0,0,0,0,0,0,0
823311,2026-04-27,CHC,away,664023,Ian Happ,4,1,1,0,0,0,0,0,1,0
823311,2026-04-27,CHC,away,608324,Alex Bregman,4,1,0,0,0,0,0,1,1,0
823311,2026-04-27,CHC,away,683737,Michael Busch,5,0,0,0,0,0,0,0,3,0
823311,2026-04-27,CHC,away,691718,Pete Crow-Armstrong,3,0,1,0,0,0,0,1,1,1
823311,2026-04-27,CHC,away,694208,Moisés Ballesteros,4,1,1,0,0,1,4,0,0,0
823311,2026-04-27,CHC,away,673548,Seiya Suzuki,4,2,2,0,0,1,1,0,1,0
823311,2026-04-27,CHC,away,621020,Dansby Swanson,3,1,2,0,0,0,0,1,0,0
823311,2026-04-27,CHC,away,663538,Nico Hoerner,4,0,0,0,0,0,1,1,1,0
823311,2026-04-27,CHC,away,807713,Matt Shaw,2,1,1,0,0,0,0,0,0,0
823961,2026-04-27,LAD,home,669257,Will Smith,5,0,0,0,0,0,0,0,1,0
823961,2026-04-27,LAD,home,687221,Dalton Rushing,0,1,0,0,0,0,0,1,0,0
823961,2026-04-27,LAD,home,663656,Kyle Tucker,5,0,1,0,0,0,2,0,1,0
823961,2026-04-27,LAD,home,571970,Max Muncy,4,0,1,0,0,0,0,0,1,0
823961,2026-04-27,LAD,home,518692,Freddie Freeman,3,1,1,0,0,0,0,2,0,0
823961,2026-04-27,LAD,home,808975,Hyeseong Kim,2,0,0,0,0,0,0,0,0,0
823961,2026-04-27,LAD,home,669289,Santiago Espinal,0,0,0,0,0,0,0,0,0,0
823961,2026-04-27,LAD,home,660271,Shohei Ohtani,5,2,3,1,0,0,1,0,1,0
823961,2026-04-27,LAD,home,606192,Teoscar Hernández,2,0,1,0,0,0,2,2,1,0
823961,2026-04-27,LAD,home,681624,Andy Pages,3,1,0,0,0,0,0,1,0,0
823961,2026-04-27,LAD,home,669743,Alex Call,1,0,1,0,0,0,0,0,0,0
823961,2026-04-27,LAD,home,500743,Miguel Rojas,2,0,0,0,0,0,0,0,1,0
823961,2026-04-27,LAD,home,690976,Alex Freeland,2,0,0,0,0,0,0,0,0,0
823961,2026-04-27,MIA,away,665923,Esteury Ruiz,0,0,0,0,0,0,0,0,0,0
823961,2026-04-27,MIA,away,805300,Jakob Marsee,3,1,2,1,0,0,0,2,1,0
823961,2026-04-27,MIA,away,691594,Javier Sanoja,4,0,0,0,0,0,0,0,1,0
823961,2026-04-27,MIA,away,669364,Xavier Edwards,1,1,0,0,0,0,0,3,0,0
823961,2026-04-27,MIA,away,669065,Kyle Stowers,5,0,0,0,0,0,0,0,1,0
823961,2026-04-27,MIA,away,689414,Liam Hicks,4,1,1,0,0,1,3,0,2,0
823961,2026-04-27,MIA,away,683357,Owen Caissie,4,0,0,0,0,0,0,0,3,0
823961,2026-04-27,MIA,away,682663,Agustín Ramírez,4,0,1,0,0,0,0,0,0,0
823961,2026-04-27,MIA,away,681393,Connor Norby,3,0,1,0,0,0,0,1,0,0
823961,2026-04-27,MIA,away,672640,Otto Lopez,4,1,1,1,0,0,0,0,3,0
824447,2026-04-28,CLE,home,671655,George Valera,1,0,0,0,0,0,0,0,1,0
824447,2026-04-28,CLE,home,800050,Chase DeLauter,4,0,1,0,0,0,0,0,1,0
824447,2026-04-28,CLE,home,595978,Austin Hedges,0,0,0,0,0,0,0,0,0,0
824447,2026-04-28,CLE,home,683953,Travis Bazzana,2,0,0,0,0,0,0,2,1,0
824447,2026-04-28,CLE,home,682177,Daniel Schneemann,4,0,1,0,0,0,0,0,1,0
824447,2026-04-28,CLE,home,677587,Brayan Rocchio,2,0,0,0,0,0,0,0,0,0
824447,2026-04-28,CLE,home,666310,Bo Naylor,2,0,0,0,0,0,0,0,1,0
824447,2026-04-28,CLE,home,608070,José Ramírez,4,0,0,0,0,0,0,0,0,0
824447,2026-04-28,CLE,home,680757,Steven Kwan,3,0,1,1,0,0,0,1,0,0
824447,2026-04-28,CLE,home,682657,Angel Martínez,3,0,1,1,0,0,0,0,1,0
824447,2026-04-28,CLE,home,700932,Kyle Manzardo,4,0,0,0,0,0,0,0,1,0
824447,2026-04-28,CLE,home,656555,Rhys Hoskins,0,0,0,0,0,0,0,1,0,0
824447,2026-04-28,TB,away,670764,Taylor Walls,1,1,0,0,0,0,0,3,0,1
824447,2026-04-28,TB,away,680700,Richie Palacios,4,0,0,0,0,0,0,0,2,0
824447,2026-04-28,TB,away,641584,Jake Fraley,3,0,1,1,0,0,0,1,1,0
824447,2026-04-28,TB,away,802415,Chandler Simpson,4,0,1,1,0,0,0,1,0,1
824447,2026-04-28,TB,away,666018,Jonathan Aranda,4,0,1,0,0,0,1,0,1,0
824447,2026-04-28,TB,away,663743,Nick Fortes,4,0,0,0,0,0,0,0,0,0
824447,2026-04-28,TB,away,650490,Yandy Díaz,4,0,1,0,0,0,0,0,1,0
824447,2026-04-28,TB,away,810938,Ben Williamson,3,0,1,0,0,0,0,0,0,0
824447,2026-04-28,TB,away,691406,Junior Caminero,1,0,0,0,0,0,0,0,0,0
824447,2026-04-28,TB,away,656775,Cedric Mullins,4,0,0,0,0,0,0,0,2,0
824849,2026-04-28,BAL,home,669236,Jeremiah Jackson,3,0,1,0,0,0,0,0,1,0
824849,2026-04-28,BAL,home,694212,Samuel Basallo,4,0,2,1,0,0,1,0,1,0
824849,2026-04-28,BAL,home,683002,Gunnar Henderson,3,2,1,1,0,0,0,1,0,1
824849,2026-04-28,BAL,home,665750,Leody Taveras,4,0,1,0,0,0,0,0,1,0
824849,2026-04-28,BAL,home,621493,Taylor Ward,3,1,1,0,0,0,0,1,1,0
824849,2026-04-28,BAL,home,687637,Dylan Beavers,2,0,0,0,0,0,0,0,0,0
824849,2026-04-28,BAL,home,668939,Adley Rutschman,4,1,2,0,0,0,2,0,1,0
824849,2026-04-28,BAL,home,641933,Tyler O'Neill,1,0,0,0,0,0,0,0,1,0
824849,2026-04-28,BAL,home,677942,Blaze Alexander,0,0,0,0,0,0,0,0,0,0
824849,2026-04-28,BAL,home,624413,Pete Alonso,4,1,1,0,0,1,2,0,0,0
824849,2026-04-28,BAL,home,691723,Coby Mayo,3,0,0,0,0,0,0,0,2,0
824849,2026-04-28,HOU,away,670623,Isaac Paredes,4,0,0,0,0,0,0,1,1,0
824849,2026-04-28,HOU,away,701358,Cam Smith,4,0,1,0,0,0,0,0,3,0
824849,2026-04-28,HOU,away,687957,Dustin Harris,4,1,1,0,1,0,1,0,2,0
824849,2026-04-28,HOU,away,694728,Brice Matthews,4,1,3,1,0,1,2,0,1,0
824849,2026-04-28,HOU,away,514888,Jose Altuve,5,0,0,0,0,0,0,0,2,0
824849,2026-04-28,HOU,away,621043,Carlos Correa,5,0,1,0,0,0,0,0,2,0
824849,2026-04-28,HOU,away,572233,Christian Walker,4,1,2,1,0,0,0,0,0,0
824849,2026-04-28,HOU,away,673237,Yainer Diaz,4,0,2,1,0,0,0,0,1,0
824849,2026-04-28,HOU,away,670541,Yordan Alvarez,4,0,1,0,0,0,0,1,0,0
824526,2026-04-28,CIN,home,682829,Elly De La Cruz,4,2,3,0,0,1,4,0,1,2
824526,2026-04-28,CIN,home,667472,Dane Myers,3,3,2,0,0,0,0,1,0,1
824526,2026-04-28,CIN,home,701398,Sal Stewart,4,1,1,1,0,0,0,0,1,0
824526,2026-04-28,CIN,home,663993,Nathaniel Lowe,4,0,2,0,0,0,1,0,0,0
824526,2026-04-28,CIN,home,680574,Matt McLain,4,0,0,0,0,0,0,0,2,0
824526,2026-04-28,CIN,home,663647,Ke'Bryan Hayes,3,0,1,0,0,0,0,0,1,0
824526,2026-04-28,CIN,home,670770,TJ Friedl,2,0,0,0,0,0,0,0,1,0
824526,2026-04-28,CIN,home,668715,Spencer Steer,4,1,1,0,0,1,2,0,0,0
824526,2026-04-28,CIN,home,663886,Tyler Stephenson,4,0,1,0,0,0,0,0,0,0
824526,2026-04-28,CIN,home,677956,Rece Hinds,2,0,0,0,0,0,0,0,1,0
824526,2026-04-28,COL,away,666160,Mickey Moniak,5,0,1,0,0,0,0,0,2,0
824526,2026-04-28,COL,away,664983,Jake McCarthy,3,1,1,0,0,0,0,0,1,1
824526,2026-04-28,COL,away,687859,Troy Johnston,3,0,1,1,0,0,0,1,1,0
824526,2026-04-28,COL,away,650489,Willi Castro,0,0,0,0,0,0,0,0,0,0
824526,2026-04-28,COL,away,671289,Tyler Freeman,4,0,1,0,0,0,0,0,0,0
824526,2026-04-28,COL,away,666397,Edouard Julien,4,1,3,0,0,1,2,1,1,0
824526,2026-04-28,COL,away,696100,Hunter Goodman,5,0,0,0,0,0,0,0,3,0
824526,2026-04-28,COL,away,687597,Jordan Beck,1,0,1,0,0,0,0,0,0,0
824526,2026-04-28,COL,away,686668,Brenton Doyle,0,0,0,0,0,0,0,0,0,0
824526,2026-04-28,COL,away,678662,Ezequiel Tovar,4,0,0,0,0,0,0,0,1,0
824526,2026-04-28,COL,away,681198,TJ Rumfield,4,0,2,1,0,0,0,0,1,0
824526,2026-04-28,COL,away,691720,Kyle Karros,4,0,1,0,0,0,0,0,2,0
823390,2026-04-28,PIT,home,694377,Nick Yorke,1,0,0,0,0,0,0,0,1,0
823390,2026-04-28,PIT,home,687462,Spencer Horwitz,4,0,1,0,0,0,0,0,0,0
823390,2026-04-28,PIT,home,664040,Brandon Lowe,3,0,1,1,0,0,0,0,1,0
823390,2026-04-28,PIT,home,668804,Bryan Reynolds,3,2,2,0,0,0,0,1,1,0
823390,2026-04-28,PIT,home,665833,Oneil Cruz,5,2,2,0,0,1,1,0,2,0
823390,2026-04-28,PIT,home,663968,Jake Mangum,4,0,1,0,0,0,0,0,1,1
823390,2026-04-28,PIT,home,680779,Henry Davis,3,0,0,0,0,0,0,0,2,0
823390,2026-04-28,PIT,home,804606,Konnor Griffin,4,1,2,0,0,1,1,0,1,0
823390,2026-04-28,PIT,home,656811,Ryan O'Hearn,4,2,2,0,0,1,3,0,1,0
823390,2026-04-28,PIT,home,693304,Nick Gonzales,4,0,2,0,0,0,2,0,0,0
823390,2026-04-28,PIT,home,542303,Marcell Ozuna,1,0,0,0,0,0,0,0,1,0
823390,2026-04-28,STL,away,669357,Nolan Gorman,4,1,1,0,0,1,3,0,1,0
823390,2026-04-28,STL,away,691023,Jordan Walker,4,1,2,0,0,0,3,0,1,1
823390,2026-04-28,STL,away,701675,Nathan Church,5,0,1,0,0,0,0,0,0,0
823390,2026-04-28,STL,away,687363,Victor Scott II,5,1,1,0,0,1,1,0,2,0
823390,2026-04-28,STL,away,802139,JJ Wetherholt,3,3,1,1,0,0,0,1,0,0
823390,2026-04-28,STL,away,676475,Alec Burleson,4,2,2,2,0,0,3,1,2,0
823390,2026-04-28,STL,away,686780,Pedro Pagés,5,0,1,0,0,0,0,0,2,0
823390,2026-04-28,STL,away,691026,Masyn Winn,5,0,2,0,0,0,1,0,2,0
823390,2026-04-28,STL,away,671056,Iván Herrera,2,3,1,1,0,0,0,3,0,1
823473,2026-04-28,PHI,home,669016,Brandon Marsh,3,1,1,0,0,0,1,0,0,1
823473,2026-04-28,PHI,home,702222,Justin Crawford,4,1,1,0,0,0,1,0,2,0
823473,2026-04-28,PHI,home,547180,Bryce Harper,4,1,2,1,0,0,1,0,0,0
823473,2026-04-28,PHI,home,664761,Alec Bohm,4,0,2,1,0,0,1,0,0,0
823473,2026-04-28,PHI,home,681082,Bryson Stott,3,0,0,0,0,0,0,1,3,0
823473,2026-04-28,PHI,home,656941,Kyle Schwarber,3,1,0,0,0,0,0,2,0,0
823473,2026-04-28,PHI,home,665561,Rafael Marchán,3,0,0,0,0,0,0,1,0,0
823473,2026-04-28,PHI,home,666969,Adolis García,3,1,1,1,0,0,2,1,0,0
823473,2026-04-28,PHI,home,607208,Trea Turner,5,2,4,0,0,0,1,0,1,0
823473,2026-04-28,SF,away,669477,Casey Schmitt,3,0,0,0,0,0,0,0,0,0
823473,2026-04-28,SF,away,666464,Jerar Encarnacion,1,0,0,0,0,0,0,0,1,0
823473,2026-04-28,SF,away,671218,Heliot Ramos,3,0,1,1,0,0,0,0,1,0
823473,2026-04-28,SF,away,656305,Matt Chapman,4,0,0,0,0,0,0,0,4,0
823473,2026-04-28,SF,away,672275,Patrick Bailey,2,0,0,0,0,0,0,0,2,0
823473,2026-04-28,SF,away,808982,Jung Hoo Lee,4,0,0,0,0,0,0,0,1,0
823473,2026-04-28,SF,away,687551,Drew Gilbert,3,0,0,0,0,0,0,0,1,0
823473,2026-04-28,SF,away,646240,Rafael Devers,3,0,0,0,0,0,0,0,1,0
823473,2026-04-28,SF,away,642715,Willy Adames,3,0,0,0,0,0,0,0,1,0
823473,2026-04-28,SF,away,650333,Luis Arraez,3,0,1,1,0,0,0,0,0,0
822823,2026-04-28,TOR,home,676391,Ernie Clement,2,0,0,0,0,0,0,2,0,0
822823,2026-04-28,TOR,home,662139,Daulton Varsho,4,0,1,0,0,0,0,0,3,0
822823,2026-04-28,TOR,home,665926,Andrés Giménez,3,1,1,0,0,0,0,0,0,0
822823,2026-04-28,TOR,home,676914,Davis Schneider,2,0,0,0,0,0,0,2,0,0
822823,2026-04-28,TOR,home,623168,Tyler Heineman,3,0,0,0,0,0,0,0,1,0
822823,2026-04-28,TOR,home,665489,Vladimir Guerrero Jr.,3,1,2,1,0,0,1,0,0,0
822823,2026-04-28,TOR,home,660821,Jesús Sánchez,1,0,0,0,0,0,0,0,0,0
822823,2026-04-28,TOR,home,650391,Eloy Jiménez,3,0,0,0,0,0,0,0,1,0
822823,2026-04-28,TOR,home,664702,Myles Straw,3,1,1,0,0,0,0,1,1,0
822823,2026-04-28,TOR,home,672960,Kazuma Okamoto,4,0,1,0,0,0,2,0,1,0
822823,2026-04-28,BOS,away,701350,Roman Anthony,4,0,0,0,0,0,0,0,1,0
822823,2026-04-28,BOS,away,575929,Willson Contreras,4,0,1,1,0,0,0,0,1,0
822823,2026-04-28,BOS,away,596115,Trevor Story,4,0,1,0,0,0,0,0,2,0
822823,2026-04-28,BOS,away,677800,Wilyer Abreu,3,0,0,0,0,0,0,1,2,0
822823,2026-04-28,BOS,away,702332,Caleb Durbin,3,0,0,0,0,0,0,0,0,0
822823,2026-04-28,BOS,away,665966,Carlos Narváez,3,0,0,0,0,0,0,0,1,0
822823,2026-04-28,BOS,away,680776,Jarren Duran,4,0,0,0,0,0,0,0,1,0
822823,2026-04-28,BOS,away,807799,Masataka Yoshida,3,0,1,0,0,0,0,0,1,0
822823,2026-04-28,BOS,away,691785,Marcelo Mayer,3,0,1,0,0,0,0,0,0,0
823636,2026-04-28,NYM,home,666182,Bo Bichette,2,1,1,0,0,1,2,1,0,0
823636,2026-04-28,NYM,home,621438,Tyrone Taylor,1,0,0,0,0,0,0,0,0,0
823636,2026-04-28,NYM,home,682626,Francisco Alvarez,4,0,0,0,0,0,0,0,0,0
823636,2026-04-28,NYM,home,668901,Mark Vientos,2,1,0,0,0,0,0,2,2,0
823636,2026-04-28,NYM,home,683146,Brett Baty,3,1,0,0,0,0,0,1,0,0
823636,2026-04-28,NYM,home,701807,Carson Benge,4,1,2,0,0,0,2,0,0,0
823636,2026-04-28,NYM,home,543760,Marcus Semien,3,1,0,0,0,0,1,1,0,0
823636,2026-04-28,NYM,home,669004,MJ Melendez,3,1,1,0,0,0,0,0,0,0
823636,2026-04-28,NYM,home,665742,Juan Soto,4,1,1,0,0,1,2,0,0,0
823636,2026-04-28,NYM,home,677595,Ronny Mauricio,4,1,1,0,0,0,0,0,1,0
823636,2026-04-28,WSH,away,691781,Brady House,4,0,0,0,0,0,0,0,1,0
823636,2026-04-28,WSH,away,682928,CJ Abrams,4,0,1,0,0,0,0,0,1,0
823636,2026-04-28,WSH,away,683083,Nasim Nuñez,2,0,0,0,0,0,0,1,1,0
823636,2026-04-28,WSH,away,686452,Drew Millas,3,0,1,0,0,0,0,0,1,0
823636,2026-04-28,WSH,away,678391,Jorbit Vivas,3,0,1,0,0,0,0,0,0,0
823636,2026-04-28,WSH,away,695734,Daylen Lile,4,0,0,0,0,0,0,0,2,0
823636,2026-04-28,WSH,away,695578,James Wood,3,0,0,0,0,0,0,1,2,0
823636,2026-04-28,WSH,away,696285,Jacob Young,3,0,0,0,0,0,0,0,2,0
823636,2026-04-28,WSH,away,671277,Luis García Jr.,4,0,0,0,0,0,0,0,1,0
824931,2026-04-28,ATL,home,671739,Michael Harris II,4,0,1,0,0,0,0,0,0,0
824931,2026-04-28,ATL,home,643289,Mauricio Dubón,4,1,1,1,0,0,0,0,0,0
824931,2026-04-28,ATL,home,686948,Drake Baldwin,4,0,0,0,0,0,0,0,0,0
824931,2026-04-28,ATL,home,621566,Matt Olson,2,1,1,1,0,0,1,1,1,0
824931,2026-04-28,ATL,home,642086,Dominic Smith,1,0,0,0,0,0,0,0,1,0
824931,2026-04-28,ATL,home,660670,Ronald Acuña Jr.,4,1,2,2,0,0,1,0,1,0
824931,2026-04-28,ATL,home,571657,Kyle Farmer,3,0,1,0,0,0,0,0,2,0
824931,2026-04-28,ATL,home,645277,Ozzie Albies,3,1,1,0,0,1,2,1,1,0
824931,2026-04-28,ATL,home,663586,Austin Riley,4,0,0,0,0,0,0,0,3,0
824931,2026-04-28,ATL,home,573262,Mike Yastrzemski,3,1,2,1,0,0,1,0,0,0
824931,2026-04-28,DET,away,701678,Hao-Yu  Lee,2,0,1,1,0,0,0,0,1,0
824931,2026-04-28,DET,away,663330,Jahmai Jones,3,0,0,0,0,0,0,0,2,0
824931,2026-04-28,DET,away,682985,Riley Greene,3,0,0,0,0,0,0,1,1,0
824931,2026-04-28,DET,away,595879,Javier Báez,2,0,0,0,0,0,0,0,0,0
824931,2026-04-28,DET,away,805808,Kevin McGonigle,4,0,1,0,0,0,0,0,1,0
824931,2026-04-28,DET,away,681481,Kerry Carpenter,2,0,0,0,0,0,0,0,0,0
824931,2026-04-28,DET,away,679529,Spencer Torkelson,3,0,0,0,0,0,0,1,2,0
824931,2026-04-28,DET,away,650402,Gleyber Torres,3,0,0,0,0,0,0,2,0,0
824931,2026-04-28,DET,away,663837,Matt Vierling,4,0,0,0,0,0,0,0,1,0
824931,2026-04-28,DET,away,693307,Dillon Dingler,3,0,2,1,0,0,0,1,0,0
824931,2026-04-28,DET,away,690993,Colt Keith,2,1,1,0,0,0,0,0,0,0
824931,2026-04-28,DET,away,672761,Wenceel Pérez,2,1,1,0,0,1,2,0,0,0
823716,2026-04-28,MIN,home,605170,Victor Caratini,4,0,0,0,0,0,0,0,2,0
823716,2026-04-28,MIN,home,665019,Kody Clemens,3,0,0,0,0,0,0,0,0,0
823716,2026-04-28,MIN,home,668885,Austin Martin,4,0,1,0,0,0,0,0,0,1
823716,2026-04-28,MIN,home,656484,Tristan Gray,4,0,0,0,0,0,0,0,1,0
823716,2026-04-28,MIN,home,605137,Josh Bell,4,0,1,0,0,0,0,0,1,0
823716,2026-04-28,MIN,home,668904,Royce Lewis,4,0,1,0,0,0,0,0,0,0
823716,2026-04-28,MIN,home,663616,Trevor Larnach,4,0,1,1,0,0,0,0,0,0
823716,2026-04-28,MIN,home,621439,Byron Buxton,5,1,2,0,0,1,1,0,1,1
823716,2026-04-28,MIN,home,807712,Luke Keaschall,3,0,1,0,0,0,0,1,2,1
823716,2026-04-28,SEA,away,647304,Josh Naylor,5,1,3,0,0,1,4,0,0,0
823716,2026-04-28,SEA,away,702284,Cole Young,4,1,3,0,0,0,1,0,0,0
823716,2026-04-28,SEA,away,641487,J.P. Crawford,4,1,1,0,0,0,0,1,0,1
823716,2026-04-28,SEA,away,668227,Randy Arozarena,3,1,2,1,1,0,0,1,1,0
823716,2026-04-28,SEA,away,686527,Dominic Canzone,2,0,0,0,0,0,0,0,2,0
823716,2026-04-28,SEA,away,663728,Cal Raleigh,5,0,0,0,0,0,0,0,2,0
823716,2026-04-28,SEA,away,641598,Mitch Garver,2,0,0,0,0,0,0,0,0,0
823716,2026-04-28,SEA,away,677594,Julio Rodríguez,5,2,3,3,0,0,2,0,0,0
823716,2026-04-28,SEA,away,660844,Leo Rivas,3,1,0,0,0,0,0,0,1,0
823716,2026-04-28,SEA,away,670042,Luke Raley,4,0,0,0,0,0,0,0,1,0
824610,2026-04-28,CWS,home,671976,Tristan Peters,2,0,0,0,0,0,0,0,0,0
824610,2026-04-28,CWS,home,682668,Luisangel Acuña,3,0,1,0,0,0,0,1,0,0
824610,2026-04-28,CWS,home,808959,Munetaka Murakami,5,1,1,0,0,0,0,0,4,0
824610,2026-04-28,CWS,home,805367,Chase Meidroth,2,0,0,0,0,0,0,0,1,0
824610,2026-04-28,CWS,home,695657,Colson Montgomery,4,1,2,0,0,1,1,0,1,0
824610,2026-04-28,CWS,home,691011,Drew Romo,3,2,2,0,0,2,3,0,0,0
824610,2026-04-28,CWS,home,669720,Austin Hays,2,0,0,0,0,0,0,0,0,0
824610,2026-04-28,CWS,home,643217,Andrew Benintendi,3,0,1,0,0,0,0,1,1,0
824610,2026-04-28,CWS,home,677592,Everson Pereira,2,0,0,0,0,0,0,0,1,0
824610,2026-04-28,CWS,home,803011,Sam Antonacci,3,1,1,0,0,0,1,0,0,0
824610,2026-04-28,CWS,home,656537,Derek Hill,1,0,0,0,0,0,0,0,0,0
824610,2026-04-28,CWS,home,678246,Miguel Vargas,2,0,1,0,0,0,0,2,1,0
824610,2026-04-28,LAA,away,624428,Adam Frazier,2,0,0,0,0,0,0,0,0,0
824610,2026-04-28,LAA,away,672724,Oswald Peraza,2,0,0,0,0,0,0,0,2,0
824610,2026-04-28,LAA,away,687263,Zach Neto,5,0,1,0,0,0,0,0,4,1
824610,2026-04-28,LAA,away,624585,Jorge Soler,3,0,1,0,0,0,0,1,2,0
824610,2026-04-28,LAA,away,660162,Yoán Moncada,3,0,0,0,0,0,0,0,2,0
824610,2026-04-28,LAA,away,545361,Mike Trout,2,0,1,0,0,0,0,2,1,1
824610,2026-04-28,LAA,away,666176,Jo Adell,4,0,1,0,0,0,1,0,1,0
824610,2026-04-28,LAA,away,687093,Vaughn Grissom,2,0,0,0,0,0,0,0,1,0
824610,2026-04-28,LAA,away,694384,Nolan Schanuel,4,1,2,1,0,0,0,0,0,0
824610,2026-04-28,LAA,away,666139,Josh Lowe,4,1,1,0,0,1,1,0,0,0
824610,2026-04-28,LAA,away,665861,Sebastián Rivero,4,0,2,0,0,0,0,0,0,0
823798,2026-04-28,MIL,home,675659,Greg Jones,0,0,0,0,0,0,0,0,0,0
823798,2026-04-28,MIL,home,650859,Luis Rengifo,1,0,0,0,0,0,0,0,0,0
823798,2026-04-28,MIL,home,687401,Joey Ortiz,4,1,2,0,0,0,2,0,1,0
823798,2026-04-28,MIL,home,641343,Jake Bauers,4,1,1,0,0,0,2,1,0,0
823798,2026-04-28,MIL,home,686217,Sal Frelick,2,3,2,0,0,1,1,1,0,0
823798,2026-04-28,MIL,home,663604,Brandon Lockridge,4,1,0,0,0,0,0,1,1,0
823798,2026-04-28,MIL,home,672012,Tyler Black,5,1,3,0,0,0,3,0,0,0
823798,2026-04-28,MIL,home,669003,Garrett Mitchell,4,1,1,0,0,0,1,1,0,0
823798,2026-04-28,MIL,home,666152,David Hamilton,5,1,2,1,0,0,2,0,0,0
823798,2026-04-28,MIL,home,663368,Blake Perkins,1,0,0,0,0,0,0,0,0,0
823798,2026-04-28,MIL,home,661388,William Contreras,4,2,2,0,0,0,2,1,0,0
823798,2026-04-28,MIL,home,668930,Brice Turang,3,2,2,1,0,0,0,1,0,0
823798,2026-04-28,ARI,away,694374,Tim Tawa,2,0,1,0,0,0,0,0,1,0
823798,2026-04-28,ARI,away,680728,Adrian Del Castillo,2,1,0,0,0,0,0,2,1,0
823798,2026-04-28,ARI,away,571448,Nolan Arenado,1,0,0,0,0,0,0,1,0,0
823798,2026-04-28,ARI,away,606466,Ketel Marte,3,0,0,0,0,0,0,0,0,0
823798,2026-04-28,ARI,away,545121,Ildemaro Vargas,2,0,1,0,0,0,0,1,0,0
823798,2026-04-28,ARI,away,699912,Jose Fernandez,3,1,0,0,0,0,0,1,0,0
823798,2026-04-28,ARI,away,682998,Corbin Carroll,3,0,0,0,0,0,0,0,2,0
823798,2026-04-28,ARI,away,666971,Lourdes Gurriel Jr.,4,0,0,0,0,0,0,0,2,0
823798,2026-04-28,ARI,away,605244,Aramis Garcia,1,0,0,0,0,0,0,0,0,0
823798,2026-04-28,ARI,away,543510,James McCann,3,0,1,0,0,0,2,0,2,0
823798,2026-04-28,ARI,away,678489,Jorge Barrosa,1,0,0,0,0,0,0,0,0,0
823798,2026-04-28,ARI,away,677950,Alek Thomas,3,0,0,0,0,0,0,0,0,0
822908,2026-04-28,TEX,home,694497,Evan Carter,2,0,0,0,0,0,0,0,0,0
822908,2026-04-28,TEX,home,669394,Jake Burger,4,0,0,0,0,0,0,0,2,0
822908,2026-04-28,TEX,home,696030,Alejandro Osuna,1,0,0,0,0,0,0,1,1,0
822908,2026-04-28,TEX,home,592626,Joc Pederson,4,0,0,0,0,0,0,0,1,0
822908,2026-04-28,TEX,home,608369,Corey Seager,4,0,1,1,0,0,0,1,2,0
822908,2026-04-28,TEX,home,673962,Josh Jung,4,0,2,0,0,0,1,1,1,0
822908,2026-04-28,TEX,home,457705,Andrew McCutchen,2,1,0,0,0,0,0,0,0,0
822908,2026-04-28,TEX,home,677649,Ezequiel Duran,1,0,0,0,0,0,0,0,1,0
822908,2026-04-28,TEX,home,607043,Brandon Nimmo,4,0,2,0,0,0,0,0,1,0
822908,2026-04-28,TEX,home,669701,Josh Smith,4,0,0,0,0,0,0,0,2,0
822908,2026-04-28,TEX,home,664059,Sam Haggerty,1,0,1,0,0,0,0,0,0,0
822908,2026-04-28,TEX,home,643376,Danny Jansen,3,1,1,0,1,0,1,1,0,0
822908,2026-04-28,NYY,away,676609,José Caballero,3,0,0,0,0,0,0,0,0,1
822908,2026-04-28,NYY,away,592450,Aaron Judge,4,2,2,0,0,1,1,0,1,0
822908,2026-04-28,NYY,away,641857,Ryan McMahon,3,0,0,0,0,0,0,0,2,0
822908,2026-04-28,NYY,away,691176,Jasson Domínguez,4,0,0,0,0,0,0,0,1,0
822908,2026-04-28,NYY,away,669224,Austin Wells,3,1,2,0,0,1,1,0,0,0
822908,2026-04-28,NYY,away,700250,Ben Rice,4,0,0,0,0,0,0,0,1,0
822908,2026-04-28,NYY,away,641355,Cody Bellinger,4,0,1,1,0,0,1,0,1,0
822908,2026-04-28,NYY,away,665862,Jazz Chisholm Jr.,4,0,0,0,0,0,0,0,1,0
822908,2026-04-28,NYY,away,663757,Trent Grisham,4,0,0,0,0,0,0,0,0,0
825017,2026-04-28,OAK,home,671732,Lawrence Butler,1,0,0,0,0,0,0,0,1,0
825017,2026-04-28,OAK,home,667670,Brent Rooker,5,0,0,0,0,0,0,0,2,0
825017,2026-04-28,OAK,home,680869,Zack Gelof,4,1,2,0,0,0,0,1,1,1
825017,2026-04-28,OAK,home,643446,Jeff McNeil,3,0,0,0,0,0,0,1,0,0
825017,2026-04-28,OAK,home,666126,Carlos Cortes,1,0,1,0,0,0,0,1,0,0
825017,2026-04-28,OAK,home,691016,Tyler Soderstrom,2,0,0,0,0,0,0,0,2,0
825017,2026-04-28,OAK,home,687231,Darell Hernaiz,4,0,0,0,0,0,0,1,0,0
825017,2026-04-28,OAK,home,701762,Nick Kurtz,4,0,0,0,0,0,0,1,2,0
825017,2026-04-28,OAK,home,687515,Colby Thomas,3,0,1,0,0,0,0,1,1,0
825017,2026-04-28,OAK,home,669127,Shea Langeliers,5,0,3,1,0,0,0,0,0,0
825017,2026-04-28,OAK,home,805779,Jacob Wilson,5,0,1,0,0,0,1,0,2,0
825017,2026-04-28,KC,away,695600,Carter Jensen,1,0,0,0,0,0,0,0,1,0
825017,2026-04-28,KC,away,686555,Isaac Collins,3,0,0,0,0,0,0,1,0,0
825017,2026-04-28,KC,away,521692,Salvador Perez,5,1,2,0,0,1,1,0,0,0
825017,2026-04-28,KC,away,679845,Nick Loftin,4,1,0,0,0,0,0,0,1,0
825017,2026-04-28,KC,away,686681,Michael Massey,2,0,0,0,0,0,0,0,0,0
825017,2026-04-28,KC,away,516782,Starling Marte,0,0,0,0,0,0,0,0,0,0
825017,2026-04-28,KC,away,686469,Vinnie Pasquantino,2,0,1,1,0,0,0,1,0,0
825017,2026-04-28,KC,away,664728,Kyle Isbel,3,1,1,0,0,0,0,0,1,0
825017,2026-04-28,KC,away,672580,Maikel Garcia,5,0,2,0,1,0,0,0,1,0
825017,2026-04-28,KC,away,657041,Lane Thomas,2,0,1,0,0,0,0,1,0,1
825017,2026-04-28,KC,away,695506,Jac Caglianone,4,0,0,0,0,0,0,0,3,0
825017,2026-04-28,KC,away,677951,Bobby Witt Jr.,5,1,1,0,0,1,3,0,0,1
823310,2026-04-28,SD,home,669134,Luis Campusano,4,0,1,0,0,0,1,0,2,0
823310,2026-04-28,SD,home,592206,Nick Castellanos,1,0,0,0,0,0,0,0,0,0
823310,2026-04-28,SD,home,701538,Jackson Merrill,4,0,0,0,0,0,0,0,1,0
823310,2026-04-28,SD,home,657757,Gavin Sheets,2,0,0,0,0,0,0,0,0,0
823310,2026-04-28,SD,home,657656,Ramón Laureano,4,0,1,0,0,0,0,0,2,0
823310,2026-04-28,SD,home,665487,Fernando Tatis Jr.,4,0,0,0,0,0,0,0,2,0
823310,2026-04-28,SD,home,664034,Ty France,4,1,2,0,0,0,1,0,0,0
823310,2026-04-28,SD,home,669369,Bryce Johnson,4,0,1,0,0,0,0,0,1,1
823310,2026-04-28,SD,home,593428,Xander Bogaerts,3,2,1,0,0,1,1,1,2,1
823310,2026-04-28,SD,home,630105,Jake Cronenworth,3,0,0,0,0,0,0,0,0,0
823310,2026-04-28,CHC,away,664023,Ian Happ,3,1,0,0,0,0,0,1,0,0
823310,2026-04-28,CHC,away,608324,Alex Bregman,2,1,2,0,0,0,1,0,0,0
823310,2026-04-28,CHC,away,683737,Michael Busch,2,1,0,0,0,0,0,2,2,0
823310,2026-04-28,CHC,away,608348,Carson Kelly,5,1,1,0,0,0,0,0,1,0
823310,2026-04-28,CHC,away,691718,Pete Crow-Armstrong,4,2,1,0,0,1,3,1,2,0
823310,2026-04-28,CHC,away,694208,Moisés Ballesteros,4,0,0,0,0,0,0,1,0,0
823310,2026-04-28,CHC,away,670032,Nicky Lopez,2,1,0,0,0,0,0,0,0,0
823310,2026-04-28,CHC,away,673548,Seiya Suzuki,4,1,2,0,0,0,0,1,1,0
823310,2026-04-28,CHC,away,621020,Dansby Swanson,1,0,1,1,0,0,2,0,0,1
823310,2026-04-28,CHC,away,663538,Nico Hoerner,5,0,1,1,0,0,2,0,0,0
823310,2026-04-28,CHC,away,807713,Matt Shaw,4,0,0,0,0,0,0,0,1,0
823956,2026-04-28,LAD,home,669257,Will Smith,4,0,3,0,0,0,1,0,0,0
823956,2026-04-28,LAD,home,687221,Dalton Rushing,4,1,0,0,0,0,0,0,1,0
823956,2026-04-28,LAD,home,663656,Kyle Tucker,3,0,1,0,0,0,0,1,1,0
823956,2026-04-28,LAD,home,571970,Max Muncy,4,0,0,0,0,0,0,0,0,0
823956,2026-04-28,LAD,home,518692,Freddie Freeman,4,0,1,0,0,0,0,0,0,0
823956,2026-04-28,LAD,home,808975,Hyeseong Kim,4,0,0,0,0,0,0,0,0,0
823956,2026-04-28,LAD,home,606192,Teoscar Hernández,4,0,0,0,0,0,0,0,0,0
823956,2026-04-28,LAD,home,681624,Andy Pages,4,0,1,0,0,0,0,0,1,0
823956,2026-04-28,LAD,home,690976,Alex Freeland,4,0,1,0,0,0,0,0,1,0
823956,2026-04-28,MIA,away,666624,Christopher Morel,3,1,0,0,0,0,0,1,1,0
823956,2026-04-28,MIA,away,665923,Esteury Ruiz,0,0,0,0,0,0,0,0,0,0
823956,2026-04-28,MIA,away,805300,Jakob Marsee,4,0,0,0,0,0,0,0,4,0
823956,2026-04-28,MIA,away,691594,Javier Sanoja,0,0,0,0,0,0,0,0,0,0
823956,2026-04-28,MIA,away,669364,Xavier Edwards,3,0,1,0,0,0,0,1,0,0
823956,2026-04-28,MIA,away,669065,Kyle Stowers,5,0,2,0,0,0,1,0,2,0
823956,2026-04-28,MIA,away,688363,Graham Pauley,4,0,0,0,0,0,0,0,1,0
823956,2026-04-28,MIA,away,683357,Owen Caissie,3,0,1,0,0,0,1,0,1,0
823956,2026-04-28,MIA,away,682663,Agustín Ramírez,2,1,0,0,0,0,0,1,1,1
823956,2026-04-28,MIA,away,681393,Connor Norby,4,0,1,0,0,0,0,0,2,2
823956,2026-04-28,MIA,away,672640,Otto Lopez,5,0,3,1,0,0,0,0,1,0
824445,2026-04-29,CLE,home,800050,Chase DeLauter,3,0,2,0,0,0,2,1,0,0
824445,2026-04-29,CLE,home,683953,Travis Bazzana,4,0,0,0,0,0,0,0,0,0
824445,2026-04-29,CLE,home,682177,Daniel Schneemann,4,0,2,0,0,0,0,0,1,1
824445,2026-04-29,CLE,home,677587,Brayan Rocchio,4,2,3,0,0,0,0,0,0,1
824445,2026-04-29,CLE,home,666310,Bo Naylor,4,0,0,0,0,0,0,0,1,0
824445,2026-04-29,CLE,home,608070,José Ramírez,4,0,1,1,0,0,0,0,1,1
824445,2026-04-29,CLE,home,680757,Steven Kwan,4,1,1,1,0,0,0,1,0,0
824445,2026-04-29,CLE,home,682657,Angel Martínez,4,0,0,0,0,0,0,0,1,0
824445,2026-04-29,CLE,home,700932,Kyle Manzardo,3,0,0,0,0,0,1,0,3,0
824445,2026-04-29,TB,away,670764,Taylor Walls,3,0,0,0,0,0,0,0,3,0
824445,2026-04-29,TB,away,680700,Richie Palacios,4,0,0,0,0,0,0,0,2,0
824445,2026-04-29,TB,away,641584,Jake Fraley,4,0,1,0,0,0,0,0,1,0
824445,2026-04-29,TB,away,802415,Chandler Simpson,4,0,2,0,0,0,0,0,0,1
824445,2026-04-29,TB,away,676439,Hunter Feduccia,2,0,0,0,0,0,0,0,1,0
824445,2026-04-29,TB,away,666018,Jonathan Aranda,4,0,0,0,0,0,0,0,3,0
824445,2026-04-29,TB,away,650490,Yandy Díaz,4,1,2,0,0,0,0,0,0,0
824445,2026-04-29,TB,away,810938,Ben Williamson,0,0,0,0,0,0,0,0,0,1
824445,2026-04-29,TB,away,691406,Junior Caminero,4,0,1,0,0,0,0,0,2,0
824445,2026-04-29,TB,away,656775,Cedric Mullins,4,0,0,0,0,0,0,0,0,0
824608,2026-04-29,CWS,home,671976,Tristan Peters,0,1,0,0,0,0,0,0,0,1
824608,2026-04-29,CWS,home,682668,Luisangel Acuña,2,0,0,0,0,0,0,0,1,0
824608,2026-04-29,CWS,home,808959,Munetaka Murakami,2,0,0,0,0,0,0,3,1,0
824608,2026-04-29,CWS,home,805367,Chase Meidroth,4,1,1,1,0,0,0,1,0,0
824608,2026-04-29,CWS,home,695657,Colson Montgomery,5,0,1,0,0,0,1,0,1,0
824608,2026-04-29,CWS,home,669720,Austin Hays,5,0,2,0,0,0,0,0,1,0
824608,2026-04-29,CWS,home,700337,Edgar Quero,4,0,0,0,0,0,0,0,1,0
824608,2026-04-29,CWS,home,643217,Andrew Benintendi,1,0,0,0,0,0,0,0,0,0
824608,2026-04-29,CWS,home,672284,Jarred Kelenic,1,0,0,0,0,0,0,1,1,0
824608,2026-04-29,CWS,home,803011,Sam Antonacci,3,0,1,0,1,0,1,1,0,0
824608,2026-04-29,CWS,home,656537,Derek Hill,2,0,1,0,0,0,0,0,1,0
824608,2026-04-29,CWS,home,678246,Miguel Vargas,4,1,1,0,0,0,1,1,1,0
824608,2026-04-29,LAA,away,624428,Adam Frazier,3,0,1,1,0,0,0,0,0,0
824608,2026-04-29,LAA,away,672724,Oswald Peraza,1,0,1,0,0,0,0,0,0,0
824608,2026-04-29,LAA,away,687263,Zach Neto,4,0,0,0,0,0,0,0,2,0
824608,2026-04-29,LAA,away,624585,Jorge Soler,4,0,1,0,0,0,0,0,0,0
824608,2026-04-29,LAA,away,660162,Yoán Moncada,3,0,0,0,0,0,0,0,1,0
824608,2026-04-29,LAA,away,518595,Travis d'Arnaud,3,0,0,0,0,0,0,0,0,0
824608,2026-04-29,LAA,away,545361,Mike Trout,4,1,1,0,0,1,1,0,3,0
824608,2026-04-29,LAA,away,666176,Jo Adell,4,0,1,0,0,0,0,0,1,0
824608,2026-04-29,LAA,away,687093,Vaughn Grissom,4,1,1,0,0,1,1,0,0,0
824608,2026-04-29,LAA,away,694384,Nolan Schanuel,1,0,0,0,0,0,0,0,0,0
824608,2026-04-29,LAA,away,666139,Josh Lowe,4,0,0,0,0,0,0,0,2,0
824608,2026-04-29,LAA,away,665861,Sebastián Rivero,0,0,0,0,0,0,0,0,0,0
824608,2026-04-29,LAA,away,669326,Bryce Teodosio,0,0,0,0,0,0,0,0,0,0
823717,2026-04-29,MIN,home,605170,Victor Caratini,1,0,1,0,0,0,1,0,0,0
823717,2026-04-29,MIN,home,665019,Kody Clemens,3,1,2,1,0,0,0,1,1,0
823717,2026-04-29,MIN,home,686797,Brooks Lee,4,0,2,0,0,0,2,0,1,1
823717,2026-04-29,MIN,home,668885,Austin Martin,2,0,0,0,0,0,0,0,0,0
823717,2026-04-29,MIN,home,605137,Josh Bell,5,0,0,0,0,0,0,0,2,0
823717,2026-04-29,MIN,home,680777,Ryan Jeffers,4,1,2,0,0,0,0,0,1,0
823717,2026-04-29,MIN,home,681546,James Outman,1,1,0,0,0,0,0,0,1,1
823717,2026-04-29,MIN,home,668904,Royce Lewis,3,0,1,0,0,0,0,1,0,0
823717,2026-04-29,MIN,home,663616,Trevor Larnach,3,0,2,0,0,0,0,0,0,0
823717,2026-04-29,MIN,home,621439,Byron Buxton,5,0,1,0,0,0,0,0,1,0
823717,2026-04-29,MIN,home,670242,Matt Wallner,2,0,0,0,0,0,0,1,2,0
823717,2026-04-29,MIN,home,807712,Luke Keaschall,4,0,1,0,0,0,0,0,1,0
823717,2026-04-29,SEA,away,647304,Josh Naylor,4,0,0,0,0,0,0,0,1,0
823717,2026-04-29,SEA,away,702284,Cole Young,4,1,2,1,0,0,3,0,0,1
823717,2026-04-29,SEA,away,669717,Will Wilson,3,0,0,0,0,0,0,1,1,0
823717,2026-04-29,SEA,away,641487,J.P. Crawford,3,1,2,0,0,1,1,2,0,0
823717,2026-04-29,SEA,away,668227,Randy Arozarena,3,1,0,0,0,0,0,1,1,0
823717,2026-04-29,SEA,away,686527,Dominic Canzone,4,1,2,1,0,0,0,0,2,0
823717,2026-04-29,SEA,away,663728,Cal Raleigh,3,0,0,0,0,0,1,1,1,0
823717,2026-04-29,SEA,away,677594,Julio Rodríguez,5,0,1,0,0,0,0,0,1,0
823717,2026-04-29,SEA,away,660844,Leo Rivas,0,1,0,0,0,0,0,0,0,1
823717,2026-04-29,SEA,away,670042,Luke Raley,4,0,0,0,0,0,0,0,3,0
822907,2026-04-29,TEX,home,694497,Evan Carter,4,0,0,0,0,0,0,0,1,0
822907,2026-04-29,TEX,home,669394,Jake Burger,4,0,0,0,0,0,0,0,1,0
822907,2026-04-29,TEX,home,696030,Alejandro Osuna,1,1,0,0,0,0,0,1,0,0
822907,2026-04-29,TEX,home,592626,Joc Pederson,4,0,1,0,0,0,0,0,0,0
822907,2026-04-29,TEX,home,608369,Corey Seager,3,0,0,0,0,0,0,1,1,0
822907,2026-04-29,TEX,home,673962,Josh Jung,4,0,1,0,0,0,2,0,1,0
822907,2026-04-29,TEX,home,543309,Kyle Higashioka,4,0,1,0,0,0,0,0,2,0
822907,2026-04-29,TEX,home,677649,Ezequiel Duran,2,2,2,1,0,0,0,1,0,0
822907,2026-04-29,TEX,home,607043,Brandon Nimmo,2,0,1,0,0,0,0,1,0,0
822907,2026-04-29,TEX,home,664059,Sam Haggerty,1,0,1,0,0,0,1,0,0,0
822907,2026-04-29,NYY,away,676609,José Caballero,3,0,1,0,0,0,0,0,1,0
822907,2026-04-29,NYY,away,680474,Max Schuemann,1,0,0,0,0,0,0,1,0,0
822907,2026-04-29,NYY,away,592450,Aaron Judge,4,0,0,0,0,0,0,0,2,0
822907,2026-04-29,NYY,away,641857,Ryan McMahon,3,0,0,0,0,0,0,0,1,0
822907,2026-04-29,NYY,away,691176,Jasson Domínguez,1,0,0,0,0,0,0,0,0,0
822907,2026-04-29,NYY,away,700250,Ben Rice,4,0,3,0,0,0,0,0,0,0
822907,2026-04-29,NYY,away,641555,J.C. Escarra,3,0,0,0,0,0,0,0,1,0
822907,2026-04-29,NYY,away,641355,Cody Bellinger,4,0,1,0,0,0,0,0,1,0
822907,2026-04-29,NYY,away,665862,Jazz Chisholm Jr.,4,0,0,0,0,0,0,0,1,0
822907,2026-04-29,NYY,away,663757,Trent Grisham,4,0,0,0,0,0,0,0,1,0
822821,2026-04-29,TOR,home,676391,Ernie Clement,5,1,1,0,0,1,2,0,0,0
822821,2026-04-29,TOR,home,662139,Daulton Varsho,2,1,0,0,0,0,0,1,0,0
822821,2026-04-29,TOR,home,665926,Andrés Giménez,4,0,0,0,0,0,0,0,1,0
822821,2026-04-29,TOR,home,678218,Brandon Valenzuela,3,3,2,0,0,1,1,1,0,0
822821,2026-04-29,TOR,home,682818,Yohendrick Piñango,2,0,1,0,0,0,1,0,0,0
822821,2026-04-29,TOR,home,543807,George Springer,2,0,1,0,0,0,1,0,0,0
822821,2026-04-29,TOR,home,665489,Vladimir Guerrero Jr.,3,2,3,0,0,0,0,1,0,0
822821,2026-04-29,TOR,home,660821,Jesús Sánchez,4,1,1,0,0,0,0,0,0,0
822821,2026-04-29,TOR,home,664702,Myles Straw,3,0,0,0,0,0,1,0,0,0
822821,2026-04-29,TOR,home,672960,Kazuma Okamoto,4,0,1,0,0,0,2,0,2,0
822821,2026-04-29,BOS,away,701350,Roman Anthony,5,0,1,0,0,0,0,0,2,0
822821,2026-04-29,BOS,away,575929,Willson Contreras,4,1,2,0,0,1,1,0,0,0
822821,2026-04-29,BOS,away,657136,Connor Wong,4,0,0,0,0,0,0,0,0,0
822821,2026-04-29,BOS,away,596115,Trevor Story,3,0,1,1,0,0,0,1,0,0
822821,2026-04-29,BOS,away,677800,Wilyer Abreu,3,0,2,0,0,0,0,1,0,1
822821,2026-04-29,BOS,away,655316,Andruw Monasterio,3,0,0,0,0,0,0,0,0,0
822821,2026-04-29,BOS,away,643396,Isiah Kiner-Falefa,2,0,1,0,0,0,0,0,0,0
822821,2026-04-29,BOS,away,702332,Caleb Durbin,4,0,1,0,0,0,0,0,1,0
822821,2026-04-29,BOS,away,680776,Jarren Duran,1,0,0,0,0,0,0,0,1,0
822821,2026-04-29,BOS,away,678882,Ceddanne Rafaela,4,0,0,0,0,0,0,0,2,0
822821,2026-04-29,BOS,away,691785,Marcelo Mayer,2,0,1,0,0,0,0,0,0,0
823958,2026-04-29,LAD,home,669257,Will Smith,1,0,0,0,0,0,0,0,0,0
823958,2026-04-29,LAD,home,687221,Dalton Rushing,3,0,1,0,0,0,1,0,1,0
823958,2026-04-29,LAD,home,663656,Kyle Tucker,3,1,1,1,0,0,0,1,1,0
823958,2026-04-29,LAD,home,571970,Max Muncy,3,1,1,1,0,0,0,0,0,0
823958,2026-04-29,LAD,home,518692,Freddie Freeman,5,0,0,0,0,0,0,0,0,0
823958,2026-04-29,LAD,home,808975,Hyeseong Kim,3,0,1,0,0,0,0,1,0,0
823958,2026-04-29,LAD,home,660271,Shohei Ohtani,2,0,0,0,0,0,0,3,1,1
823958,2026-04-29,LAD,home,681624,Andy Pages,4,0,1,0,0,0,0,0,2,0
823958,2026-04-29,LAD,home,669743,Alex Call,3,0,1,0,0,0,1,1,1,0
823958,2026-04-29,LAD,home,500743,Miguel Rojas,1,0,0,0,0,0,0,0,0,0
823958,2026-04-29,LAD,home,690976,Alex Freeland,3,0,1,0,0,0,0,0,0,0
823958,2026-04-29,MIA,away,665923,Esteury Ruiz,4,1,2,0,0,1,1,0,1,1
823958,2026-04-29,MIA,away,805300,Jakob Marsee,4,0,0,0,0,0,0,1,3,0
823958,2026-04-29,MIA,away,691594,Javier Sanoja,2,0,1,0,0,0,1,0,0,0
823958,2026-04-29,MIA,away,669364,Xavier Edwards,4,1,1,0,0,0,0,0,0,0
823958,2026-04-29,MIA,away,669065,Kyle Stowers,3,0,0,0,0,0,0,2,2,0
823958,2026-04-29,MIA,away,688363,Graham Pauley,3,0,0,0,0,0,0,1,1,0
823958,2026-04-29,MIA,away,689414,Liam Hicks,2,1,1,0,0,1,1,2,0,0
823958,2026-04-29,MIA,away,683357,Owen Caissie,2,0,0,0,0,0,0,0,1,0
823958,2026-04-29,MIA,away,681393,Connor Norby,3,0,0,0,0,0,0,1,3,0
823958,2026-04-29,MIA,away,672640,Otto Lopez,4,0,1,0,0,0,0,0,2,1
823312,2026-04-29,SD,home,669134,Luis Campusano,2,0,0,0,0,0,0,1,2,0
823312,2026-04-29,SD,home,666023,Freddy Fermin,0,0,0,0,0,0,0,0,0,0
823312,2026-04-29,SD,home,592206,Nick Castellanos,2,2,1,0,0,1,2,1,1,0
823312,2026-04-29,SD,home,701538,Jackson Merrill,3,0,0,0,0,0,0,1,0,0
823312,2026-04-29,SD,home,657757,Gavin Sheets,0,0,0,0,0,0,0,0,0,0
823312,2026-04-29,SD,home,657656,Ramón Laureano,1,0,0,0,0,0,0,0,1,0
823312,2026-04-29,SD,home,592518,Manny Machado,4,0,0,0,0,0,0,0,2,0
823312,2026-04-29,SD,home,609280,Miguel Andujar,3,1,1,0,0,1,1,0,0,0
823312,2026-04-29,SD,home,665487,Fernando Tatis Jr.,3,0,1,0,0,0,1,0,0,1
823312,2026-04-29,SD,home,664034,Ty France,4,0,0,0,0,0,0,0,0,0
823312,2026-04-29,SD,home,669369,Bryce Johnson,0,0,0,0,0,0,0,0,0,0
823312,2026-04-29,SD,home,593428,Xander Bogaerts,4,0,0,0,0,0,0,0,1,0
823312,2026-04-29,SD,home,630105,Jake Cronenworth,2,1,0,0,0,0,0,1,1,0
823312,2026-04-29,CHC,away,624424,Michael Conforto,4,2,1,1,0,0,0,0,0,0
823312,2026-04-29,CHC,away,664023,Ian Happ,4,0,1,1,0,0,0,1,2,0
823312,2026-04-29,CHC,away,608324,Alex Bregman,3,0,1,0,0,0,0,2,0,0
823312,2026-04-29,CHC,away,683737,Michael Busch,4,0,0,0,0,0,0,1,0,0
823312,2026-04-29,CHC,away,691718,Pete Crow-Armstrong,4,1,1,0,0,1,3,0,1,0
823312,2026-04-29,CHC,away,665804,Miguel Amaya,3,0,1,0,0,0,1,1,0,0
823312,2026-04-29,CHC,away,694208,Moisés Ballesteros,5,0,0,0,0,0,0,0,0,0
823312,2026-04-29,CHC,away,663538,Nico Hoerner,4,0,1,0,0,0,0,0,0,0
823312,2026-04-29,CHC,away,807713,Matt Shaw,4,2,3,1,0,1,1,0,0,0
824525,2026-04-29,CIN,home,682829,Elly De La Cruz,3,0,0,0,0,0,0,1,1,0
824525,2026-04-29,CIN,home,701398,Sal Stewart,4,0,1,0,0,0,0,0,1,0
824525,2026-04-29,CIN,home,663993,Nathaniel Lowe,2,0,0,0,0,0,0,1,0,0
824525,2026-04-29,CIN,home,680574,Matt McLain,5,0,2,0,0,0,0,0,2,1
824525,2026-04-29,CIN,home,663647,Ke'Bryan Hayes,4,0,1,0,0,0,0,0,0,0
824525,2026-04-29,CIN,home,666181,Will Benson,1,1,1,0,0,1,2,0,0,0
824525,2026-04-29,CIN,home,670770,TJ Friedl,5,0,1,0,0,0,0,0,2,0
824525,2026-04-29,CIN,home,668715,Spencer Steer,2,0,1,0,0,0,0,1,1,0
824525,2026-04-29,CIN,home,624431,Jose Trevino,3,0,1,0,0,0,0,0,0,0
824525,2026-04-29,CIN,home,663886,Tyler Stephenson,1,1,1,1,0,0,0,0,0,0
824525,2026-04-29,CIN,home,668709,JJ Bleday,4,0,1,0,0,0,0,0,1,0
824525,2026-04-29,CIN,home,677956,Rece Hinds,1,0,0,0,0,0,0,0,1,0
824525,2026-04-29,COL,away,666160,Mickey Moniak,3,1,1,1,0,0,1,1,2,0
824525,2026-04-29,COL,away,650489,Willi Castro,4,2,2,1,0,0,1,1,1,0
824525,2026-04-29,COL,away,696100,Hunter Goodman,4,4,3,0,0,2,3,1,0,0
824525,2026-04-29,COL,away,687597,Jordan Beck,6,0,0,0,0,0,1,0,2,0
824525,2026-04-29,COL,away,664954,Brett Sullivan,4,1,3,2,0,0,3,1,0,0
824525,2026-04-29,COL,away,686668,Brenton Doyle,5,2,2,1,0,0,1,1,2,0
824525,2026-04-29,COL,away,678662,Ezequiel Tovar,4,1,1,0,0,0,2,1,1,0
824525,2026-04-29,COL,away,681198,TJ Rumfield,6,1,2,1,0,0,0,0,0,0
824525,2026-04-29,COL,away,691720,Kyle Karros,4,1,1,0,0,0,1,0,3,0
823392,2026-04-29,PIT,home,694377,Nick Yorke,2,0,1,0,0,0,2,0,0,0
823392,2026-04-29,PIT,home,687462,Spencer Horwitz,3,1,1,0,0,1,1,1,0,0
823392,2026-04-29,PIT,home,664040,Brandon Lowe,3,0,1,1,0,0,0,0,1,0
823392,2026-04-29,PIT,home,668804,Bryan Reynolds,4,0,0,0,0,0,0,1,2,0
823392,2026-04-29,PIT,home,663698,Joey Bart,3,1,2,0,0,0,0,0,0,0
823392,2026-04-29,PIT,home,665833,Oneil Cruz,4,0,0,0,0,0,1,1,1,0
823392,2026-04-29,PIT,home,663968,Jake Mangum,1,0,0,0,0,0,0,0,0,0
823392,2026-04-29,PIT,home,695257,Billy Cook,0,0,0,0,0,0,0,0,0,0
823392,2026-04-29,PIT,home,680779,Henry Davis,0,0,0,0,0,0,0,0,0,0
823392,2026-04-29,PIT,home,804606,Konnor Griffin,3,1,1,0,0,0,0,1,1,1
823392,2026-04-29,PIT,home,656811,Ryan O'Hearn,5,0,1,0,0,0,0,0,1,0
823392,2026-04-29,PIT,home,542303,Marcell Ozuna,5,0,1,0,0,0,0,0,1,0
823392,2026-04-29,PIT,home,693304,Nick Gonzales,5,1,1,0,0,0,0,0,2,0
823392,2026-04-29,STL,away,669357,Nolan Gorman,3,0,0,0,0,0,0,1,1,0
823392,2026-04-29,STL,away,691023,Jordan Walker,5,0,1,0,0,0,1,0,2,0
823392,2026-04-29,STL,away,701675,Nathan Church,4,0,0,0,0,0,0,0,2,0
823392,2026-04-29,STL,away,687363,Victor Scott II,3,1,0,0,0,0,0,0,2,2
823392,2026-04-29,STL,away,802139,JJ Wetherholt,5,0,2,2,0,0,1,0,2,0
823392,2026-04-29,STL,away,676475,Alec Burleson,4,1,1,0,0,1,2,1,0,0
823392,2026-04-29,STL,away,602104,Ramón Urías,3,1,0,0,0,0,0,1,1,0
823392,2026-04-29,STL,away,691026,Masyn Winn,2,0,0,0,0,0,0,2,0,1
823392,2026-04-29,STL,away,671056,Iván Herrera,4,2,2,1,0,0,1,1,1,0
823633,2026-04-29,NYM,home,620443,Luis Torrens,1,0,0,0,0,0,0,0,0,0
823633,2026-04-29,NYM,home,666182,Bo Bichette,5,1,1,0,0,0,0,0,0,0
823633,2026-04-29,NYM,home,621438,Tyrone Taylor,4,0,2,0,0,0,0,0,1,0
823633,2026-04-29,NYM,home,682626,Francisco Alvarez,4,0,0,0,0,0,0,0,3,0
823633,2026-04-29,NYM,home,683146,Brett Baty,3,0,1,0,0,0,0,1,1,0
823633,2026-04-29,NYM,home,701807,Carson Benge,4,0,0,0,0,0,0,0,2,0
823633,2026-04-29,NYM,home,543760,Marcus Semien,3,0,2,0,0,0,0,0,1,0
823633,2026-04-29,NYM,home,669004,MJ Melendez,2,0,1,0,0,0,1,1,1,0
823633,2026-04-29,NYM,home,665742,Juan Soto,5,1,3,1,0,1,1,0,0,0
823633,2026-04-29,NYM,home,677595,Ronny Mauricio,4,0,0,0,0,0,0,0,3,0
823633,2026-04-29,NYM,home,596103,Austin Slater,1,0,0,0,0,0,0,0,0,0
823633,2026-04-29,WSH,away,691781,Brady House,5,1,1,0,0,1,4,1,2,0
823633,2026-04-29,WSH,away,682928,CJ Abrams,4,0,3,1,0,0,2,1,1,0
823633,2026-04-29,WSH,away,683083,Nasim Nuñez,3,2,1,0,0,0,0,2,1,0
823633,2026-04-29,WSH,away,686894,Joey Wiemer,5,2,2,1,0,0,1,0,2,0
823633,2026-04-29,WSH,away,678554,Curtis Mead,5,4,4,1,0,1,2,0,0,0
823633,2026-04-29,WSH,away,677588,José Tena,1,0,0,0,0,0,0,0,0,0
823633,2026-04-29,WSH,away,695734,Daylen Lile,5,1,1,0,0,0,0,0,4,0
823633,2026-04-29,WSH,away,695578,James Wood,5,3,2,1,0,0,3,1,2,0
823633,2026-04-29,WSH,away,696285,Jacob Young,4,1,1,0,0,0,2,1,1,0
823633,2026-04-29,WSH,away,660688,Keibert Ruiz,5,0,0,0,0,0,0,0,2,0
824930,2026-04-29,ATL,home,641680,Jonah Heim,2,0,0,0,0,0,0,0,0,0
824930,2026-04-29,ATL,home,671739,Michael Harris II,3,0,1,0,0,0,0,0,1,0
824930,2026-04-29,ATL,home,622761,Jorge Mateo,0,0,0,0,0,0,0,0,0,0
824930,2026-04-29,ATL,home,643289,Mauricio Dubón,3,0,0,0,0,0,0,0,1,0
824930,2026-04-29,ATL,home,686948,Drake Baldwin,4,1,2,0,0,0,0,0,0,0
824930,2026-04-29,ATL,home,621566,Matt Olson,4,1,2,0,0,1,2,0,1,0
824930,2026-04-29,ATL,home,642086,Dominic Smith,0,0,0,0,0,0,0,1,0,0
824930,2026-04-29,ATL,home,660670,Ronald Acuña Jr.,3,0,0,0,0,0,0,1,3,0
824930,2026-04-29,ATL,home,625643,Reynaldo López,0,0,0,0,0,0,0,0,0,0
824930,2026-04-29,ATL,home,642201,Eli White,2,0,0,0,0,0,0,0,0,0
824930,2026-04-29,ATL,home,645277,Ozzie Albies,3,2,1,0,0,1,2,1,0,0
824930,2026-04-29,ATL,home,663586,Austin Riley,3,0,0,0,0,0,0,0,2,0
824930,2026-04-29,ATL,home,573262,Mike Yastrzemski,1,0,0,0,0,0,0,0,0,0
824930,2026-04-29,DET,away,690291,Jace Jung,1,1,0,0,0,0,0,1,0,0
824930,2026-04-29,DET,away,663330,Jahmai Jones,2,0,0,0,0,0,0,0,1,0
824930,2026-04-29,DET,away,682985,Riley Greene,4,1,1,0,0,1,1,0,2,0
824930,2026-04-29,DET,away,805808,Kevin McGonigle,4,0,2,0,0,0,1,0,1,0
824930,2026-04-29,DET,away,681481,Kerry Carpenter,3,0,0,0,0,0,0,1,1,0
824930,2026-04-29,DET,away,679529,Spencer Torkelson,4,0,0,0,0,0,0,0,1,0
824930,2026-04-29,DET,away,650402,Gleyber Torres,3,0,0,0,0,0,0,1,0,0
824930,2026-04-29,DET,away,663837,Matt Vierling,0,0,0,0,0,0,0,0,0,0
824930,2026-04-29,DET,away,693307,Dillon Dingler,4,0,0,0,0,0,0,0,2,0
824930,2026-04-29,DET,away,690993,Colt Keith,4,0,1,0,0,0,0,0,1,0
824930,2026-04-29,DET,away,672761,Wenceel Pérez,3,1,1,1,0,0,0,1,1,0
823796,2026-04-29,MIL,home,650859,Luis Rengifo,4,0,2,1,0,0,0,0,0,0
823796,2026-04-29,MIL,home,675659,Greg Jones,2,0,0,0,0,0,0,0,1,0
823796,2026-04-29,MIL,home,687401,Joey Ortiz,1,0,0,0,0,0,0,1,0,0
823796,2026-04-29,MIL,home,641343,Jake Bauers,4,0,1,1,0,0,1,0,2,0
823796,2026-04-29,MIL,home,686217,Sal Frelick,2,0,0,0,0,0,0,0,0,0
823796,2026-04-29,MIL,home,663604,Brandon Lockridge,3,1,1,0,0,0,0,1,2,0
823796,2026-04-29,MIL,home,672012,Tyler Black,1,0,0,0,0,0,0,0,1,0
823796,2026-04-29,MIL,home,669003,Garrett Mitchell,2,0,0,0,0,0,0,0,2,0
823796,2026-04-29,MIL,home,666152,David Hamilton,2,0,0,0,0,0,0,0,1,0
823796,2026-04-29,MIL,home,663368,Blake Perkins,2,0,0,0,0,0,0,0,0,0
823796,2026-04-29,MIL,home,661388,William Contreras,4,0,0,0,0,0,0,0,1,0
823796,2026-04-29,MIL,home,668930,Brice Turang,4,1,2,2,0,0,1,0,0,0
823796,2026-04-29,MIL,home,596142,Gary Sánchez,2,0,0,0,0,0,0,2,0,0
823796,2026-04-29,ARI,away,680728,Adrian Del Castillo,5,1,1,0,0,1,1,0,2,0
823796,2026-04-29,ARI,away,571448,Nolan Arenado,3,1,1,0,0,1,3,1,0,0
823796,2026-04-29,ARI,away,606466,Ketel Marte,5,1,2,0,0,1,1,0,1,0
823796,2026-04-29,ARI,away,545121,Ildemaro Vargas,5,1,2,0,0,0,0,0,1,0
823796,2026-04-29,ARI,away,672695,Geraldo Perdomo,2,0,0,0,0,0,0,3,1,0
823796,2026-04-29,ARI,away,699912,Jose Fernandez,4,0,1,0,0,0,0,0,1,0
823796,2026-04-29,ARI,away,682998,Corbin Carroll,5,1,2,0,0,1,1,0,3,0
823796,2026-04-29,ARI,away,666971,Lourdes Gurriel Jr.,4,1,2,0,0,0,0,0,0,0
823796,2026-04-29,ARI,away,678489,Jorge Barrosa,0,0,0,0,0,0,0,0,0,0
823796,2026-04-29,ARI,away,677950,Alek Thomas,4,0,0,0,0,0,0,0,1,0
825015,2026-04-29,OAK,home,671732,Lawrence Butler,4,1,1,0,0,1,3,0,1,0
825015,2026-04-29,OAK,home,667670,Brent Rooker,4,0,0,0,0,0,0,0,1,0
825015,2026-04-29,OAK,home,680869,Zack Gelof,3,0,0,0,0,0,0,0,1,0
825015,2026-04-29,OAK,home,643446,Jeff McNeil,3,1,2,1,0,0,1,1,0,0
825015,2026-04-29,OAK,home,666126,Carlos Cortes,3,0,2,0,0,0,0,1,1,0
825015,2026-04-29,OAK,home,687231,Darell Hernaiz,4,1,1,0,0,0,0,0,1,0
825015,2026-04-29,OAK,home,701762,Nick Kurtz,4,0,2,1,0,0,1,1,2,0
825015,2026-04-29,OAK,home,669127,Shea Langeliers,4,0,1,0,0,0,0,1,0,0
825015,2026-04-29,OAK,home,805779,Jacob Wilson,3,2,2,1,0,0,0,1,0,0
825015,2026-04-29,KC,away,695600,Carter Jensen,3,0,1,0,0,0,0,1,1,0
825015,2026-04-29,KC,away,686555,Isaac Collins,3,0,0,0,0,0,0,1,1,1
825015,2026-04-29,KC,away,521692,Salvador Perez,4,0,1,0,0,0,1,0,0,0
825015,2026-04-29,KC,away,686681,Michael Massey,3,0,0,0,0,0,1,0,1,0
825015,2026-04-29,KC,away,664728,Kyle Isbel,3,0,1,0,0,0,0,0,0,0
825015,2026-04-29,KC,away,672580,Maikel Garcia,4,0,0,0,0,0,0,0,1,0
825015,2026-04-29,KC,away,657041,Lane Thomas,2,0,1,0,0,0,0,1,1,0
825015,2026-04-29,KC,away,695506,Jac Caglianone,3,0,0,0,0,0,0,1,3,0
825015,2026-04-29,KC,away,677951,Bobby Witt Jr.,4,2,2,0,0,0,0,0,1,0
824929,2026-04-30,ATL,home,671739,Michael Harris II,1,0,0,0,0,0,0,0,0,0
824929,2026-04-30,ATL,home,622761,Jorge Mateo,2,0,0,0,0,0,0,0,1,0
824929,2026-04-30,ATL,home,643289,Mauricio Dubón,3,1,1,0,0,0,1,0,0,0
824929,2026-04-30,ATL,home,686948,Drake Baldwin,3,0,1,0,0,0,0,1,2,0
824929,2026-04-30,ATL,home,621566,Matt Olson,4,0,0,0,0,0,0,0,1,0
824929,2026-04-30,ATL,home,642086,Dominic Smith,1,0,0,0,0,0,0,0,0,0
824929,2026-04-30,ATL,home,660670,Ronald Acuña Jr.,5,0,1,1,0,0,0,0,2,0
824929,2026-04-30,ATL,home,571657,Kyle Farmer,3,0,1,0,0,0,0,0,0,0
824929,2026-04-30,ATL,home,642201,Eli White,3,0,1,0,0,0,1,0,2,0
824929,2026-04-30,ATL,home,645277,Ozzie Albies,4,1,2,1,0,0,0,0,0,0
824929,2026-04-30,ATL,home,663586,Austin Riley,4,0,0,0,0,0,0,0,3,0
824929,2026-04-30,ATL,home,573262,Mike Yastrzemski,2,0,1,0,0,0,0,0,0,0
824929,2026-04-30,DET,away,701678,Hao-Yu  Lee,3,0,0,0,0,0,0,2,0,0
824929,2026-04-30,DET,away,663330,Jahmai Jones,1,0,0,0,0,0,0,0,1,0
824929,2026-04-30,DET,away,682985,Riley Greene,3,1,0,0,0,0,0,2,3,0
824929,2026-04-30,DET,away,805808,Kevin McGonigle,2,0,0,0,0,0,0,3,0,0
824929,2026-04-30,DET,away,681481,Kerry Carpenter,4,1,1,0,1,0,0,0,2,0
824929,2026-04-30,DET,away,679529,Spencer Torkelson,5,0,2,0,0,0,0,0,1,0
824929,2026-04-30,DET,away,650402,Gleyber Torres,4,0,3,0,0,0,1,0,0,0
824929,2026-04-30,DET,away,668670,Jake Rogers,3,0,0,0,0,0,0,0,1,0
824929,2026-04-30,DET,away,663837,Matt Vierling,5,2,3,1,0,0,2,0,1,0
824929,2026-04-30,DET,away,693307,Dillon Dingler,2,0,1,1,0,0,1,0,1,0
824929,2026-04-30,DET,away,690993,Colt Keith,4,0,2,0,0,0,0,0,0,0
824929,2026-04-30,DET,away,672761,Wenceel Pérez,0,1,0,0,0,0,0,1,0,0
824848,2026-04-30,BAL,home,669236,Jeremiah Jackson,4,1,2,1,0,1,5,0,0,0
824848,2026-04-30,BAL,home,683002,Gunnar Henderson,5,1,1,0,0,0,0,0,1,0
824848,2026-04-30,BAL,home,621493,Taylor Ward,2,2,0,0,0,0,0,2,1,0
824848,2026-04-30,BAL,home,687637,Dylan Beavers,2,1,0,0,0,0,1,2,1,0
824848,2026-04-30,BAL,home,668939,Adley Rutschman,4,2,2,0,0,1,4,0,0,0
824848,2026-04-30,BAL,home,677942,Blaze Alexander,3,1,1,1,0,0,0,1,0,0
824848,2026-04-30,BAL,home,624413,Pete Alonso,2,2,0,0,0,0,0,2,0,0
824848,2026-04-30,BAL,home,681297,Colton Cowser,4,0,0,0,0,0,0,0,1,0
824848,2026-04-30,BAL,home,691723,Coby Mayo,4,0,0,0,0,0,0,0,1,0
824848,2026-04-30,HOU,away,694376,Shay Whitcomb,1,0,0,0,0,0,0,0,0,0
824848,2026-04-30,HOU,away,670623,Isaac Paredes,4,1,3,0,0,0,0,0,0,0
824848,2026-04-30,HOU,away,687957,Dustin Harris,4,0,2,0,0,0,0,0,0,1
824848,2026-04-30,HOU,away,694728,Brice Matthews,4,1,2,0,0,0,1,0,2,0
824848,2026-04-30,HOU,away,669288,Daniel Johnson,1,0,0,0,0,0,0,0,0,0
824848,2026-04-30,HOU,away,514888,Jose Altuve,3,1,1,0,0,0,0,1,0,0
824848,2026-04-30,HOU,away,621043,Carlos Correa,5,0,1,0,0,0,0,0,1,0
824848,2026-04-30,HOU,away,572233,Christian Walker,4,0,0,0,0,0,0,0,1,0
824848,2026-04-30,HOU,away,543877,Christian Vázquez,4,0,2,0,0,0,1,0,0,0
824848,2026-04-30,HOU,away,673237,Yainer Diaz,4,0,1,0,0,0,1,0,1,0
824848,2026-04-30,HOU,away,670541,Yordan Alvarez,4,0,0,0,0,0,0,0,2,0
824850,2026-04-30,BAL,home,669236,Jeremiah Jackson,4,0,0,0,0,0,0,0,2,0
824850,2026-04-30,BAL,home,694212,Samuel Basallo,5,0,0,0,0,0,0,0,4,0
824850,2026-04-30,BAL,home,642215,Weston Wilson,3,0,1,0,0,0,0,1,0,0
824850,2026-04-30,BAL,home,683002,Gunnar Henderson,4,0,1,1,0,0,1,0,2,0
824850,2026-04-30,BAL,home,665750,Leody Taveras,3,1,1,0,1,0,2,1,1,0
824850,2026-04-30,BAL,home,621493,Taylor Ward,1,1,0,0,0,0,0,3,0,0
824850,2026-04-30,BAL,home,687637,Dylan Beavers,5,0,1,0,0,0,0,0,3,0
824850,2026-04-30,BAL,home,641933,Tyler O'Neill,2,1,1,0,0,0,0,2,0,0
824850,2026-04-30,BAL,home,677942,Blaze Alexander,1,0,0,0,0,0,0,0,0,0
824850,2026-04-30,BAL,home,624413,Pete Alonso,3,1,1,1,0,0,1,0,1,0
824850,2026-04-30,BAL,home,681297,Colton Cowser,0,1,0,0,0,0,0,1,0,0
824850,2026-04-30,BAL,home,691723,Coby Mayo,1,0,0,0,0,0,1,0,1,0
824850,2026-04-30,HOU,away,670623,Isaac Paredes,5,2,2,0,0,0,1,0,0,0
824850,2026-04-30,HOU,away,701358,Cam Smith,4,1,1,0,0,1,3,1,1,0
824850,2026-04-30,HOU,away,669699,Braden Shewmake,5,1,1,0,0,0,0,0,2,0
824850,2026-04-30,HOU,away,687957,Dustin Harris,4,1,1,0,0,0,3,0,0,0
824850,2026-04-30,HOU,away,694728,Brice Matthews,6,1,1,0,0,0,0,0,2,0
824850,2026-04-30,HOU,away,669288,Daniel Johnson,4,1,1,0,0,0,0,1,1,0
824850,2026-04-30,HOU,away,572233,Christian Walker,5,0,2,0,0,0,1,0,0,0
824850,2026-04-30,HOU,away,673237,Yainer Diaz,5,1,2,0,0,0,1,0,0,0
824850,2026-04-30,HOU,away,670541,Yordan Alvarez,4,3,3,0,0,1,1,1,1,0
823391,2026-04-30,PIT,home,694377,Nick Yorke,1,0,0,0,0,0,0,0,0,0
823391,2026-04-30,PIT,home,687462,Spencer Horwitz,3,0,0,0,0,0,1,1,0,0
823391,2026-04-30,PIT,home,664040,Brandon Lowe,5,1,2,1,0,1,1,0,0,0
823391,2026-04-30,PIT,home,668804,Bryan Reynolds,4,1,2,2,0,0,2,1,1,0
823391,2026-04-30,PIT,home,665833,Oneil Cruz,4,2,1,0,0,0,0,1,2,0
823391,2026-04-30,PIT,home,663968,Jake Mangum,3,1,1,0,0,0,0,1,1,0
823391,2026-04-30,PIT,home,680779,Henry Davis,3,0,0,0,0,0,0,0,1,0
823391,2026-04-30,PIT,home,804606,Konnor Griffin,4,0,1,0,0,0,0,0,2,0
823391,2026-04-30,PIT,home,656811,Ryan O'Hearn,4,0,0,0,0,0,0,1,1,0
823391,2026-04-30,PIT,home,693304,Nick Gonzales,2,0,0,0,0,0,0,1,0,0
823391,2026-04-30,STL,away,669357,Nolan Gorman,5,1,2,0,0,0,1,0,2,0
823391,2026-04-30,STL,away,691023,Jordan Walker,5,1,2,0,0,1,3,0,1,0
823391,2026-04-30,STL,away,701675,Nathan Church,5,1,1,1,0,0,2,0,1,0
823391,2026-04-30,STL,away,687363,Victor Scott II,2,1,0,0,0,0,0,1,1,0
823391,2026-04-30,STL,away,802139,JJ Wetherholt,4,2,2,0,0,1,1,1,0,0
823391,2026-04-30,STL,away,676475,Alec Burleson,5,1,3,0,0,0,3,0,1,0
823391,2026-04-30,STL,away,686780,Pedro Pagés,5,0,2,0,0,0,0,0,2,0
823391,2026-04-30,STL,away,691026,Masyn Winn,5,1,1,0,0,0,0,0,2,0
823391,2026-04-30,STL,away,671056,Iván Herrera,4,2,0,0,0,0,0,1,2,0
823472,2026-04-30,PHI,home,669016,Brandon Marsh,4,0,1,1,0,0,0,0,3,0
823472,2026-04-30,PHI,home,702222,Justin Crawford,4,0,3,0,0,0,1,0,0,0
823472,2026-04-30,PHI,home,547180,Bryce Harper,4,0,1,0,0,0,0,0,0,0
823472,2026-04-30,PHI,home,624641,Edmundo Sosa,4,0,1,0,0,0,0,0,0,0
823472,2026-04-30,PHI,home,681082,Bryson Stott,4,1,1,0,1,0,1,0,2,0
823472,2026-04-30,PHI,home,656941,Kyle Schwarber,2,1,1,0,0,1,1,2,0,0
823472,2026-04-30,PHI,home,665561,Rafael Marchán,3,0,0,0,0,0,0,0,0,0
823472,2026-04-30,PHI,home,666969,Adolis García,4,1,2,0,0,0,0,0,0,0
823472,2026-04-30,PHI,home,607208,Trea Turner,4,0,0,0,0,0,0,0,3,0
823472,2026-04-30,SF,away,669477,Casey Schmitt,4,0,2,0,0,0,1,0,0,0
823472,2026-04-30,SF,away,666464,Jerar Encarnacion,3,0,0,0,0,0,0,0,1,0
823472,2026-04-30,SF,away,671218,Heliot Ramos,4,1,3,1,0,0,0,1,0,0
823472,2026-04-30,SF,away,656305,Matt Chapman,4,1,2,1,0,0,0,1,1,0
823472,2026-04-30,SF,away,672275,Patrick Bailey,4,0,1,0,0,0,0,0,2,0
823472,2026-04-30,SF,away,808982,Jung Hoo Lee,4,0,0,0,0,0,0,0,2,0
823472,2026-04-30,SF,away,687551,Drew Gilbert,1,0,0,0,0,0,0,0,1,0
823472,2026-04-30,SF,away,646240,Rafael Devers,4,0,0,0,0,0,0,0,1,0
823472,2026-04-30,SF,away,642715,Willy Adames,3,0,0,0,0,0,0,1,1,0
823472,2026-04-30,SF,away,650333,Luis Arraez,4,0,0,0,0,0,1,0,1,0
823471,2026-04-30,PHI,home,669016,Brandon Marsh,1,1,1,1,0,0,0,0,0,0
823471,2026-04-30,PHI,home,702222,Justin Crawford,4,0,1,0,1,0,0,0,0,0
823471,2026-04-30,PHI,home,547180,Bryce Harper,2,0,0,0,0,0,0,3,1,0
823471,2026-04-30,PHI,home,664761,Alec Bohm,4,0,0,0,0,0,1,0,1,0
823471,2026-04-30,PHI,home,681082,Bryson Stott,3,0,0,0,0,0,0,0,0,0
823471,2026-04-30,PHI,home,656941,Kyle Schwarber,4,2,4,2,0,1,2,1,0,0
823471,2026-04-30,PHI,home,694025,Felix Reyes,3,0,0,0,0,0,0,0,0,0
823471,2026-04-30,PHI,home,664238,Dylan Moore,0,0,0,0,0,0,0,0,0,0
823471,2026-04-30,PHI,home,596117,Garrett Stubbs,3,0,0,0,0,0,0,1,1,0
823471,2026-04-30,PHI,home,666969,Adolis García,4,1,1,0,0,0,2,1,0,0
823471,2026-04-30,PHI,home,607208,Trea Turner,5,2,2,0,0,1,1,0,1,0
823471,2026-04-30,SF,away,669477,Casey Schmitt,5,2,2,0,1,0,0,0,0,0
823471,2026-04-30,SF,away,671218,Heliot Ramos,5,0,1,0,0,0,1,0,4,0
823471,2026-04-30,SF,away,686823,Will Brennan,1,0,0,0,0,0,0,0,0,0
823471,2026-04-30,SF,away,656305,Matt Chapman,4,0,0,0,0,0,0,2,2,0
823471,2026-04-30,SF,away,672275,Patrick Bailey,0,0,0,0,0,0,0,1,0,0
823471,2026-04-30,SF,away,808982,Jung Hoo Lee,4,1,2,0,0,0,1,1,0,0
823471,2026-04-30,SF,away,687551,Drew Gilbert,5,1,3,1,0,0,0,0,0,0
823471,2026-04-30,SF,away,646240,Rafael Devers,3,0,1,0,0,0,1,1,2,0
823471,2026-04-30,SF,away,606992,Eric Haase,3,1,1,0,0,0,0,0,1,0
823471,2026-04-30,SF,away,642715,Willy Adames,5,0,1,0,0,0,0,0,2,0
823471,2026-04-30,SF,away,650333,Luis Arraez,6,0,2,0,0,0,2,0,1,0
824524,2026-04-30,CIN,home,682829,Elly De La Cruz,4,0,1,0,0,0,0,0,2,0
824524,2026-04-30,CIN,home,701398,Sal Stewart,3,1,0,0,0,0,0,1,0,0
824524,2026-04-30,CIN,home,667472,Dane Myers,1,0,0,0,0,0,1,0,0,0
824524,2026-04-30,CIN,home,663993,Nathaniel Lowe,3,2,2,1,0,1,1,1,0,0
824524,2026-04-30,CIN,home,680574,Matt McLain,4,0,0,0,0,0,0,0,1,0
824524,2026-04-30,CIN,home,663647,Ke'Bryan Hayes,0,0,0,0,0,0,0,0,0,0
824524,2026-04-30,CIN,home,666181,Will Benson,4,0,0,0,0,0,0,0,2,0
824524,2026-04-30,CIN,home,670770,TJ Friedl,4,1,1,0,0,1,2,0,1,0
824524,2026-04-30,CIN,home,668715,Spencer Steer,3,1,2,1,0,0,2,1,0,0
824524,2026-04-30,CIN,home,663886,Tyler Stephenson,4,1,1,1,0,0,0,0,1,0
824524,2026-04-30,CIN,home,668709,JJ Bleday,1,0,0,0,0,0,0,2,0,0
824524,2026-04-30,COL,away,666160,Mickey Moniak,2,0,1,0,0,0,1,0,1,0
824524,2026-04-30,COL,away,664983,Jake McCarthy,0,0,0,0,0,0,1,1,0,0
824524,2026-04-30,COL,away,687859,Troy Johnston,4,1,1,0,0,0,0,0,1,0
824524,2026-04-30,COL,away,650489,Willi Castro,4,0,0,0,0,0,0,0,1,0
824524,2026-04-30,COL,away,671289,Tyler Freeman,4,1,2,0,0,1,2,0,0,0
824524,2026-04-30,COL,away,666397,Edouard Julien,1,0,0,0,0,0,0,0,0,0
824524,2026-04-30,COL,away,696100,Hunter Goodman,5,0,0,0,0,0,0,0,3,0
824524,2026-04-30,COL,away,687597,Jordan Beck,3,0,1,0,0,0,0,0,1,0
824524,2026-04-30,COL,away,686668,Brenton Doyle,2,1,0,0,0,0,0,1,0,1
824524,2026-04-30,COL,away,678662,Ezequiel Tovar,1,0,1,0,0,0,0,1,0,0
824524,2026-04-30,COL,away,681198,TJ Rumfield,4,0,1,0,0,0,0,0,1,0
824524,2026-04-30,COL,away,691720,Kyle Karros,4,1,2,0,0,0,0,0,1,0
823634,2026-04-30,NYM,home,620443,Luis Torrens,2,0,0,0,0,0,0,0,1,0
823634,2026-04-30,NYM,home,666182,Bo Bichette,3,1,0,0,0,0,0,1,0,0
823634,2026-04-30,NYM,home,621438,Tyrone Taylor,2,0,0,0,0,0,0,0,0,0
823634,2026-04-30,NYM,home,682626,Francisco Alvarez,1,0,1,1,0,0,0,0,0,0
823634,2026-04-30,NYM,home,668901,Mark Vientos,4,0,1,1,0,0,1,0,0,0
823634,2026-04-30,NYM,home,683146,Brett Baty,2,0,0,0,0,0,0,0,0,0
823634,2026-04-30,NYM,home,701807,Carson Benge,4,0,1,0,0,0,0,0,2,0
823634,2026-04-30,NYM,home,543760,Marcus Semien,4,0,0,0,0,0,0,0,0,0
823634,2026-04-30,NYM,home,669004,MJ Melendez,2,1,2,0,0,1,3,0,0,0
823634,2026-04-30,NYM,home,665742,Juan Soto,3,2,2,1,0,0,0,1,0,0
823634,2026-04-30,NYM,home,677595,Ronny Mauricio,4,0,0,0,0,0,0,0,1,0
823634,2026-04-30,NYM,home,596103,Austin Slater,1,0,0,0,0,0,0,0,0,0
823634,2026-04-30,WSH,away,682928,CJ Abrams,3,1,2,0,0,1,3,1,1,0
823634,2026-04-30,WSH,away,683083,Nasim Nuñez,4,1,1,0,0,0,0,0,0,1
823634,2026-04-30,WSH,away,686452,Drew Millas,2,0,0,0,0,0,0,0,2,0
823634,2026-04-30,WSH,away,678391,Jorbit Vivas,4,1,1,0,0,0,0,0,0,0
823634,2026-04-30,WSH,away,678554,Curtis Mead,1,0,0,0,0,0,0,0,0,0
823634,2026-04-30,WSH,away,695734,Daylen Lile,4,1,0,0,0,0,0,0,0,0
823634,2026-04-30,WSH,away,677588,José Tena,3,0,0,0,0,0,0,1,2,0
823634,2026-04-30,WSH,away,695578,James Wood,3,0,0,0,0,0,0,1,2,0
823634,2026-04-30,WSH,away,696285,Jacob Young,4,0,1,0,0,0,1,0,1,0
823634,2026-04-30,WSH,away,660688,Keibert Ruiz,1,0,0,0,0,0,0,0,0,0
823634,2026-04-30,WSH,away,671277,Luis García Jr.,4,1,2,1,0,0,0,0,1,0
823795,2026-04-30,MIL,home,650859,Luis Rengifo,5,0,1,1,0,0,3,0,1,0
823795,2026-04-30,MIL,home,675659,Greg Jones,4,0,0,0,0,0,0,0,3,0
823795,2026-04-30,MIL,home,641343,Jake Bauers,4,2,1,0,0,0,1,1,0,0
823795,2026-04-30,MIL,home,686217,Sal Frelick,5,1,1,0,0,1,1,0,0,0
823795,2026-04-30,MIL,home,672012,Tyler Black,4,0,2,1,0,0,3,1,0,0
823795,2026-04-30,MIL,home,669003,Garrett Mitchell,4,3,2,0,0,0,0,1,1,0
823795,2026-04-30,MIL,home,666152,David Hamilton,4,1,1,0,0,0,0,0,1,0
823795,2026-04-30,MIL,home,661388,William Contreras,4,3,4,1,0,1,4,1,0,0
823795,2026-04-30,MIL,home,668930,Brice Turang,3,3,2,0,0,0,1,2,0,0
823795,2026-04-30,ARI,away,694374,Tim Tawa,1,0,0,0,0,0,0,0,1,0
823795,2026-04-30,ARI,away,680728,Adrian Del Castillo,4,0,0,0,0,0,0,0,3,0
823795,2026-04-30,ARI,away,571448,Nolan Arenado,3,0,0,0,0,0,0,0,1,0
823795,2026-04-30,ARI,away,606466,Ketel Marte,3,0,0,0,0,0,0,1,2,0
823795,2026-04-30,ARI,away,545121,Ildemaro Vargas,4,0,2,0,0,0,0,0,0,0
823795,2026-04-30,ARI,away,672695,Geraldo Perdomo,3,0,0,0,0,0,0,1,0,0
823795,2026-04-30,ARI,away,699912,Jose Fernandez,0,0,0,0,0,0,0,0,0,0
823795,2026-04-30,ARI,away,682998,Corbin Carroll,3,1,2,1,0,0,0,0,0,0
823795,2026-04-30,ARI,away,666971,Lourdes Gurriel Jr.,4,0,2,0,0,0,1,0,2,0
823795,2026-04-30,ARI,away,543510,James McCann,3,0,0,0,0,0,0,0,1,0
823795,2026-04-30,ARI,away,678489,Jorge Barrosa,1,0,0,0,0,0,0,0,1,0
823795,2026-04-30,ARI,away,677950,Alek Thomas,3,0,0,0,0,0,0,0,2,0
825016,2026-04-30,OAK,home,671732,Lawrence Butler,3,1,0,0,0,0,0,1,1,0
825016,2026-04-30,OAK,home,680869,Zack Gelof,4,0,1,0,0,0,0,0,0,0
825016,2026-04-30,OAK,home,643446,Jeff McNeil,1,0,0,0,0,0,0,0,0,0
825016,2026-04-30,OAK,home,642851,Austin Wynns,4,0,0,0,0,0,0,0,1,0
825016,2026-04-30,OAK,home,666126,Carlos Cortes,4,0,1,0,0,0,0,0,2,0
825016,2026-04-30,OAK,home,687231,Darell Hernaiz,4,0,3,0,0,0,2,0,0,0
825016,2026-04-30,OAK,home,701762,Nick Kurtz,3,1,1,1,0,0,2,1,1,0
825016,2026-04-30,OAK,home,687515,Colby Thomas,2,0,0,0,0,0,0,1,0,0
825016,2026-04-30,OAK,home,669127,Shea Langeliers,4,2,3,3,0,0,1,0,0,0
825016,2026-04-30,OAK,home,805779,Jacob Wilson,5,2,2,0,0,0,0,0,0,0
825016,2026-04-30,KC,away,695600,Carter Jensen,4,0,0,0,0,0,0,0,3,0
825016,2026-04-30,KC,away,686555,Isaac Collins,4,0,1,0,0,0,0,0,0,0
825016,2026-04-30,KC,away,521692,Salvador Perez,4,0,1,0,0,0,0,0,0,0
825016,2026-04-30,KC,away,679845,Nick Loftin,2,0,0,0,0,0,0,1,0,0
825016,2026-04-30,KC,away,686681,Michael Massey,1,0,0,0,0,0,0,1,1,0
825016,2026-04-30,KC,away,516782,Starling Marte,4,0,3,0,0,0,1,0,0,0
825016,2026-04-30,KC,away,686469,Vinnie Pasquantino,1,0,0,0,0,0,0,0,0,0
825016,2026-04-30,KC,away,553869,Elias Díaz,4,1,1,0,0,1,1,0,0,0
825016,2026-04-30,KC,away,672580,Maikel Garcia,5,2,3,2,0,1,1,0,0,1
825016,2026-04-30,KC,away,657041,Lane Thomas,3,0,0,0,0,0,0,0,1,0
825016,2026-04-30,KC,away,695506,Jac Caglianone,1,0,1,0,0,0,0,0,0,0
825016,2026-04-30,KC,away,677951,Bobby Witt Jr.,3,0,0,0,0,0,0,2,1,0
823714,2026-04-30,MIN,home,665019,Kody Clemens,3,0,0,0,0,0,0,1,2,0
823714,2026-04-30,MIN,home,686797,Brooks Lee,4,0,0,0,0,0,0,0,1,0
823714,2026-04-30,MIN,home,668885,Austin Martin,3,0,1,0,0,0,1,1,0,1
823714,2026-04-30,MIN,home,605137,Josh Bell,4,1,1,0,0,0,1,0,0,0
823714,2026-04-30,MIN,home,680777,Ryan Jeffers,4,2,2,0,0,1,2,0,1,0
823714,2026-04-30,MIN,home,681546,James Outman,0,0,0,0,0,0,0,0,0,0
823714,2026-04-30,MIN,home,668904,Royce Lewis,3,0,0,0,0,0,0,0,1,0
823714,2026-04-30,MIN,home,663616,Trevor Larnach,2,2,0,0,0,0,0,2,1,0
823714,2026-04-30,MIN,home,621439,Byron Buxton,4,2,3,1,0,1,1,0,0,0
823714,2026-04-30,MIN,home,807712,Luke Keaschall,3,0,0,0,0,0,1,0,0,0
823714,2026-04-30,TOR,away,676391,Ernie Clement,3,0,1,0,0,0,0,1,0,0
823714,2026-04-30,TOR,away,662139,Daulton Varsho,4,1,1,0,0,1,1,0,1,0
823714,2026-04-30,TOR,away,665926,Andrés Giménez,4,0,0,0,0,0,0,0,0,0
823714,2026-04-30,TOR,away,678218,Brandon Valenzuela,3,0,1,0,0,0,0,0,0,0
823714,2026-04-30,TOR,away,676914,Davis Schneider,2,0,0,0,0,0,0,0,0,0
823714,2026-04-30,TOR,away,543807,George Springer,4,0,2,0,0,0,0,0,1,0
823714,2026-04-30,TOR,away,682818,Yohendrick Piñango,1,0,0,0,0,0,0,1,0,0
823714,2026-04-30,TOR,away,665489,Vladimir Guerrero Jr.,4,0,1,0,0,0,0,0,0,0
823714,2026-04-30,TOR,away,660821,Jesús Sánchez,4,0,0,0,0,0,0,0,0,1
823714,2026-04-30,TOR,away,672960,Kazuma Okamoto,3,0,0,0,0,0,0,1,0,0
824686,2026-05-01,CHC,home,664023,Ian Happ,2,1,0,0,0,0,0,2,1,0
824686,2026-05-01,CHC,home,608324,Alex Bregman,4,1,1,1,0,0,1,0,0,0
824686,2026-05-01,CHC,home,683737,Michael Busch,4,0,2,1,0,0,2,0,1,0
824686,2026-05-01,CHC,home,608348,Carson Kelly,4,1,2,0,0,0,1,0,0,0
824686,2026-05-01,CHC,home,691718,Pete Crow-Armstrong,4,1,1,0,0,0,0,0,0,0
824686,2026-05-01,CHC,home,694208,Moisés Ballesteros,3,0,0,0,0,0,0,1,1,0
824686,2026-05-01,CHC,home,673548,Seiya Suzuki,3,0,0,0,0,0,0,1,1,0
824686,2026-05-01,CHC,home,621020,Dansby Swanson,4,1,1,0,0,0,1,0,0,0
824686,2026-05-01,CHC,home,663538,Nico Hoerner,1,1,1,1,0,0,0,0,0,0
824686,2026-05-01,CHC,home,807713,Matt Shaw,3,0,0,0,0,0,0,0,1,0
824686,2026-05-01,ARI,away,694374,Tim Tawa,1,1,0,0,0,0,0,1,0,0
824686,2026-05-01,ARI,away,680728,Adrian Del Castillo,4,0,1,0,0,0,0,0,2,0
824686,2026-05-01,ARI,away,571448,Nolan Arenado,4,0,1,0,0,0,0,0,2,0
824686,2026-05-01,ARI,away,606466,Ketel Marte,1,0,0,0,0,0,0,0,0,0
824686,2026-05-01,ARI,away,545121,Ildemaro Vargas,4,0,4,0,0,0,1,1,0,0
824686,2026-05-01,ARI,away,672695,Geraldo Perdomo,5,1,2,0,0,1,3,0,1,0
824686,2026-05-01,ARI,away,699912,Jose Fernandez,4,1,1,0,0,0,0,0,0,0
824686,2026-05-01,ARI,away,672515,Gabriel Moreno,5,0,0,0,0,0,0,0,3,0
824686,2026-05-01,ARI,away,682998,Corbin Carroll,5,0,0,0,0,0,0,0,3,0
824686,2026-05-01,ARI,away,677950,Alek Thomas,2,0,0,0,0,0,0,0,2,0
824686,2026-05-01,ARI,away,678489,Jorge Barrosa,4,2,2,2,0,0,1,0,0,0
824287,2026-05-01,DET,home,701678,Hao-Yu  Lee,4,0,1,0,0,0,1,0,2,0
824287,2026-05-01,DET,home,663330,Jahmai Jones,2,1,1,1,0,0,0,0,0,0
824287,2026-05-01,DET,home,682985,Riley Greene,4,1,2,0,0,0,1,0,1,0
824287,2026-05-01,DET,home,805808,Kevin McGonigle,5,0,0,0,0,0,0,0,1,0
824287,2026-05-01,DET,home,681481,Kerry Carpenter,1,1,0,0,0,0,0,1,0,0
824287,2026-05-01,DET,home,679529,Spencer Torkelson,2,1,1,0,0,0,0,2,0,0
824287,2026-05-01,DET,home,650402,Gleyber Torres,4,0,0,0,0,0,0,1,1,0
824287,2026-05-01,DET,home,663837,Matt Vierling,4,0,0,0,0,0,0,0,1,0
824287,2026-05-01,DET,home,693307,Dillon Dingler,4,0,1,0,0,0,0,0,0,0
824287,2026-05-01,DET,home,672761,Wenceel Pérez,4,0,1,0,0,0,2,0,0,1
824287,2026-05-01,TEX,away,694497,Evan Carter,2,1,0,0,0,0,0,1,1,0
824287,2026-05-01,TEX,away,669394,Jake Burger,4,1,2,1,0,0,0,0,1,0
824287,2026-05-01,TEX,away,696030,Alejandro Osuna,4,0,1,1,0,0,1,0,2,0
824287,2026-05-01,TEX,away,592626,Joc Pederson,3,0,0,0,0,0,1,0,0,0
824287,2026-05-01,TEX,away,608369,Corey Seager,3,0,1,1,0,0,0,2,1,0
824287,2026-05-01,TEX,away,673962,Josh Jung,5,0,2,0,0,0,2,0,0,0
824287,2026-05-01,TEX,away,677649,Ezequiel Duran,3,0,0,0,0,0,0,0,1,0
824287,2026-05-01,TEX,away,607043,Brandon Nimmo,2,2,2,0,0,0,0,1,0,0
824287,2026-05-01,TEX,away,669701,Josh Smith,2,0,0,0,0,0,0,0,2,0
824287,2026-05-01,TEX,away,664059,Sam Haggerty,1,0,0,0,0,0,0,0,1,0
824287,2026-05-01,TEX,away,643376,Danny Jansen,4,1,1,0,0,1,1,0,2,0
823389,2026-05-01,PIT,home,687462,Spencer Horwitz,3,0,0,0,0,0,0,2,0,0
823389,2026-05-01,PIT,home,664040,Brandon Lowe,4,0,0,0,0,0,0,1,0,0
823389,2026-05-01,PIT,home,668804,Bryan Reynolds,4,2,2,0,1,1,2,1,1,0
823389,2026-05-01,PIT,home,665833,Oneil Cruz,5,0,1,1,0,0,0,0,3,0
823389,2026-05-01,PIT,home,663968,Jake Mangum,0,0,0,0,0,0,0,0,0,0
823389,2026-05-01,PIT,home,695257,Billy Cook,0,0,0,0,0,0,0,0,0,0
823389,2026-05-01,PIT,home,680779,Henry Davis,3,3,2,0,0,2,3,1,0,0
823389,2026-05-01,PIT,home,804606,Konnor Griffin,4,1,1,0,0,0,1,1,0,0
823389,2026-05-01,PIT,home,656811,Ryan O'Hearn,5,1,2,0,0,0,1,0,0,0
823389,2026-05-01,PIT,home,693304,Nick Gonzales,4,1,3,0,0,0,0,1,0,0
823389,2026-05-01,PIT,home,542303,Marcell Ozuna,4,1,1,0,0,1,2,1,1,0
823389,2026-05-01,CIN,away,682829,Elly De La Cruz,4,0,0,0,0,0,1,0,1,0
823389,2026-05-01,CIN,away,701398,Sal Stewart,4,0,0,0,0,0,0,0,0,0
823389,2026-05-01,CIN,away,663993,Nathaniel Lowe,3,0,0,0,0,0,0,0,2,0
823389,2026-05-01,CIN,away,680574,Matt McLain,4,0,0,0,0,0,0,0,2,0
823389,2026-05-01,CIN,away,663647,Ke'Bryan Hayes,3,0,0,0,0,0,0,0,1,0
823389,2026-05-01,CIN,away,670770,TJ Friedl,4,1,2,1,0,0,0,0,0,0
823389,2026-05-01,CIN,away,668715,Spencer Steer,2,0,1,0,0,0,0,1,1,0
823389,2026-05-01,CIN,away,663886,Tyler Stephenson,3,0,0,0,0,0,0,0,0,0
823389,2026-05-01,CIN,away,668709,JJ Bleday,3,0,0,0,0,0,0,0,0,0
823389,2026-05-01,CIN,away,677956,Rece Hinds,1,0,0,0,0,0,0,0,1,0
822744,2026-05-01,WSH,home,691781,Brady House,2,0,0,0,0,0,1,1,1,0
822744,2026-05-01,WSH,home,682928,CJ Abrams,3,1,0,0,0,0,0,1,1,0
822744,2026-05-01,WSH,home,683083,Nasim Nuñez,0,0,0,0,0,0,0,0,0,0
822744,2026-05-01,WSH,home,686452,Drew Millas,2,0,0,0,0,0,0,1,1,0
822744,2026-05-01,WSH,home,678391,Jorbit Vivas,2,0,0,0,0,0,0,0,2,0
822744,2026-05-01,WSH,home,686894,Joey Wiemer,1,0,0,0,0,0,0,0,1,0
822744,2026-05-01,WSH,home,678554,Curtis Mead,3,0,0,0,0,0,0,1,1,0
822744,2026-05-01,WSH,home,695734,Daylen Lile,3,0,1,1,0,0,0,1,1,0
822744,2026-05-01,WSH,home,677588,José Tena,1,0,0,0,0,0,0,0,0,0
822744,2026-05-01,WSH,home,695578,James Wood,4,0,0,0,0,0,0,0,2,0
822744,2026-05-01,WSH,home,696285,Jacob Young,3,0,1,0,0,0,0,0,1,0
822744,2026-05-01,WSH,home,671277,Luis García Jr.,4,0,0,0,0,0,0,0,2,0
822744,2026-05-01,MIL,away,650859,Luis Rengifo,4,0,1,0,0,0,1,1,0,0
822744,2026-05-01,MIL,away,687401,Joey Ortiz,0,0,0,0,0,0,0,0,0,0
822744,2026-05-01,MIL,away,641343,Jake Bauers,3,0,0,0,0,0,0,2,2,0
822744,2026-05-01,MIL,away,686217,Sal Frelick,5,1,1,0,0,0,0,0,0,0
822744,2026-05-01,MIL,away,672012,Tyler Black,3,0,2,2,0,0,1,0,1,0
822744,2026-05-01,MIL,away,669003,Garrett Mitchell,6,1,1,1,0,0,0,0,3,0
822744,2026-05-01,MIL,away,666152,David Hamilton,4,1,2,0,0,0,0,1,0,2
822744,2026-05-01,MIL,away,663368,Blake Perkins,5,1,0,0,0,0,0,0,1,0
822744,2026-05-01,MIL,away,661388,William Contreras,5,1,4,0,0,0,3,0,0,0
822744,2026-05-01,MIL,away,668930,Brice Turang,4,1,1,0,0,0,0,1,0,0
822744,2026-05-01,MIL,away,596142,Gary Sánchez,2,0,0,0,0,0,0,0,0,0
823557,2026-05-01,NYY,home,676609,José Caballero,4,1,1,0,0,1,1,0,1,0
823557,2026-05-01,NYY,home,642708,Amed Rosario,3,0,1,0,0,0,1,1,2,0
823557,2026-05-01,NYY,home,592450,Aaron Judge,3,2,2,0,0,0,1,2,1,0
823557,2026-05-01,NYY,home,641857,Ryan McMahon,0,0,0,0,0,0,0,0,0,0
823557,2026-05-01,NYY,home,502671,Paul Goldschmidt,4,1,0,0,0,0,0,1,0,0
823557,2026-05-01,NYY,home,669224,Austin Wells,4,1,1,0,0,0,0,0,1,0
823557,2026-05-01,NYY,home,700250,Ben Rice,5,1,2,0,0,1,3,0,0,0
823557,2026-05-01,NYY,home,641355,Cody Bellinger,4,0,2,2,0,0,1,1,2,0
823557,2026-05-01,NYY,home,665862,Jazz Chisholm Jr.,3,0,1,0,0,0,0,1,1,0
823557,2026-05-01,NYY,home,663757,Trent Grisham,4,1,1,1,0,0,0,0,0,0
823557,2026-05-01,BAL,away,669236,Jeremiah Jackson,0,0,0,0,0,0,0,0,0,0
823557,2026-05-01,BAL,away,694212,Samuel Basallo,4,0,1,0,0,0,0,0,1,0
823557,2026-05-01,BAL,away,683002,Gunnar Henderson,4,0,0,0,0,0,0,0,2,0
823557,2026-05-01,BAL,away,665750,Leody Taveras,3,0,0,0,0,0,0,0,0,0
823557,2026-05-01,BAL,away,621493,Taylor Ward,4,0,0,0,0,0,0,0,3,0
823557,2026-05-01,BAL,away,687637,Dylan Beavers,3,0,0,0,0,0,1,0,1,0
823557,2026-05-01,BAL,away,668939,Adley Rutschman,4,0,0,0,0,0,0,0,1,0
823557,2026-05-01,BAL,away,677942,Blaze Alexander,3,0,1,0,0,0,0,0,1,0
823557,2026-05-01,BAL,away,624413,Pete Alonso,2,2,1,0,0,1,1,2,0,0
823557,2026-05-01,BAL,away,681297,Colton Cowser,1,0,0,0,0,0,0,0,1,0
823557,2026-05-01,BAL,away,691723,Coby Mayo,2,0,0,0,0,0,0,0,2,0
824772,2026-05-01,BOS,home,701350,Roman Anthony,4,0,3,1,0,0,0,0,0,0
824772,2026-05-01,BOS,home,575929,Willson Contreras,3,0,1,0,0,0,0,0,2,0
824772,2026-05-01,BOS,home,596115,Trevor Story,4,0,2,0,0,0,0,0,0,0
824772,2026-05-01,BOS,home,677800,Wilyer Abreu,4,0,0,0,0,0,0,0,0,0
824772,2026-05-01,BOS,home,702332,Caleb Durbin,3,1,1,0,0,0,0,0,0,0
824772,2026-05-01,BOS,home,665966,Carlos Narváez,2,1,0,0,0,0,0,1,1,0
824772,2026-05-01,BOS,home,680776,Jarren Duran,4,1,1,0,0,1,3,0,0,0
824772,2026-05-01,BOS,home,678882,Ceddanne Rafaela,3,0,1,0,0,0,0,0,0,0
824772,2026-05-01,BOS,home,691785,Marcelo Mayer,4,0,1,0,0,0,0,0,1,0
824772,2026-05-01,HOU,away,694376,Shay Whitcomb,1,0,0,0,0,0,0,0,0,0
824772,2026-05-01,HOU,away,670623,Isaac Paredes,3,0,2,0,0,0,0,1,0,0
824772,2026-05-01,HOU,away,701358,Cam Smith,4,0,0,0,0,0,0,0,2,0
824772,2026-05-01,HOU,away,687957,Dustin Harris,2,0,1,0,0,0,0,0,0,0
824772,2026-05-01,HOU,away,694728,Brice Matthews,4,0,1,0,0,0,0,0,2,1
824772,2026-05-01,HOU,away,514888,Jose Altuve,4,0,1,0,0,0,0,0,0,0
824772,2026-05-01,HOU,away,669288,Daniel Johnson,0,0,0,0,0,0,0,0,0,0
824772,2026-05-01,HOU,away,621043,Carlos Correa,5,1,3,1,0,1,1,0,0,0
824772,2026-05-01,HOU,away,572233,Christian Walker,3,0,1,0,0,0,0,1,1,0
824772,2026-05-01,HOU,away,543877,Christian Vázquez,1,0,0,0,0,0,0,0,0,0
824772,2026-05-01,HOU,away,673237,Yainer Diaz,4,0,2,1,0,0,0,0,0,0
824772,2026-05-01,HOU,away,670541,Yordan Alvarez,5,0,0,0,0,0,0,0,1,0
822990,2026-05-01,TB,home,670764,Taylor Walls,3,1,2,1,0,0,0,0,0,1
822990,2026-05-01,TB,home,668723,Ryan Vilade,3,0,0,0,0,0,0,0,0,0
822990,2026-05-01,TB,home,641584,Jake Fraley,3,0,0,0,0,0,0,0,2,0
822990,2026-05-01,TB,home,802415,Chandler Simpson,3,0,1,0,0,0,1,0,1,0
822990,2026-05-01,TB,home,676356,Jonny DeLuca,3,0,0,0,0,0,0,0,0,0
822990,2026-05-01,TB,home,666018,Jonathan Aranda,1,0,0,0,0,0,0,0,0,0
822990,2026-05-01,TB,home,663743,Nick Fortes,3,0,0,0,0,0,0,0,1,0
822990,2026-05-01,TB,home,650490,Yandy Díaz,2,1,1,0,0,1,1,0,0,0
822990,2026-05-01,TB,home,810938,Ben Williamson,3,0,0,0,0,0,0,0,1,0
822990,2026-05-01,TB,home,691406,Junior Caminero,3,1,1,0,0,1,1,0,1,0
822990,2026-05-01,SF,away,669477,Casey Schmitt,3,0,1,0,0,0,0,0,0,0
822990,2026-05-01,SF,away,666464,Jerar Encarnacion,2,0,0,0,0,0,0,0,1,0
822990,2026-05-01,SF,away,671218,Heliot Ramos,4,0,0,0,0,0,0,0,1,0
822990,2026-05-01,SF,away,686823,Will Brennan,1,0,0,0,0,0,0,0,1,0
822990,2026-05-01,SF,away,672275,Patrick Bailey,2,0,1,0,0,0,0,0,0,0
822990,2026-05-01,SF,away,656305,Matt Chapman,4,0,0,0,0,0,0,0,2,0
822990,2026-05-01,SF,away,687551,Drew Gilbert,1,0,0,0,0,0,0,0,0,0
822990,2026-05-01,SF,away,808982,Jung Hoo Lee,3,0,1,0,0,0,0,0,0,0
822990,2026-05-01,SF,away,646240,Rafael Devers,3,0,1,0,0,0,0,0,1,0
822990,2026-05-01,SF,away,606992,Eric Haase,0,0,0,0,0,0,0,0,0,0
822990,2026-05-01,SF,away,642715,Willy Adames,3,0,1,0,0,0,0,0,1,0
822990,2026-05-01,SF,away,650333,Luis Arraez,4,0,1,1,0,0,0,0,0,0
823877,2026-05-01,MIA,home,666624,Christopher Morel,3,0,1,0,0,0,0,0,1,0
823877,2026-05-01,MIA,home,805300,Jakob Marsee,5,1,1,0,0,0,0,0,3,0
823877,2026-05-01,MIA,home,691594,Javier Sanoja,3,1,0,0,0,0,0,1,2,0
823877,2026-05-01,MIA,home,669364,Xavier Edwards,5,0,1,1,0,0,1,0,0,0
823877,2026-05-01,MIA,home,669065,Kyle Stowers,4,1,0,0,0,0,0,1,3,0
823877,2026-05-01,MIA,home,689414,Liam Hicks,2,0,0,0,0,0,1,1,0,0
823877,2026-05-01,MIA,home,683357,Owen Caissie,3,0,0,0,0,0,0,0,1,0
823877,2026-05-01,MIA,home,682663,Agustín Ramírez,3,0,1,0,0,0,1,1,2,0
823877,2026-05-01,MIA,home,681393,Connor Norby,1,0,1,1,0,0,0,0,0,0
823877,2026-05-01,MIA,home,672640,Otto Lopez,5,2,3,1,0,0,2,0,0,0
823877,2026-05-01,PHI,away,669016,Brandon Marsh,3,2,1,0,0,0,0,0,0,0
823877,2026-05-01,PHI,away,702222,Justin Crawford,3,0,1,1,0,0,1,1,0,0
823877,2026-05-01,PHI,away,547180,Bryce Harper,4,1,1,1,0,0,0,1,1,1
823877,2026-05-01,PHI,away,624641,Edmundo Sosa,4,1,2,0,0,0,1,0,1,1
823877,2026-05-01,PHI,away,664761,Alec Bohm,4,0,2,0,0,0,1,0,0,0
823877,2026-05-01,PHI,away,681082,Bryson Stott,3,2,1,0,0,1,3,1,0,1
823877,2026-05-01,PHI,away,656941,Kyle Schwarber,5,0,0,0,0,0,0,0,5,0
823877,2026-05-01,PHI,away,665561,Rafael Marchán,4,0,0,0,0,0,0,0,1,0
823877,2026-05-01,PHI,away,664238,Dylan Moore,1,0,0,0,0,0,0,0,1,0
823877,2026-05-01,PHI,away,666969,Adolis García,5,0,1,0,0,0,0,0,1,0
823713,2026-05-01,MIN,home,605170,Victor Caratini,3,0,0,0,0,0,0,0,1,0
823713,2026-05-01,MIN,home,686797,Brooks Lee,4,2,2,0,0,0,0,0,1,0
823713,2026-05-01,MIN,home,668885,Austin Martin,5,0,3,0,0,0,0,0,0,0
823713,2026-05-01,MIN,home,605137,Josh Bell,4,0,1,0,0,0,0,0,1,0
823713,2026-05-01,MIN,home,680777,Ryan Jeffers,4,0,1,0,0,0,1,0,2,0
823713,2026-05-01,MIN,home,681546,James Outman,4,0,1,0,0,0,0,0,1,0
823713,2026-05-01,MIN,home,668904,Royce Lewis,4,0,0,0,0,0,0,0,2,0
823713,2026-05-01,MIN,home,621439,Byron Buxton,4,1,2,0,0,1,2,1,0,0
823713,2026-05-01,MIN,home,807712,Luke Keaschall,3,0,0,0,0,0,0,1,2,0
823713,2026-05-01,TOR,away,672820,Lenyn Sosa,4,2,3,1,0,0,0,0,0,0
823713,2026-05-01,TOR,away,662139,Daulton Varsho,5,1,1,0,0,0,0,0,0,0
823713,2026-05-01,TOR,away,665926,Andrés Giménez,4,0,0,0,0,0,0,0,1,0
823713,2026-05-01,TOR,away,676914,Davis Schneider,0,0,0,0,0,0,0,0,0,0
823713,2026-05-01,TOR,away,543807,George Springer,5,0,1,0,0,0,0,0,0,0
823713,2026-05-01,TOR,away,682818,Yohendrick Piñango,4,0,3,0,0,0,2,0,0,0
823713,2026-05-01,TOR,away,623168,Tyler Heineman,3,0,1,0,0,0,0,0,1,0
823713,2026-05-01,TOR,away,665489,Vladimir Guerrero Jr.,4,1,0,0,0,0,0,1,0,0
823713,2026-05-01,TOR,away,660821,Jesús Sánchez,5,0,0,0,0,0,0,0,1,0
823713,2026-05-01,TOR,away,664702,Myles Straw,0,0,0,0,0,0,0,0,0,0
823713,2026-05-01,TOR,away,672960,Kazuma Okamoto,4,3,2,0,0,2,3,1,0,0
823066,2026-05-01,STL,home,669357,Nolan Gorman,4,1,1,0,0,1,2,0,0,0
823066,2026-05-01,STL,home,691023,Jordan Walker,4,2,4,2,0,0,2,0,0,1
823066,2026-05-01,STL,home,701675,Nathan Church,4,0,1,0,0,0,1,0,2,0
823066,2026-05-01,STL,home,687363,Victor Scott II,4,0,0,0,0,0,0,0,2,0
823066,2026-05-01,STL,home,802139,JJ Wetherholt,5,0,0,0,0,0,0,0,2,0
823066,2026-05-01,STL,home,676475,Alec Burleson,3,2,1,0,0,1,1,1,1,0
823066,2026-05-01,STL,home,686780,Pedro Pagés,4,0,1,1,0,0,0,0,2,0
823066,2026-05-01,STL,home,691026,Masyn Winn,3,0,2,0,0,0,0,0,0,0
823066,2026-05-01,STL,home,671056,Iván Herrera,5,2,2,0,0,0,0,0,2,0
823066,2026-05-01,LAD,away,669257,Will Smith,3,0,1,0,0,0,0,1,1,0
823066,2026-05-01,LAD,away,663656,Kyle Tucker,2,0,0,0,0,0,1,1,0,0
823066,2026-05-01,LAD,away,571970,Max Muncy,3,0,1,1,0,0,1,1,0,0
823066,2026-05-01,LAD,away,518692,Freddie Freeman,4,1,2,0,0,0,0,0,0,0
823066,2026-05-01,LAD,away,808975,Hyeseong Kim,2,0,1,1,0,0,0,0,0,0
823066,2026-05-01,LAD,away,669289,Santiago Espinal,2,0,0,0,0,0,0,0,2,0
823066,2026-05-01,LAD,away,660271,Shohei Ohtani,5,0,0,0,0,0,0,0,1,0
823066,2026-05-01,LAD,away,606192,Teoscar Hernández,3,0,1,0,0,0,0,1,1,0
823066,2026-05-01,LAD,away,681624,Andy Pages,4,1,1,0,0,0,0,0,1,0
823066,2026-05-01,LAD,away,500743,Miguel Rojas,4,0,0,0,0,0,0,0,0,0
824366,2026-05-01,COL,home,666160,Mickey Moniak,5,2,2,0,0,1,1,0,0,0
824366,2026-05-01,COL,home,664983,Jake McCarthy,2,0,0,0,0,0,0,1,0,0
824366,2026-05-01,COL,home,687859,Troy Johnston,4,0,2,1,0,0,0,0,0,0
824366,2026-05-01,COL,home,650489,Willi Castro,4,0,0,0,0,0,1,0,0,0
824366,2026-05-01,COL,home,671289,Tyler Freeman,2,1,1,0,0,0,1,1,0,0
824366,2026-05-01,COL,home,666397,Edouard Julien,4,1,0,0,0,0,0,1,3,0
824366,2026-05-01,COL,home,696100,Hunter Goodman,4,1,1,1,0,0,1,0,1,0
824366,2026-05-01,COL,home,687597,Jordan Beck,0,0,0,0,0,0,0,0,0,0
824366,2026-05-01,COL,home,686668,Brenton Doyle,1,0,1,0,0,0,0,0,0,0
824366,2026-05-01,COL,home,678662,Ezequiel Tovar,3,0,0,0,0,0,0,1,1,0
824366,2026-05-01,COL,home,681198,TJ Rumfield,4,1,1,0,0,0,1,0,0,0
824366,2026-05-01,ATL,away,641680,Jonah Heim,3,0,0,0,0,0,1,1,0,0
824366,2026-05-01,ATL,away,663158,Robert Suarez,0,0,0,0,0,0,0,0,0,0
824366,2026-05-01,ATL,away,671739,Michael Harris II,1,1,1,0,0,1,2,0,0,0
824366,2026-05-01,ATL,away,622761,Jorge Mateo,3,0,0,0,0,0,0,0,1,0
824366,2026-05-01,ATL,away,643289,Mauricio Dubón,5,1,2,0,1,0,3,0,0,0
824366,2026-05-01,ATL,away,686948,Drake Baldwin,4,0,0,0,0,0,0,0,2,0
824366,2026-05-01,ATL,away,621566,Matt Olson,3,2,1,0,0,1,1,2,0,0
824366,2026-05-01,ATL,away,660670,Ronald Acuña Jr.,4,1,2,0,0,0,0,1,0,1
824366,2026-05-01,ATL,away,571657,Kyle Farmer,0,1,0,0,0,0,0,0,0,0
824366,2026-05-01,ATL,away,642201,Eli White,2,0,0,0,0,0,0,0,1,0
824366,2026-05-01,ATL,away,645277,Ozzie Albies,4,1,1,1,0,0,0,1,0,0
824366,2026-05-01,ATL,away,663586,Austin Riley,3,1,2,0,0,0,1,0,1,0
824366,2026-05-01,ATL,away,573262,Mike Yastrzemski,2,0,0,0,0,0,0,0,1,0
824041,2026-05-01,LAA,home,624428,Adam Frazier,3,0,0,0,0,0,0,0,1,0
824041,2026-05-01,LAA,home,672724,Oswald Peraza,1,0,0,0,0,0,0,0,0,0
824041,2026-05-01,LAA,home,687263,Zach Neto,3,1,0,0,0,0,0,0,2,2
824041,2026-05-01,LAA,home,624585,Jorge Soler,4,1,1,0,0,1,2,0,0,0
824041,2026-05-01,LAA,home,660162,Yoán Moncada,4,0,0,0,0,0,0,0,3,0
824041,2026-05-01,LAA,home,518595,Travis d'Arnaud,2,0,0,0,0,0,0,0,0,0
824041,2026-05-01,LAA,home,545361,Mike Trout,4,1,1,0,0,0,0,0,3,0
824041,2026-05-01,LAA,home,666176,Jo Adell,3,0,0,0,0,0,0,0,3,0
824041,2026-05-01,LAA,home,687093,Vaughn Grissom,1,0,0,0,0,0,0,0,1,0
824041,2026-05-01,LAA,home,694384,Nolan Schanuel,3,0,1,0,0,0,0,0,0,0
824041,2026-05-01,LAA,home,666139,Josh Lowe,2,0,0,0,0,0,0,0,1,0
824041,2026-05-01,LAA,home,665861,Sebastián Rivero,0,0,0,0,0,0,0,0,0,0
824041,2026-05-01,NYM,away,666182,Bo Bichette,4,1,2,0,0,0,0,0,1,0
824041,2026-05-01,NYM,away,621438,Tyrone Taylor,3,0,0,0,0,0,0,1,0,0
824041,2026-05-01,NYM,away,682626,Francisco Alvarez,4,1,1,0,0,0,1,0,1,0
824041,2026-05-01,NYM,away,683146,Brett Baty,2,0,0,0,0,0,0,2,1,0
824041,2026-05-01,NYM,away,701807,Carson Benge,4,0,0,0,0,0,0,0,0,0
824041,2026-05-01,NYM,away,543760,Marcus Semien,4,0,1,0,0,0,2,0,0,0
824041,2026-05-01,NYM,away,669004,MJ Melendez,2,0,0,0,0,0,0,0,1,0
824041,2026-05-01,NYM,away,665742,Juan Soto,3,1,1,0,0,0,0,1,1,0
824041,2026-05-01,NYM,away,677595,Ronny Mauricio,3,1,1,0,0,1,1,0,0,0
824041,2026-05-01,NYM,away,596103,Austin Slater,2,0,1,0,0,0,0,0,1,0
825012,2026-05-01,OAK,home,671732,Lawrence Butler,2,0,0,0,0,0,0,0,0,0
825012,2026-05-01,OAK,home,667670,Brent Rooker,5,1,2,0,0,1,3,0,0,0
825012,2026-05-01,OAK,home,680869,Zack Gelof,2,0,1,0,0,0,2,0,1,0
825012,2026-05-01,OAK,home,643446,Jeff McNeil,4,0,2,1,0,0,0,0,0,0
825012,2026-05-01,OAK,home,666126,Carlos Cortes,1,0,0,0,0,0,0,0,0,0
825012,2026-05-01,OAK,home,691016,Tyler Soderstrom,4,1,1,1,0,0,0,1,1,0
825012,2026-05-01,OAK,home,687231,Darell Hernaiz,2,1,0,0,0,0,0,2,1,0
825012,2026-05-01,OAK,home,701762,Nick Kurtz,4,0,0,0,0,0,0,1,1,0
825012,2026-05-01,OAK,home,687515,Colby Thomas,3,0,1,0,0,0,0,0,1,0
825012,2026-05-01,OAK,home,669127,Shea Langeliers,4,1,1,0,0,0,0,1,1,0
825012,2026-05-01,OAK,home,805779,Jacob Wilson,4,1,1,0,0,0,0,1,0,0
825012,2026-05-01,CLE,away,800050,Chase DeLauter,4,1,4,2,0,0,2,1,0,0
825012,2026-05-01,CLE,away,683953,Travis Bazzana,3,2,0,0,0,0,0,2,2,0
825012,2026-05-01,CLE,away,682177,Daniel Schneemann,2,0,0,0,0,0,0,0,1,0
825012,2026-05-01,CLE,away,677587,Brayan Rocchio,5,0,1,1,0,0,1,0,0,0
825012,2026-05-01,CLE,away,666310,Bo Naylor,5,2,2,1,0,0,1,0,1,0
825012,2026-05-01,CLE,away,608070,José Ramírez,3,0,0,0,0,0,0,2,1,0
825012,2026-05-01,CLE,away,680757,Steven Kwan,4,1,2,0,0,0,0,1,1,0
825012,2026-05-01,CLE,away,682657,Angel Martínez,2,0,0,0,0,0,1,0,0,0
825012,2026-05-01,CLE,away,700932,Kyle Manzardo,4,1,0,0,0,0,0,1,1,0
825012,2026-05-01,CLE,away,656555,Rhys Hoskins,4,1,2,1,0,1,3,1,2,0
823309,2026-05-01,SD,home,666023,Freddy Fermin,4,0,1,1,0,0,0,0,1,0
823309,2026-05-01,SD,home,592206,Nick Castellanos,4,0,0,0,0,0,0,0,0,0
823309,2026-05-01,SD,home,657656,Ramón Laureano,4,0,0,0,0,0,0,0,1,0
823309,2026-05-01,SD,home,592518,Manny Machado,3,0,1,0,0,0,1,1,0,0
823309,2026-05-01,SD,home,609280,Miguel Andujar,4,0,1,0,0,0,1,0,0,0
823309,2026-05-01,SD,home,665487,Fernando Tatis Jr.,3,1,3,0,1,0,0,1,0,1
823309,2026-05-01,SD,home,664034,Ty France,4,0,0,0,0,0,0,0,0,0
823309,2026-05-01,SD,home,669369,Bryce Johnson,3,1,0,0,0,0,0,1,2,0
823309,2026-05-01,SD,home,593428,Xander Bogaerts,3,0,0,0,0,0,0,1,1,0
823309,2026-05-01,CWS,away,671976,Tristan Peters,3,1,1,0,0,0,1,1,1,0
823309,2026-05-01,CWS,away,682668,Luisangel Acuña,1,0,0,0,0,0,0,0,1,0
823309,2026-05-01,CWS,away,808959,Munetaka Murakami,3,1,1,0,0,1,3,2,0,0
823309,2026-05-01,CWS,away,805367,Chase Meidroth,4,1,1,1,0,0,0,0,0,0
823309,2026-05-01,CWS,away,695657,Colson Montgomery,3,2,1,0,0,1,1,1,0,0
823309,2026-05-01,CWS,away,691011,Drew Romo,1,1,0,0,0,0,0,3,0,0
823309,2026-05-01,CWS,away,669720,Austin Hays,4,1,1,0,0,0,1,0,0,0
823309,2026-05-01,CWS,away,643217,Andrew Benintendi,4,0,0,0,0,0,1,0,2,0
823309,2026-05-01,CWS,away,803011,Sam Antonacci,4,1,2,0,0,0,1,0,0,0
823309,2026-05-01,CWS,away,656537,Derek Hill,0,0,0,0,0,0,0,0,0,0
823309,2026-05-01,CWS,away,678246,Miguel Vargas,5,0,1,0,0,0,0,0,1,0
823146,2026-05-01,SEA,home,647304,Josh Naylor,4,0,1,0,0,0,0,0,1,0
823146,2026-05-01,SEA,home,702284,Cole Young,4,0,0,0,0,0,0,0,0,0
823146,2026-05-01,SEA,home,641487,J.P. Crawford,4,2,1,0,0,0,0,1,1,0
823146,2026-05-01,SEA,home,668227,Randy Arozarena,4,1,1,0,0,1,1,0,3,0
823146,2026-05-01,SEA,home,686527,Dominic Canzone,2,0,0,0,0,0,0,0,1,0
823146,2026-05-01,SEA,home,663728,Cal Raleigh,4,0,0,0,0,0,0,1,2,0
823146,2026-05-01,SEA,home,656582,Connor Joe,2,1,1,0,0,1,1,0,0,0
823146,2026-05-01,SEA,home,641598,Mitch Garver,2,0,0,0,0,0,0,2,1,0
823146,2026-05-01,SEA,home,677594,Julio Rodríguez,4,2,2,0,0,2,4,0,2,0
823146,2026-05-01,SEA,home,660844,Leo Rivas,3,0,0,0,0,0,0,1,2,1
823146,2026-05-01,SEA,home,670042,Luke Raley,0,0,0,0,0,0,0,0,0,0
823146,2026-05-01,KC,away,695600,Carter Jensen,4,0,0,0,0,0,0,0,0,0
823146,2026-05-01,KC,away,686555,Isaac Collins,4,0,1,1,0,0,1,0,1,0
823146,2026-05-01,KC,away,521692,Salvador Perez,4,2,2,2,0,0,2,0,1,0
823146,2026-05-01,KC,away,686681,Michael Massey,4,0,1,0,0,0,0,0,0,0
823146,2026-05-01,KC,away,686469,Vinnie Pasquantino,5,2,2,0,0,1,2,0,2,0
823146,2026-05-01,KC,away,664728,Kyle Isbel,4,0,0,0,0,0,0,0,1,0
823146,2026-05-01,KC,away,672580,Maikel Garcia,4,1,1,0,0,0,0,1,1,0
823146,2026-05-01,KC,away,657041,Lane Thomas,1,0,1,0,0,0,1,0,0,0
823146,2026-05-01,KC,away,695506,Jac Caglianone,3,1,1,0,0,1,1,0,0,0
823146,2026-05-01,KC,away,677951,Bobby Witt Jr.,4,1,1,0,0,0,0,1,1,0
823554,2026-05-02,NYY,home,676609,José Caballero,3,1,0,0,0,0,0,1,1,0
823554,2026-05-02,NYY,home,592450,Aaron Judge,3,1,0,0,0,0,0,2,3,0
823554,2026-05-02,NYY,home,641857,Ryan McMahon,4,1,1,1,0,0,0,0,1,0
823554,2026-05-02,NYY,home,691176,Jasson Domínguez,4,0,1,0,0,0,0,0,1,0
823554,2026-05-02,NYY,home,700250,Ben Rice,3,1,1,0,0,0,0,2,1,1
823554,2026-05-02,NYY,home,641555,J.C. Escarra,4,0,1,1,0,0,0,0,0,0
823554,2026-05-02,NYY,home,641355,Cody Bellinger,4,3,4,1,0,2,4,0,0,1
823554,2026-05-02,NYY,home,665862,Jazz Chisholm Jr.,3,0,1,0,0,0,1,1,0,0
823554,2026-05-02,NYY,home,663757,Trent Grisham,4,2,2,1,0,1,2,1,1,0
823554,2026-05-02,BAL,away,669236,Jeremiah Jackson,4,0,0,0,0,0,0,0,0,0
823554,2026-05-02,BAL,away,694212,Samuel Basallo,2,0,1,1,0,0,1,0,1,0
823554,2026-05-02,BAL,away,642215,Weston Wilson,2,0,0,0,0,0,0,0,0,0
823554,2026-05-02,BAL,away,683002,Gunnar Henderson,4,1,1,0,0,0,0,0,2,0
823554,2026-05-02,BAL,away,621493,Taylor Ward,3,1,1,0,0,0,1,1,0,0
823554,2026-05-02,BAL,away,687637,Dylan Beavers,1,1,0,0,0,0,0,1,0,2
823554,2026-05-02,BAL,away,668939,Adley Rutschman,4,0,0,0,0,0,0,0,1,0
823554,2026-05-02,BAL,away,641933,Tyler O'Neill,1,0,0,0,0,0,0,2,0,0
823554,2026-05-02,BAL,away,677942,Blaze Alexander,4,0,0,0,0,0,0,0,3,0
823554,2026-05-02,BAL,away,624413,Pete Alonso,4,1,1,0,0,1,1,0,1,0
823554,2026-05-02,BAL,away,681297,Colton Cowser,0,0,0,0,0,0,0,1,0,0
823554,2026-05-02,BAL,away,691723,Coby Mayo,2,0,0,0,0,0,0,0,0,0
823715,2026-05-02,MIN,home,665019,Kody Clemens,4,1,1,0,0,0,0,0,1,0
823715,2026-05-02,MIN,home,686797,Brooks Lee,3,0,1,0,0,0,1,0,2,0
823715,2026-05-02,MIN,home,656484,Tristan Gray,3,1,1,0,0,0,0,0,1,0
823715,2026-05-02,MIN,home,605137,Josh Bell,4,0,0,0,0,0,0,0,1,0
823715,2026-05-02,MIN,home,680777,Ryan Jeffers,4,0,0,0,0,0,0,0,0,0
823715,2026-05-02,MIN,home,663616,Trevor Larnach,4,0,2,1,0,0,1,0,1,0
823715,2026-05-02,MIN,home,621439,Byron Buxton,4,1,1,0,0,1,1,0,0,0
823715,2026-05-02,MIN,home,670242,Matt Wallner,4,0,0,0,0,0,0,0,1,0
823715,2026-05-02,MIN,home,807712,Luke Keaschall,3,1,1,1,0,0,0,1,0,0
823715,2026-05-02,TOR,away,672820,Lenyn Sosa,5,2,2,0,0,1,2,0,2,0
823715,2026-05-02,TOR,away,676391,Ernie Clement,5,1,1,0,0,0,0,0,1,0
823715,2026-05-02,TOR,away,662139,Daulton Varsho,5,1,1,1,0,0,0,0,0,0
823715,2026-05-02,TOR,away,678218,Brandon Valenzuela,3,1,1,0,0,1,3,1,0,0
823715,2026-05-02,TOR,away,676914,Davis Schneider,3,1,1,1,0,0,2,1,2,0
823715,2026-05-02,TOR,away,543807,George Springer,1,0,0,0,0,0,0,0,0,0
823715,2026-05-02,TOR,away,665489,Vladimir Guerrero Jr.,4,1,0,0,0,0,0,1,0,0
823715,2026-05-02,TOR,away,660821,Jesús Sánchez,3,0,0,0,0,0,0,0,0,0
823715,2026-05-02,TOR,away,664702,Myles Straw,2,2,1,0,0,1,2,2,0,0
823715,2026-05-02,TOR,away,672960,Kazuma Okamoto,5,2,2,0,0,1,2,0,0,0
824685,2026-05-02,CHC,home,664023,Ian Happ,3,2,3,1,1,1,1,1,0,0
824685,2026-05-02,CHC,home,608324,Alex Bregman,4,0,0,0,0,0,0,0,2,0
824685,2026-05-02,CHC,home,683737,Michael Busch,3,0,1,1,0,0,0,1,1,0
824685,2026-05-02,CHC,home,691718,Pete Crow-Armstrong,3,0,0,0,0,0,0,1,1,0
824685,2026-05-02,CHC,home,665804,Miguel Amaya,2,0,0,0,0,0,0,1,1,0
824685,2026-05-02,CHC,home,694208,Moisés Ballesteros,4,0,0,0,0,0,0,0,1,0
824685,2026-05-02,CHC,home,673548,Seiya Suzuki,3,0,0,0,0,0,1,0,0,0
824685,2026-05-02,CHC,home,621020,Dansby Swanson,3,0,1,0,0,0,0,0,0,0
824685,2026-05-02,CHC,home,807713,Matt Shaw,3,0,0,0,0,0,0,0,1,0
824685,2026-05-02,ARI,away,571448,Nolan Arenado,3,0,1,0,0,0,0,0,1,0
824685,2026-05-02,ARI,away,606466,Ketel Marte,4,0,0,0,0,0,0,0,2,0
824685,2026-05-02,ARI,away,545121,Ildemaro Vargas,4,0,0,0,0,0,0,0,0,0
824685,2026-05-02,ARI,away,672695,Geraldo Perdomo,4,0,1,0,0,0,0,0,0,0
824685,2026-05-02,ARI,away,699912,Jose Fernandez,2,0,0,0,0,0,0,1,1,0
824685,2026-05-02,ARI,away,682998,Corbin Carroll,4,0,1,0,0,0,0,0,0,0
824685,2026-05-02,ARI,away,666971,Lourdes Gurriel Jr.,4,0,1,1,0,0,0,0,1,0
824685,2026-05-02,ARI,away,543510,James McCann,3,0,0,0,0,0,0,0,1,0
824685,2026-05-02,ARI,away,678489,Jorge Barrosa,3,0,0,0,0,0,0,0,0,0
825014,2026-05-02,OAK,home,671732,Lawrence Butler,2,0,1,0,0,0,0,2,0,0
825014,2026-05-02,OAK,home,667670,Brent Rooker,4,1,2,0,0,0,0,0,1,0
825014,2026-05-02,OAK,home,643446,Jeff McNeil,3,0,2,0,0,0,2,0,0,0
825014,2026-05-02,OAK,home,642851,Austin Wynns,0,0,0,0,0,0,0,0,0,0
825014,2026-05-02,OAK,home,666126,Carlos Cortes,5,2,2,0,0,0,0,0,0,0
825014,2026-05-02,OAK,home,691016,Tyler Soderstrom,5,0,0,0,0,0,0,0,1,0
825014,2026-05-02,OAK,home,687231,Darell Hernaiz,4,0,0,0,0,0,0,0,0,0
825014,2026-05-02,OAK,home,701762,Nick Kurtz,5,1,2,0,0,0,1,0,2,0
825014,2026-05-02,OAK,home,695391,Brett Harris,1,0,0,0,0,0,0,0,1,0
825014,2026-05-02,OAK,home,687515,Colby Thomas,1,0,0,0,0,0,0,0,0,0
825014,2026-05-02,OAK,home,669127,Shea Langeliers,5,2,3,0,0,2,3,0,0,0
825014,2026-05-02,OAK,home,805779,Jacob Wilson,3,0,2,1,0,0,0,0,0,0
825014,2026-05-02,CLE,away,800050,Chase DeLauter,3,1,2,0,0,0,0,2,0,0
825014,2026-05-02,CLE,away,595978,Austin Hedges,5,3,3,2,0,1,1,0,1,0
825014,2026-05-02,CLE,away,683953,Travis Bazzana,4,1,1,0,0,0,2,1,1,1
825014,2026-05-02,CLE,away,677587,Brayan Rocchio,4,1,1,0,0,0,1,1,0,1
825014,2026-05-02,CLE,away,690984,Petey Halpin,1,0,0,0,0,0,0,0,0,0
825014,2026-05-02,CLE,away,681807,David Fry,3,1,1,0,0,1,2,1,1,0
825014,2026-05-02,CLE,away,608070,José Ramírez,6,1,1,1,0,0,2,0,1,1
825014,2026-05-02,CLE,away,680757,Steven Kwan,4,3,1,0,0,0,1,1,1,0
825014,2026-05-02,CLE,away,682657,Angel Martínez,6,1,3,0,0,0,0,0,1,0
825014,2026-05-02,CLE,away,700932,Kyle Manzardo,1,1,1,0,0,1,3,0,0,0
825014,2026-05-02,CLE,away,656555,Rhys Hoskins,2,1,0,0,0,0,1,0,2,0
823388,2026-05-02,PIT,home,687462,Spencer Horwitz,5,0,2,1,0,0,3,1,0,0
823388,2026-05-02,PIT,home,664040,Brandon Lowe,1,3,1,0,0,0,1,4,0,0
823388,2026-05-02,PIT,home,668804,Bryan Reynolds,3,3,2,1,0,0,1,2,1,0
823388,2026-05-02,PIT,home,665833,Oneil Cruz,6,2,2,0,0,0,1,0,2,0
823388,2026-05-02,PIT,home,669707,Jared Triolo,1,0,0,0,0,0,0,0,0,0
823388,2026-05-02,PIT,home,663968,Jake Mangum,0,1,0,0,0,0,0,0,0,0
823388,2026-05-02,PIT,home,695257,Billy Cook,1,0,1,0,0,0,0,0,0,0
823388,2026-05-02,PIT,home,680779,Henry Davis,6,0,0,0,0,0,1,0,1,0
823388,2026-05-02,PIT,home,804606,Konnor Griffin,5,1,4,1,1,0,2,1,0,0
823388,2026-05-02,PIT,home,656811,Ryan O'Hearn,4,3,2,1,0,0,3,1,2,0
823388,2026-05-02,PIT,home,693304,Nick Gonzales,5,1,2,0,0,0,2,1,1,0
823388,2026-05-02,PIT,home,542303,Marcell Ozuna,5,3,3,1,0,0,3,1,2,0
823388,2026-05-02,CIN,away,682829,Elly De La Cruz,2,1,1,1,0,0,0,1,1,0
823388,2026-05-02,CIN,away,701398,Sal Stewart,5,0,0,0,0,0,0,0,2,0
823388,2026-05-02,CIN,away,663993,Nathaniel Lowe,4,0,2,1,0,0,3,0,2,0
823388,2026-05-02,CIN,away,680574,Matt McLain,2,0,0,0,0,0,0,0,1,0
823388,2026-05-02,CIN,away,663647,Ke'Bryan Hayes,4,0,0,0,0,0,0,0,2,0
823388,2026-05-02,CIN,away,666181,Will Benson,4,2,2,1,0,1,1,0,1,0
823388,2026-05-02,CIN,away,670770,TJ Friedl,3,1,1,0,0,0,0,0,0,0
823388,2026-05-02,CIN,away,668715,Spencer Steer,4,0,1,0,0,0,0,0,1,0
823388,2026-05-02,CIN,away,663886,Tyler Stephenson,4,0,2,1,0,0,0,0,1,0
823388,2026-05-02,CIN,away,668709,JJ Bleday,4,3,2,1,0,1,2,1,1,0
823388,2026-05-02,CIN,away,677956,Rece Hinds,1,0,0,0,0,0,0,0,1,0
822746,2026-05-02,WSH,home,691781,Brady House,4,0,1,0,0,0,0,0,1,0
822746,2026-05-02,WSH,home,682928,CJ Abrams,3,0,1,0,0,0,1,1,0,0
822746,2026-05-02,WSH,home,683083,Nasim Nuñez,2,0,1,0,0,0,0,0,0,0
822746,2026-05-02,WSH,home,686894,Joey Wiemer,2,0,0,0,0,0,0,0,1,0
822746,2026-05-02,WSH,home,678391,Jorbit Vivas,1,0,0,0,0,0,0,0,0,0
822746,2026-05-02,WSH,home,678554,Curtis Mead,4,1,1,1,0,0,0,0,0,0
822746,2026-05-02,WSH,home,695734,Daylen Lile,4,0,0,0,0,0,0,0,1,0
822746,2026-05-02,WSH,home,677588,José Tena,2,0,1,1,0,0,0,0,1,0
822746,2026-05-02,WSH,home,695578,James Wood,4,0,2,0,0,0,0,0,1,0
822746,2026-05-02,WSH,home,696285,Jacob Young,4,0,1,0,0,0,0,0,1,0
822746,2026-05-02,WSH,home,660688,Keibert Ruiz,3,0,1,0,0,0,0,0,0,0
822746,2026-05-02,WSH,home,671277,Luis García Jr.,2,0,0,0,0,0,0,0,0,0
822746,2026-05-02,MIL,away,650859,Luis Rengifo,4,0,1,0,0,0,0,0,0,0
822746,2026-05-02,MIL,away,687401,Joey Ortiz,4,0,0,0,0,0,1,0,0,0
822746,2026-05-02,MIL,away,641343,Jake Bauers,4,1,0,0,0,0,0,1,1,0
822746,2026-05-02,MIL,away,686217,Sal Frelick,4,0,1,0,0,0,0,0,0,0
822746,2026-05-02,MIL,away,663604,Brandon Lockridge,4,0,2,0,0,0,2,0,0,0
822746,2026-05-02,MIL,away,669003,Garrett Mitchell,4,0,1,0,0,0,0,1,1,0
822746,2026-05-02,MIL,away,666152,David Hamilton,0,1,0,0,0,0,0,0,0,0
822746,2026-05-02,MIL,away,661388,William Contreras,4,1,1,0,0,0,0,1,1,0
822746,2026-05-02,MIL,away,668930,Brice Turang,3,0,1,0,0,0,0,2,1,0
822746,2026-05-02,MIL,away,596142,Gary Sánchez,4,1,0,0,0,0,0,1,2,0
824771,2026-05-02,BOS,home,701350,Roman Anthony,3,1,1,0,0,0,0,2,1,0
824771,2026-05-02,BOS,home,575929,Willson Contreras,4,1,1,0,0,0,1,0,0,0
824771,2026-05-02,BOS,home,657136,Connor Wong,4,1,1,0,0,0,0,0,1,0
824771,2026-05-02,BOS,home,596115,Trevor Story,4,0,1,0,0,0,1,0,1,0
824771,2026-05-02,BOS,home,677800,Wilyer Abreu,3,0,2,0,0,0,1,2,0,0
824771,2026-05-02,BOS,home,655316,Andruw Monasterio,0,0,0,0,0,0,0,0,0,0
824771,2026-05-02,BOS,home,643396,Isiah Kiner-Falefa,0,0,0,0,0,0,0,0,0,0
824771,2026-05-02,BOS,home,702332,Caleb Durbin,3,0,0,0,0,0,0,1,0,0
824771,2026-05-02,BOS,home,680776,Jarren Duran,4,0,1,0,0,0,0,1,1,0
824771,2026-05-02,BOS,home,678882,Ceddanne Rafaela,4,0,1,0,0,0,0,0,2,1
824771,2026-05-02,BOS,home,807799,Masataka Yoshida,0,0,0,0,0,0,0,1,0,0
824771,2026-05-02,BOS,home,691785,Marcelo Mayer,3,0,0,0,0,0,0,0,1,0
824771,2026-05-02,HOU,away,670623,Isaac Paredes,4,0,1,1,0,0,0,1,0,0
824771,2026-05-02,HOU,away,701358,Cam Smith,4,1,1,1,0,0,0,0,1,0
824771,2026-05-02,HOU,away,669699,Braden Shewmake,0,0,0,0,0,0,0,0,0,0
824771,2026-05-02,HOU,away,687957,Dustin Harris,4,0,2,0,0,0,0,0,1,1
824771,2026-05-02,HOU,away,694728,Brice Matthews,3,1,2,0,0,1,3,1,1,0
824771,2026-05-02,HOU,away,514888,Jose Altuve,5,1,1,1,0,0,0,0,1,0
824771,2026-05-02,HOU,away,621043,Carlos Correa,4,1,2,0,0,0,1,1,1,0
824771,2026-05-02,HOU,away,572233,Christian Walker,4,2,3,0,0,1,2,0,0,0
824771,2026-05-02,HOU,away,673237,Yainer Diaz,5,0,0,0,0,0,0,0,1,0
824771,2026-05-02,HOU,away,670541,Yordan Alvarez,4,0,0,0,0,0,0,1,1,0
823876,2026-05-02,MIA,home,666624,Christopher Morel,1,0,0,0,0,0,0,0,1,0
823876,2026-05-02,MIA,home,665923,Esteury Ruiz,4,1,1,1,0,0,0,0,3,0
823876,2026-05-02,MIA,home,805300,Jakob Marsee,3,0,0,0,0,0,0,2,0,0
823876,2026-05-02,MIA,home,691594,Javier Sanoja,1,0,0,0,0,0,0,0,0,0
823876,2026-05-02,MIA,home,669364,Xavier Edwards,4,1,2,0,0,1,1,0,0,0
823876,2026-05-02,MIA,home,669065,Kyle Stowers,5,1,1,0,0,0,0,0,2,0
823876,2026-05-02,MIA,home,688363,Graham Pauley,2,0,0,0,0,0,0,0,0,0
823876,2026-05-02,MIA,home,689414,Liam Hicks,3,0,1,0,0,0,0,1,1,0
823876,2026-05-02,MIA,home,682663,Agustín Ramírez,2,0,1,0,0,0,1,2,1,0
823876,2026-05-02,MIA,home,681393,Connor Norby,3,0,2,1,0,0,1,1,1,0
823876,2026-05-02,MIA,home,672640,Otto Lopez,5,1,2,0,0,0,1,0,1,0
823876,2026-05-02,PHI,away,547180,Bryce Harper,3,0,0,0,0,0,0,0,2,0
823876,2026-05-02,PHI,away,592663,J.T. Realmuto,3,0,0,0,0,0,0,0,1,0
823876,2026-05-02,PHI,away,624641,Edmundo Sosa,1,0,0,0,0,0,0,0,0,0
823876,2026-05-02,PHI,away,664761,Alec Bohm,2,0,0,0,0,0,0,1,1,0
823876,2026-05-02,PHI,away,681082,Bryson Stott,3,0,0,0,0,0,0,0,1,0
823876,2026-05-02,PHI,away,656941,Kyle Schwarber,3,0,0,0,0,0,0,0,3,0
823876,2026-05-02,PHI,away,694025,Felix Reyes,3,0,0,0,0,0,0,0,1,0
823876,2026-05-02,PHI,away,596117,Garrett Stubbs,2,0,1,0,0,0,0,0,0,0
823876,2026-05-02,PHI,away,666969,Adolis García,3,0,0,0,0,0,0,0,1,0
823876,2026-05-02,PHI,away,607208,Trea Turner,4,0,0,0,0,0,0,0,0,0
822988,2026-05-02,TB,home,670764,Taylor Walls,2,1,0,0,0,0,0,1,0,0
822988,2026-05-02,TB,home,680700,Richie Palacios,2,0,0,0,0,0,0,2,2,0
822988,2026-05-02,TB,home,668723,Ryan Vilade,2,0,0,0,0,0,0,0,0,0
822988,2026-05-02,TB,home,641584,Jake Fraley,2,0,1,0,0,0,1,0,0,0
822988,2026-05-02,TB,home,802415,Chandler Simpson,4,1,1,0,0,0,0,0,1,0
822988,2026-05-02,TB,home,676356,Jonny DeLuca,4,1,2,1,0,0,0,0,1,1
822988,2026-05-02,TB,home,676439,Hunter Feduccia,1,1,1,1,0,0,0,0,0,0
822988,2026-05-02,TB,home,666018,Jonathan Aranda,4,0,2,0,0,0,2,0,2,0
822988,2026-05-02,TB,home,663743,Nick Fortes,2,0,0,0,0,0,0,0,0,0
822988,2026-05-02,TB,home,691406,Junior Caminero,3,1,1,0,0,0,0,1,2,0
822988,2026-05-02,TB,home,656775,Cedric Mullins,3,0,1,0,0,0,1,1,0,0
822988,2026-05-02,SF,away,669477,Casey Schmitt,4,0,1,0,0,0,0,0,2,0
822988,2026-05-02,SF,away,671218,Heliot Ramos,4,0,1,0,0,0,0,0,0,0
822988,2026-05-02,SF,away,656305,Matt Chapman,4,0,0,0,0,0,0,0,3,0
822988,2026-05-02,SF,away,672275,Patrick Bailey,3,0,0,0,0,0,0,0,1,0
822988,2026-05-02,SF,away,808982,Jung Hoo Lee,4,0,0,0,0,0,0,0,1,0
822988,2026-05-02,SF,away,687551,Drew Gilbert,2,0,1,0,0,0,0,1,0,0
822988,2026-05-02,SF,away,646240,Rafael Devers,4,0,1,1,0,0,1,0,0,0
822988,2026-05-02,SF,away,642715,Willy Adames,4,0,0,0,0,0,0,0,1,0
822988,2026-05-02,SF,away,650333,Luis Arraez,4,1,3,1,0,0,0,0,0,0
823067,2026-05-02,STL,home,669357,Nolan Gorman,4,0,0,0,0,0,0,0,2,0
823067,2026-05-02,STL,home,691023,Jordan Walker,4,1,2,0,0,1,2,0,0,0
823067,2026-05-02,STL,home,701675,Nathan Church,4,0,1,1,0,0,0,0,0,0
823067,2026-05-02,STL,home,687363,Victor Scott II,2,0,0,0,0,0,0,1,0,0
823067,2026-05-02,STL,home,802139,JJ Wetherholt,4,0,0,0,0,0,0,0,1,0
823067,2026-05-02,STL,home,676475,Alec Burleson,3,1,1,1,0,0,1,1,1,0
823067,2026-05-02,STL,home,602104,Ramón Urías,2,0,0,0,0,0,0,0,0,0
823067,2026-05-02,STL,home,691026,Masyn Winn,4,0,1,1,0,0,0,0,0,0
823067,2026-05-02,STL,home,671056,Iván Herrera,3,1,1,1,0,0,0,1,1,0
823067,2026-05-02,LAD,away,669257,Will Smith,3,0,0,0,0,0,0,1,0,0
823067,2026-05-02,LAD,away,687221,Dalton Rushing,1,0,0,0,0,0,0,0,1,0
823067,2026-05-02,LAD,away,663656,Kyle Tucker,4,1,1,0,0,0,0,0,0,0
823067,2026-05-02,LAD,away,571970,Max Muncy,3,0,2,0,0,0,1,1,1,0
823067,2026-05-02,LAD,away,518692,Freddie Freeman,4,0,1,0,0,0,0,0,1,0
823067,2026-05-02,LAD,away,808975,Hyeseong Kim,2,0,0,0,0,0,0,0,0,0
823067,2026-05-02,LAD,away,669289,Santiago Espinal,0,0,0,0,0,0,0,0,0,0
823067,2026-05-02,LAD,away,660271,Shohei Ohtani,4,0,0,0,0,0,0,0,2,0
823067,2026-05-02,LAD,away,606192,Teoscar Hernández,3,1,2,0,0,0,0,1,0,0
823067,2026-05-02,LAD,away,681624,Andy Pages,3,0,1,0,0,0,1,1,2,0
823067,2026-05-02,LAD,away,669743,Alex Call,1,0,0,0,0,0,0,0,0,0
823067,2026-05-02,LAD,away,500743,Miguel Rojas,1,0,0,0,0,0,0,0,1,0
823067,2026-05-02,LAD,away,690976,Alex Freeland,2,0,1,0,0,0,0,0,0,0
824284,2026-05-02,DET,home,690291,Jace Jung,3,0,1,0,0,0,0,1,1,0
824284,2026-05-02,DET,home,701678,Hao-Yu  Lee,2,0,0,0,0,0,0,0,0,0
824284,2026-05-02,DET,home,682985,Riley Greene,4,1,2,0,0,0,0,0,1,0
824284,2026-05-02,DET,home,805808,Kevin McGonigle,5,1,1,0,0,0,1,0,1,1
824284,2026-05-02,DET,home,681481,Kerry Carpenter,4,0,0,0,0,0,0,0,1,0
824284,2026-05-02,DET,home,679529,Spencer Torkelson,4,0,0,0,0,0,0,0,1,0
824284,2026-05-02,DET,home,650402,Gleyber Torres,2,0,2,0,0,0,1,0,0,0
824284,2026-05-02,DET,home,693307,Dillon Dingler,4,1,2,0,0,1,3,0,0,0
824284,2026-05-02,DET,home,690993,Colt Keith,3,1,2,0,0,0,0,1,1,1
824284,2026-05-02,DET,home,672761,Wenceel Pérez,3,1,2,0,0,0,0,1,1,2
824284,2026-05-02,TEX,away,694497,Evan Carter,4,0,0,0,0,0,0,0,1,0
824284,2026-05-02,TEX,away,669394,Jake Burger,4,1,1,0,0,1,1,0,1,0
824284,2026-05-02,TEX,away,696030,Alejandro Osuna,4,0,0,0,0,0,0,0,1,0
824284,2026-05-02,TEX,away,592626,Joc Pederson,4,0,0,0,0,0,0,0,1,0
824284,2026-05-02,TEX,away,608369,Corey Seager,4,0,1,0,0,0,0,0,0,0
824284,2026-05-02,TEX,away,673962,Josh Jung,4,0,2,1,0,0,0,0,0,0
824284,2026-05-02,TEX,away,677649,Ezequiel Duran,3,0,1,0,0,0,0,1,0,0
824284,2026-05-02,TEX,away,669701,Josh Smith,4,0,2,0,0,0,0,0,0,0
824284,2026-05-02,TEX,away,643376,Danny Jansen,2,0,0,0,0,0,0,1,1,0
824365,2026-05-02,COL,home,687859,Troy Johnston,3,0,0,0,0,0,0,0,1,0
824365,2026-05-02,COL,home,650489,Willi Castro,4,0,1,0,0,0,0,0,2,0
824365,2026-05-02,COL,home,696100,Hunter Goodman,3,0,0,0,0,0,0,1,2,0
824365,2026-05-02,COL,home,687597,Jordan Beck,4,0,1,1,0,0,1,0,2,0
824365,2026-05-02,COL,home,664954,Brett Sullivan,4,0,1,0,0,0,0,0,0,0
824365,2026-05-02,COL,home,686668,Brenton Doyle,4,0,0,0,0,0,0,0,2,0
824365,2026-05-02,COL,home,678662,Ezequiel Tovar,2,0,0,0,0,0,0,1,1,0
824365,2026-05-02,COL,home,681198,TJ Rumfield,4,0,0,0,0,0,0,0,2,0
824365,2026-05-02,COL,home,691720,Kyle Karros,2,1,1,0,0,0,0,1,1,0
824365,2026-05-02,ATL,away,671739,Michael Harris II,4,1,1,0,0,0,0,0,2,0
824365,2026-05-02,ATL,away,622761,Jorge Mateo,4,2,2,1,0,0,0,0,1,0
824365,2026-05-02,ATL,away,643289,Mauricio Dubón,3,0,0,0,0,0,0,1,0,0
824365,2026-05-02,ATL,away,686948,Drake Baldwin,4,1,3,1,0,1,4,1,1,0
824365,2026-05-02,ATL,away,621566,Matt Olson,5,1,1,0,0,1,1,0,0,0
824365,2026-05-02,ATL,away,642086,Dominic Smith,1,0,0,0,0,0,0,0,0,0
824365,2026-05-02,ATL,away,660670,Ronald Acuña Jr.,2,1,1,0,0,0,0,0,0,0
824365,2026-05-02,ATL,away,642201,Eli White,3,1,1,0,0,0,1,0,0,0
824365,2026-05-02,ATL,away,645277,Ozzie Albies,4,0,2,1,0,0,1,0,1,0
824365,2026-05-02,ATL,away,663586,Austin Riley,3,2,1,0,0,1,2,1,2,1
824365,2026-05-02,ATL,away,573262,Mike Yastrzemski,4,0,0,0,0,0,0,0,1,0
823308,2026-05-02,SD,home,669134,Luis Campusano,4,0,0,0,0,0,0,0,2,0
823308,2026-05-02,SD,home,701538,Jackson Merrill,4,0,2,0,0,0,0,0,0,0
823308,2026-05-02,SD,home,657757,Gavin Sheets,3,0,0,0,0,0,0,1,1,0
823308,2026-05-02,SD,home,657656,Ramón Laureano,4,0,1,0,0,0,0,0,1,0
823308,2026-05-02,SD,home,592518,Manny Machado,3,0,0,0,0,0,0,1,2,0
823308,2026-05-02,SD,home,609280,Miguel Andujar,4,0,2,0,0,0,0,0,0,0
823308,2026-05-02,SD,home,665487,Fernando Tatis Jr.,4,0,0,0,0,0,0,0,1,0
823308,2026-05-02,SD,home,593428,Xander Bogaerts,3,0,0,0,0,0,0,1,3,0
823308,2026-05-02,SD,home,630105,Jake Cronenworth,3,0,1,0,0,0,0,0,1,0
823308,2026-05-02,CWS,away,671976,Tristan Peters,1,1,1,0,0,0,1,1,0,0
823308,2026-05-02,CWS,away,808959,Munetaka Murakami,4,0,0,0,0,0,0,0,2,0
823308,2026-05-02,CWS,away,805367,Chase Meidroth,3,1,1,0,0,0,0,1,2,0
823308,2026-05-02,CWS,away,695657,Colson Montgomery,3,0,0,0,0,0,0,1,0,0
823308,2026-05-02,CWS,away,700337,Edgar Quero,4,0,1,0,0,0,1,0,2,0
823308,2026-05-02,CWS,away,643217,Andrew Benintendi,4,1,1,0,0,0,0,0,1,0
823308,2026-05-02,CWS,away,803011,Sam Antonacci,4,1,2,1,0,0,0,0,1,0
823308,2026-05-02,CWS,away,672284,Jarred Kelenic,3,0,0,0,0,0,0,0,0,0
823308,2026-05-02,CWS,away,656537,Derek Hill,0,0,0,0,0,0,0,0,0,0
823308,2026-05-02,CWS,away,678246,Miguel Vargas,4,0,1,0,0,0,2,0,1,0
824042,2026-05-02,LAA,home,624428,Adam Frazier,0,1,0,0,0,0,0,0,0,0
824042,2026-05-02,LAA,home,672724,Oswald Peraza,5,0,3,1,0,0,1,0,0,0
824042,2026-05-02,LAA,home,687263,Zach Neto,4,0,0,0,0,0,0,1,3,0
824042,2026-05-02,LAA,home,624585,Jorge Soler,3,1,1,0,0,0,0,2,1,0
824042,2026-05-02,LAA,home,660162,Yoán Moncada,1,0,1,1,0,0,0,0,0,0
824042,2026-05-02,LAA,home,518595,Travis d'Arnaud,3,0,0,0,0,0,0,0,1,0
824042,2026-05-02,LAA,home,545361,Mike Trout,4,0,2,0,0,0,0,1,2,0
824042,2026-05-02,LAA,home,666176,Jo Adell,5,1,3,0,0,0,1,0,0,0
824042,2026-05-02,LAA,home,687093,Vaughn Grissom,5,0,1,0,0,0,2,0,0,0
824042,2026-05-02,LAA,home,694384,Nolan Schanuel,5,1,1,0,0,0,0,0,0,0
824042,2026-05-02,LAA,home,666139,Josh Lowe,5,0,0,0,0,0,0,0,1,0
824042,2026-05-02,LAA,home,665861,Sebastián Rivero,0,0,0,0,0,0,0,0,0,0
824042,2026-05-02,LAA,home,669326,Bryce Teodosio,0,0,0,0,0,0,0,0,0,0
824042,2026-05-02,NYM,away,666182,Bo Bichette,5,0,1,0,0,0,1,0,1,0
824042,2026-05-02,NYM,away,621438,Tyrone Taylor,4,0,1,0,0,0,1,0,1,0
824042,2026-05-02,NYM,away,682626,Francisco Alvarez,5,0,1,0,0,0,0,0,1,0
824042,2026-05-02,NYM,away,668901,Mark Vientos,4,1,1,1,0,0,0,0,2,0
824042,2026-05-02,NYM,away,683146,Brett Baty,0,0,0,0,0,0,0,0,0,0
824042,2026-05-02,NYM,away,701807,Carson Benge,1,0,0,0,0,0,0,0,1,0
824042,2026-05-02,NYM,away,543760,Marcus Semien,4,1,1,0,0,0,0,0,1,1
824042,2026-05-02,NYM,away,669004,MJ Melendez,1,0,0,0,0,0,0,0,0,0
824042,2026-05-02,NYM,away,665742,Juan Soto,4,0,1,0,0,0,0,1,2,1
824042,2026-05-02,NYM,away,628451,Andy Ibáñez,2,0,0,0,0,0,1,0,1,0
824042,2026-05-02,NYM,away,677595,Ronny Mauricio,3,0,1,0,0,0,0,0,2,0
824042,2026-05-02,NYM,away,596103,Austin Slater,3,1,2,1,0,0,0,0,0,0
823144,2026-05-02,SEA,home,647304,Josh Naylor,4,0,1,0,0,0,1,0,1,0
823144,2026-05-02,SEA,home,702284,Cole Young,4,0,1,0,0,0,0,0,1,0
823144,2026-05-02,SEA,home,641487,J.P. Crawford,5,0,1,0,0,0,0,0,1,0
823144,2026-05-02,SEA,home,668227,Randy Arozarena,3,0,0,0,0,0,0,1,1,0
823144,2026-05-02,SEA,home,686527,Dominic Canzone,3,0,0,0,0,0,0,0,0,0
823144,2026-05-02,SEA,home,608701,Rob Refsnyder,1,0,0,0,0,0,0,0,0,0
823144,2026-05-02,SEA,home,656582,Connor Joe,1,0,0,0,0,0,0,0,0,0
823144,2026-05-02,SEA,home,641598,Mitch Garver,4,0,1,0,0,0,0,0,3,0
823144,2026-05-02,SEA,home,677594,Julio Rodríguez,4,1,2,1,0,0,0,0,0,0
823144,2026-05-02,SEA,home,660844,Leo Rivas,3,1,1,0,0,0,0,1,1,0
823144,2026-05-02,SEA,home,670042,Luke Raley,3,0,1,0,0,0,0,0,1,0
823144,2026-05-02,KC,away,695600,Carter Jensen,4,0,0,0,0,0,0,0,3,0
823144,2026-05-02,KC,away,686555,Isaac Collins,4,0,1,0,0,0,0,0,1,0
823144,2026-05-02,KC,away,521692,Salvador Perez,4,0,1,0,0,0,0,0,3,0
823144,2026-05-02,KC,away,686681,Michael Massey,4,1,0,0,0,0,0,0,3,1
823144,2026-05-02,KC,away,686469,Vinnie Pasquantino,4,0,1,0,0,0,0,0,2,0
823144,2026-05-02,KC,away,664728,Kyle Isbel,4,1,1,1,0,0,0,0,2,0
823144,2026-05-02,KC,away,672580,Maikel Garcia,4,0,1,1,0,0,2,0,1,0
823144,2026-05-02,KC,away,657041,Lane Thomas,0,1,0,0,0,0,0,0,0,0
823144,2026-05-02,KC,away,695506,Jac Caglianone,4,0,2,0,0,0,1,0,1,0
823144,2026-05-02,KC,away,677951,Bobby Witt Jr.,5,0,1,0,0,0,0,0,1,0
823711,2026-05-03,MIN,home,605170,Victor Caratini,3,1,1,0,0,0,1,1,1,0
823711,2026-05-03,MIN,home,665019,Kody Clemens,3,1,1,1,0,0,1,1,1,0
823711,2026-05-03,MIN,home,686797,Brooks Lee,4,0,1,0,0,0,0,0,1,0
823711,2026-05-03,MIN,home,668885,Austin Martin,3,0,1,0,0,0,0,1,2,0
823711,2026-05-03,MIN,home,681546,James Outman,0,0,0,0,0,0,0,0,0,0
823711,2026-05-03,MIN,home,668904,Royce Lewis,4,0,0,0,0,0,0,0,2,0
823711,2026-05-03,MIN,home,663616,Trevor Larnach,4,1,1,0,0,0,0,0,1,0
823711,2026-05-03,MIN,home,621439,Byron Buxton,3,0,0,0,0,0,0,1,1,1
823711,2026-05-03,MIN,home,670242,Matt Wallner,4,0,2,1,0,0,1,0,0,0
823711,2026-05-03,MIN,home,807712,Luke Keaschall,4,1,2,2,0,0,1,0,0,0
823711,2026-05-03,TOR,away,672820,Lenyn Sosa,5,0,0,0,0,0,0,0,2,0
823711,2026-05-03,TOR,away,676391,Ernie Clement,3,0,0,0,0,0,0,1,0,0
823711,2026-05-03,TOR,away,662139,Daulton Varsho,3,0,2,1,0,0,1,1,0,0
823711,2026-05-03,TOR,away,665926,Andrés Giménez,3,0,1,0,0,0,0,0,0,0
823711,2026-05-03,TOR,away,678218,Brandon Valenzuela,1,0,0,0,0,0,0,0,0,0
823711,2026-05-03,TOR,away,676914,Davis Schneider,0,0,0,0,0,0,0,0,0,0
823711,2026-05-03,TOR,away,682818,Yohendrick Piñango,3,0,1,0,0,0,0,0,1,0
823711,2026-05-03,TOR,away,623168,Tyler Heineman,3,0,0,0,0,0,0,0,0,0
823711,2026-05-03,TOR,away,665489,Vladimir Guerrero Jr.,5,1,2,0,0,0,0,0,2,0
823711,2026-05-03,TOR,away,660821,Jesús Sánchez,5,0,3,0,0,0,0,0,1,0
823711,2026-05-03,TOR,away,664702,Myles Straw,2,1,1,0,0,0,0,0,1,0
823711,2026-05-03,TOR,away,672960,Kazuma Okamoto,4,1,1,0,0,1,2,1,2,0
824769,2026-05-03,BOS,home,701350,Roman Anthony,5,0,1,1,0,0,0,0,0,0
824769,2026-05-03,BOS,home,575929,Willson Contreras,4,0,3,1,0,0,0,1,1,1
824769,2026-05-03,BOS,home,677800,Wilyer Abreu,3,0,0,0,0,0,0,2,3,0
824769,2026-05-03,BOS,home,655316,Andruw Monasterio,2,0,0,0,0,0,0,1,1,0
824769,2026-05-03,BOS,home,643396,Isiah Kiner-Falefa,0,0,0,0,0,0,0,0,0,0
824769,2026-05-03,BOS,home,702332,Caleb Durbin,4,0,0,0,0,0,0,0,0,0
824769,2026-05-03,BOS,home,665966,Carlos Narváez,4,0,1,1,0,0,0,0,2,0
824769,2026-05-03,BOS,home,680776,Jarren Duran,5,1,2,0,0,1,1,0,1,0
824769,2026-05-03,BOS,home,678882,Ceddanne Rafaela,4,0,0,0,0,0,0,0,1,0
824769,2026-05-03,BOS,home,807799,Masataka Yoshida,1,0,1,0,0,0,0,0,0,0
824769,2026-05-03,BOS,home,691785,Marcelo Mayer,4,0,1,0,0,0,0,0,2,0
824769,2026-05-03,HOU,away,694376,Shay Whitcomb,1,0,0,0,0,0,0,0,1,0
824769,2026-05-03,HOU,away,670623,Isaac Paredes,4,0,1,1,0,0,0,1,2,0
824769,2026-05-03,HOU,away,701358,Cam Smith,5,0,3,0,0,0,2,0,1,0
824769,2026-05-03,HOU,away,669699,Braden Shewmake,0,1,0,0,0,0,0,0,0,0
824769,2026-05-03,HOU,away,687957,Dustin Harris,1,0,0,0,0,0,0,0,0,0
824769,2026-05-03,HOU,away,694728,Brice Matthews,3,0,0,0,0,0,1,1,0,0
824769,2026-05-03,HOU,away,514888,Jose Altuve,4,1,1,1,0,0,0,0,0,0
824769,2026-05-03,HOU,away,669288,Daniel Johnson,1,0,0,0,0,0,0,0,0,0
824769,2026-05-03,HOU,away,621043,Carlos Correa,3,0,0,0,0,0,0,2,1,0
824769,2026-05-03,HOU,away,572233,Christian Walker,3,1,2,0,0,0,0,1,1,0
824769,2026-05-03,HOU,away,543877,Christian Vázquez,4,0,2,0,0,0,0,0,1,0
824769,2026-05-03,HOU,away,673237,Yainer Diaz,0,0,0,0,0,0,0,0,0,0
824769,2026-05-03,HOU,away,670541,Yordan Alvarez,5,0,1,0,0,0,0,0,2,0
823387,2026-05-03,PIT,home,687462,Spencer Horwitz,3,0,0,0,0,0,0,0,0,0
823387,2026-05-03,PIT,home,664040,Brandon Lowe,3,0,0,0,0,0,0,1,1,0
823387,2026-05-03,PIT,home,668804,Bryan Reynolds,3,0,0,0,0,0,0,1,2,0
823387,2026-05-03,PIT,home,663698,Joey Bart,2,0,1,0,0,0,0,0,0,0
823387,2026-05-03,PIT,home,665833,Oneil Cruz,4,0,2,0,0,0,1,0,0,1
823387,2026-05-03,PIT,home,663968,Jake Mangum,0,0,0,0,0,0,0,1,0,0
823387,2026-05-03,PIT,home,695257,Billy Cook,0,0,0,0,0,0,0,0,0,0
823387,2026-05-03,PIT,home,680779,Henry Davis,0,0,0,0,0,0,0,0,0,0
823387,2026-05-03,PIT,home,804606,Konnor Griffin,3,1,1,1,0,0,0,0,1,0
823387,2026-05-03,PIT,home,656811,Ryan O'Hearn,3,0,0,0,0,0,0,0,2,0
823387,2026-05-03,PIT,home,693304,Nick Gonzales,3,0,0,0,0,0,0,0,1,0
823387,2026-05-03,PIT,home,542303,Marcell Ozuna,3,0,1,0,0,0,0,0,0,0
823387,2026-05-03,CIN,away,682829,Elly De La Cruz,3,0,0,0,0,0,0,1,1,0
823387,2026-05-03,CIN,away,667472,Dane Myers,1,0,0,0,0,0,0,0,1,0
823387,2026-05-03,CIN,away,701398,Sal Stewart,4,0,0,0,0,0,0,0,0,0
823387,2026-05-03,CIN,away,663993,Nathaniel Lowe,3,0,0,0,0,0,0,0,2,0
823387,2026-05-03,CIN,away,680574,Matt McLain,3,0,0,0,0,0,0,0,0,0
823387,2026-05-03,CIN,away,666181,Will Benson,3,0,0,0,0,0,0,0,2,0
823387,2026-05-03,CIN,away,670770,TJ Friedl,4,0,1,1,0,0,0,0,1,0
823387,2026-05-03,CIN,away,668715,Spencer Steer,3,0,1,0,0,0,0,0,1,0
823387,2026-05-03,CIN,away,624431,Jose Trevino,3,0,1,1,0,0,0,0,0,0
823387,2026-05-03,CIN,away,668709,JJ Bleday,2,0,1,0,0,0,0,1,0,0
823555,2026-05-03,NYY,home,676609,José Caballero,4,1,1,0,0,0,0,0,0,1
823555,2026-05-03,NYY,home,680474,Max Schuemann,0,0,0,0,0,0,0,0,0,0
823555,2026-05-03,NYY,home,592450,Aaron Judge,4,2,2,0,0,1,2,1,1,0
823555,2026-05-03,NYY,home,641857,Ryan McMahon,4,1,3,1,0,0,1,0,0,1
823555,2026-05-03,NYY,home,502671,Paul Goldschmidt,3,1,1,0,0,0,2,0,0,0
823555,2026-05-03,NYY,home,691176,Jasson Domínguez,5,2,3,2,0,1,3,0,0,0
823555,2026-05-03,NYY,home,669224,Austin Wells,5,1,1,0,0,0,0,0,2,0
823555,2026-05-03,NYY,home,700250,Ben Rice,2,2,2,1,0,1,1,0,0,0
823555,2026-05-03,NYY,home,641355,Cody Bellinger,4,0,1,1,0,0,0,1,0,0
823555,2026-05-03,NYY,home,665862,Jazz Chisholm Jr.,3,1,1,0,0,0,1,1,0,0
823555,2026-05-03,NYY,home,663757,Trent Grisham,4,0,0,0,0,0,1,0,0,0
823555,2026-05-03,BAL,away,669236,Jeremiah Jackson,4,0,1,0,0,0,0,0,1,0
823555,2026-05-03,BAL,away,694212,Samuel Basallo,2,0,1,0,0,0,0,0,1,0
823555,2026-05-03,BAL,away,642215,Weston Wilson,2,1,1,0,0,0,0,0,1,1
823555,2026-05-03,BAL,away,665750,Leody Taveras,3,0,1,0,0,0,1,1,1,0
823555,2026-05-03,BAL,away,621493,Taylor Ward,3,0,0,0,0,0,0,1,0,0
823555,2026-05-03,BAL,away,668939,Adley Rutschman,4,0,0,0,0,0,0,0,0,0
823555,2026-05-03,BAL,away,641933,Tyler O'Neill,3,1,0,0,0,0,0,1,1,0
823555,2026-05-03,BAL,away,677942,Blaze Alexander,4,0,2,0,0,0,1,0,1,0
823555,2026-05-03,BAL,away,624413,Pete Alonso,4,1,2,1,0,0,0,0,2,0
823555,2026-05-03,BAL,away,691723,Coby Mayo,4,0,1,0,0,0,0,0,1,0
822742,2026-05-03,WSH,home,691781,Brady House,1,0,1,0,0,0,0,0,0,0
822742,2026-05-03,WSH,home,682928,CJ Abrams,4,2,2,0,0,0,0,0,1,1
822742,2026-05-03,WSH,home,683083,Nasim Nuñez,3,1,2,0,0,0,2,0,0,0
822742,2026-05-03,WSH,home,678391,Jorbit Vivas,3,0,0,0,0,0,0,0,0,0
822742,2026-05-03,WSH,home,678554,Curtis Mead,1,0,0,0,0,0,0,1,1,0
822742,2026-05-03,WSH,home,695734,Daylen Lile,3,0,0,0,0,0,0,0,1,0
822742,2026-05-03,WSH,home,677588,José Tena,2,0,1,0,1,0,1,0,1,0
822742,2026-05-03,WSH,home,695578,James Wood,4,0,0,0,0,0,0,0,1,0
822742,2026-05-03,WSH,home,696285,Jacob Young,4,0,0,0,0,0,0,0,3,0
822742,2026-05-03,WSH,home,660688,Keibert Ruiz,3,0,1,1,0,0,0,0,0,0
822742,2026-05-03,WSH,home,671277,Luis García Jr.,2,0,0,0,0,0,0,0,1,0
822742,2026-05-03,MIL,away,675659,Greg Jones,0,0,0,0,0,0,0,0,0,0
822742,2026-05-03,MIL,away,650859,Luis Rengifo,4,0,0,0,0,0,0,0,0,0
822742,2026-05-03,MIL,away,687401,Joey Ortiz,2,0,0,0,0,0,1,0,1,0
822742,2026-05-03,MIL,away,641343,Jake Bauers,4,0,1,0,0,0,0,0,1,0
822742,2026-05-03,MIL,away,686217,Sal Frelick,2,0,0,0,0,0,0,1,0,0
822742,2026-05-03,MIL,away,663604,Brandon Lockridge,4,1,2,1,0,0,0,0,1,0
822742,2026-05-03,MIL,away,669003,Garrett Mitchell,3,0,0,0,0,0,1,1,1,0
822742,2026-05-03,MIL,away,666152,David Hamilton,2,0,0,0,0,0,0,0,2,0
822742,2026-05-03,MIL,away,663368,Blake Perkins,0,1,0,0,0,0,0,0,0,0
822742,2026-05-03,MIL,away,661388,William Contreras,4,0,0,0,0,0,0,0,0,0
822742,2026-05-03,MIL,away,596142,Gary Sánchez,4,0,1,0,0,0,0,0,0,0
822987,2026-05-03,TB,home,670764,Taylor Walls,4,0,0,0,0,0,0,0,0,0
822987,2026-05-03,TB,home,680700,Richie Palacios,0,0,0,0,0,0,0,0,0,0
822987,2026-05-03,TB,home,668723,Ryan Vilade,3,0,0,0,0,0,1,0,2,0
822987,2026-05-03,TB,home,641584,Jake Fraley,2,0,0,0,0,0,0,0,1,0
822987,2026-05-03,TB,home,802415,Chandler Simpson,5,1,0,0,0,0,0,0,2,0
822987,2026-05-03,TB,home,676356,Jonny DeLuca,1,0,0,0,0,0,0,0,1,0
822987,2026-05-03,TB,home,676439,Hunter Feduccia,1,0,1,0,0,0,0,0,0,0
822987,2026-05-03,TB,home,666018,Jonathan Aranda,5,0,4,0,0,0,1,0,0,0
822987,2026-05-03,TB,home,663743,Nick Fortes,3,0,1,0,0,0,0,0,0,0
822987,2026-05-03,TB,home,810938,Ben Williamson,3,0,1,0,0,0,0,1,0,0
822987,2026-05-03,TB,home,691406,Junior Caminero,2,1,1,0,0,0,0,3,0,0
822987,2026-05-03,TB,home,656775,Cedric Mullins,4,0,0,0,0,0,0,0,0,0
822987,2026-05-03,SF,away,669477,Casey Schmitt,4,0,2,0,0,0,1,0,1,1
822987,2026-05-03,SF,away,666464,Jerar Encarnacion,2,0,0,0,0,0,0,0,0,0
822987,2026-05-03,SF,away,671218,Heliot Ramos,4,0,1,1,0,0,0,0,0,0
822987,2026-05-03,SF,away,656305,Matt Chapman,4,0,0,0,0,0,0,0,0,0
822987,2026-05-03,SF,away,808982,Jung Hoo Lee,3,0,0,0,0,0,0,1,0,0
822987,2026-05-03,SF,away,687551,Drew Gilbert,2,0,0,0,0,0,0,0,0,0
822987,2026-05-03,SF,away,646240,Rafael Devers,3,1,1,1,0,0,0,1,2,0
822987,2026-05-03,SF,away,606992,Eric Haase,4,0,1,1,0,0,0,0,1,0
822987,2026-05-03,SF,away,642715,Willy Adames,4,0,1,1,0,0,0,0,1,0
822987,2026-05-03,SF,away,650333,Luis Arraez,4,0,0,0,0,0,0,0,0,0
823875,2026-05-03,MIA,home,666624,Christopher Morel,4,0,2,0,0,0,0,0,1,0
823875,2026-05-03,MIA,home,665923,Esteury Ruiz,4,1,1,0,0,1,2,0,2,0
823875,2026-05-03,MIA,home,691594,Javier Sanoja,3,0,1,1,0,0,0,0,1,0
823875,2026-05-03,MIA,home,669364,Xavier Edwards,3,0,1,0,0,0,0,0,0,0
823875,2026-05-03,MIA,home,669065,Kyle Stowers,2,0,1,0,0,0,0,0,0,0
823875,2026-05-03,MIA,home,688363,Graham Pauley,1,0,0,0,0,0,0,0,0,0
823875,2026-05-03,MIA,home,683357,Owen Caissie,2,0,1,0,0,0,0,0,1,0
823875,2026-05-03,MIA,home,682663,Agustín Ramírez,4,0,0,0,0,0,0,0,0,0
823875,2026-05-03,MIA,home,677870,Leo Jiménez,3,1,0,0,0,0,0,0,1,0
823875,2026-05-03,MIA,home,681393,Connor Norby,4,0,0,0,0,0,0,0,3,0
823875,2026-05-03,MIA,home,672640,Otto Lopez,4,0,2,0,0,0,0,0,1,0
823875,2026-05-03,PHI,away,669016,Brandon Marsh,4,1,2,1,0,0,1,1,1,0
823875,2026-05-03,PHI,away,702222,Justin Crawford,4,0,1,0,0,0,1,0,0,1
823875,2026-05-03,PHI,away,547180,Bryce Harper,4,1,1,1,0,0,0,1,0,0
823875,2026-05-03,PHI,away,592663,J.T. Realmuto,3,1,1,0,0,0,1,0,0,0
823875,2026-05-03,PHI,away,664761,Alec Bohm,5,1,1,0,0,0,1,0,1,0
823875,2026-05-03,PHI,away,681082,Bryson Stott,4,1,1,0,0,1,3,0,0,0
823875,2026-05-03,PHI,away,656941,Kyle Schwarber,4,1,2,0,0,0,0,1,0,0
823875,2026-05-03,PHI,away,694025,Felix Reyes,4,0,1,1,0,0,0,0,3,0
823875,2026-05-03,PHI,away,607208,Trea Turner,5,1,1,1,0,0,0,0,1,0
823065,2026-05-03,STL,home,669357,Nolan Gorman,1,0,0,0,0,0,0,0,0,0
823065,2026-05-03,STL,home,691023,Jordan Walker,3,1,0,0,0,0,0,1,0,0
823065,2026-05-03,STL,home,701675,Nathan Church,4,0,2,0,0,0,0,0,0,0
823065,2026-05-03,STL,home,665877,José Fermín,4,0,1,0,0,0,0,0,1,0
823065,2026-05-03,STL,home,802139,JJ Wetherholt,4,0,1,0,0,0,0,0,0,0
823065,2026-05-03,STL,home,676475,Alec Burleson,4,0,1,0,0,0,1,0,0,0
823065,2026-05-03,STL,home,686780,Pedro Pagés,4,0,0,0,0,0,0,0,1,0
823065,2026-05-03,STL,home,602104,Ramón Urías,2,0,0,0,0,0,0,0,0,0
823065,2026-05-03,STL,home,691026,Masyn Winn,4,0,2,0,0,0,0,0,0,0
823065,2026-05-03,STL,home,671056,Iván Herrera,3,0,0,0,0,0,0,1,0,0
823065,2026-05-03,LAD,away,687221,Dalton Rushing,3,0,1,0,0,0,0,0,1,0
823065,2026-05-03,LAD,away,663656,Kyle Tucker,5,1,1,1,0,0,0,0,0,0
823065,2026-05-03,LAD,away,571970,Max Muncy,3,1,1,0,0,0,0,1,0,0
823065,2026-05-03,LAD,away,518692,Freddie Freeman,5,0,2,1,0,0,1,0,2,0
823065,2026-05-03,LAD,away,808975,Hyeseong Kim,2,1,2,0,0,0,1,0,0,0
823065,2026-05-03,LAD,away,669289,Santiago Espinal,0,0,0,0,0,0,0,0,0,0
823065,2026-05-03,LAD,away,660271,Shohei Ohtani,3,0,0,0,0,0,0,1,0,0
823065,2026-05-03,LAD,away,606192,Teoscar Hernández,4,0,1,0,0,0,0,1,1,0
823065,2026-05-03,LAD,away,681624,Andy Pages,4,1,1,1,0,0,1,0,0,1
823065,2026-05-03,LAD,away,669743,Alex Call,1,0,1,0,0,0,1,0,0,0
823065,2026-05-03,LAD,away,500743,Miguel Rojas,1,0,0,0,0,0,0,1,0,0
823065,2026-05-03,LAD,away,690976,Alex Freeland,3,0,0,0,0,0,0,0,1,0
824687,2026-05-03,CHC,home,664023,Ian Happ,3,2,1,0,0,0,0,2,1,0
824687,2026-05-03,CHC,home,608324,Alex Bregman,4,1,0,0,0,0,0,1,1,0
824687,2026-05-03,CHC,home,683737,Michael Busch,3,1,2,1,1,0,4,1,1,0
824687,2026-05-03,CHC,home,608348,Carson Kelly,4,0,2,0,0,0,2,0,0,0
824687,2026-05-03,CHC,home,691718,Pete Crow-Armstrong,4,0,1,1,0,0,0,0,0,0
824687,2026-05-03,CHC,home,694208,Moisés Ballesteros,4,2,2,0,0,1,2,1,1,0
824687,2026-05-03,CHC,home,673548,Seiya Suzuki,5,1,2,1,0,0,0,0,3,0
824687,2026-05-03,CHC,home,621020,Dansby Swanson,3,0,0,0,0,0,0,1,1,0
824687,2026-05-03,CHC,home,663538,Nico Hoerner,5,1,2,1,0,0,0,0,0,0
824687,2026-05-03,ARI,away,680728,Adrian Del Castillo,1,1,1,0,0,1,2,0,0,0
824687,2026-05-03,ARI,away,571448,Nolan Arenado,4,1,1,1,0,0,0,0,1,0
824687,2026-05-03,ARI,away,606466,Ketel Marte,5,0,0,0,0,0,0,0,3,0
824687,2026-05-03,ARI,away,545121,Ildemaro Vargas,4,0,1,0,0,0,0,0,0,0
824687,2026-05-03,ARI,away,672695,Geraldo Perdomo,4,0,1,1,0,0,0,0,0,0
824687,2026-05-03,ARI,away,699912,Jose Fernandez,3,0,0,0,0,0,0,0,1,0
824687,2026-05-03,ARI,away,672515,Gabriel Moreno,4,1,1,0,0,1,2,0,1,0
824687,2026-05-03,ARI,away,682998,Corbin Carroll,3,0,0,0,0,0,0,1,1,0
824687,2026-05-03,ARI,away,666971,Lourdes Gurriel Jr.,3,1,2,0,0,0,0,1,1,0
824687,2026-05-03,ARI,away,678489,Jorge Barrosa,2,0,0,0,0,0,0,1,0,0
824364,2026-05-03,COL,home,666160,Mickey Moniak,4,2,2,0,0,2,3,1,1,0
824364,2026-05-03,COL,home,664983,Jake McCarthy,3,1,1,0,1,0,0,1,0,0
824364,2026-05-03,COL,home,687859,Troy Johnston,3,1,2,0,0,0,0,2,1,0
824364,2026-05-03,COL,home,650489,Willi Castro,5,0,2,0,0,0,0,0,2,0
824364,2026-05-03,COL,home,666397,Edouard Julien,4,1,0,0,0,0,0,1,4,1
824364,2026-05-03,COL,home,696100,Hunter Goodman,5,0,0,0,0,0,0,0,3,0
824364,2026-05-03,COL,home,664954,Brett Sullivan,3,0,0,0,0,0,0,1,1,0
824364,2026-05-03,COL,home,678662,Ezequiel Tovar,3,0,1,0,0,0,1,0,0,0
824364,2026-05-03,COL,home,681198,TJ Rumfield,5,1,3,0,0,1,2,0,1,0
824364,2026-05-03,ATL,away,640492,José Azocar,2,0,0,0,0,0,0,0,1,0
824364,2026-05-03,ATL,away,641680,Jonah Heim,4,2,2,1,0,1,5,0,0,0
824364,2026-05-03,ATL,away,622761,Jorge Mateo,5,1,2,0,0,1,2,0,1,1
824364,2026-05-03,ATL,away,643289,Mauricio Dubón,3,0,0,0,0,0,0,2,1,0
824364,2026-05-03,ATL,away,686948,Drake Baldwin,5,1,2,0,0,0,0,0,1,0
824364,2026-05-03,ATL,away,621566,Matt Olson,4,2,2,2,0,0,1,1,1,0
824364,2026-05-03,ATL,away,642201,Eli White,4,1,2,0,1,0,1,1,1,0
824364,2026-05-03,ATL,away,645277,Ozzie Albies,3,3,2,0,0,0,1,2,0,0
824364,2026-05-03,ATL,away,663586,Austin Riley,5,0,1,0,0,0,1,0,3,0
824364,2026-05-03,ATL,away,573262,Mike Yastrzemski,3,1,1,0,0,0,0,0,0,0
825013,2026-05-03,OAK,home,671732,Lawrence Butler,2,0,0,0,0,0,0,0,2,0
825013,2026-05-03,OAK,home,667670,Brent Rooker,5,0,1,0,0,0,1,0,2,0
825013,2026-05-03,OAK,home,680869,Zack Gelof,3,2,1,0,0,1,1,1,0,0
825013,2026-05-03,OAK,home,643446,Jeff McNeil,4,0,2,1,0,0,3,0,0,0
825013,2026-05-03,OAK,home,642851,Austin Wynns,3,1,0,0,0,0,0,1,1,0
825013,2026-05-03,OAK,home,691016,Tyler Soderstrom,4,2,3,0,0,1,1,0,1,0
825013,2026-05-03,OAK,home,687231,Darell Hernaiz,4,1,1,0,0,0,0,0,1,0
825013,2026-05-03,OAK,home,701762,Nick Kurtz,4,0,1,0,0,0,0,0,2,0
825013,2026-05-03,OAK,home,687515,Colby Thomas,2,1,1,0,0,1,1,0,0,0
825013,2026-05-03,OAK,home,805779,Jacob Wilson,4,0,1,0,0,0,0,1,0,0
825013,2026-05-03,CLE,away,800050,Chase DeLauter,4,1,2,0,0,1,1,0,1,0
825013,2026-05-03,CLE,away,595978,Austin Hedges,2,0,0,0,0,0,0,0,1,0
825013,2026-05-03,CLE,away,683953,Travis Bazzana,3,0,2,0,0,0,0,1,0,1
825013,2026-05-03,CLE,away,682177,Daniel Schneemann,4,0,0,0,0,0,0,0,2,0
825013,2026-05-03,CLE,away,677587,Brayan Rocchio,4,0,0,0,0,0,0,0,0,0
825013,2026-05-03,CLE,away,690984,Petey Halpin,4,0,0,0,0,0,0,0,1,0
825013,2026-05-03,CLE,away,666310,Bo Naylor,1,0,0,0,0,0,0,1,0,0
825013,2026-05-03,CLE,away,681807,David Fry,0,0,0,0,0,0,0,0,0,0
825013,2026-05-03,CLE,away,608070,José Ramírez,3,0,1,0,0,0,0,1,0,0
825013,2026-05-03,CLE,away,680757,Steven Kwan,4,0,0,0,0,0,0,0,0,0
825013,2026-05-03,CLE,away,700932,Kyle Manzardo,4,0,2,0,0,0,0,0,0,0
824043,2026-05-03,LAA,home,672724,Oswald Peraza,4,0,0,0,0,0,0,0,2,0
824043,2026-05-03,LAA,home,687263,Zach Neto,3,1,0,0,0,0,0,1,0,0
824043,2026-05-03,LAA,home,624585,Jorge Soler,4,0,1,0,0,0,1,0,2,0
824043,2026-05-03,LAA,home,660162,Yoán Moncada,1,0,0,0,0,0,0,0,1,0
824043,2026-05-03,LAA,home,518595,Travis d'Arnaud,0,0,0,0,0,0,0,0,0,0
824043,2026-05-03,LAA,home,545361,Mike Trout,3,0,1,0,0,0,0,1,2,0
824043,2026-05-03,LAA,home,666176,Jo Adell,4,0,1,0,0,0,0,0,1,0
824043,2026-05-03,LAA,home,687093,Vaughn Grissom,3,0,0,0,0,0,0,1,0,0
824043,2026-05-03,LAA,home,694384,Nolan Schanuel,4,0,2,0,0,0,0,0,1,0
824043,2026-05-03,LAA,home,666139,Josh Lowe,4,0,0,0,0,0,0,0,1,0
824043,2026-05-03,LAA,home,665861,Sebastián Rivero,2,0,1,0,0,0,0,0,1,0
824043,2026-05-03,NYM,away,620443,Luis Torrens,3,0,0,0,0,0,0,1,1,0
824043,2026-05-03,NYM,away,666182,Bo Bichette,5,0,2,0,0,0,0,0,0,0
824043,2026-05-03,NYM,away,621438,Tyrone Taylor,4,0,0,0,0,0,0,0,0,0
824043,2026-05-03,NYM,away,668901,Mark Vientos,4,2,2,0,0,2,4,0,1,0
824043,2026-05-03,NYM,away,683146,Brett Baty,3,1,1,0,0,0,0,1,2,0
824043,2026-05-03,NYM,away,701807,Carson Benge,2,2,1,1,0,0,1,2,0,0
824043,2026-05-03,NYM,away,543760,Marcus Semien,4,0,0,0,0,0,0,0,2,0
824043,2026-05-03,NYM,away,669004,MJ Melendez,2,0,1,0,0,0,0,0,0,0
824043,2026-05-03,NYM,away,665742,Juan Soto,5,0,0,0,0,0,0,0,2,0
824043,2026-05-03,NYM,away,596103,Austin Slater,2,0,0,0,0,0,0,0,1,0
823145,2026-05-03,SEA,home,647304,Josh Naylor,4,0,1,0,0,0,1,0,1,0
823145,2026-05-03,SEA,home,702284,Cole Young,4,0,1,0,0,0,0,0,3,0
823145,2026-05-03,SEA,home,668227,Randy Arozarena,4,0,0,0,0,0,0,0,1,0
823145,2026-05-03,SEA,home,641487,J.P. Crawford,4,0,1,0,0,0,0,0,0,0
823145,2026-05-03,SEA,home,686527,Dominic Canzone,0,0,0,0,0,0,0,1,0,0
823145,2026-05-03,SEA,home,640902,Jhonny Pereda,3,0,0,0,0,0,0,0,1,0
823145,2026-05-03,SEA,home,608701,Rob Refsnyder,3,0,0,0,0,0,0,0,2,0
823145,2026-05-03,SEA,home,656582,Connor Joe,2,0,0,0,0,0,0,1,1,0
823145,2026-05-03,SEA,home,677594,Julio Rodríguez,4,0,1,0,0,0,0,0,1,0
823145,2026-05-03,SEA,home,660844,Leo Rivas,2,1,0,0,0,0,0,1,0,0
823145,2026-05-03,KC,away,695600,Carter Jensen,2,0,0,0,0,0,1,2,1,0
823145,2026-05-03,KC,away,686555,Isaac Collins,2,0,2,1,0,0,2,1,0,0
823145,2026-05-03,KC,away,521692,Salvador Perez,3,1,0,0,0,0,0,0,0,0
823145,2026-05-03,KC,away,686681,Michael Massey,4,0,0,0,0,0,0,0,2,0
823145,2026-05-03,KC,away,516782,Starling Marte,0,0,0,0,0,0,0,0,0,0
823145,2026-05-03,KC,away,686469,Vinnie Pasquantino,5,1,2,0,0,0,0,0,1,0
823145,2026-05-03,KC,away,664728,Kyle Isbel,3,0,2,0,0,0,0,1,0,0
823145,2026-05-03,KC,away,672580,Maikel Garcia,5,0,1,0,0,0,0,0,0,1
823145,2026-05-03,KC,away,695506,Jac Caglianone,3,1,0,0,0,0,1,1,0,0
823145,2026-05-03,KC,away,677951,Bobby Witt Jr.,5,1,1,0,0,0,0,0,3,0
823307,2026-05-03,SD,home,666023,Freddy Fermin,2,0,0,0,0,0,0,1,0,0
823307,2026-05-03,SD,home,592206,Nick Castellanos,2,0,1,1,0,0,0,0,0,0
823307,2026-05-03,SD,home,701538,Jackson Merrill,4,0,1,0,0,0,0,0,1,1
823307,2026-05-03,SD,home,657757,Gavin Sheets,1,0,0,0,0,0,0,0,0,0
823307,2026-05-03,SD,home,657656,Ramón Laureano,3,1,0,0,0,0,0,1,3,1
823307,2026-05-03,SD,home,592518,Manny Machado,4,1,2,0,0,1,1,0,1,0
823307,2026-05-03,SD,home,609280,Miguel Andujar,4,1,1,0,0,1,1,0,1,0
823307,2026-05-03,SD,home,664034,Ty France,4,0,2,0,0,0,0,0,1,0
823307,2026-05-03,SD,home,669369,Bryce Johnson,0,0,0,0,0,0,0,0,0,0
823307,2026-05-03,SD,home,593428,Xander Bogaerts,4,1,2,0,0,0,1,0,0,1
823307,2026-05-03,SD,home,630105,Jake Cronenworth,3,0,0,0,0,0,0,0,1,0
823307,2026-05-03,CWS,away,671976,Tristan Peters,4,0,1,0,0,0,0,0,1,1
823307,2026-05-03,CWS,away,682668,Luisangel Acuña,4,0,0,0,0,0,0,0,2,0
823307,2026-05-03,CWS,away,808959,Munetaka Murakami,4,0,0,0,0,0,0,0,2,0
823307,2026-05-03,CWS,away,805367,Chase Meidroth,4,1,2,0,0,0,0,0,2,0
823307,2026-05-03,CWS,away,695657,Colson Montgomery,2,0,0,0,0,0,0,2,1,0
823307,2026-05-03,CWS,away,691011,Drew Romo,3,1,1,0,0,1,1,0,2,0
823307,2026-05-03,CWS,away,700337,Edgar Quero,1,0,0,0,0,0,0,0,1,0
823307,2026-05-03,CWS,away,643217,Andrew Benintendi,2,0,0,0,0,0,0,0,1,0
823307,2026-05-03,CWS,away,803011,Sam Antonacci,3,0,0,0,0,0,0,1,2,0
823307,2026-05-03,CWS,away,672284,Jarred Kelenic,2,0,1,0,0,0,0,0,0,0
823307,2026-05-03,CWS,away,656537,Derek Hill,1,1,1,0,0,1,2,0,0,0
823307,2026-05-03,CWS,away,678246,Miguel Vargas,2,0,1,0,0,0,0,0,1,0
824285,2026-05-03,DET,home,701678,Hao-Yu  Lee,3,1,1,0,0,0,1,0,2,0
824285,2026-05-03,DET,home,682985,Riley Greene,3,1,0,0,0,0,0,1,2,0
824285,2026-05-03,DET,home,805808,Kevin McGonigle,4,1,2,0,0,0,2,0,0,0
824285,2026-05-03,DET,home,681481,Kerry Carpenter,4,1,1,0,0,0,0,0,2,0
824285,2026-05-03,DET,home,670097,Zack Short,0,0,0,0,0,0,0,0,0,0
824285,2026-05-03,DET,home,679529,Spencer Torkelson,4,1,1,0,0,1,2,0,3,0
824285,2026-05-03,DET,home,668670,Jake Rogers,3,2,2,0,1,0,0,0,0,0
824285,2026-05-03,DET,home,663837,Matt Vierling,4,0,1,1,0,0,2,0,2,0
824285,2026-05-03,DET,home,690993,Colt Keith,4,0,0,0,0,0,0,0,1,0
824285,2026-05-03,DET,home,672761,Wenceel Pérez,3,0,0,0,0,0,0,0,0,0
824285,2026-05-03,TEX,away,694497,Evan Carter,4,0,0,0,0,0,0,0,0,0
824285,2026-05-03,TEX,away,669394,Jake Burger,4,0,0,0,0,0,0,0,2,0
824285,2026-05-03,TEX,away,696030,Alejandro Osuna,1,0,0,0,0,0,0,0,1,0
824285,2026-05-03,TEX,away,608369,Corey Seager,4,0,1,0,0,0,0,0,2,0
824285,2026-05-03,TEX,away,673962,Josh Jung,4,0,1,0,0,0,0,0,0,0
824285,2026-05-03,TEX,away,457705,Andrew McCutchen,3,0,1,0,0,0,0,0,0,0
824285,2026-05-03,TEX,away,543309,Kyle Higashioka,3,0,0,0,0,0,1,1,0,0
824285,2026-05-03,TEX,away,677649,Ezequiel Duran,4,1,1,1,0,0,0,0,0,0
824285,2026-05-03,TEX,away,607043,Brandon Nimmo,4,0,1,0,0,0,0,0,2,0
824285,2026-05-03,TEX,away,669701,Josh Smith,3,0,2,0,0,0,0,1,0,0
824363,2026-05-04,COL,home,666160,Mickey Moniak,4,0,2,1,1,0,0,0,1,0
824363,2026-05-04,COL,home,687859,Troy Johnston,1,0,0,0,0,0,0,0,1,0
824363,2026-05-04,COL,home,650489,Willi Castro,4,1,1,0,0,0,0,0,1,0
824363,2026-05-04,COL,home,671289,Tyler Freeman,3,0,0,0,0,0,0,0,2,1
824363,2026-05-04,COL,home,666397,Edouard Julien,1,0,0,0,0,0,0,0,0,0
824363,2026-05-04,COL,home,696100,Hunter Goodman,4,0,0,0,0,0,0,0,1,0
824363,2026-05-04,COL,home,687597,Jordan Beck,3,1,1,0,1,0,1,0,1,0
824363,2026-05-04,COL,home,686668,Brenton Doyle,2,0,0,0,0,0,0,0,1,0
824363,2026-05-04,COL,home,678662,Ezequiel Tovar,3,0,0,0,0,0,0,0,1,0
824363,2026-05-04,COL,home,681198,TJ Rumfield,4,0,0,0,0,0,0,0,0,0
824363,2026-05-04,COL,home,691720,Kyle Karros,3,0,1,0,0,0,1,0,2,0
824363,2026-05-04,NYM,away,620443,Luis Torrens,3,1,1,1,0,0,1,0,1,0
824363,2026-05-04,NYM,away,666182,Bo Bichette,4,0,0,0,0,0,0,0,1,0
824363,2026-05-04,NYM,away,621438,Tyrone Taylor,1,0,0,0,0,0,0,0,0,0
824363,2026-05-04,NYM,away,682626,Francisco Alvarez,3,1,1,1,0,0,0,0,1,0
824363,2026-05-04,NYM,away,668901,Mark Vientos,4,0,1,0,0,0,2,0,0,0
824363,2026-05-04,NYM,away,683146,Brett Baty,4,0,0,0,0,0,0,0,1,0
824363,2026-05-04,NYM,away,701807,Carson Benge,2,1,1,0,0,1,1,1,0,0
824363,2026-05-04,NYM,away,543760,Marcus Semien,3,0,0,0,0,0,0,0,1,0
824363,2026-05-04,NYM,away,669004,MJ Melendez,3,0,0,0,0,0,0,0,2,0
824363,2026-05-04,NYM,away,665742,Juan Soto,3,1,0,0,0,0,0,1,1,0
824283,2026-05-04,DET,home,701678,Hao-Yu  Lee,4,0,0,0,0,0,0,0,1,0
824283,2026-05-04,DET,home,663330,Jahmai Jones,2,1,0,0,0,0,0,1,1,0
824283,2026-05-04,DET,home,682985,Riley Greene,4,0,1,1,0,0,0,0,2,0
824283,2026-05-04,DET,home,681481,Kerry Carpenter,1,0,0,0,0,0,0,0,1,0
824283,2026-05-04,DET,home,670097,Zack Short,3,0,0,0,0,0,0,0,1,0
824283,2026-05-04,DET,home,679529,Spencer Torkelson,4,0,0,0,0,0,0,0,3,0
824283,2026-05-04,DET,home,663837,Matt Vierling,3,1,0,0,0,0,1,1,0,0
824283,2026-05-04,DET,home,693307,Dillon Dingler,4,0,1,1,0,0,2,0,1,0
824283,2026-05-04,DET,home,690993,Colt Keith,2,2,1,0,0,0,0,0,0,0
824283,2026-05-04,DET,home,672761,Wenceel Pérez,4,0,0,0,0,0,0,0,1,0
824283,2026-05-04,BOS,away,701350,Roman Anthony,1,0,0,0,0,0,0,0,0,0
824283,2026-05-04,BOS,away,575929,Willson Contreras,4,0,0,0,0,0,0,1,2,0
824283,2026-05-04,BOS,away,596115,Trevor Story,5,0,1,0,0,0,0,0,3,0
824283,2026-05-04,BOS,away,676477,Garrett Whitlock,0,0,0,0,0,0,0,0,0,0
824283,2026-05-04,BOS,away,677800,Wilyer Abreu,4,1,1,0,0,0,1,1,2,0
824283,2026-05-04,BOS,away,655316,Andruw Monasterio,4,1,1,0,0,0,0,0,1,0
824283,2026-05-04,BOS,away,702332,Caleb Durbin,0,0,0,0,0,0,0,0,0,0
824283,2026-05-04,BOS,away,665966,Carlos Narváez,3,1,0,0,0,0,0,1,0,0
824283,2026-05-04,BOS,away,680776,Jarren Duran,5,1,3,0,0,1,3,0,2,1
824283,2026-05-04,BOS,away,678882,Ceddanne Rafaela,5,0,2,0,0,0,0,0,0,0
824283,2026-05-04,BOS,away,807799,Masataka Yoshida,4,1,2,1,0,0,0,0,0,0
824283,2026-05-04,BOS,away,691785,Marcelo Mayer,4,0,2,0,0,0,1,0,1,0
824283,2026-05-04,BOS,away,547973,Aroldis Chapman,0,0,0,0,0,0,0,0,0,0
822984,2026-05-04,TB,home,670764,Taylor Walls,3,0,1,0,0,0,2,0,0,0
822984,2026-05-04,TB,home,668723,Ryan Vilade,2,1,1,0,0,1,3,0,0,0
822984,2026-05-04,TB,home,802415,Chandler Simpson,4,1,1,0,0,0,0,0,1,0
822984,2026-05-04,TB,home,676356,Jonny DeLuca,4,0,1,0,0,0,0,0,1,0
822984,2026-05-04,TB,home,666018,Jonathan Aranda,4,1,3,0,0,0,0,0,1,0
822984,2026-05-04,TB,home,663743,Nick Fortes,3,0,1,0,0,0,0,0,1,0
822984,2026-05-04,TB,home,650490,Yandy Díaz,4,0,0,0,0,0,0,0,0,0
822984,2026-05-04,TB,home,810938,Ben Williamson,4,1,2,0,0,0,0,0,0,0
822984,2026-05-04,TB,home,691406,Junior Caminero,3,1,0,0,0,0,0,1,1,0
822984,2026-05-04,TB,home,656775,Cedric Mullins,2,0,1,0,0,0,0,0,0,0
822984,2026-05-04,TOR,away,676391,Ernie Clement,4,0,1,0,0,0,0,0,0,0
822984,2026-05-04,TOR,away,662139,Daulton Varsho,4,0,0,0,0,0,0,0,3,0
822984,2026-05-04,TOR,away,665926,Andrés Giménez,4,0,1,0,0,0,0,0,0,0
822984,2026-05-04,TOR,away,678218,Brandon Valenzuela,4,0,1,0,0,0,0,0,2,0
822984,2026-05-04,TOR,away,682818,Yohendrick Piñango,5,1,3,1,0,0,0,0,0,0
822984,2026-05-04,TOR,away,665489,Vladimir Guerrero Jr.,4,0,1,0,0,0,1,0,1,0
822984,2026-05-04,TOR,away,660821,Jesús Sánchez,4,0,1,0,0,0,0,0,0,0
822984,2026-05-04,TOR,away,664702,Myles Straw,3,0,1,0,0,0,0,1,0,0
822984,2026-05-04,TOR,away,672960,Kazuma Okamoto,4,0,1,0,0,0,0,1,2,0
823874,2026-05-04,MIA,home,666624,Christopher Morel,3,0,1,0,0,0,0,0,2,0
823874,2026-05-04,MIA,home,665923,Esteury Ruiz,1,0,0,0,0,0,0,0,0,0
823874,2026-05-04,MIA,home,805300,Jakob Marsee,4,0,2,0,0,0,0,0,2,0
823874,2026-05-04,MIA,home,691594,Javier Sanoja,0,0,0,0,0,0,0,0,0,0
823874,2026-05-04,MIA,home,669364,Xavier Edwards,4,0,1,0,0,0,0,0,0,0
823874,2026-05-04,MIA,home,688363,Graham Pauley,2,0,0,0,0,0,0,0,0,0
823874,2026-05-04,MIA,home,669065,Kyle Stowers,4,0,2,0,0,0,0,0,0,0
823874,2026-05-04,MIA,home,689414,Liam Hicks,4,0,0,0,0,0,0,0,1,0
823874,2026-05-04,MIA,home,683357,Owen Caissie,2,0,0,0,0,0,0,0,1,0
823874,2026-05-04,MIA,home,681393,Connor Norby,1,0,0,0,0,0,0,0,0,0
823874,2026-05-04,MIA,home,691788,Joe Mack,3,0,0,0,0,0,0,0,1,0
823874,2026-05-04,MIA,home,672640,Otto Lopez,4,0,1,0,0,0,0,0,0,0
823874,2026-05-04,PHI,away,669016,Brandon Marsh,4,0,1,0,0,0,0,0,0,0
823874,2026-05-04,PHI,away,702222,Justin Crawford,3,0,0,0,0,0,0,0,2,0
823874,2026-05-04,PHI,away,547180,Bryce Harper,4,1,3,1,0,1,1,0,0,0
823874,2026-05-04,PHI,away,664761,Alec Bohm,4,0,0,0,0,0,0,0,0,0
823874,2026-05-04,PHI,away,681082,Bryson Stott,4,0,0,0,0,0,0,0,1,0
823874,2026-05-04,PHI,away,656941,Kyle Schwarber,4,0,0,0,0,0,0,0,1,0
823874,2026-05-04,PHI,away,596117,Garrett Stubbs,4,0,1,0,0,0,0,0,1,0
823874,2026-05-04,PHI,away,666969,Adolis García,4,0,2,0,0,0,0,0,1,0
823874,2026-05-04,PHI,away,607208,Trea Turner,4,0,0,0,0,0,0,0,2,0
823552,2026-05-04,NYY,home,676609,José Caballero,3,1,1,1,0,0,1,1,0,0
823552,2026-05-04,NYY,home,680474,Max Schuemann,0,0,0,0,0,0,0,0,0,0
823552,2026-05-04,NYY,home,592450,Aaron Judge,4,2,2,0,0,1,4,1,0,0
823552,2026-05-04,NYY,home,641857,Ryan McMahon,4,0,1,0,0,0,1,0,1,0
823552,2026-05-04,NYY,home,502671,Paul Goldschmidt,4,0,1,0,0,0,0,0,1,0
823552,2026-05-04,NYY,home,691176,Jasson Domínguez,4,1,1,0,0,0,1,1,0,0
823552,2026-05-04,NYY,home,669224,Austin Wells,2,2,0,0,0,0,0,2,1,0
823552,2026-05-04,NYY,home,641355,Cody Bellinger,4,1,1,0,1,0,3,0,0,0
823552,2026-05-04,NYY,home,665862,Jazz Chisholm Jr.,4,2,1,0,0,0,0,1,1,2
823552,2026-05-04,NYY,home,663757,Trent Grisham,3,3,2,2,0,0,1,2,0,0
823552,2026-05-04,BAL,away,669236,Jeremiah Jackson,4,0,1,0,0,0,0,0,1,0
823552,2026-05-04,BAL,away,694212,Samuel Basallo,4,0,0,0,0,0,0,0,1,0
823552,2026-05-04,BAL,away,683002,Gunnar Henderson,5,0,1,0,0,0,0,0,1,0
823552,2026-05-04,BAL,away,665750,Leody Taveras,3,0,1,1,0,0,0,1,1,0
823552,2026-05-04,BAL,away,687637,Dylan Beavers,4,1,1,0,0,0,0,0,2,0
823552,2026-05-04,BAL,away,668939,Adley Rutschman,5,0,1,0,0,0,0,0,1,0
823552,2026-05-04,BAL,away,677942,Blaze Alexander,4,0,3,0,0,0,0,0,0,0
823552,2026-05-04,BAL,away,624413,Pete Alonso,4,0,1,0,0,0,0,0,1,0
823552,2026-05-04,BAL,away,681297,Colton Cowser,2,0,1,0,0,0,1,2,0,0
824684,2026-05-04,CHC,home,624424,Michael Conforto,1,1,1,0,0,1,1,0,0,0
824684,2026-05-04,CHC,home,664023,Ian Happ,3,1,0,0,0,0,0,1,2,0
824684,2026-05-04,CHC,home,608324,Alex Bregman,3,1,1,1,0,0,0,1,0,0
824684,2026-05-04,CHC,home,683737,Michael Busch,3,0,0,0,0,0,0,1,0,0
824684,2026-05-04,CHC,home,608348,Carson Kelly,3,0,0,0,0,0,0,1,1,0
824684,2026-05-04,CHC,home,691718,Pete Crow-Armstrong,4,1,1,0,1,0,0,0,1,0
824684,2026-05-04,CHC,home,694208,Moisés Ballesteros,3,0,0,0,0,0,0,1,0,0
824684,2026-05-04,CHC,home,673548,Seiya Suzuki,3,1,2,0,0,1,3,1,0,0
824684,2026-05-04,CHC,home,621020,Dansby Swanson,4,0,0,0,0,0,0,0,1,0
824684,2026-05-04,CHC,home,663538,Nico Hoerner,4,0,1,0,0,0,1,0,0,0
824684,2026-05-04,CHC,home,807713,Matt Shaw,0,0,0,0,0,0,0,0,0,0
824684,2026-05-04,CIN,away,682829,Elly De La Cruz,4,0,3,0,0,0,0,1,1,0
824684,2026-05-04,CIN,away,667472,Dane Myers,2,0,0,0,0,0,0,0,1,0
824684,2026-05-04,CIN,away,701398,Sal Stewart,4,0,1,0,0,0,0,0,1,0
824684,2026-05-04,CIN,away,663993,Nathaniel Lowe,3,0,0,0,0,0,0,1,1,0
824684,2026-05-04,CIN,away,680574,Matt McLain,0,0,0,0,0,0,0,0,0,0
824684,2026-05-04,CIN,away,663647,Ke'Bryan Hayes,3,1,1,0,0,1,2,1,1,0
824684,2026-05-04,CIN,away,666181,Will Benson,3,1,1,0,0,0,0,1,2,0
824684,2026-05-04,CIN,away,670770,TJ Friedl,3,0,0,0,0,0,0,0,1,0
824684,2026-05-04,CIN,away,694362,Blake Dunn,0,1,0,0,0,0,0,0,0,1
824684,2026-05-04,CIN,away,668715,Spencer Steer,4,0,2,0,0,0,1,0,0,0
824684,2026-05-04,CIN,away,663886,Tyler Stephenson,4,0,1,0,0,0,0,0,2,0
824684,2026-05-04,CIN,away,668709,JJ Bleday,5,1,1,0,0,1,1,0,2,0
824120,2026-05-04,KC,home,695600,Carter Jensen,4,1,1,0,0,0,0,0,1,0
824120,2026-05-04,KC,home,686555,Isaac Collins,2,0,0,0,0,0,0,2,2,0
824120,2026-05-04,KC,home,521692,Salvador Perez,4,1,1,0,0,0,1,0,0,0
824120,2026-05-04,KC,home,679845,Nick Loftin,4,0,1,0,0,0,2,0,0,0
824120,2026-05-04,KC,home,686469,Vinnie Pasquantino,4,1,2,1,0,0,1,0,1,1
824120,2026-05-04,KC,home,672580,Maikel Garcia,4,0,0,0,0,0,0,0,0,0
824120,2026-05-04,KC,home,657041,Lane Thomas,3,0,0,0,0,0,0,1,1,0
824120,2026-05-04,KC,home,695506,Jac Caglianone,3,1,1,0,0,1,1,1,1,0
824120,2026-05-04,KC,home,677951,Bobby Witt Jr.,4,2,1,0,0,1,1,0,1,1
824120,2026-05-04,CLE,away,683953,Travis Bazzana,4,1,1,0,0,0,0,0,0,0
824120,2026-05-04,CLE,away,682177,Daniel Schneemann,4,0,0,0,0,0,0,0,1,0
824120,2026-05-04,CLE,away,677587,Brayan Rocchio,3,0,0,0,0,0,0,0,1,0
824120,2026-05-04,CLE,away,666310,Bo Naylor,3,0,0,0,0,0,0,0,0,0
824120,2026-05-04,CLE,away,681807,David Fry,3,1,2,0,0,1,2,0,0,0
824120,2026-05-04,CLE,away,608070,José Ramírez,4,0,1,0,0,0,0,0,1,0
824120,2026-05-04,CLE,away,680757,Steven Kwan,4,0,0,0,0,0,0,0,0,0
824120,2026-05-04,CLE,away,682657,Angel Martínez,2,0,1,1,0,0,0,1,0,0
824120,2026-05-04,CLE,away,656555,Rhys Hoskins,4,0,0,0,0,0,0,0,0,0
823064,2026-05-04,STL,home,669357,Nolan Gorman,4,0,2,1,0,0,0,0,0,0
823064,2026-05-04,STL,home,691023,Jordan Walker,3,1,1,0,0,0,0,1,2,0
823064,2026-05-04,STL,home,701675,Nathan Church,4,1,1,1,0,0,0,0,0,0
823064,2026-05-04,STL,home,687363,Victor Scott II,3,1,2,1,0,0,0,0,0,0
823064,2026-05-04,STL,home,802139,JJ Wetherholt,4,1,2,0,0,0,2,1,0,0
823064,2026-05-04,STL,home,676475,Alec Burleson,5,0,0,0,0,0,0,0,3,0
823064,2026-05-04,STL,home,686780,Pedro Pagés,3,1,0,0,0,0,0,1,2,0
823064,2026-05-04,STL,home,691026,Masyn Winn,3,1,1,0,0,0,1,1,0,0
823064,2026-05-04,STL,home,671056,Iván Herrera,5,0,2,1,0,0,3,0,2,0
823064,2026-05-04,MIL,away,650859,Luis Rengifo,4,0,1,0,0,0,1,0,1,0
823064,2026-05-04,MIL,away,694192,Jackson Chourio,4,1,4,2,0,0,0,1,0,0
823064,2026-05-04,MIL,away,641343,Jake Bauers,2,1,1,1,0,0,0,1,1,0
823064,2026-05-04,MIL,away,686217,Sal Frelick,3,0,1,0,0,0,0,1,0,0
823064,2026-05-04,MIL,away,683734,Andrew Vaughn,4,0,0,0,0,0,0,0,1,0
823064,2026-05-04,MIL,away,672012,Tyler Black,1,0,0,0,0,0,0,0,0,0
823064,2026-05-04,MIL,away,669003,Garrett Mitchell,5,0,0,0,0,0,0,0,1,0
823064,2026-05-04,MIL,away,666152,David Hamilton,4,0,0,0,0,0,0,0,2,0
823064,2026-05-04,MIL,away,661388,William Contreras,5,0,1,0,0,0,0,0,0,0
823064,2026-05-04,MIL,away,668930,Brice Turang,5,1,3,0,0,1,2,0,1,0
823064,2026-05-04,MIL,away,596142,Gary Sánchez,0,0,0,0,0,0,0,1,0,0
824201,2026-05-04,HOU,home,670623,Isaac Paredes,3,1,1,0,0,0,0,1,1,0
824201,2026-05-04,HOU,home,701358,Cam Smith,4,0,1,0,0,0,0,0,2,0
824201,2026-05-04,HOU,home,669699,Braden Shewmake,0,0,0,0,0,0,0,0,0,0
824201,2026-05-04,HOU,home,805904,Zach Cole,4,1,1,0,0,1,1,0,2,0
824201,2026-05-04,HOU,home,694728,Brice Matthews,3,0,0,0,0,0,0,1,1,0
824201,2026-05-04,HOU,home,514888,Jose Altuve,4,0,1,0,0,0,1,0,2,0
824201,2026-05-04,HOU,home,621043,Carlos Correa,4,0,0,0,0,0,0,0,3,0
824201,2026-05-04,HOU,home,572233,Christian Walker,4,0,0,0,0,0,0,0,2,0
824201,2026-05-04,HOU,home,543877,Christian Vázquez,3,0,0,0,0,0,0,0,1,0
824201,2026-05-04,HOU,home,670541,Yordan Alvarez,3,1,2,0,0,0,0,0,1,0
824201,2026-05-04,LAD,away,669257,Will Smith,5,1,3,2,0,0,1,0,2,0
824201,2026-05-04,LAD,away,663656,Kyle Tucker,5,1,2,0,0,1,2,0,1,0
824201,2026-05-04,LAD,away,571970,Max Muncy,3,0,0,0,0,0,0,2,2,0
824201,2026-05-04,LAD,away,518692,Freddie Freeman,5,0,2,0,0,0,2,0,3,0
824201,2026-05-04,LAD,away,808975,Hyeseong Kim,5,1,1,0,0,0,0,0,0,0
824201,2026-05-04,LAD,away,660271,Shohei Ohtani,3,2,0,0,0,0,1,2,0,0
824201,2026-05-04,LAD,away,606192,Teoscar Hernández,5,0,1,0,0,0,0,0,2,0
824201,2026-05-04,LAD,away,681624,Andy Pages,5,1,1,0,0,0,0,0,1,0
824201,2026-05-04,LAD,away,690976,Alex Freeland,4,2,3,0,0,1,1,1,0,0
824039,2026-05-04,LAA,home,624428,Adam Frazier,2,0,0,0,0,0,0,0,1,0
824039,2026-05-04,LAA,home,672724,Oswald Peraza,1,0,0,0,0,0,0,0,0,0
824039,2026-05-04,LAA,home,687263,Zach Neto,4,0,0,0,0,0,0,0,2,0
824039,2026-05-04,LAA,home,624585,Jorge Soler,4,0,0,0,0,0,0,0,3,0
824039,2026-05-04,LAA,home,660162,Yoán Moncada,3,0,0,0,0,0,0,0,1,0
824039,2026-05-04,LAA,home,518595,Travis d'Arnaud,3,0,2,0,0,0,0,0,1,0
824039,2026-05-04,LAA,home,545361,Mike Trout,4,0,0,0,0,0,0,0,2,0
824039,2026-05-04,LAA,home,666176,Jo Adell,3,0,1,0,0,0,0,0,1,0
824039,2026-05-04,LAA,home,694384,Nolan Schanuel,4,0,2,2,0,0,0,0,2,0
824039,2026-05-04,LAA,home,666139,Josh Lowe,3,0,0,0,0,0,0,0,1,0
824039,2026-05-04,CWS,away,671976,Tristan Peters,3,0,0,0,0,0,0,0,1,0
824039,2026-05-04,CWS,away,545341,Randal Grichuk,1,0,0,0,0,0,0,0,0,0
824039,2026-05-04,CWS,away,808959,Munetaka Murakami,4,3,3,1,0,1,2,1,0,0
824039,2026-05-04,CWS,away,805367,Chase Meidroth,5,0,1,0,0,0,1,0,3,0
824039,2026-05-04,CWS,away,695657,Colson Montgomery,5,0,1,0,0,0,1,0,2,0
824039,2026-05-04,CWS,away,691011,Drew Romo,4,0,0,0,0,0,0,1,0,0
824039,2026-05-04,CWS,away,643217,Andrew Benintendi,5,0,4,0,0,0,1,0,0,0
824039,2026-05-04,CWS,away,803011,Sam Antonacci,4,2,2,0,0,0,0,1,1,0
824039,2026-05-04,CWS,away,672284,Jarred Kelenic,5,0,3,0,0,0,0,0,0,0
824039,2026-05-04,CWS,away,656537,Derek Hill,1,0,0,0,0,0,0,0,1,0
824039,2026-05-04,CWS,away,678246,Miguel Vargas,5,1,2,0,0,1,1,0,1,0
823143,2026-05-04,SEA,home,647304,Josh Naylor,5,0,2,1,0,0,0,0,0,0
823143,2026-05-04,SEA,home,702284,Cole Young,4,0,0,0,0,0,0,0,2,0
823143,2026-05-04,SEA,home,641487,J.P. Crawford,3,1,1,0,0,1,2,2,0,0
823143,2026-05-04,SEA,home,668227,Randy Arozarena,3,1,1,0,0,0,0,1,0,1
823143,2026-05-04,SEA,home,686527,Dominic Canzone,2,1,1,0,0,0,0,1,1,0
823143,2026-05-04,SEA,home,608701,Rob Refsnyder,1,0,1,0,0,0,0,0,0,0
823143,2026-05-04,SEA,home,656582,Connor Joe,0,0,0,0,0,0,0,1,0,0
823143,2026-05-04,SEA,home,641598,Mitch Garver,3,1,0,0,0,0,0,1,0,0
823143,2026-05-04,SEA,home,677594,Julio Rodríguez,4,0,1,0,0,0,0,1,0,0
823143,2026-05-04,SEA,home,660844,Leo Rivas,3,0,0,0,0,0,0,0,3,0
823143,2026-05-04,SEA,home,670042,Luke Raley,2,1,1,0,0,1,3,1,0,0
823143,2026-05-04,ATL,away,640492,José Azocar,0,0,0,0,0,0,0,0,0,1
823143,2026-05-04,ATL,away,671739,Michael Harris II,1,0,0,0,0,0,0,0,1,0
823143,2026-05-04,ATL,away,622761,Jorge Mateo,3,0,1,0,0,0,0,0,1,1
823143,2026-05-04,ATL,away,643289,Mauricio Dubón,4,0,0,0,0,0,0,0,1,0
823143,2026-05-04,ATL,away,686948,Drake Baldwin,4,1,1,0,0,1,1,1,0,0
823143,2026-05-04,ATL,away,621566,Matt Olson,3,1,1,0,0,1,1,1,1,0
823143,2026-05-04,ATL,away,642086,Dominic Smith,1,0,1,0,0,0,0,0,0,0
823143,2026-05-04,ATL,away,669221,Sean Murphy,3,0,0,0,0,0,0,0,2,0
823143,2026-05-04,ATL,away,642201,Eli White,4,0,1,0,0,0,0,0,1,0
823143,2026-05-04,ATL,away,645277,Ozzie Albies,4,1,1,0,0,1,1,0,1,0
823143,2026-05-04,ATL,away,663586,Austin Riley,4,1,2,0,0,1,1,0,0,0
823143,2026-05-04,ATL,away,573262,Mike Yastrzemski,4,0,1,0,0,0,0,0,0,0
823228,2026-05-04,SF,home,669477,Casey Schmitt,3,1,1,0,0,1,1,1,1,0
823228,2026-05-04,SF,home,671218,Heliot Ramos,4,0,1,0,1,0,0,0,0,0
823228,2026-05-04,SF,home,683679,Jesus Rodriguez,3,0,0,0,0,0,0,0,0,0
823228,2026-05-04,SF,home,672275,Patrick Bailey,0,0,0,0,0,0,0,0,0,0
823228,2026-05-04,SF,home,808982,Jung Hoo Lee,4,0,0,0,0,0,0,0,0,0
823228,2026-05-04,SF,home,687551,Drew Gilbert,3,0,0,0,0,0,0,0,0,0
823228,2026-05-04,SF,home,646240,Rafael Devers,2,0,1,0,0,0,2,1,0,0
823228,2026-05-04,SF,home,642715,Willy Adames,4,0,1,0,0,0,0,0,2,1
823228,2026-05-04,SF,home,650333,Luis Arraez,3,2,2,2,0,0,0,0,0,0
823228,2026-05-04,SF,home,805811,Bryce Eldridge,2,0,0,0,0,0,0,1,1,0
823228,2026-05-04,SD,away,666023,Freddy Fermin,3,0,0,0,0,0,0,0,1,0
823228,2026-05-04,SD,away,701538,Jackson Merrill,4,1,2,0,0,1,1,0,1,0
823228,2026-05-04,SD,away,657757,Gavin Sheets,3,0,0,0,0,0,0,0,2,0
823228,2026-05-04,SD,away,657656,Ramón Laureano,4,1,1,0,0,1,1,0,1,0
823228,2026-05-04,SD,away,592518,Manny Machado,4,0,0,0,0,0,0,0,1,0
823228,2026-05-04,SD,away,609280,Miguel Andujar,3,0,0,0,0,0,0,0,1,0
823228,2026-05-04,SD,away,665487,Fernando Tatis Jr.,4,0,0,0,0,0,0,0,3,0
823228,2026-05-04,SD,away,593428,Xander Bogaerts,3,0,0,0,0,0,0,0,0,0
823228,2026-05-04,SD,away,630105,Jake Cronenworth,2,0,0,0,0,0,0,0,0,0
824281,2026-05-05,DET,home,656716,Zach McKinstry,4,0,0,0,0,0,0,0,2,0
824281,2026-05-05,DET,home,701678,Hao-Yu  Lee,4,0,0,0,0,0,0,0,2,0
824281,2026-05-05,DET,home,663330,Jahmai Jones,1,1,1,0,0,0,0,0,0,0
824281,2026-05-05,DET,home,682985,Riley Greene,3,0,1,0,0,0,0,1,1,0
824281,2026-05-05,DET,home,805808,Kevin McGonigle,3,1,0,0,0,0,0,1,1,1
824281,2026-05-05,DET,home,681481,Kerry Carpenter,3,0,1,0,0,0,0,0,1,0
824281,2026-05-05,DET,home,679529,Spencer Torkelson,3,0,0,0,0,0,0,1,2,0
824281,2026-05-05,DET,home,663837,Matt Vierling,4,1,2,0,0,1,1,0,0,0
824281,2026-05-05,DET,home,693307,Dillon Dingler,4,0,1,0,0,0,1,0,2,0
824281,2026-05-05,DET,home,672761,Wenceel Pérez,4,0,1,0,0,0,1,0,1,0
824281,2026-05-05,BOS,away,575929,Willson Contreras,4,2,1,0,0,1,1,1,1,0
824281,2026-05-05,BOS,away,657136,Connor Wong,3,0,1,0,0,0,1,0,1,0
824281,2026-05-05,BOS,away,596115,Trevor Story,4,2,1,0,0,0,0,0,1,1
824281,2026-05-05,BOS,away,677800,Wilyer Abreu,4,2,3,0,0,1,1,1,1,1
824281,2026-05-05,BOS,away,655316,Andruw Monasterio,5,1,1,0,0,0,1,0,2,0
824281,2026-05-05,BOS,away,643396,Isiah Kiner-Falefa,4,0,0,0,0,0,1,0,0,0
824281,2026-05-05,BOS,away,702332,Caleb Durbin,5,1,2,0,0,0,1,0,1,0
824281,2026-05-05,BOS,away,680776,Jarren Duran,5,0,0,0,0,0,0,0,3,0
824281,2026-05-05,BOS,away,678882,Ceddanne Rafaela,5,2,3,0,0,1,4,0,1,0
822986,2026-05-05,TB,home,670764,Taylor Walls,0,1,0,0,0,0,0,0,0,0
822986,2026-05-05,TB,home,680700,Richie Palacios,3,0,0,0,0,0,0,0,1,0
822986,2026-05-05,TB,home,668723,Ryan Vilade,0,0,0,0,0,0,0,0,0,0
822986,2026-05-05,TB,home,641584,Jake Fraley,4,1,2,0,0,0,0,0,1,0
822986,2026-05-05,TB,home,802415,Chandler Simpson,4,1,2,0,0,0,0,0,0,1
822986,2026-05-05,TB,home,676356,Jonny DeLuca,1,0,0,0,0,0,0,0,0,1
822986,2026-05-05,TB,home,676439,Hunter Feduccia,3,0,1,0,0,0,0,0,0,0
822986,2026-05-05,TB,home,666018,Jonathan Aranda,4,0,2,1,0,0,1,0,0,0
822986,2026-05-05,TB,home,663743,Nick Fortes,0,0,0,0,0,0,0,0,0,0
822986,2026-05-05,TB,home,650490,Yandy Díaz,4,1,1,0,0,0,1,0,0,0
822986,2026-05-05,TB,home,810938,Ben Williamson,4,0,2,0,0,0,1,0,1,0
822986,2026-05-05,TB,home,691406,Junior Caminero,3,0,1,0,0,0,0,1,0,0
822986,2026-05-05,TB,home,656775,Cedric Mullins,3,0,0,0,0,0,0,0,2,0
822986,2026-05-05,TOR,away,672820,Lenyn Sosa,3,0,1,0,0,0,0,0,0,0
822986,2026-05-05,TOR,away,676391,Ernie Clement,4,0,1,0,0,0,0,0,0,0
822986,2026-05-05,TOR,away,662139,Daulton Varsho,3,1,1,0,0,0,0,1,0,0
822986,2026-05-05,TOR,away,665926,Andrés Giménez,4,1,2,0,0,0,1,0,1,1
822986,2026-05-05,TOR,away,678218,Brandon Valenzuela,2,0,0,0,0,0,0,1,1,0
822986,2026-05-05,TOR,away,543807,George Springer,4,0,0,0,0,0,0,1,0,0
822986,2026-05-05,TOR,away,682818,Yohendrick Piñango,4,0,1,0,0,0,1,0,1,0
822986,2026-05-05,TOR,away,665489,Vladimir Guerrero Jr.,1,0,0,0,0,0,0,0,0,0
822986,2026-05-05,TOR,away,660821,Jesús Sánchez,4,0,0,0,0,0,0,0,2,0
822986,2026-05-05,TOR,away,664702,Myles Straw,1,0,0,0,0,0,0,0,0,0
822986,2026-05-05,TOR,away,672960,Kazuma Okamoto,4,1,2,0,0,1,1,0,2,0
823469,2026-05-05,PHI,home,669016,Brandon Marsh,5,1,3,0,0,0,0,0,1,0
823469,2026-05-05,PHI,home,702222,Justin Crawford,4,1,2,1,0,0,0,0,1,0
823469,2026-05-05,PHI,home,547180,Bryce Harper,4,3,3,0,0,2,3,1,0,0
823469,2026-05-05,PHI,home,592663,J.T. Realmuto,4,1,1,1,0,0,2,0,0,0
823469,2026-05-05,PHI,home,664761,Alec Bohm,3,0,1,0,0,0,0,1,0,0
823469,2026-05-05,PHI,home,681082,Bryson Stott,4,1,2,1,0,1,2,0,0,0
823469,2026-05-05,PHI,home,656941,Kyle Schwarber,5,0,0,0,0,0,0,0,2,0
823469,2026-05-05,PHI,home,666969,Adolis García,3,0,0,0,0,0,1,1,1,0
823469,2026-05-05,PHI,home,607208,Trea Turner,5,2,2,1,0,0,1,0,1,0
823469,2026-05-05,OAK,away,667670,Brent Rooker,4,0,0,0,0,0,0,0,2,0
823469,2026-05-05,OAK,away,680869,Zack Gelof,3,0,1,0,0,0,0,1,0,0
823469,2026-05-05,OAK,away,642851,Austin Wynns,4,0,0,0,0,0,0,0,3,0
823469,2026-05-05,OAK,away,691016,Tyler Soderstrom,3,0,0,0,0,0,0,1,2,0
823469,2026-05-05,OAK,away,687231,Darell Hernaiz,3,0,0,0,0,0,1,1,2,0
823469,2026-05-05,OAK,away,701762,Nick Kurtz,4,0,1,0,0,0,0,0,1,0
823469,2026-05-05,OAK,away,695391,Brett Harris,2,0,0,0,0,0,0,1,1,0
823469,2026-05-05,OAK,away,687515,Colby Thomas,4,1,1,0,0,0,0,0,0,0
823469,2026-05-05,OAK,away,805779,Jacob Wilson,3,0,1,0,0,0,0,0,1,0
823873,2026-05-05,MIA,home,665923,Esteury Ruiz,0,1,0,0,0,0,0,0,0,2
823873,2026-05-05,MIA,home,805300,Jakob Marsee,5,0,0,0,0,0,0,0,3,0
823873,2026-05-05,MIA,home,691594,Javier Sanoja,0,0,0,0,0,0,0,0,0,0
823873,2026-05-05,MIA,home,669364,Xavier Edwards,3,1,1,0,0,0,0,2,0,0
823873,2026-05-05,MIA,home,669065,Kyle Stowers,4,1,0,0,0,0,0,1,2,0
823873,2026-05-05,MIA,home,688363,Graham Pauley,3,1,0,0,0,0,0,1,0,0
823873,2026-05-05,MIA,home,689414,Liam Hicks,5,1,4,0,0,1,3,0,1,0
823873,2026-05-05,MIA,home,683357,Owen Caissie,2,1,0,0,0,0,0,1,1,1
823873,2026-05-05,MIA,home,681393,Connor Norby,3,0,1,0,0,0,0,0,2,0
823873,2026-05-05,MIA,home,691788,Joe Mack,4,0,2,0,0,0,1,0,1,0
823873,2026-05-05,MIA,home,672640,Otto Lopez,5,1,1,0,0,1,1,0,0,0
823873,2026-05-05,BAL,away,669236,Jeremiah Jackson,0,0,0,0,0,0,0,0,0,0
823873,2026-05-05,BAL,away,694212,Samuel Basallo,4,1,3,1,1,0,4,0,1,0
823873,2026-05-05,BAL,away,683002,Gunnar Henderson,5,0,1,0,0,0,0,0,1,0
823873,2026-05-05,BAL,away,665750,Leody Taveras,5,0,1,0,0,0,1,0,1,0
823873,2026-05-05,BAL,away,621493,Taylor Ward,3,3,1,0,0,0,0,2,1,0
823873,2026-05-05,BAL,away,687637,Dylan Beavers,3,1,0,0,0,0,0,1,0,0
823873,2026-05-05,BAL,away,668939,Adley Rutschman,1,0,1,0,0,0,1,0,0,0
823873,2026-05-05,BAL,away,641933,Tyler O'Neill,1,0,0,0,0,0,0,0,0,0
823873,2026-05-05,BAL,away,677942,Blaze Alexander,4,0,1,0,0,0,0,0,1,0
823873,2026-05-05,BAL,away,624413,Pete Alonso,3,4,2,2,0,0,2,2,1,0
823873,2026-05-05,BAL,away,681297,Colton Cowser,5,0,0,0,0,0,1,0,3,0
823873,2026-05-05,BAL,away,691723,Coby Mayo,4,0,0,0,0,0,0,0,1,0
822743,2026-05-05,WSH,home,682928,CJ Abrams,4,0,0,0,0,0,1,0,2,1
822743,2026-05-05,WSH,home,683083,Nasim Nuñez,3,0,0,0,0,0,0,1,0,0
822743,2026-05-05,WSH,home,678391,Jorbit Vivas,4,0,0,0,0,0,0,0,2,0
822743,2026-05-05,WSH,home,678554,Curtis Mead,4,0,2,1,0,0,1,0,0,0
822743,2026-05-05,WSH,home,695734,Daylen Lile,3,2,1,1,0,0,0,1,1,0
822743,2026-05-05,WSH,home,677588,José Tena,3,1,2,1,0,0,0,1,0,0
822743,2026-05-05,WSH,home,695578,James Wood,4,0,1,1,0,0,1,0,2,0
822743,2026-05-05,WSH,home,696285,Jacob Young,4,0,0,0,0,0,0,0,1,0
822743,2026-05-05,WSH,home,660688,Keibert Ruiz,4,0,0,0,0,0,0,0,2,0
822743,2026-05-05,MIN,away,665019,Kody Clemens,2,3,0,0,0,0,0,2,0,0
822743,2026-05-05,MIN,away,686797,Brooks Lee,5,2,3,2,0,0,3,0,0,0
822743,2026-05-05,MIN,away,668885,Austin Martin,5,1,1,0,0,0,0,0,0,0
822743,2026-05-05,MIN,away,605137,Josh Bell,5,0,1,0,0,0,1,0,1,0
822743,2026-05-05,MIN,away,680777,Ryan Jeffers,4,1,1,1,0,0,0,1,0,0
822743,2026-05-05,MIN,away,668904,Royce Lewis,3,1,0,0,0,0,1,0,2,0
822743,2026-05-05,MIN,away,663616,Trevor Larnach,5,0,2,1,0,0,2,0,0,0
822743,2026-05-05,MIN,away,621439,Byron Buxton,6,1,1,0,0,1,3,0,1,0
822743,2026-05-05,MIN,away,807712,Luke Keaschall,2,2,1,0,0,0,0,3,0,1
823553,2026-05-05,NYY,home,676609,José Caballero,4,1,1,0,0,0,0,0,0,0
823553,2026-05-05,NYY,home,592450,Aaron Judge,3,1,1,1,0,0,0,1,2,0
823553,2026-05-05,NYY,home,641857,Ryan McMahon,4,2,2,0,0,1,2,0,1,0
823553,2026-05-05,NYY,home,502671,Paul Goldschmidt,4,2,2,0,0,1,1,0,2,0
823553,2026-05-05,NYY,home,691176,Jasson Domínguez,4,0,0,0,0,0,0,0,0,0
823553,2026-05-05,NYY,home,669224,Austin Wells,3,0,0,0,0,0,0,1,1,0
823553,2026-05-05,NYY,home,641355,Cody Bellinger,3,0,2,2,0,0,3,1,0,0
823553,2026-05-05,NYY,home,665862,Jazz Chisholm Jr.,4,1,1,0,0,1,1,0,1,0
823553,2026-05-05,NYY,home,663757,Trent Grisham,4,0,0,0,0,0,0,0,0,0
823553,2026-05-05,TEX,away,694497,Evan Carter,3,1,1,1,0,0,0,2,1,0
823553,2026-05-05,TEX,away,669394,Jake Burger,4,0,0,0,0,0,1,1,0,0
823553,2026-05-05,TEX,away,696030,Alejandro Osuna,1,0,0,0,0,0,0,0,0,0
823553,2026-05-05,TEX,away,592626,Joc Pederson,2,0,0,0,0,0,1,0,1,0
823553,2026-05-05,TEX,away,608369,Corey Seager,4,1,0,0,0,0,0,1,2,0
823553,2026-05-05,TEX,away,673962,Josh Jung,5,1,3,0,0,0,0,0,0,0
823553,2026-05-05,TEX,away,679822,Justin Foscue,1,0,0,0,0,0,0,0,0,0
823553,2026-05-05,TEX,away,457705,Andrew McCutchen,4,0,2,0,0,0,0,0,0,0
823553,2026-05-05,TEX,away,543309,Kyle Higashioka,2,0,1,0,0,0,0,0,1,0
823553,2026-05-05,TEX,away,677649,Ezequiel Duran,4,1,3,0,1,0,1,1,1,0
823553,2026-05-05,TEX,away,664059,Sam Haggerty,2,0,0,0,0,0,0,0,1,0
823553,2026-05-05,TEX,away,643376,Danny Jansen,3,0,0,0,0,0,0,0,1,0
824682,2026-05-05,CHC,home,694037,Daniel Palencia,0,0,0,0,0,0,0,0,0,0
824682,2026-05-05,CHC,home,624424,Michael Conforto,1,0,0,0,0,0,0,0,1,0
824682,2026-05-05,CHC,home,664023,Ian Happ,4,0,0,0,0,0,0,1,3,0
824682,2026-05-05,CHC,home,608324,Alex Bregman,4,0,1,0,0,0,1,1,0,0
824682,2026-05-05,CHC,home,683737,Michael Busch,4,1,3,0,0,1,2,1,1,0
824682,2026-05-05,CHC,home,691718,Pete Crow-Armstrong,4,1,1,0,0,0,0,0,1,1
824682,2026-05-05,CHC,home,665804,Miguel Amaya,3,0,0,0,0,0,0,1,1,0
824682,2026-05-05,CHC,home,694208,Moisés Ballesteros,1,0,0,0,0,0,0,0,0,0
824682,2026-05-05,CHC,home,670032,Nicky Lopez,0,0,0,0,0,0,0,0,0,0
824682,2026-05-05,CHC,home,673548,Seiya Suzuki,4,0,0,0,0,0,0,1,0,0
824682,2026-05-05,CHC,home,669020,Ryan Rolison,0,0,0,0,0,0,0,0,0,0
824682,2026-05-05,CHC,home,621020,Dansby Swanson,5,1,1,0,0,0,0,0,0,0
824682,2026-05-05,CHC,home,663538,Nico Hoerner,3,0,1,0,0,0,0,2,0,0
824682,2026-05-05,CHC,home,807713,Matt Shaw,2,0,1,0,0,0,0,0,0,0
824682,2026-05-05,CIN,away,682829,Elly De La Cruz,5,0,0,0,0,0,0,0,1,0
824682,2026-05-05,CIN,away,667472,Dane Myers,0,0,0,0,0,0,0,1,0,0
824682,2026-05-05,CIN,away,701398,Sal Stewart,4,0,1,0,0,0,0,0,2,0
824682,2026-05-05,CIN,away,663993,Nathaniel Lowe,4,1,2,0,0,1,1,0,1,0
824682,2026-05-05,CIN,away,680574,Matt McLain,4,0,0,0,0,0,0,0,0,0
824682,2026-05-05,CIN,away,663647,Ke'Bryan Hayes,4,0,0,0,0,0,0,0,1,0
824682,2026-05-05,CIN,away,670770,TJ Friedl,5,0,0,0,0,0,0,0,1,0
824682,2026-05-05,CIN,away,694362,Blake Dunn,0,0,0,0,0,0,0,0,0,0
824682,2026-05-05,CIN,away,668715,Spencer Steer,4,0,1,0,0,0,0,0,1,0
824682,2026-05-05,CIN,away,624431,Jose Trevino,0,0,0,0,0,0,0,0,0,0
824682,2026-05-05,CIN,away,663886,Tyler Stephenson,3,0,1,0,0,0,0,1,1,0
824682,2026-05-05,CIN,away,668709,JJ Bleday,4,1,1,0,0,1,1,0,1,0
824119,2026-05-05,KC,home,695600,Carter Jensen,4,0,0,0,0,0,0,0,4,0
824119,2026-05-05,KC,home,686555,Isaac Collins,3,2,3,1,0,1,1,0,0,1
824119,2026-05-05,KC,home,521692,Salvador Perez,4,0,1,0,0,0,2,0,2,0
824119,2026-05-05,KC,home,686681,Michael Massey,3,1,2,0,0,1,2,0,0,0
824119,2026-05-05,KC,home,686469,Vinnie Pasquantino,4,0,0,0,0,0,0,0,0,0
824119,2026-05-05,KC,home,664728,Kyle Isbel,2,0,0,0,0,0,0,1,0,0
824119,2026-05-05,KC,home,672580,Maikel Garcia,3,1,0,0,0,0,0,1,1,0
824119,2026-05-05,KC,home,695506,Jac Caglianone,4,0,0,0,0,0,0,0,2,0
824119,2026-05-05,KC,home,677951,Bobby Witt Jr.,4,1,2,1,0,0,0,0,1,0
824119,2026-05-05,CLE,away,800050,Chase DeLauter,4,0,1,0,0,0,0,0,0,0
824119,2026-05-05,CLE,away,683953,Travis Bazzana,3,0,0,0,0,0,0,0,0,0
824119,2026-05-05,CLE,away,682177,Daniel Schneemann,4,0,1,0,0,0,0,0,1,0
824119,2026-05-05,CLE,away,666310,Bo Naylor,2,0,0,0,0,0,0,0,1,0
824119,2026-05-05,CLE,away,681807,David Fry,0,0,0,0,0,0,0,1,0,0
824119,2026-05-05,CLE,away,608070,José Ramírez,4,1,0,0,0,0,0,0,1,0
824119,2026-05-05,CLE,away,680757,Steven Kwan,4,0,0,0,0,0,0,0,0,0
824119,2026-05-05,CLE,away,682657,Angel Martínez,3,0,0,0,0,0,0,0,1,0
824119,2026-05-05,CLE,away,700932,Kyle Manzardo,4,1,1,0,0,0,0,0,1,0
824119,2026-05-05,CLE,away,656555,Rhys Hoskins,3,1,1,0,0,1,3,1,0,0
824200,2026-05-05,HOU,home,670623,Isaac Paredes,2,0,0,0,0,0,0,0,1,0
824200,2026-05-05,HOU,home,669397,Nick Allen,3,0,1,0,0,0,0,0,0,0
824200,2026-05-05,HOU,home,701358,Cam Smith,3,0,0,0,0,0,0,0,0,0
824200,2026-05-05,HOU,home,669699,Braden Shewmake,3,1,2,0,0,1,1,0,0,0
824200,2026-05-05,HOU,home,805904,Zach Cole,3,0,0,0,0,0,0,0,2,0
824200,2026-05-05,HOU,home,694728,Brice Matthews,0,0,0,0,0,0,0,0,0,0
824200,2026-05-05,HOU,home,514888,Jose Altuve,4,0,0,0,0,0,0,0,3,0
824200,2026-05-05,HOU,home,572233,Christian Walker,3,1,1,0,0,1,1,0,1,0
824200,2026-05-05,HOU,home,543877,Christian Vázquez,3,0,0,0,0,0,0,0,1,0
824200,2026-05-05,HOU,home,670541,Yordan Alvarez,4,0,0,0,0,0,0,0,1,0
824200,2026-05-05,LAD,away,669257,Will Smith,4,0,0,0,0,0,0,0,0,0
824200,2026-05-05,LAD,away,687221,Dalton Rushing,3,0,0,0,0,0,0,0,1,0
824200,2026-05-05,LAD,away,663656,Kyle Tucker,3,0,1,0,0,0,1,1,1,0
824200,2026-05-05,LAD,away,571970,Max Muncy,3,0,0,0,0,0,0,1,0,0
824200,2026-05-05,LAD,away,518692,Freddie Freeman,4,0,1,1,0,0,0,0,1,0
824200,2026-05-05,LAD,away,669289,Santiago Espinal,1,0,0,0,0,0,0,0,1,0
824200,2026-05-05,LAD,away,606192,Teoscar Hernández,4,0,0,0,0,0,0,0,2,0
824200,2026-05-05,LAD,away,681624,Andy Pages,4,0,3,0,0,0,0,0,0,1
824200,2026-05-05,LAD,away,669743,Alex Call,1,1,1,1,0,0,0,0,0,0
824200,2026-05-05,LAD,away,500743,Miguel Rojas,4,0,0,0,0,0,0,0,0,0
824200,2026-05-05,LAD,away,690976,Alex Freeland,1,0,0,0,0,0,0,2,0,0
824040,2026-05-05,LAA,home,672724,Oswald Peraza,0,0,0,0,0,0,0,0,0,0
824040,2026-05-05,LAA,home,687263,Zach Neto,4,1,2,0,0,1,1,0,1,0
824040,2026-05-05,LAA,home,624585,Jorge Soler,4,1,1,0,0,1,1,0,1,0
824040,2026-05-05,LAA,home,660162,Yoán Moncada,3,0,1,0,0,0,0,0,2,0
824040,2026-05-05,LAA,home,545361,Mike Trout,2,2,2,0,0,1,1,2,0,0
824040,2026-05-05,LAA,home,666176,Jo Adell,3,0,0,0,0,0,0,0,0,0
824040,2026-05-05,LAA,home,687093,Vaughn Grissom,3,0,0,0,0,0,0,0,0,0
824040,2026-05-05,LAA,home,694384,Nolan Schanuel,4,0,1,1,0,0,1,0,0,0
824040,2026-05-05,LAA,home,666139,Josh Lowe,3,0,0,0,0,0,0,0,1,0
824040,2026-05-05,LAA,home,665861,Sebastián Rivero,3,0,0,0,0,0,0,0,0,0
824040,2026-05-05,LAA,home,669326,Bryce Teodosio,0,0,0,0,0,0,0,0,0,0
824040,2026-05-05,CWS,away,671976,Tristan Peters,1,0,0,0,0,0,0,0,0,0
824040,2026-05-05,CWS,away,682668,Luisangel Acuña,2,0,0,0,0,0,0,0,0,0
824040,2026-05-05,CWS,away,545341,Randal Grichuk,2,0,1,0,0,0,1,0,0,0
824040,2026-05-05,CWS,away,808959,Munetaka Murakami,2,0,1,0,0,0,0,0,1,0
824040,2026-05-05,CWS,away,805367,Chase Meidroth,5,2,2,0,0,1,1,0,2,0
824040,2026-05-05,CWS,away,695657,Colson Montgomery,4,0,1,1,0,0,0,1,1,0
824040,2026-05-05,CWS,away,700337,Edgar Quero,4,0,0,0,0,0,1,0,2,0
824040,2026-05-05,CWS,away,643217,Andrew Benintendi,4,0,2,0,0,0,0,0,1,0
824040,2026-05-05,CWS,away,672284,Jarred Kelenic,2,0,0,0,0,0,0,1,2,0
824040,2026-05-05,CWS,away,803011,Sam Antonacci,3,0,1,0,0,0,0,0,0,1
824040,2026-05-05,CWS,away,656537,Derek Hill,3,0,0,0,0,0,0,0,0,0
824040,2026-05-05,CWS,away,678246,Miguel Vargas,3,1,0,0,0,0,0,2,0,1
825092,2026-05-05,ARI,home,680728,Adrian Del Castillo,4,0,1,0,0,0,2,0,1,0
825092,2026-05-05,ARI,home,571448,Nolan Arenado,1,1,0,0,0,0,0,2,0,0
825092,2026-05-05,ARI,home,606466,Ketel Marte,5,2,2,0,1,0,2,0,0,0
825092,2026-05-05,ARI,home,545121,Ildemaro Vargas,5,0,1,1,0,0,1,0,0,0
825092,2026-05-05,ARI,home,672695,Geraldo Perdomo,4,1,1,1,0,0,2,1,1,0
825092,2026-05-05,ARI,home,672515,Gabriel Moreno,4,1,2,1,0,0,1,0,0,0
825092,2026-05-05,ARI,home,682998,Corbin Carroll,3,1,0,0,0,0,1,1,1,0
825092,2026-05-05,ARI,home,666971,Lourdes Gurriel Jr.,1,1,1,0,0,0,0,3,0,0
825092,2026-05-05,ARI,home,677950,Alek Thomas,3,2,1,1,0,0,0,0,1,0
825092,2026-05-05,PIT,away,668804,Bryan Reynolds,3,0,0,0,0,0,0,1,1,0
825092,2026-05-05,PIT,away,663698,Joey Bart,3,0,0,0,0,0,0,0,1,0
825092,2026-05-05,PIT,away,665833,Oneil Cruz,4,0,0,0,0,0,0,0,1,0
825092,2026-05-05,PIT,away,669707,Jared Triolo,3,0,1,1,0,0,0,0,0,0
825092,2026-05-05,PIT,away,663968,Jake Mangum,3,0,0,0,0,0,0,0,1,0
825092,2026-05-05,PIT,away,695257,Billy Cook,1,0,0,0,0,0,0,0,1,0
825092,2026-05-05,PIT,away,804606,Konnor Griffin,2,0,1,1,0,0,0,1,1,0
825092,2026-05-05,PIT,away,656811,Ryan O'Hearn,3,0,0,0,0,0,0,0,1,0
825092,2026-05-05,PIT,away,693304,Nick Gonzales,4,0,0,0,0,0,0,0,1,0
825092,2026-05-05,PIT,away,542303,Marcell Ozuna,3,0,0,0,0,0,0,1,1,0
823142,2026-05-05,SEA,home,647304,Josh Naylor,3,0,2,0,0,0,0,1,1,2
823142,2026-05-05,SEA,home,702284,Cole Young,2,0,0,0,0,0,0,1,2,0
823142,2026-05-05,SEA,home,668227,Randy Arozarena,4,0,0,0,0,0,0,0,2,0
823142,2026-05-05,SEA,home,641487,J.P. Crawford,4,1,1,0,0,1,2,0,2,0
823142,2026-05-05,SEA,home,686527,Dominic Canzone,1,0,0,0,0,0,0,0,0,0
823142,2026-05-05,SEA,home,663728,Cal Raleigh,4,0,0,0,0,0,0,0,3,0
823142,2026-05-05,SEA,home,608701,Rob Refsnyder,1,0,0,0,0,0,0,0,1,0
823142,2026-05-05,SEA,home,641598,Mitch Garver,2,1,0,0,0,0,0,1,2,0
823142,2026-05-05,SEA,home,660844,Leo Rivas,3,0,0,0,0,0,0,0,0,0
823142,2026-05-05,SEA,home,677594,Julio Rodríguez,4,0,0,0,0,0,0,0,2,0
823142,2026-05-05,SEA,home,670042,Luke Raley,1,0,0,0,0,0,0,0,1,0
823142,2026-05-05,ATL,away,671739,Michael Harris II,4,0,0,0,0,0,0,0,0,0
823142,2026-05-05,ATL,away,622761,Jorge Mateo,3,0,0,0,0,0,0,0,1,0
823142,2026-05-05,ATL,away,643289,Mauricio Dubón,3,0,2,1,0,0,2,1,0,0
823142,2026-05-05,ATL,away,686948,Drake Baldwin,4,0,0,0,0,0,0,0,1,0
823142,2026-05-05,ATL,away,621566,Matt Olson,3,2,2,0,0,1,1,1,1,0
823142,2026-05-05,ATL,away,642086,Dominic Smith,4,0,0,0,0,0,0,0,2,0
823142,2026-05-05,ATL,away,642201,Eli White,0,0,0,0,0,0,0,0,0,0
823142,2026-05-05,ATL,away,645277,Ozzie Albies,4,1,1,0,0,0,0,0,1,0
823142,2026-05-05,ATL,away,663586,Austin Riley,4,0,0,0,0,0,0,0,2,0
823142,2026-05-05,ATL,away,573262,Mike Yastrzemski,3,0,1,0,0,0,0,0,1,0
823227,2026-05-05,SF,home,669477,Casey Schmitt,4,1,1,0,0,1,2,0,1,0
823227,2026-05-05,SF,home,671218,Heliot Ramos,4,0,0,0,0,0,0,0,2,0
823227,2026-05-05,SF,home,683679,Jesus Rodriguez,3,1,2,0,0,1,2,0,0,0
823227,2026-05-05,SF,home,656305,Matt Chapman,4,0,0,0,0,0,0,0,1,0
823227,2026-05-05,SF,home,808982,Jung Hoo Lee,4,1,1,0,0,0,1,0,0,0
823227,2026-05-05,SF,home,687551,Drew Gilbert,3,1,1,0,0,0,0,0,1,0
823227,2026-05-05,SF,home,646240,Rafael Devers,4,0,1,0,0,0,0,0,1,0
823227,2026-05-05,SF,home,683766,Christian Koss,1,0,0,0,0,0,0,0,1,0
823227,2026-05-05,SF,home,642715,Willy Adames,4,1,1,0,0,0,0,0,1,0
823227,2026-05-05,SF,home,805811,Bryce Eldridge,4,0,1,0,0,0,0,0,0,0
823227,2026-05-05,SD,away,669134,Luis Campusano,2,1,0,0,0,0,0,1,0,0
823227,2026-05-05,SD,away,592206,Nick Castellanos,3,1,1,0,0,0,2,0,0,0
823227,2026-05-05,SD,away,701538,Jackson Merrill,5,2,3,1,0,0,2,0,2,1
823227,2026-05-05,SD,away,823550,Sung-Mun Song,4,2,2,1,0,0,2,0,0,1
823227,2026-05-05,SD,away,657757,Gavin Sheets,5,1,2,0,0,0,0,0,0,1
823227,2026-05-05,SD,away,592518,Manny Machado,5,0,0,0,0,0,0,0,2,0
823227,2026-05-05,SD,away,609280,Miguel Andujar,5,1,3,1,1,0,1,0,0,0
823227,2026-05-05,SD,away,665487,Fernando Tatis Jr.,5,1,1,1,0,0,0,0,1,0
823227,2026-05-05,SD,away,669369,Bryce Johnson,1,0,0,0,0,0,0,0,0,0
823227,2026-05-05,SD,away,593428,Xander Bogaerts,4,1,2,0,0,1,2,1,0,0
822985,2026-05-06,TB,home,670764,Taylor Walls,2,0,1,0,0,0,0,1,0,0
822985,2026-05-06,TB,home,668723,Ryan Vilade,2,0,0,0,0,0,0,1,0,0
822985,2026-05-06,TB,home,802415,Chandler Simpson,4,0,1,0,0,0,1,0,0,0
822985,2026-05-06,TB,home,676356,Jonny DeLuca,4,1,1,1,0,0,1,0,1,0
822985,2026-05-06,TB,home,666018,Jonathan Aranda,1,1,0,0,0,0,0,2,0,0
822985,2026-05-06,TB,home,663743,Nick Fortes,3,0,1,0,0,0,0,0,0,0
822985,2026-05-06,TB,home,650490,Yandy Díaz,4,0,1,0,0,0,0,0,0,0
822985,2026-05-06,TB,home,810938,Ben Williamson,3,0,0,0,0,0,0,1,1,0
822985,2026-05-06,TB,home,691406,Junior Caminero,4,0,0,0,0,0,0,0,1,0
822985,2026-05-06,TB,home,656775,Cedric Mullins,1,1,1,0,0,0,0,0,0,0
822985,2026-05-06,TOR,away,672820,Lenyn Sosa,2,0,0,0,0,0,0,0,1,0
822985,2026-05-06,TOR,away,676391,Ernie Clement,4,0,0,0,0,0,0,0,0,0
822985,2026-05-06,TOR,away,662139,Daulton Varsho,2,0,1,0,0,0,0,0,0,0
822985,2026-05-06,TOR,away,665926,Andrés Giménez,1,0,0,0,0,0,0,0,0,0
822985,2026-05-06,TOR,away,678218,Brandon Valenzuela,0,0,0,0,0,0,0,0,0,0
822985,2026-05-06,TOR,away,676914,Davis Schneider,2,0,0,0,0,0,0,0,1,0
822985,2026-05-06,TOR,away,543807,George Springer,4,0,0,0,0,0,0,0,1,0
822985,2026-05-06,TOR,away,682818,Yohendrick Piñango,3,0,0,0,0,0,0,0,1,0
822985,2026-05-06,TOR,away,623168,Tyler Heineman,2,0,0,0,0,0,0,0,0,0
822985,2026-05-06,TOR,away,665489,Vladimir Guerrero Jr.,4,0,0,0,0,0,0,0,1,0
822985,2026-05-06,TOR,away,660821,Jesús Sánchez,1,0,0,0,0,0,0,0,1,0
822985,2026-05-06,TOR,away,664702,Myles Straw,3,0,2,1,0,0,0,0,1,0
822985,2026-05-06,TOR,away,672960,Kazuma Okamoto,3,0,1,1,0,0,0,1,0,0
823063,2026-05-06,STL,home,669357,Nolan Gorman,3,1,1,1,0,0,0,1,2,0
823063,2026-05-06,STL,home,691023,Jordan Walker,2,0,0,0,0,0,0,2,0,1
823063,2026-05-06,STL,home,701675,Nathan Church,0,0,0,0,0,0,0,0,0,0
823063,2026-05-06,STL,home,687363,Victor Scott II,3,1,1,0,0,0,0,0,1,1
823063,2026-05-06,STL,home,665877,José Fermín,2,0,0,0,0,0,1,1,0,0
823063,2026-05-06,STL,home,802139,JJ Wetherholt,4,0,0,0,0,0,0,0,1,0
823063,2026-05-06,STL,home,676475,Alec Burleson,4,0,1,0,0,0,1,0,1,0
823063,2026-05-06,STL,home,686780,Pedro Pagés,3,0,0,0,0,0,0,0,1,0
823063,2026-05-06,STL,home,693409,César Prieto,1,0,0,0,0,0,0,0,0,0
823063,2026-05-06,STL,home,691026,Masyn Winn,4,0,0,0,0,0,0,0,1,0
823063,2026-05-06,STL,home,671056,Iván Herrera,4,0,1,1,0,0,0,0,2,0
823063,2026-05-06,MIL,away,687401,Joey Ortiz,4,1,1,0,0,0,0,0,2,0
823063,2026-05-06,MIL,away,694192,Jackson Chourio,5,0,2,1,0,0,1,0,1,0
823063,2026-05-06,MIL,away,641343,Jake Bauers,3,1,2,0,0,0,1,1,0,0
823063,2026-05-06,MIL,away,686217,Sal Frelick,5,1,2,0,0,0,0,0,0,0
823063,2026-05-06,MIL,away,683734,Andrew Vaughn,4,1,2,0,0,1,3,0,0,0
823063,2026-05-06,MIL,away,663604,Brandon Lockridge,1,0,0,0,0,0,0,0,0,0
823063,2026-05-06,MIL,away,672012,Tyler Black,3,0,0,0,0,0,0,0,0,0
823063,2026-05-06,MIL,away,666152,David Hamilton,4,0,1,0,0,0,0,0,1,0
823063,2026-05-06,MIL,away,661388,William Contreras,4,1,0,0,0,0,0,0,1,0
823063,2026-05-06,MIL,away,668930,Brice Turang,3,1,1,0,0,0,0,2,1,0
824198,2026-05-06,HOU,home,694376,Shay Whitcomb,1,0,0,0,0,0,0,0,1,0
824198,2026-05-06,HOU,home,670623,Isaac Paredes,2,0,1,0,0,0,0,0,1,0
824198,2026-05-06,HOU,home,669397,Nick Allen,2,0,0,0,0,0,0,0,0,0
824198,2026-05-06,HOU,home,701358,Cam Smith,3,0,0,0,0,0,0,0,1,0
824198,2026-05-06,HOU,home,669699,Braden Shewmake,3,0,1,0,0,0,0,0,0,0
824198,2026-05-06,HOU,home,805904,Zach Cole,3,0,1,0,0,0,1,0,0,0
824198,2026-05-06,HOU,home,663967,César Salazar,3,0,0,0,0,0,0,0,0,0
824198,2026-05-06,HOU,home,694728,Brice Matthews,4,1,1,0,0,1,1,0,2,0
824198,2026-05-06,HOU,home,701305,Zach Dezenzo,3,0,0,0,0,0,0,0,0,0
824198,2026-05-06,HOU,home,572233,Christian Walker,4,1,1,0,0,0,0,0,1,0
824198,2026-05-06,HOU,home,543877,Christian Vázquez,1,0,0,0,0,0,0,0,1,0
824198,2026-05-06,HOU,home,670541,Yordan Alvarez,2,0,0,0,0,0,0,0,1,0
824198,2026-05-06,LAD,away,687221,Dalton Rushing,5,1,2,0,0,0,0,0,0,0
824198,2026-05-06,LAD,away,663656,Kyle Tucker,4,2,2,1,0,0,0,1,1,0
824198,2026-05-06,LAD,away,571970,Max Muncy,3,1,1,0,0,0,0,0,2,0
824198,2026-05-06,LAD,away,518692,Freddie Freeman,2,1,1,1,0,0,1,2,0,0
824198,2026-05-06,LAD,away,808975,Hyeseong Kim,5,1,2,0,1,0,0,0,1,0
824198,2026-05-06,LAD,away,669289,Santiago Espinal,1,0,0,0,0,0,0,0,0,0
824198,2026-05-06,LAD,away,660271,Shohei Ohtani,4,2,2,1,0,0,1,1,1,1
824198,2026-05-06,LAD,away,606192,Teoscar Hernández,4,0,0,0,0,0,0,0,3,0
824198,2026-05-06,LAD,away,681624,Andy Pages,5,3,3,0,0,3,6,0,0,0
824198,2026-05-06,LAD,away,669743,Alex Call,2,0,0,0,0,0,0,0,0,0
824198,2026-05-06,LAD,away,500743,Miguel Rojas,1,0,0,0,0,0,0,0,0,0
824198,2026-05-06,LAD,away,690976,Alex Freeland,4,1,1,0,0,0,1,1,1,0
823226,2026-05-06,SF,home,669477,Casey Schmitt,4,0,0,0,0,0,0,0,2,0
823226,2026-05-06,SF,home,671218,Heliot Ramos,4,0,0,0,0,0,0,0,3,0
823226,2026-05-06,SF,home,683679,Jesus Rodriguez,3,0,2,0,0,0,0,0,0,0
823226,2026-05-06,SF,home,656305,Matt Chapman,3,0,0,0,0,0,0,0,1,0
823226,2026-05-06,SF,home,672275,Patrick Bailey,3,0,0,0,0,0,0,0,2,0
823226,2026-05-06,SF,home,808982,Jung Hoo Lee,4,0,0,0,0,0,0,0,0,0
823226,2026-05-06,SF,home,646240,Rafael Devers,3,1,1,0,0,1,1,0,1,0
823226,2026-05-06,SF,home,642715,Willy Adames,3,0,0,0,0,0,0,0,1,0
823226,2026-05-06,SF,home,805811,Bryce Eldridge,3,0,0,0,0,0,0,0,3,0
823226,2026-05-06,SD,away,666023,Freddy Fermin,4,0,0,0,0,0,0,0,0,0
823226,2026-05-06,SD,away,592206,Nick Castellanos,4,0,2,0,0,0,0,0,1,1
823226,2026-05-06,SD,away,701538,Jackson Merrill,4,0,1,1,0,0,0,1,0,0
823226,2026-05-06,SD,away,823550,Sung-Mun Song,2,0,0,0,0,0,0,0,1,0
823226,2026-05-06,SD,away,657757,Gavin Sheets,3,1,1,0,0,1,1,0,0,0
823226,2026-05-06,SD,away,657656,Ramón Laureano,2,1,0,0,0,0,0,2,1,0
823226,2026-05-06,SD,away,592518,Manny Machado,3,1,0,0,0,0,0,1,1,0
823226,2026-05-06,SD,away,609280,Miguel Andujar,4,0,0,0,0,0,0,0,0,0
823226,2026-05-06,SD,away,665487,Fernando Tatis Jr.,4,1,0,0,0,0,0,0,0,0
823226,2026-05-06,SD,away,664034,Ty France,2,0,1,0,1,0,2,0,0,0
823226,2026-05-06,SD,away,593428,Xander Bogaerts,1,1,1,0,0,1,2,0,0,0
824036,2026-05-06,LAA,home,672724,Oswald Peraza,4,0,1,0,0,0,0,0,0,0
824036,2026-05-06,LAA,home,687263,Zach Neto,2,2,1,0,1,0,2,2,0,0
824036,2026-05-06,LAA,home,624585,Jorge Soler,1,1,1,0,0,0,1,2,0,0
824036,2026-05-06,LAA,home,518595,Travis d'Arnaud,2,1,1,0,0,1,3,0,0,0
824036,2026-05-06,LAA,home,545361,Mike Trout,5,0,1,0,0,0,1,0,1,0
824036,2026-05-06,LAA,home,666176,Jo Adell,3,0,0,0,0,0,1,0,3,0
824036,2026-05-06,LAA,home,687093,Vaughn Grissom,3,0,0,0,0,0,0,1,1,0
824036,2026-05-06,LAA,home,694384,Nolan Schanuel,4,2,1,0,0,0,0,0,0,0
824036,2026-05-06,LAA,home,665861,Sebastián Rivero,2,0,0,0,0,0,0,0,0,0
824036,2026-05-06,LAA,home,669326,Bryce Teodosio,3,2,2,1,0,0,0,1,0,2
824036,2026-05-06,CWS,away,671976,Tristan Peters,2,0,0,0,0,0,0,0,1,0
824036,2026-05-06,CWS,away,682668,Luisangel Acuña,1,0,1,0,0,0,0,0,0,0
824036,2026-05-06,CWS,away,545341,Randal Grichuk,2,0,0,0,0,0,0,0,0,0
824036,2026-05-06,CWS,away,808959,Munetaka Murakami,4,0,0,0,0,0,0,0,4,0
824036,2026-05-06,CWS,away,805367,Chase Meidroth,3,1,2,0,0,0,0,1,1,0
824036,2026-05-06,CWS,away,695657,Colson Montgomery,4,1,1,1,0,0,0,0,2,0
824036,2026-05-06,CWS,away,691011,Drew Romo,2,0,0,0,0,0,0,2,0,0
824036,2026-05-06,CWS,away,643217,Andrew Benintendi,2,0,0,0,0,0,1,1,1,0
824036,2026-05-06,CWS,away,803011,Sam Antonacci,3,0,0,0,0,0,1,0,0,0
824036,2026-05-06,CWS,away,672284,Jarred Kelenic,1,0,0,0,0,0,0,1,0,0
824036,2026-05-06,CWS,away,656537,Derek Hill,1,0,0,0,0,0,0,0,0,0
824036,2026-05-06,CWS,away,678246,Miguel Vargas,4,0,0,0,0,0,0,0,1,0
823141,2026-05-06,SEA,home,647304,Josh Naylor,4,1,1,0,0,0,0,0,1,1
823141,2026-05-06,SEA,home,702284,Cole Young,4,0,3,2,0,0,1,0,1,0
823141,2026-05-06,SEA,home,641487,J.P. Crawford,2,0,0,0,0,0,0,2,0,0
823141,2026-05-06,SEA,home,668227,Randy Arozarena,4,0,1,0,0,0,0,0,1,0
823141,2026-05-06,SEA,home,686527,Dominic Canzone,1,0,0,0,0,0,0,0,0,0
823141,2026-05-06,SEA,home,663728,Cal Raleigh,4,0,0,0,0,0,0,0,2,0
823141,2026-05-06,SEA,home,640902,Jhonny Pereda,2,1,2,0,0,0,0,0,0,0
823141,2026-05-06,SEA,home,656582,Connor Joe,4,0,0,0,0,0,0,0,1,0
823141,2026-05-06,SEA,home,641598,Mitch Garver,0,0,0,0,0,0,0,0,0,0
823141,2026-05-06,SEA,home,677594,Julio Rodríguez,4,1,1,0,0,1,1,0,2,0
823141,2026-05-06,SEA,home,660844,Leo Rivas,3,0,1,1,0,0,0,0,1,0
823141,2026-05-06,ATL,away,671739,Michael Harris II,4,0,0,0,0,0,0,0,1,0
823141,2026-05-06,ATL,away,622761,Jorge Mateo,0,0,0,0,0,0,0,0,0,0
823141,2026-05-06,ATL,away,643289,Mauricio Dubón,4,0,1,0,0,0,0,0,2,0
823141,2026-05-06,ATL,away,800311,Didier Fuentes,0,0,0,0,0,0,0,0,0,0
823141,2026-05-06,ATL,away,686948,Drake Baldwin,4,0,1,0,0,0,0,0,2,0
823141,2026-05-06,ATL,away,805347,Jim Jarvis,2,0,0,0,0,0,0,0,1,0
823141,2026-05-06,ATL,away,621566,Matt Olson,3,0,0,0,0,0,0,1,2,0
823141,2026-05-06,ATL,away,642086,Dominic Smith,0,0,0,0,0,0,1,0,0,0
823141,2026-05-06,ATL,away,669221,Sean Murphy,3,0,1,0,0,0,0,0,1,0
823141,2026-05-06,ATL,away,642201,Eli White,0,0,0,0,0,0,0,0,0,0
823141,2026-05-06,ATL,away,645277,Ozzie Albies,3,0,0,0,0,0,0,1,1,0
823141,2026-05-06,ATL,away,663586,Austin Riley,3,0,0,0,0,0,0,0,2,0
823141,2026-05-06,ATL,away,573262,Mike Yastrzemski,3,1,1,0,0,0,0,0,0,0
824282,2026-05-06,DET,home,690291,Jace Jung,2,0,0,0,0,0,0,0,0,0
824282,2026-05-06,DET,home,656716,Zach McKinstry,2,0,0,0,0,0,0,2,0,0
824282,2026-05-06,DET,home,663330,Jahmai Jones,2,0,0,0,0,0,0,0,1,0
824282,2026-05-06,DET,home,682985,Riley Greene,4,0,2,1,0,0,0,0,2,0
824282,2026-05-06,DET,home,805808,Kevin McGonigle,4,0,0,0,0,0,0,0,0,0
824282,2026-05-06,DET,home,681481,Kerry Carpenter,2,0,0,0,0,0,0,0,1,0
824282,2026-05-06,DET,home,679529,Spencer Torkelson,3,0,0,0,0,0,0,1,2,0
824282,2026-05-06,DET,home,663837,Matt Vierling,3,0,1,0,0,0,0,1,0,0
824282,2026-05-06,DET,home,693307,Dillon Dingler,4,0,0,0,0,0,0,0,1,0
824282,2026-05-06,DET,home,690993,Colt Keith,3,0,1,0,0,0,0,1,0,0
824282,2026-05-06,DET,home,672761,Wenceel Pérez,1,0,0,0,0,0,0,0,0,0
824282,2026-05-06,BOS,away,575929,Willson Contreras,3,0,0,0,0,0,1,1,3,0
824282,2026-05-06,BOS,away,596115,Trevor Story,4,0,0,0,0,0,0,0,2,0
824282,2026-05-06,BOS,away,677800,Wilyer Abreu,5,0,0,0,0,0,0,0,3,0
824282,2026-05-06,BOS,away,702332,Caleb Durbin,4,0,1,1,0,0,1,0,1,1
824282,2026-05-06,BOS,away,665966,Carlos Narváez,2,1,0,0,0,0,0,1,0,0
824282,2026-05-06,BOS,away,680776,Jarren Duran,3,0,0,0,0,0,0,2,2,1
824282,2026-05-06,BOS,away,678882,Ceddanne Rafaela,2,1,0,0,0,0,0,2,1,1
824282,2026-05-06,BOS,away,807799,Masataka Yoshida,4,1,2,0,0,0,0,0,1,0
824282,2026-05-06,BOS,away,691785,Marcelo Mayer,3,1,1,0,0,0,0,1,2,0
823470,2026-05-06,PHI,home,669016,Brandon Marsh,4,1,3,0,1,0,1,0,0,0
823470,2026-05-06,PHI,home,702222,Justin Crawford,2,0,0,0,0,0,1,0,1,0
823470,2026-05-06,PHI,home,547180,Bryce Harper,4,1,0,0,0,0,0,0,0,0
823470,2026-05-06,PHI,home,592663,J.T. Realmuto,4,0,2,0,0,0,0,0,0,0
823470,2026-05-06,PHI,home,624641,Edmundo Sosa,4,1,2,0,0,0,2,0,1,0
823470,2026-05-06,PHI,home,664761,Alec Bohm,2,0,0,0,0,0,0,0,0,0
823470,2026-05-06,PHI,home,681082,Bryson Stott,2,0,1,0,0,0,0,0,1,0
823470,2026-05-06,PHI,home,656941,Kyle Schwarber,3,1,1,1,0,0,0,1,1,0
823470,2026-05-06,PHI,home,694025,Felix Reyes,2,0,0,0,0,0,1,0,0,0
823470,2026-05-06,PHI,home,666969,Adolis García,4,2,2,0,0,1,1,0,1,0
823470,2026-05-06,PHI,home,607208,Trea Turner,5,0,1,0,0,0,0,0,1,0
823470,2026-05-06,OAK,away,671732,Lawrence Butler,2,1,0,0,0,0,0,2,1,0
823470,2026-05-06,OAK,away,641680,Jonah Heim,4,0,0,0,0,0,0,0,0,0
823470,2026-05-06,OAK,away,667670,Brent Rooker,3,0,1,1,0,0,0,1,2,0
823470,2026-05-06,OAK,away,680869,Zack Gelof,4,1,1,1,0,0,0,0,3,0
823470,2026-05-06,OAK,away,643446,Jeff McNeil,4,0,1,0,0,0,0,0,0,0
823470,2026-05-06,OAK,away,666126,Carlos Cortes,3,0,0,0,0,0,0,0,0,0
823470,2026-05-06,OAK,away,691016,Tyler Soderstrom,4,1,1,0,0,1,1,0,1,0
823470,2026-05-06,OAK,away,687231,Darell Hernaiz,0,0,0,0,0,0,0,0,0,0
823470,2026-05-06,OAK,away,701762,Nick Kurtz,4,0,2,0,0,0,1,1,0,1
823470,2026-05-06,OAK,away,695391,Brett Harris,0,0,0,0,0,0,0,0,0,0
823470,2026-05-06,OAK,away,687515,Colby Thomas,1,0,0,0,0,0,0,0,0,0
823470,2026-05-06,OAK,away,805779,Jacob Wilson,5,0,1,0,0,0,1,0,1,1
823872,2026-05-06,MIA,home,666624,Christopher Morel,3,0,0,0,0,0,0,1,1,0
823872,2026-05-06,MIA,home,805300,Jakob Marsee,4,1,1,1,0,0,2,0,0,0
823872,2026-05-06,MIA,home,691594,Javier Sanoja,4,0,1,0,0,0,0,0,1,0
823872,2026-05-06,MIA,home,669364,Xavier Edwards,4,0,0,0,0,0,1,0,0,0
823872,2026-05-06,MIA,home,669065,Kyle Stowers,4,1,1,0,0,0,0,0,1,0
823872,2026-05-06,MIA,home,689414,Liam Hicks,3,0,1,0,0,0,0,1,0,0
823872,2026-05-06,MIA,home,683357,Owen Caissie,3,0,1,0,0,0,1,1,1,0
823872,2026-05-06,MIA,home,681393,Connor Norby,3,1,0,0,0,0,0,1,3,0
823872,2026-05-06,MIA,home,691788,Joe Mack,2,0,0,0,0,0,0,0,0,0
823872,2026-05-06,MIA,home,672640,Otto Lopez,2,1,1,1,0,0,0,0,0,0
823872,2026-05-06,BAL,away,669236,Jeremiah Jackson,4,0,0,0,0,0,0,0,0,0
823872,2026-05-06,BAL,away,694212,Samuel Basallo,3,1,1,0,0,0,0,1,0,0
823872,2026-05-06,BAL,away,683002,Gunnar Henderson,5,0,0,0,0,0,0,0,3,0
823872,2026-05-06,BAL,away,665750,Leody Taveras,3,1,1,1,0,0,0,1,0,0
823872,2026-05-06,BAL,away,621493,Taylor Ward,2,3,0,0,0,0,0,3,2,0
823872,2026-05-06,BAL,away,687637,Dylan Beavers,2,0,1,1,0,0,1,1,1,0
823872,2026-05-06,BAL,away,668939,Adley Rutschman,3,1,2,2,0,0,2,1,0,0
823872,2026-05-06,BAL,away,641933,Tyler O'Neill,1,0,0,0,0,0,0,0,0,0
823872,2026-05-06,BAL,away,677942,Blaze Alexander,1,0,1,0,1,0,1,0,0,0
823872,2026-05-06,BAL,away,624413,Pete Alonso,5,1,1,0,0,1,3,0,1,0
823872,2026-05-06,BAL,away,681297,Colton Cowser,0,0,0,0,0,0,0,0,0,0
823872,2026-05-06,BAL,away,691723,Coby Mayo,3,0,0,0,0,0,0,0,2,0
822740,2026-05-06,WSH,home,691781,Brady House,5,2,2,1,0,1,3,0,0,0
822740,2026-05-06,WSH,home,682928,CJ Abrams,5,2,3,2,0,1,5,0,0,0
822740,2026-05-06,WSH,home,683083,Nasim Nuñez,4,0,1,0,1,0,1,0,1,0
822740,2026-05-06,WSH,home,686452,Drew Millas,4,2,2,1,0,1,2,0,1,0
822740,2026-05-06,WSH,home,678554,Curtis Mead,3,1,0,0,0,0,0,2,2,0
822740,2026-05-06,WSH,home,695734,Daylen Lile,3,2,0,0,0,0,0,2,1,1
822740,2026-05-06,WSH,home,677588,José Tena,5,2,2,1,0,1,2,0,0,0
822740,2026-05-06,WSH,home,695578,James Wood,4,2,2,0,0,0,2,1,2,2
822740,2026-05-06,WSH,home,696285,Jacob Young,5,2,2,0,0,0,0,0,0,0
822740,2026-05-06,MIN,away,605170,Victor Caratini,3,0,0,0,0,0,0,0,1,0
822740,2026-05-06,MIN,away,665019,Kody Clemens,2,0,0,0,0,0,0,0,1,0
822740,2026-05-06,MIN,away,686797,Brooks Lee,4,0,0,0,0,0,0,0,0,0
822740,2026-05-06,MIN,away,656484,Tristan Gray,3,0,0,0,0,0,0,0,1,0
822740,2026-05-06,MIN,away,605137,Josh Bell,4,0,0,0,0,0,0,0,0,0
822740,2026-05-06,MIN,away,680777,Ryan Jeffers,1,0,0,0,0,0,0,0,0,0
822740,2026-05-06,MIN,away,681546,James Outman,1,0,0,0,0,0,0,0,0,0
822740,2026-05-06,MIN,away,663616,Trevor Larnach,4,0,0,0,0,0,0,0,1,0
822740,2026-05-06,MIN,away,621439,Byron Buxton,3,0,0,0,0,0,0,0,1,0
822740,2026-05-06,MIN,away,670242,Matt Wallner,3,1,2,0,0,1,2,0,0,0
822740,2026-05-06,MIN,away,807712,Luke Keaschall,3,1,1,1,0,0,0,0,0,0
823550,2026-05-06,NYY,home,676609,José Caballero,2,0,0,0,0,0,0,0,0,0
823550,2026-05-06,NYY,home,592450,Aaron Judge,4,1,1,0,0,1,1,0,2,0
823550,2026-05-06,NYY,home,641857,Ryan McMahon,3,0,0,0,0,0,0,0,1,0
823550,2026-05-06,NYY,home,502671,Paul Goldschmidt,3,0,0,0,0,0,0,0,1,0
823550,2026-05-06,NYY,home,691176,Jasson Domínguez,4,0,0,0,0,0,0,0,1,0
823550,2026-05-06,NYY,home,669224,Austin Wells,3,0,1,0,0,0,0,0,1,0
823550,2026-05-06,NYY,home,641355,Cody Bellinger,3,0,1,0,0,0,0,1,0,0
823550,2026-05-06,NYY,home,665862,Jazz Chisholm Jr.,3,0,0,0,0,0,0,0,1,0
823550,2026-05-06,NYY,home,663757,Trent Grisham,4,0,0,0,0,0,0,0,2,0
823550,2026-05-06,TEX,away,694497,Evan Carter,4,1,1,0,0,1,2,0,2,0
823550,2026-05-06,TEX,away,669394,Jake Burger,4,1,2,0,0,0,0,0,0,0
823550,2026-05-06,TEX,away,696030,Alejandro Osuna,3,0,1,0,0,0,0,1,1,0
823550,2026-05-06,TEX,away,608369,Corey Seager,5,1,2,0,0,1,2,0,2,0
823550,2026-05-06,TEX,away,673962,Josh Jung,5,0,0,0,0,0,0,0,3,0
823550,2026-05-06,TEX,away,457705,Andrew McCutchen,3,1,1,0,0,0,0,1,1,0
823550,2026-05-06,TEX,away,543309,Kyle Higashioka,4,0,0,0,0,0,0,0,3,0
823550,2026-05-06,TEX,away,677649,Ezequiel Duran,3,1,1,1,0,0,2,1,1,1
823550,2026-05-06,TEX,away,607043,Brandon Nimmo,3,1,0,0,0,0,0,2,1,0
824683,2026-05-06,CHC,home,624424,Michael Conforto,1,0,0,0,0,0,0,0,0,0
824683,2026-05-06,CHC,home,664023,Ian Happ,5,2,3,0,0,1,2,0,1,1
824683,2026-05-06,CHC,home,608324,Alex Bregman,4,1,1,0,0,0,0,1,2,0
824683,2026-05-06,CHC,home,683737,Michael Busch,3,0,1,0,0,0,1,2,2,0
824683,2026-05-06,CHC,home,608348,Carson Kelly,4,1,1,0,0,0,0,0,1,0
824683,2026-05-06,CHC,home,691718,Pete Crow-Armstrong,3,1,2,0,0,1,2,0,0,0
824683,2026-05-06,CHC,home,665804,Miguel Amaya,0,0,0,0,0,0,0,0,0,0
824683,2026-05-06,CHC,home,694208,Moisés Ballesteros,3,0,0,0,0,0,0,0,2,0
824683,2026-05-06,CHC,home,673548,Seiya Suzuki,4,1,1,1,0,0,1,1,1,0
824683,2026-05-06,CHC,home,621020,Dansby Swanson,4,0,1,0,0,0,0,0,1,0
824683,2026-05-06,CHC,home,663538,Nico Hoerner,5,1,0,0,0,0,0,0,0,0
824683,2026-05-06,CHC,home,807713,Matt Shaw,0,0,0,0,0,0,0,0,0,0
824683,2026-05-06,CIN,away,682829,Elly De La Cruz,4,0,0,0,0,0,3,0,2,0
824683,2026-05-06,CIN,away,667472,Dane Myers,1,0,0,0,0,0,0,0,1,0
824683,2026-05-06,CIN,away,701398,Sal Stewart,4,0,0,0,0,0,0,1,0,0
824683,2026-05-06,CIN,away,663993,Nathaniel Lowe,4,0,1,0,0,0,0,1,1,0
824683,2026-05-06,CIN,away,680574,Matt McLain,3,2,2,0,0,1,1,0,0,0
824683,2026-05-06,CIN,away,663647,Ke'Bryan Hayes,0,0,0,0,0,0,0,0,0,0
824683,2026-05-06,CIN,away,666181,Will Benson,4,1,2,0,0,0,0,1,0,0
824683,2026-05-06,CIN,away,670770,TJ Friedl,3,1,1,0,0,0,0,1,1,0
824683,2026-05-06,CIN,away,694362,Blake Dunn,0,0,0,0,0,0,0,0,0,0
824683,2026-05-06,CIN,away,668715,Spencer Steer,5,1,1,0,0,1,1,0,1,0
824683,2026-05-06,CIN,away,624431,Jose Trevino,3,0,0,0,0,0,0,0,0,0
824683,2026-05-06,CIN,away,663886,Tyler Stephenson,1,1,1,0,0,0,0,0,0,0
824683,2026-05-06,CIN,away,668709,JJ Bleday,5,0,2,0,0,0,1,0,2,0
824118,2026-05-06,KC,home,686555,Isaac Collins,4,0,0,0,0,0,0,0,2,0
824118,2026-05-06,KC,home,521692,Salvador Perez,2,0,0,0,0,0,1,1,2,0
824118,2026-05-06,KC,home,679845,Nick Loftin,2,0,0,0,0,0,0,1,1,0
824118,2026-05-06,KC,home,516782,Starling Marte,2,0,1,0,0,0,0,1,0,0
824118,2026-05-06,KC,home,686469,Vinnie Pasquantino,4,0,1,0,0,0,0,0,1,0
824118,2026-05-06,KC,home,664728,Kyle Isbel,1,0,0,0,0,0,0,0,1,0
824118,2026-05-06,KC,home,553869,Elias Díaz,3,0,0,0,0,0,0,0,0,0
824118,2026-05-06,KC,home,672580,Maikel Garcia,3,0,2,0,0,0,0,1,0,0
824118,2026-05-06,KC,home,657041,Lane Thomas,2,0,0,0,0,0,0,1,0,0
824118,2026-05-06,KC,home,695506,Jac Caglianone,1,0,0,0,0,0,0,0,0,0
824118,2026-05-06,KC,home,677951,Bobby Witt Jr.,4,1,0,0,0,0,0,0,1,1
824118,2026-05-06,CLE,away,800050,Chase DeLauter,4,0,2,1,0,0,2,0,1,0
824118,2026-05-06,CLE,away,595978,Austin Hedges,3,1,1,0,0,0,0,1,0,1
824118,2026-05-06,CLE,away,682177,Daniel Schneemann,3,0,1,1,0,0,0,1,1,0
824118,2026-05-06,CLE,away,677587,Brayan Rocchio,3,0,0,0,0,0,0,1,0,0
824118,2026-05-06,CLE,away,690984,Petey Halpin,4,1,1,0,0,0,0,0,1,1
824118,2026-05-06,CLE,away,681807,David Fry,4,0,0,0,0,0,1,0,1,0
824118,2026-05-06,CLE,away,608070,José Ramírez,2,1,0,0,0,0,0,2,0,1
824118,2026-05-06,CLE,away,682657,Angel Martínez,4,0,1,0,0,0,0,1,2,0
824118,2026-05-06,CLE,away,700932,Kyle Manzardo,1,0,0,0,0,0,0,0,0,0
824118,2026-05-06,CLE,away,656555,Rhys Hoskins,3,0,0,0,0,0,0,0,2,0
824361,2026-05-06,COL,home,666160,Mickey Moniak,5,1,1,0,0,0,0,0,2,0
824361,2026-05-06,COL,home,664983,Jake McCarthy,4,1,1,0,0,1,2,0,0,0
824361,2026-05-06,COL,home,687859,Troy Johnston,4,1,2,1,0,0,1,0,1,0
824361,2026-05-06,COL,home,671289,Tyler Freeman,4,1,2,1,0,0,1,0,0,0
824361,2026-05-06,COL,home,666397,Edouard Julien,5,0,2,0,0,0,0,0,1,0
824361,2026-05-06,COL,home,696100,Hunter Goodman,4,0,1,0,0,0,0,1,1,0
824361,2026-05-06,COL,home,687597,Jordan Beck,1,0,0,0,0,0,0,0,1,0
824361,2026-05-06,COL,home,678662,Ezequiel Tovar,4,0,0,0,0,0,0,0,1,0
824361,2026-05-06,COL,home,681198,TJ Rumfield,4,1,3,0,0,1,1,1,0,0
824361,2026-05-06,COL,home,691720,Kyle Karros,4,0,1,0,0,0,0,1,1,0
824361,2026-05-06,NYM,away,620443,Luis Torrens,3,1,0,0,0,0,1,0,0,0
824361,2026-05-06,NYM,away,666182,Bo Bichette,5,0,2,0,0,0,1,0,0,0
824361,2026-05-06,NYM,away,621438,Tyrone Taylor,2,0,0,0,0,0,1,0,0,0
824361,2026-05-06,NYM,away,682626,Francisco Alvarez,4,1,2,0,0,0,1,1,0,0
824361,2026-05-06,NYM,away,668901,Mark Vientos,4,0,0,0,0,0,0,1,2,0
824361,2026-05-06,NYM,away,683146,Brett Baty,4,2,2,1,0,0,0,1,0,0
824361,2026-05-06,NYM,away,701807,Carson Benge,5,2,2,1,0,0,2,0,1,0
824361,2026-05-06,NYM,away,543760,Marcus Semien,5,3,4,1,0,1,2,0,0,0
824361,2026-05-06,NYM,away,669004,MJ Melendez,2,0,2,0,1,0,0,1,0,0
824361,2026-05-06,NYM,away,665742,Juan Soto,4,1,1,0,0,1,2,0,0,0
825091,2026-05-06,ARI,home,680728,Adrian Del Castillo,3,0,0,0,0,0,0,0,1,0
825091,2026-05-06,ARI,home,571448,Nolan Arenado,3,0,1,0,0,0,0,0,1,0
825091,2026-05-06,ARI,home,606466,Ketel Marte,4,0,0,0,0,0,0,0,0,0
825091,2026-05-06,ARI,home,545121,Ildemaro Vargas,3,0,0,0,0,0,0,0,0,0
825091,2026-05-06,ARI,home,672695,Geraldo Perdomo,3,0,0,0,0,0,0,1,1,0
825091,2026-05-06,ARI,home,699912,Jose Fernandez,1,0,0,0,0,0,0,0,1,0
825091,2026-05-06,ARI,home,672515,Gabriel Moreno,3,0,0,0,0,0,0,0,2,0
825091,2026-05-06,ARI,home,682998,Corbin Carroll,4,0,0,0,0,0,0,0,0,0
825091,2026-05-06,ARI,home,666971,Lourdes Gurriel Jr.,3,0,1,0,0,0,0,0,1,0
825091,2026-05-06,ARI,home,677950,Alek Thomas,2,0,0,0,0,0,0,0,1,0
825091,2026-05-06,PIT,away,687462,Spencer Horwitz,4,0,1,0,1,0,0,0,1,0
825091,2026-05-06,PIT,away,664040,Brandon Lowe,4,1,2,0,0,1,1,0,0,0
825091,2026-05-06,PIT,away,668804,Bryan Reynolds,4,0,2,0,0,0,0,0,1,1
825091,2026-05-06,PIT,away,665833,Oneil Cruz,4,0,0,0,0,0,0,0,1,1
825091,2026-05-06,PIT,away,669707,Jared Triolo,0,0,0,0,0,0,0,0,0,0
825091,2026-05-06,PIT,away,695257,Billy Cook,0,0,0,0,0,0,0,0,0,0
825091,2026-05-06,PIT,away,680779,Henry Davis,3,0,0,0,0,0,0,1,1,0
825091,2026-05-06,PIT,away,804606,Konnor Griffin,4,0,1,0,0,0,0,0,2,1
825091,2026-05-06,PIT,away,656811,Ryan O'Hearn,3,0,0,0,0,0,0,1,0,0
825091,2026-05-06,PIT,away,693304,Nick Gonzales,3,0,0,0,0,0,0,0,1,0
825091,2026-05-06,PIT,away,542303,Marcell Ozuna,4,0,1,0,0,0,0,0,0,0
823551,2026-05-07,NYY,home,676609,José Caballero,1,0,0,0,0,0,0,0,0,0
823551,2026-05-07,NYY,home,680474,Max Schuemann,4,0,1,1,0,0,1,0,1,0
823551,2026-05-07,NYY,home,642708,Amed Rosario,4,1,1,0,0,0,0,0,1,0
823551,2026-05-07,NYY,home,592450,Aaron Judge,5,0,1,0,0,0,1,0,1,0
823551,2026-05-07,NYY,home,641857,Ryan McMahon,3,1,2,1,0,0,1,2,1,0
823551,2026-05-07,NYY,home,502671,Paul Goldschmidt,3,2,1,0,1,0,0,2,1,0
823551,2026-05-07,NYY,home,691176,Jasson Domínguez,0,0,0,0,0,0,0,0,0,0
823551,2026-05-07,NYY,home,641555,J.C. Escarra,3,1,1,0,0,0,1,1,0,0
823551,2026-05-07,NYY,home,641355,Cody Bellinger,4,2,3,0,1,0,2,1,0,0
823551,2026-05-07,NYY,home,665862,Jazz Chisholm Jr.,5,0,1,0,0,0,0,0,1,0
823551,2026-05-07,NYY,home,663757,Trent Grisham,5,2,3,1,0,0,3,0,0,1
823551,2026-05-07,TEX,away,694497,Evan Carter,4,0,1,0,0,0,0,0,0,0
823551,2026-05-07,TEX,away,669394,Jake Burger,4,0,0,0,0,0,0,0,0,0
823551,2026-05-07,TEX,away,696030,Alejandro Osuna,0,1,0,0,0,0,0,1,0,0
823551,2026-05-07,TEX,away,592626,Joc Pederson,2,0,1,0,0,0,0,0,0,0
823551,2026-05-07,TEX,away,608369,Corey Seager,3,0,0,0,0,0,0,2,1,0
823551,2026-05-07,TEX,away,673962,Josh Jung,3,0,0,0,0,0,0,0,0,0
823551,2026-05-07,TEX,away,679822,Justin Foscue,1,0,0,0,0,0,0,0,1,0
823551,2026-05-07,TEX,away,457705,Andrew McCutchen,1,0,0,0,0,0,0,1,1,0
823551,2026-05-07,TEX,away,677649,Ezequiel Duran,3,1,1,0,0,1,2,2,1,0
823551,2026-05-07,TEX,away,607043,Brandon Nimmo,5,0,2,0,0,0,0,0,0,0
823551,2026-05-07,TEX,away,643376,Danny Jansen,3,0,1,0,0,0,0,1,0,0
823551,2026-05-07,TEX,away,664059,Sam Haggerty,2,0,0,0,0,0,0,0,0,0
822741,2026-05-07,WSH,home,691781,Brady House,3,0,1,0,0,0,0,1,0,0
822741,2026-05-07,WSH,home,682928,CJ Abrams,4,0,0,0,0,0,0,0,1,0
822741,2026-05-07,WSH,home,683083,Nasim Nuñez,1,0,0,0,0,0,1,0,1,0
822741,2026-05-07,WSH,home,678554,Curtis Mead,4,0,1,0,0,0,2,0,0,1
822741,2026-05-07,WSH,home,695734,Daylen Lile,3,0,1,0,0,0,0,0,1,0
822741,2026-05-07,WSH,home,677588,José Tena,3,1,0,0,0,0,0,1,1,0
822741,2026-05-07,WSH,home,695578,James Wood,2,1,1,1,0,0,0,2,0,0
822741,2026-05-07,WSH,home,696285,Jacob Young,3,2,1,0,0,0,0,0,0,0
822741,2026-05-07,WSH,home,660688,Keibert Ruiz,4,3,3,2,0,1,4,0,1,0
822741,2026-05-07,MIN,away,605170,Victor Caratini,1,0,0,0,0,0,0,0,1,0
822741,2026-05-07,MIN,away,665019,Kody Clemens,1,0,0,0,0,0,0,0,0,0
822741,2026-05-07,MIN,away,686797,Brooks Lee,3,1,2,1,0,0,2,1,1,0
822741,2026-05-07,MIN,away,668885,Austin Martin,5,0,1,0,0,0,0,0,0,0
822741,2026-05-07,MIN,away,656484,Tristan Gray,4,0,1,0,0,0,1,0,1,0
822741,2026-05-07,MIN,away,605137,Josh Bell,1,0,1,1,0,0,1,0,0,0
822741,2026-05-07,MIN,away,680777,Ryan Jeffers,4,3,3,2,0,1,1,1,1,0
822741,2026-05-07,MIN,away,681546,James Outman,1,0,0,0,0,0,0,0,1,0
822741,2026-05-07,MIN,away,663616,Trevor Larnach,5,0,1,0,0,0,0,0,0,0
822741,2026-05-07,MIN,away,621439,Byron Buxton,5,0,1,0,0,0,0,0,2,0
822741,2026-05-07,MIN,away,670242,Matt Wallner,2,0,0,0,0,0,0,0,1,0
822741,2026-05-07,MIN,away,807712,Luke Keaschall,2,1,1,0,0,0,0,2,0,0
824117,2026-05-07,KC,home,695600,Carter Jensen,4,1,1,0,0,0,0,1,2,0
824117,2026-05-07,KC,home,686555,Isaac Collins,2,1,1,0,0,0,0,2,0,0
824117,2026-05-07,KC,home,521692,Salvador Perez,5,0,0,0,0,0,0,0,1,0
824117,2026-05-07,KC,home,679845,Nick Loftin,1,0,1,1,0,0,1,0,0,0
824117,2026-05-07,KC,home,686681,Michael Massey,2,1,1,1,0,0,0,0,0,0
824117,2026-05-07,KC,home,686469,Vinnie Pasquantino,5,1,1,0,0,1,1,0,1,0
824117,2026-05-07,KC,home,664728,Kyle Isbel,2,0,0,0,0,0,0,0,1,0
824117,2026-05-07,KC,home,672580,Maikel Garcia,5,0,2,1,0,0,1,0,1,0
824117,2026-05-07,KC,home,657041,Lane Thomas,0,0,0,0,0,0,1,1,0,0
824117,2026-05-07,KC,home,695506,Jac Caglianone,5,0,1,0,0,0,0,0,1,0
824117,2026-05-07,KC,home,677951,Bobby Witt Jr.,4,1,4,0,0,1,1,1,0,0
824117,2026-05-07,CLE,away,800050,Chase DeLauter,4,0,1,1,0,0,0,1,0,0
824117,2026-05-07,CLE,away,683953,Travis Bazzana,3,1,1,0,0,0,0,1,1,2
824117,2026-05-07,CLE,away,682177,Daniel Schneemann,4,1,1,0,0,0,1,1,2,0
824117,2026-05-07,CLE,away,677587,Brayan Rocchio,4,1,2,0,0,0,0,1,2,1
824117,2026-05-07,CLE,away,690984,Petey Halpin,4,1,1,0,0,0,1,1,1,1
824117,2026-05-07,CLE,away,666310,Bo Naylor,5,1,2,0,0,1,3,0,1,0
824117,2026-05-07,CLE,away,608070,José Ramírez,3,1,1,0,0,0,0,2,2,0
824117,2026-05-07,CLE,away,680757,Steven Kwan,4,1,1,0,0,0,0,1,1,0
824117,2026-05-07,CLE,away,682657,Angel Martínez,0,0,0,0,0,0,0,0,0,0
824117,2026-05-07,CLE,away,700932,Kyle Manzardo,5,1,1,1,0,0,2,0,1,0
824681,2026-05-07,CHC,home,624424,Michael Conforto,3,2,3,1,0,1,2,1,0,0
824681,2026-05-07,CHC,home,664023,Ian Happ,3,1,0,0,0,0,0,1,2,0
824681,2026-05-07,CHC,home,608324,Alex Bregman,3,1,0,0,0,0,0,1,0,0
824681,2026-05-07,CHC,home,683737,Michael Busch,4,0,1,0,0,0,0,0,0,0
824681,2026-05-07,CHC,home,691718,Pete Crow-Armstrong,3,1,1,0,0,0,1,1,0,1
824681,2026-05-07,CHC,home,665804,Miguel Amaya,2,1,1,0,0,0,2,1,1,0
824681,2026-05-07,CHC,home,694208,Moisés Ballesteros,4,0,0,0,0,0,1,0,0,0
824681,2026-05-07,CHC,home,621020,Dansby Swanson,3,1,0,0,0,0,1,1,0,0
824681,2026-05-07,CHC,home,663538,Nico Hoerner,4,1,1,1,0,0,1,1,0,0
824681,2026-05-07,CIN,away,682829,Elly De La Cruz,5,0,1,1,0,0,0,0,1,0
824681,2026-05-07,CIN,away,667472,Dane Myers,4,0,0,0,0,0,0,0,3,0
824681,2026-05-07,CIN,away,701398,Sal Stewart,4,2,1,0,0,1,1,1,1,0
824681,2026-05-07,CIN,away,663993,Nathaniel Lowe,1,0,0,0,0,0,0,0,1,0
824681,2026-05-07,CIN,away,680574,Matt McLain,4,0,1,0,0,0,0,1,1,0
824681,2026-05-07,CIN,away,663647,Ke'Bryan Hayes,4,0,2,0,0,0,0,0,1,0
824681,2026-05-07,CIN,away,666181,Will Benson,0,0,0,0,0,0,0,1,0,0
824681,2026-05-07,CIN,away,694362,Blake Dunn,4,1,2,0,0,1,1,1,2,0
824681,2026-05-07,CIN,away,668715,Spencer Steer,3,0,1,0,0,0,0,2,0,0
824681,2026-05-07,CIN,away,663886,Tyler Stephenson,4,0,0,0,0,0,0,1,2,0
824681,2026-05-07,CIN,away,668709,JJ Bleday,4,0,1,1,0,0,1,1,0,0
824362,2026-05-07,COL,home,666160,Mickey Moniak,3,0,0,0,0,0,0,1,1,0
824362,2026-05-07,COL,home,664983,Jake McCarthy,4,1,2,1,0,1,5,0,2,0
824362,2026-05-07,COL,home,687859,Troy Johnston,3,0,1,0,0,0,0,1,1,0
824362,2026-05-07,COL,home,650489,Willi Castro,2,1,1,0,0,0,1,2,0,0
824362,2026-05-07,COL,home,671289,Tyler Freeman,4,1,1,0,0,0,0,0,0,0
824362,2026-05-07,COL,home,666397,Edouard Julien,4,0,0,0,0,0,0,1,1,0
824362,2026-05-07,COL,home,664954,Brett Sullivan,4,0,0,0,0,0,0,0,3,0
824362,2026-05-07,COL,home,686668,Brenton Doyle,0,1,0,0,0,0,0,0,0,0
824362,2026-05-07,COL,home,678662,Ezequiel Tovar,0,1,0,0,0,0,0,0,0,0
824362,2026-05-07,COL,home,681198,TJ Rumfield,3,1,1,0,0,0,0,1,0,0
824362,2026-05-07,COL,home,691720,Kyle Karros,3,0,1,1,0,0,0,1,2,0
824362,2026-05-07,NYM,away,666182,Bo Bichette,3,0,0,0,0,0,0,1,0,0
824362,2026-05-07,NYM,away,621438,Tyrone Taylor,2,0,1,0,0,0,1,0,1,0
824362,2026-05-07,NYM,away,682626,Francisco Alvarez,3,0,1,0,0,0,0,1,2,0
824362,2026-05-07,NYM,away,668901,Mark Vientos,4,0,0,0,0,0,0,0,0,0
824362,2026-05-07,NYM,away,683146,Brett Baty,1,0,0,0,0,0,0,0,0,0
824362,2026-05-07,NYM,away,701807,Carson Benge,2,0,1,0,0,0,0,0,1,0
824362,2026-05-07,NYM,away,543760,Marcus Semien,2,1,0,0,0,0,0,2,0,0
824362,2026-05-07,NYM,away,669004,MJ Melendez,1,0,0,0,0,0,0,0,1,0
824362,2026-05-07,NYM,away,665742,Juan Soto,4,0,1,0,1,0,0,0,0,0
824362,2026-05-07,NYM,away,628451,Andy Ibáñez,1,0,0,0,0,0,1,0,0,0
824362,2026-05-07,NYM,away,660644,Vidal Bruján,3,0,0,0,0,0,0,1,0,0
824362,2026-05-07,NYM,away,596103,Austin Slater,3,1,2,0,0,0,0,0,1,0
825090,2026-05-07,ARI,home,694374,Tim Tawa,1,0,0,0,0,0,0,0,0,0
825090,2026-05-07,ARI,home,680728,Adrian Del Castillo,3,0,1,0,0,0,1,0,1,0
825090,2026-05-07,ARI,home,571448,Nolan Arenado,1,0,0,0,0,0,0,0,1,0
825090,2026-05-07,ARI,home,606466,Ketel Marte,4,0,0,0,0,0,0,0,1,0
825090,2026-05-07,ARI,home,545121,Ildemaro Vargas,4,0,1,0,0,0,0,0,1,0
825090,2026-05-07,ARI,home,672695,Geraldo Perdomo,2,1,0,0,0,0,0,2,0,0
825090,2026-05-07,ARI,home,699912,Jose Fernandez,3,0,0,0,0,0,0,1,1,1
825090,2026-05-07,ARI,home,672515,Gabriel Moreno,1,0,0,0,0,0,0,0,0,0
825090,2026-05-07,ARI,home,682998,Corbin Carroll,4,1,2,0,0,1,1,0,0,0
825090,2026-05-07,ARI,home,543510,James McCann,2,0,1,0,0,0,0,0,0,0
825090,2026-05-07,ARI,home,678489,Jorge Barrosa,3,0,0,0,0,0,0,1,1,0
825090,2026-05-07,ARI,home,677950,Alek Thomas,2,0,0,0,0,0,0,0,0,0
825090,2026-05-07,PIT,away,687462,Spencer Horwitz,3,0,1,0,0,0,1,1,0,0
825090,2026-05-07,PIT,away,664040,Brandon Lowe,5,2,3,0,0,1,1,0,0,0
825090,2026-05-07,PIT,away,668804,Bryan Reynolds,3,1,0,0,0,0,0,1,0,0
825090,2026-05-07,PIT,away,663698,Joey Bart,4,1,2,0,0,1,1,0,1,0
825090,2026-05-07,PIT,away,665833,Oneil Cruz,3,0,0,0,0,0,0,1,1,1
825090,2026-05-07,PIT,away,669707,Jared Triolo,4,0,0,0,0,0,0,0,1,0
825090,2026-05-07,PIT,away,695257,Billy Cook,4,0,0,0,0,0,0,0,1,0
825090,2026-05-07,PIT,away,804606,Konnor Griffin,4,0,0,0,0,0,0,0,2,0
825090,2026-05-07,PIT,away,656811,Ryan O'Hearn,4,0,1,0,0,0,1,0,2,0
823467,2026-05-07,PHI,home,669016,Brandon Marsh,4,0,1,0,0,0,0,0,1,0
823467,2026-05-07,PHI,home,702222,Justin Crawford,3,0,1,0,0,0,0,0,1,0
823467,2026-05-07,PHI,home,547180,Bryce Harper,1,0,0,0,0,0,0,1,0,0
823467,2026-05-07,PHI,home,624641,Edmundo Sosa,3,0,0,0,0,0,0,0,1,0
823467,2026-05-07,PHI,home,681082,Bryson Stott,3,0,0,0,0,0,0,0,1,0
823467,2026-05-07,PHI,home,656941,Kyle Schwarber,4,1,2,0,0,1,1,0,0,0
823467,2026-05-07,PHI,home,694025,Felix Reyes,2,0,1,0,0,0,0,0,1,0
823467,2026-05-07,PHI,home,665561,Rafael Marchán,3,0,0,0,0,0,0,0,1,0
823467,2026-05-07,PHI,home,596117,Garrett Stubbs,1,0,0,0,0,0,0,0,1,0
823467,2026-05-07,PHI,home,666969,Adolis García,4,0,1,0,0,0,0,0,1,0
823467,2026-05-07,PHI,home,607208,Trea Turner,3,0,0,0,0,0,0,0,1,0
823467,2026-05-07,OAK,away,671732,Lawrence Butler,4,2,1,1,0,0,0,1,0,0
823467,2026-05-07,OAK,away,667670,Brent Rooker,4,1,2,0,0,1,3,1,1,0
823467,2026-05-07,OAK,away,680869,Zack Gelof,5,2,2,0,1,1,3,0,1,0
823467,2026-05-07,OAK,away,643446,Jeff McNeil,4,0,1,0,0,0,0,0,3,0
823467,2026-05-07,OAK,away,666126,Carlos Cortes,5,1,2,0,0,0,1,0,1,0
823467,2026-05-07,OAK,away,691016,Tyler Soderstrom,3,2,1,0,0,0,0,2,0,0
823467,2026-05-07,OAK,away,687231,Darell Hernaiz,0,0,0,0,0,0,0,0,0,0
823467,2026-05-07,OAK,away,701762,Nick Kurtz,4,1,1,0,0,0,1,1,1,0
823467,2026-05-07,OAK,away,695391,Brett Harris,1,0,0,0,0,0,0,0,0,0
823467,2026-05-07,OAK,away,669127,Shea Langeliers,5,2,2,0,0,1,2,0,0,0
823467,2026-05-07,OAK,away,805779,Jacob Wilson,4,1,1,0,0,1,2,0,0,0
823870,2026-05-07,MIA,home,666624,Christopher Morel,4,0,0,0,0,0,0,0,2,0
823870,2026-05-07,MIA,home,681715,Heriberto Hernández,4,0,0,0,0,0,0,0,0,0
823870,2026-05-07,MIA,home,665923,Esteury Ruiz,3,0,0,0,0,0,0,0,0,0
823870,2026-05-07,MIA,home,805300,Jakob Marsee,3,0,0,0,0,0,0,0,1,0
823870,2026-05-07,MIA,home,691594,Javier Sanoja,3,1,0,0,0,0,0,1,0,0
823870,2026-05-07,MIA,home,669364,Xavier Edwards,1,0,1,0,0,0,0,0,0,0
823870,2026-05-07,MIA,home,669065,Kyle Stowers,1,0,0,0,0,0,0,0,0,0
823870,2026-05-07,MIA,home,689414,Liam Hicks,4,1,1,0,0,1,2,0,1,0
823870,2026-05-07,MIA,home,677870,Leo Jiménez,2,0,0,0,0,0,0,1,0,0
823870,2026-05-07,MIA,home,681393,Connor Norby,2,1,1,0,0,0,1,1,0,0
823870,2026-05-07,MIA,home,691788,Joe Mack,1,1,1,1,0,0,0,0,0,0
823870,2026-05-07,MIA,home,672640,Otto Lopez,4,0,2,0,0,0,0,0,0,0
823870,2026-05-07,BAL,away,669236,Jeremiah Jackson,3,0,1,0,0,0,0,1,1,0
823870,2026-05-07,BAL,away,694212,Samuel Basallo,4,1,1,1,0,0,0,0,0,0
823870,2026-05-07,BAL,away,683002,Gunnar Henderson,5,0,1,0,0,0,1,0,1,0
823870,2026-05-07,BAL,away,621493,Taylor Ward,3,1,0,0,0,0,0,1,2,0
823870,2026-05-07,BAL,away,687637,Dylan Beavers,3,0,2,1,0,0,0,1,0,0
823870,2026-05-07,BAL,away,641933,Tyler O'Neill,4,0,1,0,0,0,1,0,1,0
823870,2026-05-07,BAL,away,677942,Blaze Alexander,0,0,0,0,0,0,0,0,0,0
823870,2026-05-07,BAL,away,624413,Pete Alonso,4,0,1,0,0,0,1,0,1,0
823870,2026-05-07,BAL,away,681297,Colton Cowser,4,0,0,0,0,0,0,0,2,0
823870,2026-05-07,BAL,away,691723,Coby Mayo,4,1,2,0,0,0,0,0,0,0
824767,2026-05-07,BOS,home,575929,Willson Contreras,4,0,1,0,0,0,0,0,1,0
824767,2026-05-07,BOS,home,657136,Connor Wong,3,0,1,0,0,0,1,0,1,0
824767,2026-05-07,BOS,home,596115,Trevor Story,4,1,1,0,0,0,0,0,2,1
824767,2026-05-07,BOS,home,677800,Wilyer Abreu,3,0,1,0,0,0,1,0,0,1
824767,2026-05-07,BOS,home,702332,Caleb Durbin,3,0,1,0,0,0,1,0,0,0
824767,2026-05-07,BOS,home,680776,Jarren Duran,4,1,1,1,0,0,0,0,1,0
824767,2026-05-07,BOS,home,678882,Ceddanne Rafaela,4,0,1,0,0,0,1,0,1,0
824767,2026-05-07,BOS,home,807799,Masataka Yoshida,3,1,0,0,0,0,0,1,0,0
824767,2026-05-07,BOS,home,691785,Marcelo Mayer,4,1,0,0,0,0,0,0,0,0
824767,2026-05-07,TB,away,670764,Taylor Walls,3,0,0,0,0,0,0,1,1,0
824767,2026-05-07,TB,away,680700,Richie Palacios,0,1,0,0,0,0,0,0,0,0
824767,2026-05-07,TB,away,668723,Ryan Vilade,3,0,1,0,0,0,0,0,0,0
824767,2026-05-07,TB,away,802415,Chandler Simpson,2,0,2,0,1,0,3,0,0,0
824767,2026-05-07,TB,away,676356,Jonny DeLuca,4,2,2,0,0,0,0,1,0,1
824767,2026-05-07,TB,away,676439,Hunter Feduccia,1,0,0,0,0,0,0,0,0,0
824767,2026-05-07,TB,away,666018,Jonathan Aranda,5,0,0,0,0,0,0,0,1,0
824767,2026-05-07,TB,away,663743,Nick Fortes,2,1,1,0,0,0,0,0,0,0
824767,2026-05-07,TB,away,650490,Yandy Díaz,4,0,2,1,0,0,1,0,1,0
824767,2026-05-07,TB,away,810938,Ben Williamson,4,2,2,0,0,0,1,1,0,0
824767,2026-05-07,TB,away,691406,Junior Caminero,4,2,2,0,0,1,2,1,0,0
824767,2026-05-07,TB,away,656775,Cedric Mullins,4,0,1,0,0,0,1,0,0,1
823306,2026-05-07,SD,home,592206,Nick Castellanos,3,0,0,0,0,0,0,0,2,0
823306,2026-05-07,SD,home,701538,Jackson Merrill,3,0,0,0,0,0,0,1,1,0
823306,2026-05-07,SD,home,660710,Rodolfo Durán,3,0,0,0,0,0,0,0,0,0
823306,2026-05-07,SD,home,657656,Ramón Laureano,2,0,0,0,0,0,0,1,1,0
823306,2026-05-07,SD,home,592518,Manny Machado,3,1,0,0,0,0,0,1,0,0
823306,2026-05-07,SD,home,609280,Miguel Andujar,4,0,1,0,0,0,0,0,2,0
823306,2026-05-07,SD,home,665487,Fernando Tatis Jr.,3,0,2,0,0,0,0,0,1,0
823306,2026-05-07,SD,home,664034,Ty France,3,0,0,0,0,0,0,0,1,0
823306,2026-05-07,SD,home,593428,Xander Bogaerts,3,0,1,0,0,0,1,0,1,0
823306,2026-05-07,STL,away,669357,Nolan Gorman,3,0,0,0,0,0,0,1,3,0
823306,2026-05-07,STL,away,691023,Jordan Walker,4,1,2,2,0,0,0,0,0,0
823306,2026-05-07,STL,away,701675,Nathan Church,4,0,0,0,0,0,0,0,1,0
823306,2026-05-07,STL,away,687363,Victor Scott II,3,0,1,0,0,0,0,0,1,0
823306,2026-05-07,STL,away,802139,JJ Wetherholt,2,0,0,0,0,0,0,2,0,0
823306,2026-05-07,STL,away,676475,Alec Burleson,3,1,1,0,0,1,1,1,0,0
823306,2026-05-07,STL,away,686780,Pedro Pagés,4,0,0,0,0,0,0,0,1,0
823306,2026-05-07,STL,away,691026,Masyn Winn,4,0,1,0,1,0,1,0,0,0
823306,2026-05-07,STL,away,671056,Iván Herrera,3,0,0,0,0,0,0,1,2,0
824522,2026-05-08,CIN,home,682829,Elly De La Cruz,4,0,2,1,0,0,0,0,1,0
824522,2026-05-08,CIN,home,701398,Sal Stewart,4,0,1,0,0,0,0,0,0,0
824522,2026-05-08,CIN,home,663993,Nathaniel Lowe,4,0,1,0,0,0,0,0,2,0
824522,2026-05-08,CIN,home,680574,Matt McLain,3,0,1,0,0,0,0,0,0,0
824522,2026-05-08,CIN,home,663647,Ke'Bryan Hayes,2,0,0,0,0,0,0,0,1,0
824522,2026-05-08,CIN,home,666181,Will Benson,1,0,0,0,0,0,0,0,1,0
824522,2026-05-08,CIN,home,670770,TJ Friedl,4,0,0,0,0,0,0,0,1,0
824522,2026-05-08,CIN,home,668715,Spencer Steer,4,0,0,0,0,0,0,0,2,0
824522,2026-05-08,CIN,home,663886,Tyler Stephenson,3,0,0,0,0,0,0,0,1,0
824522,2026-05-08,CIN,home,668709,JJ Bleday,3,0,0,0,0,0,0,1,0,0
824522,2026-05-08,HOU,away,694376,Shay Whitcomb,1,0,1,0,0,0,1,0,0,0
824522,2026-05-08,HOU,away,670623,Isaac Paredes,4,0,1,1,0,0,1,1,0,0
824522,2026-05-08,HOU,away,669397,Nick Allen,4,1,1,0,0,0,0,0,0,0
824522,2026-05-08,HOU,away,701358,Cam Smith,3,1,1,0,0,0,0,1,0,0
824522,2026-05-08,HOU,away,669699,Braden Shewmake,1,0,1,0,0,0,0,0,0,0
824522,2026-05-08,HOU,away,805904,Zach Cole,1,1,1,0,0,1,3,0,0,0
824522,2026-05-08,HOU,away,694728,Brice Matthews,4,2,2,0,1,0,0,0,1,0
824522,2026-05-08,HOU,away,514888,Jose Altuve,3,2,1,1,0,0,0,0,1,0
824522,2026-05-08,HOU,away,701305,Zach Dezenzo,3,1,1,0,0,1,2,0,1,0
824522,2026-05-08,HOU,away,572233,Christian Walker,5,0,0,0,0,0,0,0,0,0
824522,2026-05-08,HOU,away,543877,Christian Vázquez,4,1,1,0,0,1,1,0,1,0
824522,2026-05-08,HOU,away,670541,Yordan Alvarez,4,1,2,0,0,1,2,0,0,0
823466,2026-05-08,PHI,home,669016,Brandon Marsh,3,2,1,0,0,0,1,2,0,0
823466,2026-05-08,PHI,home,702222,Justin Crawford,4,1,3,0,0,1,2,1,1,0
823466,2026-05-08,PHI,home,547180,Bryce Harper,4,1,2,0,0,0,0,2,0,0
823466,2026-05-08,PHI,home,592663,J.T. Realmuto,5,0,1,1,0,0,1,0,1,0
823466,2026-05-08,PHI,home,624641,Edmundo Sosa,5,0,0,0,0,0,0,0,0,0
823466,2026-05-08,PHI,home,681082,Bryson Stott,4,1,1,1,0,0,2,1,1,0
823466,2026-05-08,PHI,home,656941,Kyle Schwarber,6,1,1,0,0,1,1,0,4,0
823466,2026-05-08,PHI,home,666969,Adolis García,4,1,0,0,0,0,0,1,2,0
823466,2026-05-08,PHI,home,607208,Trea Turner,6,0,0,0,0,0,0,0,2,0
823466,2026-05-08,COL,away,666160,Mickey Moniak,1,0,0,0,0,0,0,0,0,0
823466,2026-05-08,COL,away,664983,Jake McCarthy,1,0,1,0,0,0,1,0,0,1
823466,2026-05-08,COL,away,687859,Troy Johnston,1,1,1,1,0,0,1,0,0,0
823466,2026-05-08,COL,away,650489,Willi Castro,5,2,2,0,0,0,0,0,2,1
823466,2026-05-08,COL,away,671289,Tyler Freeman,6,1,2,0,0,1,1,0,2,1
823466,2026-05-08,COL,away,666397,Edouard Julien,1,0,0,0,0,0,0,0,0,0
823466,2026-05-08,COL,away,696100,Hunter Goodman,5,1,4,0,0,1,2,0,1,0
823466,2026-05-08,COL,away,687597,Jordan Beck,4,1,0,0,0,0,0,1,2,0
823466,2026-05-08,COL,away,664954,Brett Sullivan,2,0,0,0,0,0,0,1,1,0
823466,2026-05-08,COL,away,686668,Brenton Doyle,3,1,0,0,0,0,0,1,1,1
823466,2026-05-08,COL,away,678662,Ezequiel Tovar,5,0,1,0,0,0,1,0,3,1
823466,2026-05-08,COL,away,681198,TJ Rumfield,6,1,1,0,0,0,1,0,2,0
823466,2026-05-08,COL,away,691720,Kyle Karros,4,1,1,1,0,0,2,0,2,0
824846,2026-05-08,BAL,home,669236,Jeremiah Jackson,4,0,0,0,0,0,0,0,2,0
824846,2026-05-08,BAL,home,694212,Samuel Basallo,2,0,1,0,0,0,1,0,0,0
824846,2026-05-08,BAL,home,642215,Weston Wilson,2,0,0,0,0,0,0,1,0,0
824846,2026-05-08,BAL,home,683002,Gunnar Henderson,3,0,0,0,0,0,0,1,0,0
824846,2026-05-08,BAL,home,665750,Leody Taveras,3,0,0,0,0,0,0,1,2,0
824846,2026-05-08,BAL,home,621493,Taylor Ward,4,0,0,0,0,0,0,0,2,0
824846,2026-05-08,BAL,home,687637,Dylan Beavers,1,0,0,0,0,0,0,0,1,0
824846,2026-05-08,BAL,home,668939,Adley Rutschman,3,2,2,0,0,1,1,1,0,0
824846,2026-05-08,BAL,home,641933,Tyler O'Neill,3,0,0,0,0,0,0,0,0,0
824846,2026-05-08,BAL,home,624413,Pete Alonso,4,1,1,0,0,1,1,0,1,0
824846,2026-05-08,BAL,home,681297,Colton Cowser,0,0,0,0,0,0,0,0,0,0
824846,2026-05-08,BAL,home,691723,Coby Mayo,2,0,0,0,0,0,0,0,1,0
824846,2026-05-08,OAK,away,671732,Lawrence Butler,4,1,1,0,0,0,0,0,2,0
824846,2026-05-08,OAK,away,667670,Brent Rooker,4,0,1,0,0,0,0,0,2,0
824846,2026-05-08,OAK,away,680869,Zack Gelof,3,1,1,0,0,0,1,1,1,0
824846,2026-05-08,OAK,away,643446,Jeff McNeil,3,0,0,0,0,0,0,0,1,0
824846,2026-05-08,OAK,away,666126,Carlos Cortes,4,0,0,0,0,0,0,0,1,0
824846,2026-05-08,OAK,away,691016,Tyler Soderstrom,4,1,0,0,0,0,0,0,2,0
824846,2026-05-08,OAK,away,701762,Nick Kurtz,5,0,2,0,1,0,2,0,0,0
824846,2026-05-08,OAK,away,695391,Brett Harris,0,0,0,0,0,0,0,0,0,0
824846,2026-05-08,OAK,away,669127,Shea Langeliers,5,0,1,0,0,0,0,0,3,0
824846,2026-05-08,OAK,away,805779,Jacob Wilson,3,1,2,0,0,0,1,1,0,0
822822,2026-05-08,TOR,home,676391,Ernie Clement,3,0,0,0,0,0,1,0,1,0
822822,2026-05-08,TOR,home,662139,Daulton Varsho,3,0,0,0,0,0,0,1,1,0
822822,2026-05-08,TOR,home,665926,Andrés Giménez,3,0,0,0,0,0,0,0,1,0
822822,2026-05-08,TOR,home,678218,Brandon Valenzuela,2,0,0,0,0,0,0,1,1,0
822822,2026-05-08,TOR,home,676914,Davis Schneider,2,0,0,0,0,0,0,1,2,1
822822,2026-05-08,TOR,home,543807,George Springer,3,1,1,0,0,0,0,0,1,0
822822,2026-05-08,TOR,home,682818,Yohendrick Piñango,1,0,1,0,0,0,0,0,0,0
822822,2026-05-08,TOR,home,665489,Vladimir Guerrero Jr.,2,1,0,0,0,0,0,2,0,0
822822,2026-05-08,TOR,home,660821,Jesús Sánchez,1,0,0,0,0,0,0,0,0,0
822822,2026-05-08,TOR,home,664702,Myles Straw,3,0,0,0,0,0,0,0,1,0
822822,2026-05-08,TOR,home,672960,Kazuma Okamoto,3,0,1,0,0,0,1,1,1,0
822822,2026-05-08,LAA,away,624428,Adam Frazier,3,0,0,0,0,0,0,0,1,0
822822,2026-05-08,LAA,away,687263,Zach Neto,4,0,1,0,0,0,0,0,0,0
822822,2026-05-08,LAA,away,624585,Jorge Soler,4,0,0,0,0,0,0,0,2,0
822822,2026-05-08,LAA,away,660162,Yoán Moncada,4,0,0,0,0,0,0,0,1,0
822822,2026-05-08,LAA,away,545361,Mike Trout,4,0,1,0,0,0,0,0,2,0
822822,2026-05-08,LAA,away,666176,Jo Adell,3,0,2,1,0,0,0,0,1,0
822822,2026-05-08,LAA,away,687093,Vaughn Grissom,1,0,1,1,0,0,0,0,0,0
822822,2026-05-08,LAA,away,694384,Nolan Schanuel,4,0,1,0,0,0,0,0,2,0
822822,2026-05-08,LAA,away,666139,Josh Lowe,3,0,0,0,0,0,0,0,2,0
822822,2026-05-08,LAA,away,665861,Sebastián Rivero,2,0,0,0,0,0,0,0,0,0
822822,2026-05-08,LAA,away,683079,Omar Martinez,0,0,0,0,0,0,0,0,0,0
824768,2026-05-08,BOS,home,575929,Willson Contreras,2,0,0,0,0,0,0,2,1,0
824768,2026-05-08,BOS,home,596115,Trevor Story,4,0,0,0,0,0,0,0,3,0
824768,2026-05-08,BOS,home,677800,Wilyer Abreu,2,1,1,0,0,1,1,2,0,0
824768,2026-05-08,BOS,home,702332,Caleb Durbin,3,0,0,0,0,0,0,0,1,0
824768,2026-05-08,BOS,home,665966,Carlos Narváez,2,0,0,0,0,0,0,0,1,0
824768,2026-05-08,BOS,home,680776,Jarren Duran,4,0,1,0,0,0,0,0,0,1
824768,2026-05-08,BOS,home,678882,Ceddanne Rafaela,4,1,3,0,0,1,1,0,0,0
824768,2026-05-08,BOS,home,807799,Masataka Yoshida,4,0,0,0,0,0,0,0,0,0
824768,2026-05-08,BOS,home,691785,Marcelo Mayer,4,0,0,0,0,0,0,0,1,0
824768,2026-05-08,TB,away,670764,Taylor Walls,3,0,1,0,0,0,0,0,2,0
824768,2026-05-08,TB,away,668723,Ryan Vilade,4,0,0,0,0,0,0,0,1,0
824768,2026-05-08,TB,away,802415,Chandler Simpson,3,0,0,0,0,0,0,0,1,0
824768,2026-05-08,TB,away,676356,Jonny DeLuca,4,0,0,0,0,0,0,0,2,0
824768,2026-05-08,TB,away,666018,Jonathan Aranda,3,0,1,0,0,0,0,1,2,0
824768,2026-05-08,TB,away,663743,Nick Fortes,3,0,2,0,0,0,0,0,1,0
824768,2026-05-08,TB,away,650490,Yandy Díaz,3,0,0,0,0,0,0,0,3,0
824768,2026-05-08,TB,away,810938,Ben Williamson,3,0,0,0,0,0,0,0,0,0
824768,2026-05-08,TB,away,691406,Junior Caminero,4,0,0,0,0,0,0,0,0,0
823871,2026-05-08,MIA,home,666624,Christopher Morel,3,0,0,0,0,0,0,0,0,0
823871,2026-05-08,MIA,home,681715,Heriberto Hernández,0,0,0,0,0,0,0,1,0,0
823871,2026-05-08,MIA,home,665923,Esteury Ruiz,3,0,0,0,0,0,0,0,2,2
823871,2026-05-08,MIA,home,805300,Jakob Marsee,1,0,0,0,0,0,0,0,1,0
823871,2026-05-08,MIA,home,691594,Javier Sanoja,4,0,0,0,0,0,0,0,0,0
823871,2026-05-08,MIA,home,669364,Xavier Edwards,3,1,1,0,0,1,1,1,1,0
823871,2026-05-08,MIA,home,669065,Kyle Stowers,4,0,0,0,0,0,0,0,3,0
823871,2026-05-08,MIA,home,689414,Liam Hicks,1,0,0,0,0,0,0,0,0,0
823871,2026-05-08,MIA,home,677870,Leo Jiménez,4,0,1,0,0,0,0,0,1,0
823871,2026-05-08,MIA,home,681393,Connor Norby,3,0,0,0,0,0,0,0,2,0
823871,2026-05-08,MIA,home,691788,Joe Mack,3,0,0,0,0,0,0,0,1,0
823871,2026-05-08,MIA,home,672640,Otto Lopez,4,1,3,1,0,0,0,0,0,0
823871,2026-05-08,WSH,away,691781,Brady House,4,0,1,0,0,0,0,0,1,0
823871,2026-05-08,WSH,away,682928,CJ Abrams,3,1,1,0,0,0,1,1,1,0
823871,2026-05-08,WSH,away,683083,Nasim Nuñez,3,0,1,0,0,0,0,1,0,2
823871,2026-05-08,WSH,away,686452,Drew Millas,0,0,0,0,0,0,0,0,0,0
823871,2026-05-08,WSH,away,686894,Joey Wiemer,3,0,0,0,0,0,0,1,2,0
823871,2026-05-08,WSH,away,678554,Curtis Mead,2,1,1,1,0,0,0,2,0,0
823871,2026-05-08,WSH,away,695734,Daylen Lile,4,0,1,0,0,0,0,0,0,0
823871,2026-05-08,WSH,away,695578,James Wood,5,0,0,0,0,0,0,0,2,0
823871,2026-05-08,WSH,away,696285,Jacob Young,3,1,1,0,0,1,2,1,0,0
823871,2026-05-08,WSH,away,660688,Keibert Ruiz,3,0,0,0,0,0,0,0,0,0
823871,2026-05-08,WSH,away,671277,Luis García Jr.,1,0,0,0,0,0,0,0,0,0
824443,2026-05-08,CLE,home,595978,Austin Hedges,4,0,1,0,0,0,1,0,1,0
824443,2026-05-08,CLE,home,683953,Travis Bazzana,4,2,1,0,0,1,2,0,1,2
824443,2026-05-08,CLE,home,677587,Brayan Rocchio,3,0,1,0,0,0,0,0,0,1
824443,2026-05-08,CLE,home,690984,Petey Halpin,4,0,0,0,0,0,0,0,1,0
824443,2026-05-08,CLE,home,681807,David Fry,4,0,1,0,0,0,0,0,1,0
824443,2026-05-08,CLE,home,608070,José Ramírez,4,1,2,0,0,0,1,0,0,0
824443,2026-05-08,CLE,home,680757,Steven Kwan,3,2,2,1,0,0,0,2,0,0
824443,2026-05-08,CLE,home,682657,Angel Martínez,4,1,0,0,0,0,0,0,1,0
824443,2026-05-08,CLE,home,656555,Rhys Hoskins,2,0,0,0,0,0,1,1,1,0
824443,2026-05-08,MIN,away,605170,Victor Caratini,4,0,1,0,0,0,0,0,3,0
824443,2026-05-08,MIN,away,665019,Kody Clemens,0,0,0,0,0,0,0,0,0,0
824443,2026-05-08,MIN,away,686797,Brooks Lee,4,0,2,0,0,0,0,0,0,0
824443,2026-05-08,MIN,away,668885,Austin Martin,5,1,3,1,0,0,0,0,0,1
824443,2026-05-08,MIN,away,605137,Josh Bell,5,0,1,0,0,0,0,0,3,0
824443,2026-05-08,MIN,away,680777,Ryan Jeffers,4,0,1,0,0,0,1,1,2,0
824443,2026-05-08,MIN,away,668904,Royce Lewis,4,1,1,0,0,0,0,0,0,0
824443,2026-05-08,MIN,away,621439,Byron Buxton,5,2,3,1,0,1,2,0,1,0
824443,2026-05-08,MIN,away,670242,Matt Wallner,4,0,0,0,0,0,0,0,2,0
824443,2026-05-08,MIN,away,807712,Luke Keaschall,3,0,1,0,0,0,0,1,0,0
824116,2026-05-08,KC,home,695600,Carter Jensen,3,0,0,0,0,0,0,0,2,0
824116,2026-05-08,KC,home,686555,Isaac Collins,4,0,1,0,0,0,1,0,2,0
824116,2026-05-08,KC,home,521692,Salvador Perez,3,0,0,0,0,0,0,1,1,0
824116,2026-05-08,KC,home,679845,Nick Loftin,1,1,1,1,0,0,0,0,0,0
824116,2026-05-08,KC,home,686681,Michael Massey,3,1,1,1,0,0,0,0,0,0
824116,2026-05-08,KC,home,686469,Vinnie Pasquantino,3,0,0,0,0,0,0,1,0,0
824116,2026-05-08,KC,home,664728,Kyle Isbel,4,1,2,0,0,0,2,0,0,0
824116,2026-05-08,KC,home,553869,Elias Díaz,0,0,0,0,0,0,0,0,0,0
824116,2026-05-08,KC,home,672580,Maikel Garcia,4,0,1,0,0,0,1,0,0,0
824116,2026-05-08,KC,home,657041,Lane Thomas,1,0,0,0,0,0,0,0,0,0
824116,2026-05-08,KC,home,695506,Jac Caglianone,4,1,1,1,0,0,0,0,1,0
824116,2026-05-08,KC,home,677951,Bobby Witt Jr.,3,0,1,1,0,0,0,1,0,0
824116,2026-05-08,DET,away,656716,Zach McKinstry,2,0,1,1,0,0,0,0,0,0
824116,2026-05-08,DET,away,701678,Hao-Yu  Lee,2,0,0,0,0,0,0,0,1,0
824116,2026-05-08,DET,away,663330,Jahmai Jones,2,0,0,0,0,0,0,1,0,0
824116,2026-05-08,DET,away,682985,Riley Greene,4,1,3,1,0,0,0,0,1,0
824116,2026-05-08,DET,away,805808,Kevin McGonigle,3,0,0,0,0,0,0,2,1,1
824116,2026-05-08,DET,away,681481,Kerry Carpenter,1,0,0,0,0,0,0,0,0,0
824116,2026-05-08,DET,away,670097,Zack Short,2,0,0,0,0,0,0,2,1,0
824116,2026-05-08,DET,away,679529,Spencer Torkelson,4,0,1,1,0,0,1,0,0,0
824116,2026-05-08,DET,away,663837,Matt Vierling,4,0,1,1,0,0,0,0,0,0
824116,2026-05-08,DET,away,693307,Dillon Dingler,4,1,0,0,0,0,0,0,1,0
824116,2026-05-08,DET,away,690993,Colt Keith,2,0,0,0,0,0,0,0,0,0
824116,2026-05-08,DET,away,672761,Wenceel Pérez,4,1,2,1,0,0,1,0,1,0
824607,2026-05-08,CWS,home,671976,Tristan Peters,3,1,1,1,0,0,1,1,0,0
824607,2026-05-08,CWS,home,682668,Luisangel Acuña,0,0,0,0,0,0,0,0,0,0
824607,2026-05-08,CWS,home,545341,Randal Grichuk,1,1,1,0,0,1,1,0,0,0
824607,2026-05-08,CWS,home,808959,Munetaka Murakami,4,2,1,0,0,1,1,1,2,0
824607,2026-05-08,CWS,home,805367,Chase Meidroth,4,0,1,1,0,0,0,0,2,0
824607,2026-05-08,CWS,home,695657,Colson Montgomery,5,0,1,1,0,0,3,0,2,0
824607,2026-05-08,CWS,home,691011,Drew Romo,4,0,0,0,0,0,0,0,0,0
824607,2026-05-08,CWS,home,643217,Andrew Benintendi,4,1,1,0,0,0,0,0,1,0
824607,2026-05-08,CWS,home,803011,Sam Antonacci,4,1,2,0,0,0,1,0,0,0
824607,2026-05-08,CWS,home,672284,Jarred Kelenic,4,0,1,0,0,0,1,0,0,0
824607,2026-05-08,CWS,home,678246,Miguel Vargas,3,2,1,0,0,0,0,1,0,0
824607,2026-05-08,SEA,away,647304,Josh Naylor,5,3,3,0,0,1,3,0,0,0
824607,2026-05-08,SEA,away,702284,Cole Young,2,0,0,0,0,0,1,0,2,0
824607,2026-05-08,SEA,away,668227,Randy Arozarena,4,2,3,0,0,0,0,0,0,1
824607,2026-05-08,SEA,away,641487,J.P. Crawford,3,2,1,0,0,0,0,2,1,0
824607,2026-05-08,SEA,away,686527,Dominic Canzone,1,0,0,0,0,0,0,1,0,0
824607,2026-05-08,SEA,away,663728,Cal Raleigh,5,0,0,0,0,0,0,0,1,0
824607,2026-05-08,SEA,away,608701,Rob Refsnyder,3,0,0,0,0,0,0,0,1,0
824607,2026-05-08,SEA,away,680977,Brendan Donovan,5,1,1,0,0,0,0,0,0,0
824607,2026-05-08,SEA,away,660844,Leo Rivas,0,0,0,0,0,0,0,0,0,0
824607,2026-05-08,SEA,away,677594,Julio Rodríguez,5,2,2,0,0,1,1,0,0,0
824607,2026-05-08,SEA,away,670042,Luke Raley,5,2,2,0,0,2,7,0,2,0
823794,2026-05-08,MIL,home,650859,Luis Rengifo,2,1,0,0,0,0,0,2,0,0
823794,2026-05-08,MIL,home,687401,Joey Ortiz,3,1,1,1,0,0,1,0,0,0
823794,2026-05-08,MIL,home,694192,Jackson Chourio,4,0,1,0,0,0,1,0,2,0
823794,2026-05-08,MIL,home,686217,Sal Frelick,3,0,1,0,0,0,1,0,1,0
823794,2026-05-08,MIL,home,683734,Andrew Vaughn,3,2,1,1,0,0,0,1,0,0
823794,2026-05-08,MIL,home,663604,Brandon Lockridge,2,1,2,0,0,0,2,0,0,0
823794,2026-05-08,MIL,home,669003,Garrett Mitchell,2,0,0,0,0,0,0,0,1,0
823794,2026-05-08,MIL,home,661388,William Contreras,4,0,1,0,0,0,1,0,1,0
823794,2026-05-08,MIL,home,668930,Brice Turang,4,0,0,0,0,0,0,0,1,0
823794,2026-05-08,MIL,home,596142,Gary Sánchez,4,1,1,0,0,0,0,0,1,0
823794,2026-05-08,NYY,away,676609,José Caballero,3,0,2,0,0,0,0,0,1,0
823794,2026-05-08,NYY,away,682987,Spencer Jones,2,0,0,0,0,0,0,1,2,0
823794,2026-05-08,NYY,away,642708,Amed Rosario,1,0,0,0,0,0,0,0,0,0
823794,2026-05-08,NYY,away,592450,Aaron Judge,4,0,1,0,0,0,0,0,2,0
823794,2026-05-08,NYY,away,641857,Ryan McMahon,2,0,0,0,0,0,0,0,1,0
823794,2026-05-08,NYY,away,502671,Paul Goldschmidt,1,0,0,0,0,0,0,0,0,0
823794,2026-05-08,NYY,away,669224,Austin Wells,2,0,0,0,0,0,0,0,2,0
823794,2026-05-08,NYY,away,700250,Ben Rice,4,0,0,0,0,0,0,0,2,0
823794,2026-05-08,NYY,away,641555,J.C. Escarra,0,0,0,0,0,0,0,0,0,0
823794,2026-05-08,NYY,away,641355,Cody Bellinger,4,0,0,0,0,0,0,0,1,0
823794,2026-05-08,NYY,away,665862,Jazz Chisholm Jr.,4,0,0,0,0,0,0,0,2,0
823794,2026-05-08,NYY,away,663757,Trent Grisham,3,0,0,0,0,0,0,1,1,0
822904,2026-05-08,TEX,home,694497,Evan Carter,2,1,0,0,0,0,0,2,0,0
822904,2026-05-08,TEX,home,669394,Jake Burger,3,0,0,0,0,0,0,0,0,0
822904,2026-05-08,TEX,home,696030,Alejandro Osuna,1,0,0,0,0,0,0,0,0,0
822904,2026-05-08,TEX,home,592626,Joc Pederson,0,0,0,0,0,0,0,1,0,0
822904,2026-05-08,TEX,home,608369,Corey Seager,4,0,0,0,0,0,0,0,1,0
822904,2026-05-08,TEX,home,673962,Josh Jung,4,0,0,0,0,0,0,0,1,0
822904,2026-05-08,TEX,home,679822,Justin Foscue,2,0,1,0,0,0,1,0,0,0
822904,2026-05-08,TEX,home,457705,Andrew McCutchen,2,0,0,0,0,0,0,1,0,0
822904,2026-05-08,TEX,home,677649,Ezequiel Duran,4,0,1,0,0,0,0,0,1,0
822904,2026-05-08,TEX,home,607043,Brandon Nimmo,3,0,0,0,0,0,0,1,1,0
822904,2026-05-08,TEX,home,664059,Sam Haggerty,0,0,0,0,0,0,0,0,0,0
822904,2026-05-08,TEX,home,643376,Danny Jansen,3,0,0,0,0,0,0,0,0,0
822904,2026-05-08,CHC,away,624424,Michael Conforto,4,1,2,1,0,0,0,1,1,0
822904,2026-05-08,CHC,away,664023,Ian Happ,4,2,1,0,0,0,1,1,0,0
822904,2026-05-08,CHC,away,608324,Alex Bregman,5,1,1,0,0,0,0,0,3,0
822904,2026-05-08,CHC,away,683737,Michael Busch,3,1,1,1,0,0,3,2,0,1
822904,2026-05-08,CHC,away,608348,Carson Kelly,4,0,0,0,0,0,0,0,1,0
822904,2026-05-08,CHC,away,691718,Pete Crow-Armstrong,4,0,2,1,0,0,1,0,1,1
822904,2026-05-08,CHC,away,673548,Seiya Suzuki,3,2,1,0,0,1,2,2,0,0
822904,2026-05-08,CHC,away,621020,Dansby Swanson,4,0,1,0,0,0,0,0,0,1
822904,2026-05-08,CHC,away,663538,Nico Hoerner,5,0,0,0,0,0,0,0,0,0
825088,2026-05-08,ARI,home,680728,Adrian Del Castillo,3,0,0,0,0,0,0,0,1,0
825088,2026-05-08,ARI,home,571448,Nolan Arenado,4,1,1,0,0,1,1,0,1,0
825088,2026-05-08,ARI,home,814439,Ryan Waldschmidt,1,0,1,0,0,0,0,0,0,0
825088,2026-05-08,ARI,home,545121,Ildemaro Vargas,5,0,1,0,0,0,0,0,2,0
825088,2026-05-08,ARI,home,672695,Geraldo Perdomo,5,0,0,0,0,0,0,0,1,0
825088,2026-05-08,ARI,home,699912,Jose Fernandez,4,0,1,0,0,0,0,0,3,0
825088,2026-05-08,ARI,home,672515,Gabriel Moreno,2,0,0,0,0,0,0,2,0,0
825088,2026-05-08,ARI,home,682998,Corbin Carroll,3,0,1,1,0,0,0,0,0,0
825088,2026-05-08,ARI,home,666971,Lourdes Gurriel Jr.,4,0,0,0,0,0,0,0,0,0
825088,2026-05-08,ARI,home,678489,Jorge Barrosa,3,0,0,0,0,0,0,1,2,0
825088,2026-05-08,NYM,away,620443,Luis Torrens,4,0,0,0,0,0,0,0,2,0
825088,2026-05-08,NYM,away,666182,Bo Bichette,4,0,0,0,0,0,0,0,0,0
825088,2026-05-08,NYM,away,621438,Tyrone Taylor,0,0,0,0,0,0,0,0,0,0
825088,2026-05-08,NYM,away,682626,Francisco Alvarez,4,0,1,0,0,0,0,0,1,0
825088,2026-05-08,NYM,away,668901,Mark Vientos,4,1,2,1,0,1,2,0,0,0
825088,2026-05-08,NYM,away,683146,Brett Baty,4,1,0,0,0,0,0,0,1,0
825088,2026-05-08,NYM,away,701807,Carson Benge,3,0,1,1,0,0,1,1,1,0
825088,2026-05-08,NYM,away,543760,Marcus Semien,4,0,1,0,0,0,0,0,1,1
825088,2026-05-08,NYM,away,669004,MJ Melendez,4,0,0,0,0,0,0,0,2,0
825088,2026-05-08,NYM,away,665742,Juan Soto,4,0,0,0,0,0,0,0,2,0
825088,2026-05-08,NYM,away,660644,Vidal Bruján,0,1,0,0,0,0,0,0,0,0
823303,2026-05-08,SD,home,666023,Freddy Fermin,3,0,0,0,0,0,0,0,1,0
823303,2026-05-08,SD,home,701538,Jackson Merrill,4,0,1,0,0,0,0,0,2,0
823303,2026-05-08,SD,home,823550,Sung-Mun Song,3,0,0,0,0,0,0,0,2,0
823303,2026-05-08,SD,home,657757,Gavin Sheets,2,0,0,0,0,0,0,1,1,0
823303,2026-05-08,SD,home,657656,Ramón Laureano,3,0,0,0,0,0,0,0,1,0
823303,2026-05-08,SD,home,592518,Manny Machado,4,0,0,0,0,0,0,0,1,0
823303,2026-05-08,SD,home,609280,Miguel Andujar,3,0,0,0,0,0,0,0,0,0
823303,2026-05-08,SD,home,665487,Fernando Tatis Jr.,2,0,0,0,0,0,0,1,0,0
823303,2026-05-08,SD,home,593428,Xander Bogaerts,4,0,0,0,0,0,0,0,2,0
823303,2026-05-08,STL,away,669357,Nolan Gorman,4,0,1,0,0,0,1,0,2,0
823303,2026-05-08,STL,away,691023,Jordan Walker,3,0,0,0,0,0,0,2,2,0
823303,2026-05-08,STL,away,701675,Nathan Church,4,1,2,0,0,0,0,0,0,0
823303,2026-05-08,STL,away,687363,Victor Scott II,3,1,0,0,0,0,0,1,0,0
823303,2026-05-08,STL,away,802139,JJ Wetherholt,5,1,1,0,0,0,2,0,1,0
823303,2026-05-08,STL,away,676475,Alec Burleson,5,1,2,1,0,0,0,0,2,0
823303,2026-05-08,STL,away,693409,César Prieto,4,0,0,0,0,0,0,0,1,0
823303,2026-05-08,STL,away,691026,Masyn Winn,3,1,1,0,0,0,1,0,1,0
823303,2026-05-08,STL,away,671056,Iván Herrera,5,1,4,0,0,0,0,0,0,0
823957,2026-05-08,LAD,home,669257,Will Smith,4,0,0,0,0,0,0,0,2,0
823957,2026-05-08,LAD,home,663656,Kyle Tucker,3,0,1,1,0,0,1,0,1,0
823957,2026-05-08,LAD,home,571970,Max Muncy,3,0,0,0,0,0,0,0,2,0
823957,2026-05-08,LAD,home,518692,Freddie Freeman,4,1,1,0,0,1,1,0,0,0
823957,2026-05-08,LAD,home,808975,Hyeseong Kim,0,0,0,0,0,0,0,0,0,0
823957,2026-05-08,LAD,home,669289,Santiago Espinal,3,0,1,0,0,0,0,0,0,0
823957,2026-05-08,LAD,home,660271,Shohei Ohtani,4,0,1,0,0,0,1,0,1,0
823957,2026-05-08,LAD,home,606192,Teoscar Hernández,2,1,1,0,0,0,0,0,1,0
823957,2026-05-08,LAD,home,681624,Andy Pages,3,0,0,0,0,0,0,0,0,0
823957,2026-05-08,LAD,home,500743,Miguel Rojas,3,1,0,0,0,0,0,0,0,0
823957,2026-05-08,ATL,away,671739,Michael Harris II,4,1,4,0,0,0,0,0,0,0
823957,2026-05-08,ATL,away,622761,Jorge Mateo,0,0,0,0,0,0,0,0,0,0
823957,2026-05-08,ATL,away,643289,Mauricio Dubón,4,0,1,0,0,0,0,0,2,0
823957,2026-05-08,ATL,away,686948,Drake Baldwin,3,0,0,0,0,0,0,2,2,0
823957,2026-05-08,ATL,away,805347,Jim Jarvis,3,0,1,0,0,0,0,0,1,0
823957,2026-05-08,ATL,away,621566,Matt Olson,4,0,0,0,0,0,0,0,0,0
823957,2026-05-08,ATL,away,642086,Dominic Smith,3,0,1,1,0,0,0,1,0,0
823957,2026-05-08,ATL,away,571657,Kyle Farmer,1,0,0,0,0,0,0,0,1,0
823957,2026-05-08,ATL,away,645277,Ozzie Albies,5,0,0,0,0,0,0,0,2,0
823957,2026-05-08,ATL,away,663586,Austin Riley,4,0,2,1,0,0,1,0,1,0
823957,2026-05-08,ATL,away,573262,Mike Yastrzemski,4,0,0,0,0,0,0,0,2,0
823225,2026-05-08,SF,home,669477,Casey Schmitt,4,0,1,0,0,0,0,0,0,0
823225,2026-05-08,SF,home,671218,Heliot Ramos,4,1,2,1,0,0,1,0,1,0
823225,2026-05-08,SF,home,683679,Jesus Rodriguez,2,0,1,0,0,0,0,0,0,0
823225,2026-05-08,SF,home,656305,Matt Chapman,4,0,0,0,0,0,0,0,1,0
823225,2026-05-08,SF,home,672275,Patrick Bailey,0,0,0,0,0,0,0,0,0,0
823225,2026-05-08,SF,home,808982,Jung Hoo Lee,4,0,2,0,0,0,0,0,0,0
823225,2026-05-08,SF,home,687551,Drew Gilbert,4,1,1,0,0,0,1,0,1,0
823225,2026-05-08,SF,home,646240,Rafael Devers,4,2,2,0,0,1,1,0,2,0
823225,2026-05-08,SF,home,642715,Willy Adames,4,1,2,0,0,0,0,0,0,0
823225,2026-05-08,SF,home,650333,Luis Arraez,4,0,1,0,0,0,2,0,0,0
823225,2026-05-08,PIT,away,694377,Nick Yorke,2,0,0,0,0,0,0,0,1,0
823225,2026-05-08,PIT,away,687462,Spencer Horwitz,1,0,1,0,0,0,1,0,0,0
823225,2026-05-08,PIT,away,664040,Brandon Lowe,2,0,0,0,0,0,0,0,0,0
823225,2026-05-08,PIT,away,668804,Bryan Reynolds,3,0,0,0,0,0,0,1,0,0
823225,2026-05-08,PIT,away,663698,Joey Bart,3,0,0,0,0,0,0,0,2,0
823225,2026-05-08,PIT,away,665833,Oneil Cruz,3,1,1,0,0,0,0,1,1,0
823225,2026-05-08,PIT,away,669707,Jared Triolo,4,0,0,0,0,0,0,0,1,0
823225,2026-05-08,PIT,away,695257,Billy Cook,3,0,0,0,0,0,0,0,2,0
823225,2026-05-08,PIT,away,804606,Konnor Griffin,3,0,1,0,0,0,0,1,1,1
823225,2026-05-08,PIT,away,656811,Ryan O'Hearn,1,0,0,0,0,0,0,0,0,0
823225,2026-05-08,PIT,away,693304,Nick Gonzales,1,0,0,0,0,0,0,3,0,1
823225,2026-05-08,PIT,away,542303,Marcell Ozuna,3,1,2,0,0,1,1,1,0,0
822820,2026-05-09,TOR,home,672820,Lenyn Sosa,2,0,0,0,0,0,0,0,0,0
822820,2026-05-09,TOR,home,676391,Ernie Clement,5,3,5,0,0,1,2,0,0,0
822820,2026-05-09,TOR,home,662139,Daulton Varsho,5,2,3,0,0,0,0,0,0,0
822820,2026-05-09,TOR,home,665926,Andrés Giménez,4,0,0,0,0,0,1,0,0,0
822820,2026-05-09,TOR,home,678218,Brandon Valenzuela,5,3,4,1,0,1,4,0,0,0
822820,2026-05-09,TOR,home,676914,Davis Schneider,1,0,1,0,0,0,1,0,0,0
822820,2026-05-09,TOR,home,680718,Addison Barger,3,1,0,0,0,0,0,2,1,0
822820,2026-05-09,TOR,home,543807,George Springer,5,0,2,1,0,0,0,0,0,0
822820,2026-05-09,TOR,home,623168,Tyler Heineman,1,0,0,0,0,0,1,0,0,0
822820,2026-05-09,TOR,home,665489,Vladimir Guerrero Jr.,5,1,2,0,0,0,1,0,0,0
822820,2026-05-09,TOR,home,660821,Jesús Sánchez,4,3,2,0,0,1,2,0,1,0
822820,2026-05-09,TOR,home,664702,Myles Straw,0,0,0,0,0,0,0,1,0,0
822820,2026-05-09,TOR,home,672960,Kazuma Okamoto,4,1,1,0,0,0,1,0,0,0
822820,2026-05-09,LAA,away,624428,Adam Frazier,1,0,1,1,0,0,1,0,0,0
822820,2026-05-09,LAA,away,672724,Oswald Peraza,2,0,1,0,0,0,0,0,0,0
822820,2026-05-09,LAA,away,687263,Zach Neto,5,0,1,0,0,0,0,0,3,0
822820,2026-05-09,LAA,away,624585,Jorge Soler,3,0,1,1,0,0,0,0,0,0
822820,2026-05-09,LAA,away,660162,Yoán Moncada,2,0,2,0,0,0,0,0,0,0
822820,2026-05-09,LAA,away,545361,Mike Trout,3,0,0,0,0,0,0,0,3,0
822820,2026-05-09,LAA,away,666176,Jo Adell,3,0,0,0,0,0,0,0,1,0
822820,2026-05-09,LAA,away,687093,Vaughn Grissom,3,0,0,0,0,0,0,1,0,0
822820,2026-05-09,LAA,away,694384,Nolan Schanuel,4,0,1,0,0,0,0,0,1,0
822820,2026-05-09,LAA,away,666139,Josh Lowe,4,0,2,0,0,0,0,0,1,0
822820,2026-05-09,LAA,away,665861,Sebastián Rivero,2,0,0,0,0,0,0,1,0,0
822820,2026-05-09,LAA,away,683079,Omar Martinez,1,0,1,0,0,0,0,0,0,0
822820,2026-05-09,LAA,away,669326,Bryce Teodosio,1,1,0,0,0,0,0,0,0,0
824847,2026-05-09,BAL,home,669236,Jeremiah Jackson,3,0,1,0,0,0,0,0,0,0
824847,2026-05-09,BAL,home,694212,Samuel Basallo,4,0,2,0,0,0,0,0,1,0
824847,2026-05-09,BAL,home,642215,Weston Wilson,0,0,0,0,0,0,0,0,0,0
824847,2026-05-09,BAL,home,683002,Gunnar Henderson,5,0,2,1,0,0,0,0,1,0
824847,2026-05-09,BAL,home,665750,Leody Taveras,3,1,1,0,0,0,0,0,1,0
824847,2026-05-09,BAL,home,621493,Taylor Ward,2,0,0,0,0,0,0,3,0,0
824847,2026-05-09,BAL,home,687637,Dylan Beavers,3,1,1,1,0,0,0,1,2,0
824847,2026-05-09,BAL,home,668939,Adley Rutschman,5,0,1,1,0,0,0,0,2,0
824847,2026-05-09,BAL,home,641933,Tyler O'Neill,1,0,0,0,0,0,0,0,0,0
824847,2026-05-09,BAL,home,677942,Blaze Alexander,0,0,0,0,0,0,0,0,0,0
824847,2026-05-09,BAL,home,624413,Pete Alonso,4,0,0,0,0,0,0,0,1,0
824847,2026-05-09,BAL,home,681297,Colton Cowser,1,0,1,0,0,0,2,0,0,0
824847,2026-05-09,BAL,home,691723,Coby Mayo,3,0,0,0,0,0,0,0,3,0
824847,2026-05-09,OAK,away,671732,Lawrence Butler,4,0,1,0,0,0,0,0,1,0
824847,2026-05-09,OAK,away,667670,Brent Rooker,4,1,2,0,0,1,3,1,0,0
824847,2026-05-09,OAK,away,680869,Zack Gelof,3,0,1,0,0,0,0,1,2,0
824847,2026-05-09,OAK,away,643446,Jeff McNeil,4,0,0,0,0,0,0,0,1,0
824847,2026-05-09,OAK,away,666126,Carlos Cortes,3,0,1,1,0,0,0,0,0,0
824847,2026-05-09,OAK,away,691016,Tyler Soderstrom,5,0,0,0,0,0,0,0,3,0
824847,2026-05-09,OAK,away,701762,Nick Kurtz,4,3,2,2,0,0,0,1,0,1
824847,2026-05-09,OAK,away,687515,Colby Thomas,2,0,2,0,0,0,1,0,0,0
824847,2026-05-09,OAK,away,669127,Shea Langeliers,3,2,2,0,0,0,2,1,0,0
824847,2026-05-09,OAK,away,805779,Jacob Wilson,5,0,0,0,0,0,0,0,3,0
824523,2026-05-09,CIN,home,682829,Elly De La Cruz,4,0,2,0,0,0,1,0,1,0
824523,2026-05-09,CIN,home,667472,Dane Myers,1,0,0,0,0,0,0,0,0,0
824523,2026-05-09,CIN,home,701398,Sal Stewart,4,0,1,0,0,0,0,0,2,1
824523,2026-05-09,CIN,home,663993,Nathaniel Lowe,3,0,0,0,0,0,0,0,1,0
824523,2026-05-09,CIN,home,680574,Matt McLain,3,0,1,0,0,0,2,0,1,0
824523,2026-05-09,CIN,home,663647,Ke'Bryan Hayes,0,0,0,0,0,0,0,0,0,0
824523,2026-05-09,CIN,home,666181,Will Benson,1,1,0,0,0,0,0,2,1,0
824523,2026-05-09,CIN,home,670770,TJ Friedl,2,0,0,0,0,0,0,1,1,0
824523,2026-05-09,CIN,home,668715,Spencer Steer,3,1,1,0,0,0,0,0,0,1
824523,2026-05-09,CIN,home,624431,Jose Trevino,2,1,0,0,0,0,0,0,0,0
824523,2026-05-09,CIN,home,668709,JJ Bleday,4,0,0,0,0,0,0,0,0,0
824523,2026-05-09,HOU,away,670623,Isaac Paredes,4,0,0,0,0,0,0,0,0,0
824523,2026-05-09,HOU,away,701358,Cam Smith,4,0,0,0,0,0,0,0,2,0
824523,2026-05-09,HOU,away,669699,Braden Shewmake,3,1,1,0,0,1,1,0,0,0
824523,2026-05-09,HOU,away,805904,Zach Cole,2,0,1,1,0,0,0,0,0,0
824523,2026-05-09,HOU,away,694728,Brice Matthews,3,0,0,0,0,0,0,0,0,0
824523,2026-05-09,HOU,away,514888,Jose Altuve,4,0,1,0,0,0,0,0,0,0
824523,2026-05-09,HOU,away,701305,Zach Dezenzo,1,0,0,0,0,0,0,0,1,0
824523,2026-05-09,HOU,away,572233,Christian Walker,4,0,0,0,0,0,0,0,0,0
824523,2026-05-09,HOU,away,543877,Christian Vázquez,2,0,0,0,0,0,0,1,1,0
824523,2026-05-09,HOU,away,670541,Yordan Alvarez,2,0,1,1,0,0,0,2,1,0
823869,2026-05-09,MIA,home,665923,Esteury Ruiz,1,1,1,1,0,0,0,0,0,1
823869,2026-05-09,MIA,home,805300,Jakob Marsee,3,1,1,0,0,1,3,1,1,0
823869,2026-05-09,MIA,home,669364,Xavier Edwards,5,1,1,0,0,1,1,0,1,0
823869,2026-05-09,MIA,home,669065,Kyle Stowers,4,2,3,1,0,1,2,0,0,0
823869,2026-05-09,MIA,home,689414,Liam Hicks,3,0,0,0,0,0,0,1,0,0
823869,2026-05-09,MIA,home,683357,Owen Caissie,2,0,0,0,0,0,1,0,1,0
823869,2026-05-09,MIA,home,677870,Leo Jiménez,3,0,1,0,0,0,1,0,0,0
823869,2026-05-09,MIA,home,681393,Connor Norby,3,2,1,1,0,0,0,1,0,2
823869,2026-05-09,MIA,home,691788,Joe Mack,4,0,2,2,0,0,0,0,1,0
823869,2026-05-09,MIA,home,672640,Otto Lopez,5,1,2,1,0,0,0,0,1,0
823869,2026-05-09,WSH,away,691781,Brady House,4,1,1,1,0,0,0,0,2,0
823869,2026-05-09,WSH,away,682928,CJ Abrams,5,1,2,0,1,0,2,0,0,0
823869,2026-05-09,WSH,away,683083,Nasim Nuñez,4,0,0,0,0,0,0,0,2,0
823869,2026-05-09,WSH,away,686452,Drew Millas,4,1,1,0,0,0,1,0,2,0
823869,2026-05-09,WSH,away,686894,Joey Wiemer,0,0,0,0,0,0,0,0,0,0
823869,2026-05-09,WSH,away,678391,Jorbit Vivas,1,0,0,0,0,0,0,0,0,0
823869,2026-05-09,WSH,away,695734,Daylen Lile,3,0,1,1,0,0,1,0,0,0
823869,2026-05-09,WSH,away,677588,José Tena,3,1,1,1,0,0,0,1,1,0
823869,2026-05-09,WSH,away,695578,James Wood,3,2,2,1,0,1,1,1,0,0
823869,2026-05-09,WSH,away,696285,Jacob Young,4,0,0,0,0,0,0,0,1,0
823869,2026-05-09,WSH,away,671277,Luis García Jr.,5,1,3,0,0,0,2,0,0,0
823468,2026-05-09,PHI,home,669016,Brandon Marsh,3,1,1,0,0,0,1,0,2,0
823468,2026-05-09,PHI,home,702222,Justin Crawford,1,0,0,0,0,0,0,0,0,0
823468,2026-05-09,PHI,home,547180,Bryce Harper,0,0,0,0,0,0,0,0,0,0
823468,2026-05-09,PHI,home,592663,J.T. Realmuto,4,1,1,0,0,0,0,0,0,0
823468,2026-05-09,PHI,home,624641,Edmundo Sosa,3,0,1,0,0,0,1,0,0,0
823468,2026-05-09,PHI,home,664761,Alec Bohm,4,2,3,1,0,2,4,0,0,0
823468,2026-05-09,PHI,home,681082,Bryson Stott,4,1,1,0,0,0,0,0,1,0
823468,2026-05-09,PHI,home,656941,Kyle Schwarber,5,1,1,0,0,1,3,0,3,0
823468,2026-05-09,PHI,home,694025,Felix Reyes,4,0,0,0,0,0,0,0,1,0
823468,2026-05-09,PHI,home,666969,Adolis García,4,2,2,1,0,0,0,0,0,0
823468,2026-05-09,PHI,home,607208,Trea Turner,5,1,4,0,0,0,0,0,0,1
823468,2026-05-09,COL,away,666160,Mickey Moniak,4,0,0,0,0,0,0,0,3,0
823468,2026-05-09,COL,away,664983,Jake McCarthy,3,1,1,0,0,0,0,1,0,0
823468,2026-05-09,COL,away,687859,Troy Johnston,4,1,1,0,0,0,0,0,1,0
823468,2026-05-09,COL,away,650489,Willi Castro,4,1,1,0,0,1,1,0,2,0
823468,2026-05-09,COL,away,671289,Tyler Freeman,1,0,0,0,0,0,0,0,0,0
823468,2026-05-09,COL,away,666397,Edouard Julien,2,0,1,0,0,0,0,1,0,0
823468,2026-05-09,COL,away,696100,Hunter Goodman,4,0,0,0,0,0,0,0,1,0
823468,2026-05-09,COL,away,664954,Brett Sullivan,4,0,0,0,0,0,0,0,2,0
823468,2026-05-09,COL,away,681198,TJ Rumfield,3,0,1,0,0,0,0,0,1,0
823468,2026-05-09,COL,away,691720,Kyle Karros,4,0,1,1,0,0,2,0,1,0
824444,2026-05-09,CLE,home,800050,Chase DeLauter,5,0,0,0,0,0,0,0,1,0
824444,2026-05-09,CLE,home,595978,Austin Hedges,2,0,0,0,0,0,0,1,1,0
824444,2026-05-09,CLE,home,683953,Travis Bazzana,3,0,0,0,0,0,0,1,0,1
824444,2026-05-09,CLE,home,682177,Daniel Schneemann,3,0,0,0,0,0,0,2,1,0
824444,2026-05-09,CLE,home,677587,Brayan Rocchio,4,0,0,0,0,0,0,1,0,1
824444,2026-05-09,CLE,home,690984,Petey Halpin,0,0,0,0,0,0,0,0,0,0
824444,2026-05-09,CLE,home,681807,David Fry,1,0,0,0,0,0,0,1,0,0
824444,2026-05-09,CLE,home,608070,José Ramírez,3,1,1,0,0,0,0,2,1,1
824444,2026-05-09,CLE,home,680757,Steven Kwan,5,0,0,0,0,0,0,0,0,0
824444,2026-05-09,CLE,home,682657,Angel Martínez,4,0,0,0,0,0,0,0,2,0
824444,2026-05-09,CLE,home,700932,Kyle Manzardo,3,0,1,0,0,0,1,0,1,0
824444,2026-05-09,CLE,home,656555,Rhys Hoskins,1,0,0,0,0,0,0,1,0,0
824444,2026-05-09,MIN,away,605170,Victor Caratini,4,0,0,0,0,0,0,0,1,0
824444,2026-05-09,MIN,away,665019,Kody Clemens,4,0,0,0,0,0,0,0,3,0
824444,2026-05-09,MIN,away,686797,Brooks Lee,5,0,0,0,0,0,0,0,1,0
824444,2026-05-09,MIN,away,668885,Austin Martin,2,0,0,0,0,0,0,0,1,0
824444,2026-05-09,MIN,away,605137,Josh Bell,4,0,0,0,0,0,0,0,4,0
824444,2026-05-09,MIN,away,681546,James Outman,0,0,0,0,0,0,0,0,0,0
824444,2026-05-09,MIN,away,668904,Royce Lewis,3,0,0,0,0,0,0,1,0,0
824444,2026-05-09,MIN,away,663616,Trevor Larnach,2,0,0,0,0,0,0,0,1,0
824444,2026-05-09,MIN,away,621439,Byron Buxton,5,1,2,1,0,1,2,0,2,0
824444,2026-05-09,MIN,away,670242,Matt Wallner,4,1,0,0,0,0,0,0,4,0
824444,2026-05-09,MIN,away,807712,Luke Keaschall,2,0,0,0,0,0,0,2,0,0
822905,2026-05-09,TEX,home,694497,Evan Carter,2,2,0,0,0,0,0,2,0,1
822905,2026-05-09,TEX,home,696030,Alejandro Osuna,4,0,2,0,0,0,2,0,0,0
822905,2026-05-09,TEX,home,592626,Joc Pederson,3,1,2,1,0,0,1,1,1,0
822905,2026-05-09,TEX,home,608369,Corey Seager,4,0,0,0,0,0,0,0,3,0
822905,2026-05-09,TEX,home,673962,Josh Jung,4,2,3,0,0,1,1,0,0,0
822905,2026-05-09,TEX,home,679822,Justin Foscue,3,1,1,0,0,1,1,0,0,0
822905,2026-05-09,TEX,home,543309,Kyle Higashioka,3,0,1,0,0,0,1,0,1,0
822905,2026-05-09,TEX,home,677649,Ezequiel Duran,4,0,0,0,0,0,0,0,1,0
822905,2026-05-09,TEX,home,607043,Brandon Nimmo,3,0,0,0,0,0,0,1,1,0
822905,2026-05-09,TEX,home,664059,Sam Haggerty,0,0,0,0,0,0,0,0,0,0
822905,2026-05-09,CHC,away,624424,Michael Conforto,4,0,1,1,0,0,0,1,1,0
822905,2026-05-09,CHC,away,664023,Ian Happ,3,0,0,0,0,0,0,1,2,0
822905,2026-05-09,CHC,away,608324,Alex Bregman,4,0,1,0,0,0,0,0,2,0
822905,2026-05-09,CHC,away,683737,Michael Busch,3,0,1,0,0,0,0,1,1,0
822905,2026-05-09,CHC,away,608348,Carson Kelly,2,0,0,0,0,0,0,1,0,0
822905,2026-05-09,CHC,away,691718,Pete Crow-Armstrong,3,0,0,0,0,0,0,1,0,0
822905,2026-05-09,CHC,away,694208,Moisés Ballesteros,1,0,0,0,0,0,0,0,0,0
822905,2026-05-09,CHC,away,670032,Nicky Lopez,1,0,0,0,0,0,0,0,0,0
822905,2026-05-09,CHC,away,673548,Seiya Suzuki,3,0,1,0,0,0,0,1,1,0
822905,2026-05-09,CHC,away,621020,Dansby Swanson,3,0,1,1,0,0,0,0,1,0
822905,2026-05-09,CHC,away,663538,Nico Hoerner,4,0,0,0,0,0,0,0,1,0
822905,2026-05-09,CHC,away,807713,Matt Shaw,1,0,0,0,0,0,0,0,0,0
824115,2026-05-09,KC,home,695600,Carter Jensen,2,1,1,1,0,0,0,1,0,0
824115,2026-05-09,KC,home,521692,Salvador Perez,3,0,0,0,0,0,0,0,2,0
824115,2026-05-09,KC,home,686681,Michael Massey,3,1,1,0,0,1,3,0,0,0
824115,2026-05-09,KC,home,686469,Vinnie Pasquantino,4,0,1,0,0,0,0,0,1,0
824115,2026-05-09,KC,home,664728,Kyle Isbel,3,0,0,0,0,0,0,0,0,0
824115,2026-05-09,KC,home,672580,Maikel Garcia,3,1,1,1,0,0,0,1,0,0
824115,2026-05-09,KC,home,657041,Lane Thomas,3,0,0,0,0,0,0,0,1,0
824115,2026-05-09,KC,home,695506,Jac Caglianone,3,1,1,0,0,0,0,0,1,0
824115,2026-05-09,KC,home,677951,Bobby Witt Jr.,4,1,1,0,0,1,2,0,0,0
824115,2026-05-09,DET,away,656716,Zach McKinstry,3,0,0,0,0,0,0,1,1,1
824115,2026-05-09,DET,away,701678,Hao-Yu  Lee,1,0,0,0,0,0,0,0,0,0
824115,2026-05-09,DET,away,682985,Riley Greene,3,0,1,1,0,0,1,1,1,0
824115,2026-05-09,DET,away,805808,Kevin McGonigle,3,1,1,0,0,0,0,0,0,0
824115,2026-05-09,DET,away,681481,Kerry Carpenter,1,0,1,0,0,0,0,0,0,0
824115,2026-05-09,DET,away,679529,Spencer Torkelson,4,0,1,1,0,0,0,0,2,0
824115,2026-05-09,DET,away,668670,Jake Rogers,3,0,0,0,0,0,0,0,1,0
824115,2026-05-09,DET,away,663837,Matt Vierling,4,0,0,0,0,0,0,0,1,0
824115,2026-05-09,DET,away,693307,Dillon Dingler,4,0,0,0,0,0,0,0,0,0
824115,2026-05-09,DET,away,690993,Colt Keith,3,0,0,0,0,0,0,0,2,0
824115,2026-05-09,DET,away,672761,Wenceel Pérez,3,0,0,0,0,0,0,0,1,0
824606,2026-05-09,CWS,home,671976,Tristan Peters,3,0,2,1,0,0,0,0,1,0
824606,2026-05-09,CWS,home,545341,Randal Grichuk,3,0,0,0,0,0,0,0,1,0
824606,2026-05-09,CWS,home,808959,Munetaka Murakami,4,0,0,0,0,0,0,0,2,0
824606,2026-05-09,CWS,home,805367,Chase Meidroth,4,1,1,1,0,0,0,0,1,0
824606,2026-05-09,CWS,home,695657,Colson Montgomery,4,1,1,0,0,1,2,0,1,0
824606,2026-05-09,CWS,home,700337,Edgar Quero,3,0,1,0,0,0,1,0,1,0
824606,2026-05-09,CWS,home,803011,Sam Antonacci,3,2,1,0,0,0,0,0,2,1
824606,2026-05-09,CWS,home,672284,Jarred Kelenic,3,0,1,0,0,0,0,1,0,0
824606,2026-05-09,CWS,home,678246,Miguel Vargas,3,2,2,0,0,2,3,1,1,0
824606,2026-05-09,SEA,away,647304,Josh Naylor,4,0,1,0,0,0,0,0,0,0
824606,2026-05-09,SEA,away,702284,Cole Young,3,0,0,0,0,0,0,1,1,0
824606,2026-05-09,SEA,away,668227,Randy Arozarena,4,0,1,0,0,0,0,0,2,0
824606,2026-05-09,SEA,away,641487,J.P. Crawford,4,0,0,0,0,0,0,0,1,0
824606,2026-05-09,SEA,away,663728,Cal Raleigh,4,0,0,0,0,0,0,0,2,0
824606,2026-05-09,SEA,away,608701,Rob Refsnyder,3,0,0,0,0,0,1,0,1,0
824606,2026-05-09,SEA,away,641598,Mitch Garver,3,1,0,0,0,0,0,1,1,0
824606,2026-05-09,SEA,away,677594,Julio Rodríguez,3,0,2,0,0,0,0,1,1,0
824606,2026-05-09,SEA,away,660844,Leo Rivas,1,0,0,0,0,0,0,1,0,0
823792,2026-05-09,MIL,home,650859,Luis Rengifo,3,1,0,0,0,0,0,1,0,0
823792,2026-05-09,MIL,home,694192,Jackson Chourio,5,0,1,0,0,0,1,0,1,0
823792,2026-05-09,MIL,home,641343,Jake Bauers,4,1,1,0,0,1,1,0,2,0
823792,2026-05-09,MIL,home,686217,Sal Frelick,4,0,0,0,0,0,0,0,0,0
823792,2026-05-09,MIL,home,683734,Andrew Vaughn,0,0,0,0,0,0,0,1,0,0
823792,2026-05-09,MIL,home,672012,Tyler Black,2,0,0,0,0,0,0,0,2,0
823792,2026-05-09,MIL,home,669003,Garrett Mitchell,4,1,1,0,0,0,0,0,2,0
823792,2026-05-09,MIL,home,666152,David Hamilton,3,0,0,0,0,0,0,0,1,0
823792,2026-05-09,MIL,home,663368,Blake Perkins,1,0,0,0,0,0,0,0,0,0
823792,2026-05-09,MIL,home,661388,William Contreras,4,0,2,0,0,0,2,0,0,0
823792,2026-05-09,MIL,home,668930,Brice Turang,5,1,1,0,0,0,0,0,0,1
823792,2026-05-09,MIL,home,596142,Gary Sánchez,1,0,0,0,0,0,0,0,0,0
823792,2026-05-09,NYY,away,676609,José Caballero,3,0,0,0,0,0,0,1,1,0
823792,2026-05-09,NYY,away,682987,Spencer Jones,3,0,0,0,0,0,0,0,2,0
823792,2026-05-09,NYY,away,680474,Max Schuemann,0,1,0,0,0,0,0,0,0,0
823792,2026-05-09,NYY,away,642708,Amed Rosario,3,1,1,1,0,0,0,1,1,0
823792,2026-05-09,NYY,away,592450,Aaron Judge,2,0,0,0,0,0,0,3,2,0
823792,2026-05-09,NYY,away,641857,Ryan McMahon,1,0,1,0,0,0,1,0,0,0
823792,2026-05-09,NYY,away,502671,Paul Goldschmidt,5,1,3,0,0,1,2,0,1,0
823792,2026-05-09,NYY,away,669224,Austin Wells,4,0,0,0,0,0,0,0,2,0
823792,2026-05-09,NYY,away,700250,Ben Rice,5,0,0,0,0,0,0,0,2,0
823792,2026-05-09,NYY,away,641355,Cody Bellinger,4,0,1,0,0,0,0,1,1,0
823792,2026-05-09,NYY,away,665862,Jazz Chisholm Jr.,3,0,1,0,0,0,0,1,2,0
823792,2026-05-09,NYY,away,663757,Trent Grisham,1,0,0,0,0,0,0,0,1,0
825089,2026-05-09,ARI,home,680728,Adrian Del Castillo,2,0,1,1,0,0,0,2,1,0
825089,2026-05-09,ARI,home,571448,Nolan Arenado,3,0,1,0,0,0,0,1,0,0
825089,2026-05-09,ARI,home,814439,Ryan Waldschmidt,3,0,0,0,0,0,0,0,3,0
825089,2026-05-09,ARI,home,606466,Ketel Marte,4,0,1,1,0,0,0,0,0,0
825089,2026-05-09,ARI,home,545121,Ildemaro Vargas,4,0,1,0,0,0,2,0,0,0
825089,2026-05-09,ARI,home,672695,Geraldo Perdomo,3,1,1,0,0,0,0,1,1,0
825089,2026-05-09,ARI,home,672515,Gabriel Moreno,3,0,0,0,0,0,0,0,1,0
825089,2026-05-09,ARI,home,682998,Corbin Carroll,4,1,1,0,0,0,0,0,0,0
825089,2026-05-09,ARI,home,666971,Lourdes Gurriel Jr.,4,0,0,0,0,0,0,0,2,0
825089,2026-05-09,ARI,home,678489,Jorge Barrosa,0,0,0,0,0,0,0,0,0,0
825089,2026-05-09,NYM,away,666182,Bo Bichette,3,0,0,0,0,0,0,1,0,0
825089,2026-05-09,NYM,away,621438,Tyrone Taylor,3,0,1,1,0,0,0,0,0,0
825089,2026-05-09,NYM,away,682626,Francisco Alvarez,3,0,0,0,0,0,0,0,1,0
825089,2026-05-09,NYM,away,668901,Mark Vientos,4,0,0,0,0,0,0,0,2,0
825089,2026-05-09,NYM,away,683146,Brett Baty,3,0,1,1,0,0,1,0,1,0
825089,2026-05-09,NYM,away,701807,Carson Benge,4,0,0,0,0,0,0,0,2,0
825089,2026-05-09,NYM,away,543760,Marcus Semien,3,1,1,0,0,0,0,0,1,0
825089,2026-05-09,NYM,away,669004,MJ Melendez,3,0,0,0,0,0,0,1,1,0
825089,2026-05-09,NYM,away,665742,Juan Soto,3,0,0,0,0,0,0,1,0,0
823304,2026-05-09,SD,home,666023,Freddy Fermin,3,1,2,0,0,0,0,0,0,0
823304,2026-05-09,SD,home,701538,Jackson Merrill,4,0,0,0,0,0,0,0,2,0
823304,2026-05-09,SD,home,823550,Sung-Mun Song,2,1,0,0,0,0,0,1,0,0
823304,2026-05-09,SD,home,657757,Gavin Sheets,4,0,0,0,0,0,0,0,1,0
823304,2026-05-09,SD,home,657656,Ramón Laureano,2,0,0,0,0,0,0,1,1,0
823304,2026-05-09,SD,home,592518,Manny Machado,4,1,1,0,0,1,1,0,2,0
823304,2026-05-09,SD,home,665487,Fernando Tatis Jr.,4,0,1,0,0,0,2,0,2,0
823304,2026-05-09,SD,home,664034,Ty France,3,1,1,0,0,1,1,0,1,0
823304,2026-05-09,SD,home,593428,Xander Bogaerts,4,0,0,0,0,0,0,0,1,1
823304,2026-05-09,STL,away,669357,Nolan Gorman,3,0,1,0,0,0,0,1,2,0
823304,2026-05-09,STL,away,691023,Jordan Walker,4,1,1,0,0,0,0,0,1,0
823304,2026-05-09,STL,away,687363,Victor Scott II,0,0,0,0,0,0,0,0,0,0
823304,2026-05-09,STL,away,701675,Nathan Church,3,0,2,1,0,0,1,1,0,0
823304,2026-05-09,STL,away,665877,José Fermín,1,0,0,0,0,0,0,0,1,0
823304,2026-05-09,STL,away,802139,JJ Wetherholt,4,1,1,0,0,0,0,0,1,1
823304,2026-05-09,STL,away,676475,Alec Burleson,4,0,0,0,0,0,0,0,1,0
823304,2026-05-09,STL,away,695336,Thomas Saggese,4,0,0,0,0,0,0,0,1,0
823304,2026-05-09,STL,away,650968,Yohel Pozo,1,0,0,0,0,0,0,0,1,0
823304,2026-05-09,STL,away,686780,Pedro Pagés,2,0,0,0,0,0,0,0,1,0
823304,2026-05-09,STL,away,691026,Masyn Winn,4,0,0,0,0,0,0,0,2,0
823304,2026-05-09,STL,away,671056,Iván Herrera,4,0,2,1,0,0,1,0,1,0
823224,2026-05-09,SF,home,671218,Heliot Ramos,3,1,2,0,0,0,0,1,0,0
823224,2026-05-09,SF,home,656305,Matt Chapman,3,0,1,0,0,0,0,1,0,0
823224,2026-05-09,SF,home,808982,Jung Hoo Lee,5,0,1,0,0,0,0,0,1,0
823224,2026-05-09,SF,home,687551,Drew Gilbert,3,0,0,0,0,0,1,1,1,0
823224,2026-05-09,SF,home,646240,Rafael Devers,3,0,0,0,0,0,0,0,2,0
823224,2026-05-09,SF,home,682515,Logan Porter,0,1,0,0,0,0,0,0,0,0
823224,2026-05-09,SF,home,606992,Eric Haase,4,0,1,0,0,0,1,0,1,0
823224,2026-05-09,SF,home,683766,Christian Koss,0,0,0,0,0,0,0,0,0,0
823224,2026-05-09,SF,home,642715,Willy Adames,4,0,0,0,0,0,0,0,1,0
823224,2026-05-09,SF,home,650333,Luis Arraez,4,0,1,0,0,0,0,0,1,0
823224,2026-05-09,SF,home,805811,Bryce Eldridge,4,1,1,0,0,1,1,0,0,0
823224,2026-05-09,PIT,away,694377,Nick Yorke,0,0,0,0,0,0,0,0,0,0
823224,2026-05-09,PIT,away,687462,Spencer Horwitz,3,2,1,1,0,0,1,2,1,0
823224,2026-05-09,PIT,away,664040,Brandon Lowe,4,2,2,1,1,0,4,1,1,0
823224,2026-05-09,PIT,away,668804,Bryan Reynolds,4,0,1,0,0,0,1,1,1,0
823224,2026-05-09,PIT,away,663698,Joey Bart,5,3,4,0,0,0,2,0,0,0
823224,2026-05-09,PIT,away,665833,Oneil Cruz,6,3,3,0,0,0,0,0,2,1
823224,2026-05-09,PIT,away,669707,Jared Triolo,1,0,1,0,0,0,1,0,0,0
823224,2026-05-09,PIT,away,695257,Billy Cook,0,0,0,0,0,0,0,0,0,0
823224,2026-05-09,PIT,away,804606,Konnor Griffin,4,1,1,0,0,0,2,0,2,0
823224,2026-05-09,PIT,away,656811,Ryan O'Hearn,5,1,2,0,0,0,1,1,0,0
823224,2026-05-09,PIT,away,693304,Nick Gonzales,6,1,4,1,0,0,0,0,1,0
823224,2026-05-09,PIT,away,542303,Marcell Ozuna,6,0,1,1,0,0,0,0,3,0
823955,2026-05-09,LAD,home,669257,Will Smith,3,0,1,0,0,0,0,1,0,0
823955,2026-05-09,LAD,home,687221,Dalton Rushing,1,0,0,0,0,0,0,0,1,0
823955,2026-05-09,LAD,home,663656,Kyle Tucker,2,0,0,0,0,0,0,0,1,0
823955,2026-05-09,LAD,home,571970,Max Muncy,2,0,0,0,0,0,0,0,0,0
823955,2026-05-09,LAD,home,518692,Freddie Freeman,3,0,0,0,0,0,0,0,0,0
823955,2026-05-09,LAD,home,808975,Hyeseong Kim,3,0,0,0,0,0,0,1,1,0
823955,2026-05-09,LAD,home,669289,Santiago Espinal,2,0,0,0,0,0,0,0,0,0
823955,2026-05-09,LAD,home,660271,Shohei Ohtani,4,0,1,0,0,0,0,0,2,0
823955,2026-05-09,LAD,home,606192,Teoscar Hernández,3,0,1,0,0,0,0,1,1,0
823955,2026-05-09,LAD,home,681624,Andy Pages,4,1,2,0,0,1,2,0,1,0
823955,2026-05-09,LAD,home,669743,Alex Call,2,1,1,1,0,0,0,0,0,0
823955,2026-05-09,LAD,home,690976,Alex Freeland,3,0,0,0,0,0,0,0,2,0
823955,2026-05-09,ATL,away,671739,Michael Harris II,5,0,1,1,0,0,1,0,2,0
823955,2026-05-09,ATL,away,622761,Jorge Mateo,4,2,2,0,0,0,0,0,1,0
823955,2026-05-09,ATL,away,643289,Mauricio Dubón,4,1,2,0,0,0,0,1,0,0
823955,2026-05-09,ATL,away,686948,Drake Baldwin,3,1,1,0,0,0,1,2,1,0
823955,2026-05-09,ATL,away,621566,Matt Olson,5,0,2,0,0,0,2,0,2,1
823955,2026-05-09,ATL,away,642086,Dominic Smith,1,0,0,0,0,0,0,0,0,0
823955,2026-05-09,ATL,away,669221,Sean Murphy,5,0,0,0,0,0,0,0,3,0
823955,2026-05-09,ATL,away,642201,Eli White,2,1,1,0,0,0,0,0,0,1
823955,2026-05-09,ATL,away,645277,Ozzie Albies,5,1,2,0,0,0,2,0,0,0
823955,2026-05-09,ATL,away,663586,Austin Riley,4,1,1,0,0,0,1,1,1,0
823955,2026-05-09,ATL,away,573262,Mike Yastrzemski,1,0,0,0,0,0,0,0,1,0
823868,2026-05-10,MIA,home,666624,Christopher Morel,4,1,1,0,0,0,1,0,2,1
823868,2026-05-10,MIA,home,681715,Heriberto Hernández,4,0,2,0,0,0,2,0,0,0
823868,2026-05-10,MIA,home,665923,Esteury Ruiz,0,1,0,0,0,0,0,0,0,1
823868,2026-05-10,MIA,home,805300,Jakob Marsee,2,1,1,0,0,0,0,1,1,2
823868,2026-05-10,MIA,home,691594,Javier Sanoja,4,0,0,0,0,0,0,0,0,0
823868,2026-05-10,MIA,home,669364,Xavier Edwards,4,1,1,0,0,0,0,0,2,0
823868,2026-05-10,MIA,home,669065,Kyle Stowers,2,0,0,0,0,0,0,1,0,0
823868,2026-05-10,MIA,home,689414,Liam Hicks,3,0,1,0,0,0,1,0,0,0
823868,2026-05-10,MIA,home,691788,Joe Mack,3,1,0,0,0,0,0,1,1,0
823868,2026-05-10,MIA,home,672640,Otto Lopez,4,0,0,0,0,0,1,0,1,0
823868,2026-05-10,WSH,away,691781,Brady House,4,0,0,0,0,0,1,0,0,0
823868,2026-05-10,WSH,away,682928,CJ Abrams,4,0,0,0,0,0,0,0,3,0
823868,2026-05-10,WSH,away,683083,Nasim Nuñez,1,0,0,0,0,0,0,2,0,1
823868,2026-05-10,WSH,away,686452,Drew Millas,2,0,0,0,0,0,0,1,0,0
823868,2026-05-10,WSH,away,678391,Jorbit Vivas,3,1,1,0,0,0,0,0,0,0
823868,2026-05-10,WSH,away,678554,Curtis Mead,1,0,0,0,0,0,0,0,0,0
823868,2026-05-10,WSH,away,695734,Daylen Lile,4,0,2,1,0,0,0,0,1,0
823868,2026-05-10,WSH,away,695578,James Wood,4,0,1,1,0,0,0,0,0,0
823868,2026-05-10,WSH,away,696285,Jacob Young,4,0,0,0,0,0,0,0,1,0
823868,2026-05-10,WSH,away,671277,Luis García Jr.,4,1,2,1,1,0,1,0,0,0
824845,2026-05-10,BAL,home,669236,Jeremiah Jackson,0,0,0,0,0,0,0,0,0,0
824845,2026-05-10,BAL,home,694212,Samuel Basallo,4,1,1,1,0,0,0,0,2,0
824845,2026-05-10,BAL,home,642215,Weston Wilson,1,0,0,0,0,0,0,2,1,0
824845,2026-05-10,BAL,home,683002,Gunnar Henderson,4,0,2,0,0,0,1,0,1,0
824845,2026-05-10,BAL,home,665750,Leody Taveras,4,0,1,0,0,0,0,0,0,1
824845,2026-05-10,BAL,home,621493,Taylor Ward,2,0,0,0,0,0,0,2,2,0
824845,2026-05-10,BAL,home,687637,Dylan Beavers,4,1,2,1,0,0,1,0,0,0
824845,2026-05-10,BAL,home,668939,Adley Rutschman,4,0,0,0,0,0,0,0,2,0
824845,2026-05-10,BAL,home,677942,Blaze Alexander,1,0,0,0,0,0,0,1,1,0
824845,2026-05-10,BAL,home,624413,Pete Alonso,4,0,0,0,0,0,0,0,1,0
824845,2026-05-10,OAK,away,671732,Lawrence Butler,3,0,0,0,0,0,0,1,2,0
824845,2026-05-10,OAK,away,641680,Jonah Heim,1,0,0,0,0,0,0,0,1,0
824845,2026-05-10,OAK,away,667670,Brent Rooker,3,0,0,0,0,0,0,1,2,0
824845,2026-05-10,OAK,away,680869,Zack Gelof,4,0,1,0,0,0,0,0,1,0
824845,2026-05-10,OAK,away,643446,Jeff McNeil,3,0,0,0,0,0,0,0,1,0
824845,2026-05-10,OAK,away,666126,Carlos Cortes,3,0,1,0,0,0,1,0,0,1
824845,2026-05-10,OAK,away,691016,Tyler Soderstrom,4,1,1,1,0,0,0,0,0,0
824845,2026-05-10,OAK,away,687231,Darell Hernaiz,1,0,0,0,0,0,0,0,1,0
824845,2026-05-10,OAK,away,701762,Nick Kurtz,3,0,0,0,0,0,0,1,2,0
824845,2026-05-10,OAK,away,669127,Shea Langeliers,2,0,0,0,0,0,0,1,0,0
824845,2026-05-10,OAK,away,805779,Jacob Wilson,2,0,1,0,0,0,0,0,0,0
824765,2026-05-10,BOS,home,575929,Willson Contreras,0,0,0,0,0,0,0,0,0,0
824765,2026-05-10,BOS,home,596115,Trevor Story,4,1,1,1,0,0,0,0,3,0
824765,2026-05-10,BOS,home,677800,Wilyer Abreu,4,0,0,0,0,0,0,0,1,0
824765,2026-05-10,BOS,home,655316,Andruw Monasterio,3,0,2,1,0,0,0,0,0,0
824765,2026-05-10,BOS,home,681508,Mickey Gasper,4,0,3,2,0,0,1,0,0,0
824765,2026-05-10,BOS,home,702332,Caleb Durbin,3,0,0,0,0,0,0,0,0,0
824765,2026-05-10,BOS,home,665966,Carlos Narváez,1,0,0,0,0,0,0,0,1,0
824765,2026-05-10,BOS,home,680776,Jarren Duran,5,0,1,0,0,0,0,0,0,0
824765,2026-05-10,BOS,home,678882,Ceddanne Rafaela,4,0,0,0,0,0,0,0,2,0
824765,2026-05-10,BOS,home,807799,Masataka Yoshida,3,0,1,0,0,0,0,0,0,0
824765,2026-05-10,BOS,home,691785,Marcelo Mayer,3,0,0,0,0,0,0,1,1,0
824765,2026-05-10,TB,away,670764,Taylor Walls,2,0,0,0,0,0,0,0,0,0
824765,2026-05-10,TB,away,668723,Ryan Vilade,2,0,1,0,0,0,0,0,1,0
824765,2026-05-10,TB,away,802415,Chandler Simpson,4,1,1,0,0,0,1,0,0,0
824765,2026-05-10,TB,away,676356,Jonny DeLuca,3,0,0,0,0,0,0,1,2,0
824765,2026-05-10,TB,away,666018,Jonathan Aranda,2,0,1,0,0,0,0,0,0,0
824765,2026-05-10,TB,away,663743,Nick Fortes,4,1,1,0,0,0,0,0,1,0
824765,2026-05-10,TB,away,650490,Yandy Díaz,4,0,1,0,0,0,0,0,0,0
824765,2026-05-10,TB,away,810938,Ben Williamson,2,1,1,0,0,0,1,2,0,0
824765,2026-05-10,TB,away,691406,Junior Caminero,4,1,1,0,0,1,1,0,1,0
824765,2026-05-10,TB,away,656775,Cedric Mullins,3,0,1,0,0,0,1,0,0,0
823463,2026-05-10,PHI,home,669016,Brandon Marsh,4,1,4,0,0,0,0,0,0,0
823463,2026-05-10,PHI,home,702222,Justin Crawford,2,0,0,0,0,0,0,1,0,0
823463,2026-05-10,PHI,home,547180,Bryce Harper,4,1,1,0,0,1,1,0,1,0
823463,2026-05-10,PHI,home,592663,J.T. Realmuto,4,0,0,0,0,0,0,0,0,0
823463,2026-05-10,PHI,home,664761,Alec Bohm,3,1,1,0,0,0,1,1,0,0
823463,2026-05-10,PHI,home,681082,Bryson Stott,4,1,1,1,0,0,0,0,0,1
823463,2026-05-10,PHI,home,656941,Kyle Schwarber,4,2,3,0,0,2,2,0,0,0
823463,2026-05-10,PHI,home,666969,Adolis García,4,0,0,0,0,0,0,0,1,0
823463,2026-05-10,PHI,home,607208,Trea Turner,3,0,0,0,0,0,1,0,1,0
823463,2026-05-10,COL,away,666160,Mickey Moniak,4,0,1,0,0,0,0,0,2,0
823463,2026-05-10,COL,away,664983,Jake McCarthy,3,0,1,0,0,0,0,0,1,0
823463,2026-05-10,COL,away,687859,Troy Johnston,1,0,0,0,0,0,0,0,1,0
823463,2026-05-10,COL,away,650489,Willi Castro,4,0,0,0,0,0,0,0,1,0
823463,2026-05-10,COL,away,671289,Tyler Freeman,4,0,0,0,0,0,0,0,1,0
823463,2026-05-10,COL,away,666397,Edouard Julien,1,0,0,0,0,0,0,0,1,0
823463,2026-05-10,COL,away,696100,Hunter Goodman,4,0,1,0,0,0,0,0,1,0
823463,2026-05-10,COL,away,687597,Jordan Beck,3,0,1,0,0,0,0,0,0,0
823463,2026-05-10,COL,away,686668,Brenton Doyle,3,0,0,0,0,0,0,0,0,0
823463,2026-05-10,COL,away,678662,Ezequiel Tovar,3,0,2,0,0,0,0,0,0,0
823463,2026-05-10,COL,away,691720,Kyle Karros,3,0,0,0,0,0,0,0,2,0
822819,2026-05-10,TOR,home,672820,Lenyn Sosa,4,0,0,0,0,0,0,0,2,0
822819,2026-05-10,TOR,home,676391,Ernie Clement,4,0,1,0,0,0,0,0,0,0
822819,2026-05-10,TOR,home,662139,Daulton Varsho,4,1,2,0,0,0,0,0,2,0
822819,2026-05-10,TOR,home,665926,Andrés Giménez,3,0,0,0,0,0,0,0,1,0
822819,2026-05-10,TOR,home,623168,Tyler Heineman,3,0,0,0,0,0,0,0,0,0
822819,2026-05-10,TOR,home,665489,Vladimir Guerrero Jr.,4,0,0,0,0,0,0,0,0,0
822819,2026-05-10,TOR,home,660821,Jesús Sánchez,3,0,0,0,0,0,0,1,3,0
822819,2026-05-10,TOR,home,664702,Myles Straw,3,0,1,0,0,0,0,0,0,0
822819,2026-05-10,TOR,home,672960,Kazuma Okamoto,4,0,1,1,0,0,1,0,1,0
822819,2026-05-10,LAA,away,672724,Oswald Peraza,4,1,1,0,0,1,2,0,0,0
822819,2026-05-10,LAA,away,687263,Zach Neto,4,1,1,1,0,0,0,0,1,0
822819,2026-05-10,LAA,away,624585,Jorge Soler,4,0,0,0,0,0,0,0,2,0
822819,2026-05-10,LAA,away,545361,Mike Trout,3,1,0,0,0,0,0,1,1,0
822819,2026-05-10,LAA,away,666176,Jo Adell,4,2,3,1,0,2,2,0,0,0
822819,2026-05-10,LAA,away,687093,Vaughn Grissom,4,0,2,1,0,0,2,0,1,0
822819,2026-05-10,LAA,away,694384,Nolan Schanuel,3,1,0,0,0,0,0,1,0,0
822819,2026-05-10,LAA,away,666139,Josh Lowe,0,0,0,0,0,0,0,0,0,0
822819,2026-05-10,LAA,away,665861,Sebastián Rivero,4,0,0,0,0,0,0,0,0,0
822819,2026-05-10,LAA,away,669326,Bryce Teodosio,3,0,0,0,0,0,0,0,1,0
824520,2026-05-10,CIN,home,682829,Elly De La Cruz,4,2,3,0,0,0,0,0,0,1
824520,2026-05-10,CIN,home,701398,Sal Stewart,4,1,1,1,0,0,0,0,2,0
824520,2026-05-10,CIN,home,680574,Matt McLain,2,0,0,0,0,0,1,2,0,0
824520,2026-05-10,CIN,home,663647,Ke'Bryan Hayes,4,0,1,0,0,0,0,0,1,0
824520,2026-05-10,CIN,home,666181,Will Benson,4,0,0,0,0,0,0,0,2,0
824520,2026-05-10,CIN,home,694362,Blake Dunn,3,0,1,1,0,0,0,1,0,0
824520,2026-05-10,CIN,home,668715,Spencer Steer,5,1,1,0,0,1,1,0,0,0
824520,2026-05-10,CIN,home,663886,Tyler Stephenson,4,0,1,0,0,0,1,0,1,0
824520,2026-05-10,CIN,home,668709,JJ Bleday,2,1,1,0,1,0,2,2,0,1
824520,2026-05-10,HOU,away,670623,Isaac Paredes,4,0,1,0,0,0,0,0,1,0
824520,2026-05-10,HOU,away,669397,Nick Allen,3,0,0,0,0,0,0,0,1,0
824520,2026-05-10,HOU,away,701358,Cam Smith,2,0,0,0,0,0,0,1,1,0
824520,2026-05-10,HOU,away,805904,Zach Cole,2,0,0,0,0,0,0,0,2,0
824520,2026-05-10,HOU,away,663967,César Salazar,3,0,1,0,0,0,0,0,0,0
824520,2026-05-10,HOU,away,694728,Brice Matthews,3,0,0,0,0,0,0,0,0,0
824520,2026-05-10,HOU,away,514888,Jose Altuve,4,0,1,0,0,0,0,0,0,0
824520,2026-05-10,HOU,away,701305,Zach Dezenzo,1,0,0,0,0,0,0,0,0,0
824520,2026-05-10,HOU,away,572233,Christian Walker,3,0,0,0,0,0,0,0,1,0
824520,2026-05-10,HOU,away,670541,Yordan Alvarez,4,0,0,0,0,0,0,0,4,0
824440,2026-05-10,CLE,home,800050,Chase DeLauter,5,0,2,0,0,0,2,0,0,0
824440,2026-05-10,CLE,home,683953,Travis Bazzana,3,0,1,0,0,0,0,2,0,0
824440,2026-05-10,CLE,home,682177,Daniel Schneemann,4,0,1,0,0,0,0,1,2,0
824440,2026-05-10,CLE,home,672275,Patrick Bailey,3,0,0,0,0,0,0,0,1,0
824440,2026-05-10,CLE,home,677587,Brayan Rocchio,4,2,4,1,0,0,0,0,0,0
824440,2026-05-10,CLE,home,681807,David Fry,1,1,1,0,0,0,0,0,0,0
824440,2026-05-10,CLE,home,608070,José Ramírez,4,0,1,0,0,0,1,1,1,1
824440,2026-05-10,CLE,home,680757,Steven Kwan,4,0,0,0,0,0,0,0,2,0
824440,2026-05-10,CLE,home,682657,Angel Martínez,5,0,1,0,0,0,1,0,2,0
824440,2026-05-10,CLE,home,700932,Kyle Manzardo,1,1,0,0,0,0,0,2,1,0
824440,2026-05-10,CLE,home,656555,Rhys Hoskins,2,0,0,0,0,0,0,0,0,0
824440,2026-05-10,MIN,away,605170,Victor Caratini,1,0,0,0,0,0,0,0,0,0
824440,2026-05-10,MIN,away,665019,Kody Clemens,4,2,3,2,0,0,0,0,0,1
824440,2026-05-10,MIN,away,686797,Brooks Lee,3,1,2,0,0,0,1,0,0,1
824440,2026-05-10,MIN,away,668885,Austin Martin,3,0,2,0,0,0,1,1,0,0
824440,2026-05-10,MIN,away,605137,Josh Bell,4,0,2,0,0,0,1,0,2,0
824440,2026-05-10,MIN,away,680777,Ryan Jeffers,4,0,1,1,0,0,0,0,0,0
824440,2026-05-10,MIN,away,681546,James Outman,0,0,0,0,0,0,0,0,0,0
824440,2026-05-10,MIN,away,668904,Royce Lewis,4,1,1,1,0,0,1,0,2,0
824440,2026-05-10,MIN,away,663616,Trevor Larnach,4,0,1,0,0,0,0,0,1,0
824440,2026-05-10,MIN,away,621439,Byron Buxton,4,1,1,0,0,0,0,1,2,1
824440,2026-05-10,MIN,away,807712,Luke Keaschall,4,0,0,0,0,0,0,0,1,0
824605,2026-05-10,CWS,home,671976,Tristan Peters,3,0,0,0,0,0,0,0,1,0
824605,2026-05-10,CWS,home,682668,Luisangel Acuña,0,0,0,0,0,0,0,0,0,0
824605,2026-05-10,CWS,home,545341,Randal Grichuk,3,1,1,0,0,1,1,0,1,0
824605,2026-05-10,CWS,home,808959,Munetaka Murakami,3,0,1,0,0,0,0,1,1,0
824605,2026-05-10,CWS,home,805367,Chase Meidroth,3,0,1,0,0,0,0,0,1,0
824605,2026-05-10,CWS,home,695657,Colson Montgomery,4,0,0,0,0,0,0,0,2,0
824605,2026-05-10,CWS,home,691011,Drew Romo,3,1,1,1,0,0,0,0,1,0
824605,2026-05-10,CWS,home,700337,Edgar Quero,0,0,0,0,0,0,0,0,0,0
824605,2026-05-10,CWS,home,803011,Sam Antonacci,3,0,0,0,0,0,0,0,2,0
824605,2026-05-10,CWS,home,672284,Jarred Kelenic,2,0,0,0,0,0,0,0,1,0
824605,2026-05-10,CWS,home,678246,Miguel Vargas,3,0,1,1,0,0,1,0,0,0
824605,2026-05-10,SEA,away,647304,Josh Naylor,3,0,2,1,0,0,0,1,0,0
824605,2026-05-10,SEA,away,702284,Cole Young,4,0,0,0,0,0,0,0,0,0
824605,2026-05-10,SEA,away,668227,Randy Arozarena,3,0,1,0,0,0,1,0,2,0
824605,2026-05-10,SEA,away,641487,J.P. Crawford,4,0,1,0,0,0,0,0,1,0
824605,2026-05-10,SEA,away,686527,Dominic Canzone,2,0,0,0,0,0,0,0,1,0
824605,2026-05-10,SEA,away,663728,Cal Raleigh,3,0,0,0,0,0,0,1,2,0
824605,2026-05-10,SEA,away,656582,Connor Joe,2,0,2,1,0,0,0,0,0,0
824605,2026-05-10,SEA,away,608701,Rob Refsnyder,1,0,0,0,0,0,0,1,1,0
824605,2026-05-10,SEA,away,680977,Brendan Donovan,5,0,0,0,0,0,0,0,1,0
824605,2026-05-10,SEA,away,677594,Julio Rodríguez,4,1,1,1,0,0,0,0,2,0
824605,2026-05-10,SEA,away,660844,Leo Rivas,0,0,0,0,0,0,0,0,0,0
824605,2026-05-10,SEA,away,670042,Luke Raley,2,0,0,0,0,0,0,0,2,0
823793,2026-05-10,MIL,home,650859,Luis Rengifo,4,1,2,0,0,0,0,0,1,1
823793,2026-05-10,MIL,home,687401,Joey Ortiz,4,0,0,0,0,0,0,0,1,0
823793,2026-05-10,MIL,home,694192,Jackson Chourio,4,0,0,0,0,0,0,1,1,0
823793,2026-05-10,MIL,home,686217,Sal Frelick,1,0,0,0,0,0,0,1,0,0
823793,2026-05-10,MIL,home,683734,Andrew Vaughn,2,1,0,0,0,0,0,1,2,0
823793,2026-05-10,MIL,home,669003,Garrett Mitchell,3,0,0,0,0,0,1,0,2,0
823793,2026-05-10,MIL,home,666152,David Hamilton,0,0,0,0,0,0,0,0,0,0
823793,2026-05-10,MIL,home,663368,Blake Perkins,2,0,1,0,0,0,2,0,0,0
823793,2026-05-10,MIL,home,661388,William Contreras,2,0,1,0,0,0,0,2,1,0
823793,2026-05-10,MIL,home,668930,Brice Turang,4,1,2,0,0,1,1,0,1,0
823793,2026-05-10,MIL,home,596142,Gary Sánchez,3,1,0,0,0,0,0,1,3,0
823793,2026-05-10,NYY,away,676609,José Caballero,3,1,1,1,0,0,0,1,0,0
823793,2026-05-10,NYY,away,682987,Spencer Jones,4,0,1,0,0,0,1,0,1,0
823793,2026-05-10,NYY,away,592450,Aaron Judge,3,1,1,0,0,1,1,1,2,0
823793,2026-05-10,NYY,away,641857,Ryan McMahon,4,0,0,0,0,0,0,0,1,0
823793,2026-05-10,NYY,away,700250,Ben Rice,4,0,0,0,0,0,0,0,1,0
823793,2026-05-10,NYY,away,641555,J.C. Escarra,3,0,0,0,0,0,0,1,1,0
823793,2026-05-10,NYY,away,641355,Cody Bellinger,2,1,1,0,0,0,0,2,0,1
823793,2026-05-10,NYY,away,665862,Jazz Chisholm Jr.,4,0,1,1,0,0,1,0,2,0
823793,2026-05-10,NYY,away,663757,Trent Grisham,4,0,1,0,0,0,0,0,2,0
822902,2026-05-10,TEX,home,694497,Evan Carter,4,1,1,0,0,1,2,0,1,0
822902,2026-05-10,TEX,home,696030,Alejandro Osuna,3,0,1,0,0,0,1,0,1,0
822902,2026-05-10,TEX,home,592626,Joc Pederson,3,0,1,1,0,0,0,1,1,0
822902,2026-05-10,TEX,home,608369,Corey Seager,3,0,0,0,0,0,0,1,1,0
822902,2026-05-10,TEX,home,673962,Josh Jung,4,2,3,0,0,0,0,0,0,0
822902,2026-05-10,TEX,home,679822,Justin Foscue,3,0,0,0,0,0,0,0,1,0
822902,2026-05-10,TEX,home,677649,Ezequiel Duran,4,0,1,0,0,0,0,0,2,0
822902,2026-05-10,TEX,home,607043,Brandon Nimmo,4,0,0,0,0,0,0,0,0,0
822902,2026-05-10,TEX,home,643376,Danny Jansen,1,0,0,0,0,0,0,0,0,0
822902,2026-05-10,CHC,away,664023,Ian Happ,3,0,0,0,0,0,0,0,3,0
822902,2026-05-10,CHC,away,683737,Michael Busch,3,0,1,0,0,0,0,0,1,0
822902,2026-05-10,CHC,away,608348,Carson Kelly,3,0,0,0,0,0,0,0,1,0
822902,2026-05-10,CHC,away,691718,Pete Crow-Armstrong,3,0,0,0,0,0,0,0,0,0
822902,2026-05-10,CHC,away,694208,Moisés Ballesteros,4,0,0,0,0,0,0,0,3,0
822902,2026-05-10,CHC,away,673548,Seiya Suzuki,4,0,0,0,0,0,0,0,3,0
822902,2026-05-10,CHC,away,621020,Dansby Swanson,3,0,0,0,0,0,0,0,0,0
822902,2026-05-10,CHC,away,663538,Nico Hoerner,4,0,2,1,0,0,0,0,0,1
822902,2026-05-10,CHC,away,807713,Matt Shaw,3,0,0,0,0,0,0,0,0,0
823221,2026-05-10,SF,home,669477,Casey Schmitt,4,0,0,0,0,0,0,0,1,0
823221,2026-05-10,SF,home,671218,Heliot Ramos,6,3,2,1,0,1,2,0,0,0
823221,2026-05-10,SF,home,683679,Jesus Rodriguez,6,0,1,0,0,0,1,0,2,0
823221,2026-05-10,SF,home,656305,Matt Chapman,5,0,2,2,0,0,1,0,1,0
823221,2026-05-10,SF,home,808982,Jung Hoo Lee,6,1,2,1,0,0,0,0,1,0
823221,2026-05-10,SF,home,687551,Drew Gilbert,4,0,0,0,0,0,0,1,1,0
823221,2026-05-10,SF,home,646240,Rafael Devers,4,1,2,2,0,0,0,1,0,0
823221,2026-05-10,SF,home,683766,Christian Koss,1,1,0,0,0,0,0,0,0,0
823221,2026-05-10,SF,home,642715,Willy Adames,6,0,3,1,0,0,2,0,1,0
823221,2026-05-10,SF,home,650333,Luis Arraez,4,1,1,0,0,0,1,2,0,0
823221,2026-05-10,SF,home,805811,Bryce Eldridge,1,0,0,0,0,0,0,1,1,0
823221,2026-05-10,PIT,away,694377,Nick Yorke,3,0,0,0,0,0,0,0,0,0
823221,2026-05-10,PIT,away,687462,Spencer Horwitz,5,0,2,2,0,0,3,1,1,0
823221,2026-05-10,PIT,away,664040,Brandon Lowe,5,0,0,0,0,0,0,1,3,0
823221,2026-05-10,PIT,away,668804,Bryan Reynolds,1,0,0,0,0,0,0,0,0,0
823221,2026-05-10,PIT,away,665833,Oneil Cruz,5,2,1,0,0,1,1,1,2,1
823221,2026-05-10,PIT,away,669707,Jared Triolo,0,0,0,0,0,0,0,0,0,0
823221,2026-05-10,PIT,away,695257,Billy Cook,1,0,0,0,0,0,0,0,0,0
823221,2026-05-10,PIT,away,680779,Henry Davis,3,0,1,0,0,0,0,2,0,0
823221,2026-05-10,PIT,away,804606,Konnor Griffin,5,1,1,0,0,1,1,1,1,0
823221,2026-05-10,PIT,away,656811,Ryan O'Hearn,6,1,1,0,0,0,0,0,1,0
823221,2026-05-10,PIT,away,693304,Nick Gonzales,6,1,1,0,0,0,1,0,0,0
823221,2026-05-10,PIT,away,542303,Marcell Ozuna,2,1,0,0,0,0,0,3,1,0
825085,2026-05-10,ARI,home,680728,Adrian Del Castillo,3,0,0,0,0,0,0,0,1,0
825085,2026-05-10,ARI,home,571448,Nolan Arenado,3,1,0,0,0,0,0,1,1,0
825085,2026-05-10,ARI,home,814439,Ryan Waldschmidt,4,1,2,1,0,0,3,0,1,0
825085,2026-05-10,ARI,home,606466,Ketel Marte,3,0,1,0,1,0,2,1,1,0
825085,2026-05-10,ARI,home,545121,Ildemaro Vargas,3,2,0,0,0,0,0,1,0,1
825085,2026-05-10,ARI,home,672695,Geraldo Perdomo,4,0,0,0,0,0,0,0,0,0
825085,2026-05-10,ARI,home,699912,Jose Fernandez,1,0,0,0,0,0,0,0,0,0
825085,2026-05-10,ARI,home,682998,Corbin Carroll,4,0,0,0,0,0,0,0,2,0
825085,2026-05-10,ARI,home,543510,James McCann,3,0,1,0,0,0,0,0,0,0
825085,2026-05-10,ARI,home,678489,Jorge Barrosa,3,1,1,0,0,0,0,1,1,0
825085,2026-05-10,NYM,away,620443,Luis Torrens,3,0,2,1,0,0,1,0,0,0
825085,2026-05-10,NYM,away,666182,Bo Bichette,3,0,0,0,0,0,0,1,0,0
825085,2026-05-10,NYM,away,621438,Tyrone Taylor,3,0,0,0,0,0,0,0,2,0
825085,2026-05-10,NYM,away,668901,Mark Vientos,4,0,1,0,0,0,0,0,0,0
825085,2026-05-10,NYM,away,683146,Brett Baty,0,0,0,0,0,0,0,1,0,0
825085,2026-05-10,NYM,away,701807,Carson Benge,3,1,1,0,0,0,0,0,0,0
825085,2026-05-10,NYM,away,543760,Marcus Semien,3,0,0,0,0,0,0,1,1,0
825085,2026-05-10,NYM,away,669004,MJ Melendez,1,0,0,0,0,0,0,0,0,0
825085,2026-05-10,NYM,away,665742,Juan Soto,3,0,0,0,0,0,0,1,0,0
825085,2026-05-10,NYM,away,628451,Andy Ibáñez,3,0,0,0,0,0,0,0,0,0
825085,2026-05-10,NYM,away,596103,Austin Slater,4,0,0,0,0,0,0,0,1,0
823305,2026-05-10,SD,home,666023,Freddy Fermin,0,0,0,0,0,0,0,0,0,0
823305,2026-05-10,SD,home,592206,Nick Castellanos,2,1,1,0,0,1,2,0,0,0
823305,2026-05-10,SD,home,701538,Jackson Merrill,2,0,1,0,0,0,0,3,0,1
823305,2026-05-10,SD,home,660710,Rodolfo Durán,3,0,0,0,0,0,0,0,2,0
823305,2026-05-10,SD,home,823550,Sung-Mun Song,1,0,0,0,0,0,0,1,1,1
823305,2026-05-10,SD,home,657757,Gavin Sheets,3,0,0,0,0,0,0,1,1,0
823305,2026-05-10,SD,home,657656,Ramón Laureano,1,1,0,0,0,0,0,0,1,0
823305,2026-05-10,SD,home,592518,Manny Machado,4,0,0,0,0,0,1,0,2,0
823305,2026-05-10,SD,home,609280,Miguel Andujar,4,0,0,0,0,0,0,0,2,0
823305,2026-05-10,SD,home,665487,Fernando Tatis Jr.,3,0,0,0,0,0,0,2,1,1
823305,2026-05-10,SD,home,664034,Ty France,4,0,0,0,0,0,0,0,2,0
823305,2026-05-10,SD,home,593428,Xander Bogaerts,4,1,2,1,0,0,0,0,1,0
823305,2026-05-10,STL,away,669357,Nolan Gorman,4,0,0,0,0,0,0,0,1,0
823305,2026-05-10,STL,away,691023,Jordan Walker,4,1,1,0,0,1,2,0,1,0
823305,2026-05-10,STL,away,701675,Nathan Church,3,0,0,0,0,0,0,0,1,0
823305,2026-05-10,STL,away,687363,Victor Scott II,1,0,0,0,0,0,0,0,1,0
823305,2026-05-10,STL,away,665877,José Fermín,1,0,0,0,0,0,0,0,0,0
823305,2026-05-10,STL,away,802139,JJ Wetherholt,4,0,1,0,0,0,0,0,1,0
823305,2026-05-10,STL,away,676475,Alec Burleson,4,1,1,0,0,0,0,0,0,1
823305,2026-05-10,STL,away,695336,Thomas Saggese,2,0,0,0,0,0,0,0,0,0
823305,2026-05-10,STL,away,686780,Pedro Pagés,3,0,0,0,0,0,0,0,0,0
823305,2026-05-10,STL,away,691026,Masyn Winn,3,0,0,0,0,0,0,1,1,0
823305,2026-05-10,STL,away,671056,Iván Herrera,4,0,0,0,0,0,0,0,1,0
823954,2026-05-10,LAD,home,687221,Dalton Rushing,4,0,0,0,0,0,0,0,1,0
823954,2026-05-10,LAD,home,663656,Kyle Tucker,1,1,0,0,0,0,0,3,0,0
823954,2026-05-10,LAD,home,571970,Max Muncy,4,1,1,0,0,1,2,0,1,0
823954,2026-05-10,LAD,home,518692,Freddie Freeman,3,0,0,0,0,0,0,1,0,0
823954,2026-05-10,LAD,home,808975,Hyeseong Kim,3,0,0,0,0,0,0,0,3,0
823954,2026-05-10,LAD,home,660271,Shohei Ohtani,4,0,0,0,0,0,0,0,1,0
823954,2026-05-10,LAD,home,681624,Andy Pages,3,0,1,0,0,0,0,1,0,0
823954,2026-05-10,LAD,home,669743,Alex Call,3,0,0,0,0,0,0,1,2,0
823954,2026-05-10,LAD,home,690976,Alex Freeland,4,0,0,0,0,0,0,0,2,0
823954,2026-05-10,ATL,away,671739,Michael Harris II,4,1,1,0,0,0,0,0,1,0
823954,2026-05-10,ATL,away,622761,Jorge Mateo,3,1,2,0,0,0,1,1,0,0
823954,2026-05-10,ATL,away,643289,Mauricio Dubón,5,0,1,1,0,0,3,0,0,0
823954,2026-05-10,ATL,away,686948,Drake Baldwin,4,1,1,0,0,1,1,0,1,0
823954,2026-05-10,ATL,away,621566,Matt Olson,4,1,1,0,0,1,1,0,3,0
823954,2026-05-10,ATL,away,642086,Dominic Smith,1,0,1,0,0,0,0,0,0,0
823954,2026-05-10,ATL,away,669221,Sean Murphy,3,1,0,0,0,0,0,0,0,0
823954,2026-05-10,ATL,away,642201,Eli White,3,0,1,0,0,0,1,0,1,0
823954,2026-05-10,ATL,away,645277,Ozzie Albies,4,0,0,0,0,0,0,0,0,0
823954,2026-05-10,ATL,away,628452,Raisel Iglesias,0,0,0,0,0,0,0,0,0,0
823954,2026-05-10,ATL,away,663586,Austin Riley,4,1,1,0,0,0,0,0,1,0
823954,2026-05-10,ATL,away,573262,Mike Yastrzemski,0,1,0,0,0,0,0,0,0,0
824113,2026-05-10,KC,home,695600,Carter Jensen,2,0,0,0,0,0,1,1,0,0
824113,2026-05-10,KC,home,686555,Isaac Collins,4,0,0,0,0,0,0,0,1,0
824113,2026-05-10,KC,home,679845,Nick Loftin,2,0,0,0,0,0,0,1,1,0
824113,2026-05-10,KC,home,686681,Michael Massey,1,0,0,0,0,0,0,0,0,0
824113,2026-05-10,KC,home,516782,Starling Marte,1,0,0,0,0,0,0,0,1,0
824113,2026-05-10,KC,home,686469,Vinnie Pasquantino,4,0,2,0,0,0,1,0,0,0
824113,2026-05-10,KC,home,664728,Kyle Isbel,2,0,0,0,0,0,0,0,1,0
824113,2026-05-10,KC,home,553869,Elias Díaz,3,0,0,0,0,0,0,0,2,0
824113,2026-05-10,KC,home,672580,Maikel Garcia,3,1,3,1,0,0,1,1,0,0
824113,2026-05-10,KC,home,657041,Lane Thomas,2,0,0,0,0,0,0,0,2,0
824113,2026-05-10,KC,home,695506,Jac Caglianone,4,1,1,1,0,0,0,0,0,0
824113,2026-05-10,KC,home,677951,Bobby Witt Jr.,4,1,2,0,0,0,0,0,0,0
824113,2026-05-10,DET,away,669398,Gage Workman,2,1,1,0,0,1,2,0,0,0
824113,2026-05-10,DET,away,656716,Zach McKinstry,2,0,0,0,0,0,0,0,0,0
824113,2026-05-10,DET,away,701678,Hao-Yu  Lee,2,1,1,0,1,0,1,0,0,0
824113,2026-05-10,DET,away,663330,Jahmai Jones,2,0,0,0,0,0,0,0,1,0
824113,2026-05-10,DET,away,682985,Riley Greene,3,1,2,1,0,0,0,2,1,0
824113,2026-05-10,DET,away,805808,Kevin McGonigle,4,0,1,0,0,0,0,1,0,0
824113,2026-05-10,DET,away,670097,Zack Short,1,1,0,0,0,0,0,1,0,0
824113,2026-05-10,DET,away,679529,Spencer Torkelson,4,1,1,0,0,0,0,1,3,0
824113,2026-05-10,DET,away,663837,Matt Vierling,4,0,1,1,0,0,2,1,1,0
824113,2026-05-10,DET,away,693307,Dillon Dingler,4,0,1,1,0,0,0,1,2,0
824113,2026-05-10,DET,away,690993,Colt Keith,3,0,0,0,0,0,0,0,1,0
824113,2026-05-10,DET,away,672761,Wenceel Pérez,5,1,1,0,0,0,1,0,0,0
824441,2026-05-11,CLE,home,800050,Chase DeLauter,3,1,0,0,0,0,0,1,0,0
824441,2026-05-11,CLE,home,683953,Travis Bazzana,2,0,1,1,0,0,2,2,1,0
824441,2026-05-11,CLE,home,682177,Daniel Schneemann,4,2,1,0,0,0,2,0,0,1
824441,2026-05-11,CLE,home,677587,Brayan Rocchio,4,0,1,0,0,0,2,0,0,1
824441,2026-05-11,CLE,home,690984,Petey Halpin,1,0,0,0,0,0,0,0,0,0
824441,2026-05-11,CLE,home,681807,David Fry,3,1,2,1,0,0,1,1,0,0
824441,2026-05-11,CLE,home,608070,José Ramírez,5,0,0,0,0,0,0,0,1,0
824441,2026-05-11,CLE,home,680757,Steven Kwan,3,0,0,0,0,0,0,2,1,0
824441,2026-05-11,CLE,home,682657,Angel Martínez,0,0,0,0,0,0,0,0,0,0
824441,2026-05-11,CLE,home,700932,Kyle Manzardo,4,2,2,1,0,0,0,1,0,0
824441,2026-05-11,CLE,home,656555,Rhys Hoskins,2,1,0,0,0,0,0,3,1,0
824441,2026-05-11,LAA,away,672724,Oswald Peraza,2,0,0,0,0,0,0,1,1,0
824441,2026-05-11,LAA,away,687263,Zach Neto,5,1,1,0,0,0,0,0,1,0
824441,2026-05-11,LAA,away,624585,Jorge Soler,4,1,1,0,0,0,0,1,1,0
824441,2026-05-11,LAA,away,660162,Yoán Moncada,1,0,0,0,0,0,0,0,1,0
824441,2026-05-11,LAA,away,545361,Mike Trout,4,0,1,0,0,0,0,1,2,0
824441,2026-05-11,LAA,away,666176,Jo Adell,4,0,2,1,0,0,1,0,1,0
824441,2026-05-11,LAA,away,687093,Vaughn Grissom,5,0,1,0,0,0,1,0,0,0
824441,2026-05-11,LAA,away,694384,Nolan Schanuel,4,0,2,1,0,0,0,0,1,0
824441,2026-05-11,LAA,away,666139,Josh Lowe,2,0,1,0,0,0,0,0,0,0
824441,2026-05-11,LAA,away,665861,Sebastián Rivero,3,0,0,0,0,0,0,0,1,0
824441,2026-05-11,LAA,away,683079,Omar Martinez,0,0,0,0,0,0,0,0,0,0
824441,2026-05-11,LAA,away,669326,Bryce Teodosio,2,0,0,0,0,0,0,0,0,0
824844,2026-05-11,BAL,home,642215,Weston Wilson,3,0,1,0,0,0,0,0,2,0
824844,2026-05-11,BAL,home,683002,Gunnar Henderson,4,0,0,0,0,0,0,0,1,0
824844,2026-05-11,BAL,home,665750,Leody Taveras,3,0,0,0,0,0,0,0,2,0
824844,2026-05-11,BAL,home,621493,Taylor Ward,3,0,0,0,0,0,0,1,0,0
824844,2026-05-11,BAL,home,668939,Adley Rutschman,4,1,1,0,0,0,0,0,1,0
824844,2026-05-11,BAL,home,641933,Tyler O'Neill,2,1,0,0,0,0,0,1,2,0
824844,2026-05-11,BAL,home,677942,Blaze Alexander,3,0,0,0,0,0,0,0,2,0
824844,2026-05-11,BAL,home,624413,Pete Alonso,3,0,0,0,0,0,0,0,0,0
824844,2026-05-11,BAL,home,691723,Coby Mayo,2,1,1,0,0,1,3,1,1,0
824844,2026-05-11,NYY,away,676609,José Caballero,0,0,0,0,0,0,0,0,0,0
824844,2026-05-11,NYY,away,682987,Spencer Jones,2,0,0,0,0,0,0,0,1,0
824844,2026-05-11,NYY,away,680474,Max Schuemann,3,0,1,1,0,0,0,0,1,0
824844,2026-05-11,NYY,away,592450,Aaron Judge,4,0,1,1,0,0,0,0,1,0
824844,2026-05-11,NYY,away,641857,Ryan McMahon,4,0,0,0,0,0,0,0,1,0
824844,2026-05-11,NYY,away,502671,Paul Goldschmidt,2,0,1,0,0,0,0,0,0,0
824844,2026-05-11,NYY,away,669224,Austin Wells,3,0,0,0,0,0,0,0,0,0
824844,2026-05-11,NYY,away,700250,Ben Rice,4,1,2,0,0,1,2,0,1,0
824844,2026-05-11,NYY,away,641355,Cody Bellinger,2,0,0,0,0,0,0,2,1,0
824844,2026-05-11,NYY,away,665862,Jazz Chisholm Jr.,4,0,0,0,0,0,0,0,3,0
824844,2026-05-11,NYY,away,663757,Trent Grisham,3,1,0,0,0,0,0,1,0,0
822818,2026-05-11,TOR,home,676391,Ernie Clement,4,0,0,0,0,0,0,0,1,0
822818,2026-05-11,TOR,home,662139,Daulton Varsho,4,0,1,0,0,0,0,0,1,0
822818,2026-05-11,TOR,home,665926,Andrés Giménez,4,2,2,0,0,2,5,0,2,0
822818,2026-05-11,TOR,home,678218,Brandon Valenzuela,2,0,0,0,0,0,0,1,0,0
822818,2026-05-11,TOR,home,543807,George Springer,4,0,0,0,0,0,0,0,2,0
822818,2026-05-11,TOR,home,682818,Yohendrick Piñango,3,0,0,0,0,0,0,1,0,0
822818,2026-05-11,TOR,home,665489,Vladimir Guerrero Jr.,4,0,0,0,0,0,0,0,1,0
822818,2026-05-11,TOR,home,660821,Jesús Sánchez,2,1,1,0,0,0,0,0,0,0
822818,2026-05-11,TOR,home,664702,Myles Straw,2,1,1,0,0,0,0,0,1,0
822818,2026-05-11,TOR,home,672960,Kazuma Okamoto,4,1,1,0,0,0,0,0,2,0
822818,2026-05-11,TB,away,670764,Taylor Walls,4,0,1,0,1,0,1,0,1,0
822818,2026-05-11,TB,away,680700,Richie Palacios,4,0,3,0,0,0,3,0,0,0
822818,2026-05-11,TB,away,641584,Jake Fraley,4,1,1,1,0,0,0,0,2,0
822818,2026-05-11,TB,away,802415,Chandler Simpson,5,3,3,0,0,0,0,0,0,2
822818,2026-05-11,TB,away,676356,Jonny DeLuca,0,0,0,0,0,0,0,0,0,0
822818,2026-05-11,TB,away,676439,Hunter Feduccia,4,1,1,0,0,0,0,0,1,0
822818,2026-05-11,TB,away,666018,Jonathan Aranda,3,2,2,0,0,1,3,0,1,0
822818,2026-05-11,TB,away,650490,Yandy Díaz,5,0,0,0,0,0,0,0,2,0
822818,2026-05-11,TB,away,810938,Ben Williamson,0,0,0,0,0,0,0,0,0,0
822818,2026-05-11,TB,away,691406,Junior Caminero,4,1,1,0,0,0,0,1,0,0
822818,2026-05-11,TB,away,656775,Cedric Mullins,4,0,0,0,0,0,0,0,0,0
822901,2026-05-11,TEX,home,694497,Evan Carter,2,0,0,0,0,0,0,0,0,0
822901,2026-05-11,TEX,home,669394,Jake Burger,3,0,0,0,0,0,0,0,1,0
822901,2026-05-11,TEX,home,696030,Alejandro Osuna,3,0,1,0,0,0,0,0,1,0
822901,2026-05-11,TEX,home,592626,Joc Pederson,1,0,0,0,0,0,0,1,0,0
822901,2026-05-11,TEX,home,608369,Corey Seager,3,0,0,0,0,0,0,0,0,0
822901,2026-05-11,TEX,home,673962,Josh Jung,4,0,0,0,0,0,0,0,1,0
822901,2026-05-11,TEX,home,679822,Justin Foscue,1,0,0,0,0,0,0,0,1,0
822901,2026-05-11,TEX,home,457705,Andrew McCutchen,1,0,0,0,0,0,0,0,0,0
822901,2026-05-11,TEX,home,543309,Kyle Higashioka,3,0,1,0,0,0,0,0,0,0
822901,2026-05-11,TEX,home,677649,Ezequiel Duran,4,0,1,0,0,0,0,0,2,0
822901,2026-05-11,TEX,home,607043,Brandon Nimmo,4,0,1,0,0,0,0,0,1,0
822901,2026-05-11,TEX,home,664059,Sam Haggerty,0,0,0,0,0,0,0,0,0,0
822901,2026-05-11,ARI,away,680728,Adrian Del Castillo,3,0,0,0,0,0,0,0,2,0
822901,2026-05-11,ARI,away,571448,Nolan Arenado,4,0,2,1,0,0,0,0,0,0
822901,2026-05-11,ARI,away,814439,Ryan Waldschmidt,3,0,0,0,0,0,0,0,0,0
822901,2026-05-11,ARI,away,606466,Ketel Marte,4,0,1,1,0,0,0,0,0,0
822901,2026-05-11,ARI,away,545121,Ildemaro Vargas,4,0,0,0,0,0,0,0,1,0
822901,2026-05-11,ARI,away,672695,Geraldo Perdomo,4,0,2,1,0,0,1,0,1,0
822901,2026-05-11,ARI,away,699912,Jose Fernandez,1,0,0,0,0,0,0,0,1,0
822901,2026-05-11,ARI,away,672515,Gabriel Moreno,4,0,0,0,0,0,0,0,2,0
822901,2026-05-11,ARI,away,682998,Corbin Carroll,2,1,1,1,0,0,0,2,0,0
822901,2026-05-11,ARI,away,666971,Lourdes Gurriel Jr.,4,0,0,0,0,0,0,0,1,0
822901,2026-05-11,ARI,away,678489,Jorge Barrosa,0,0,0,0,0,0,0,0,0,0
824199,2026-05-11,HOU,home,670623,Isaac Paredes,4,0,3,0,0,0,1,0,0,0
824199,2026-05-11,HOU,home,701358,Cam Smith,2,0,0,0,0,0,0,2,1,1
824199,2026-05-11,HOU,home,669699,Braden Shewmake,4,0,1,0,0,0,0,0,0,0
824199,2026-05-11,HOU,home,805904,Zach Cole,4,0,0,0,0,0,0,0,3,0
824199,2026-05-11,HOU,home,694728,Brice Matthews,4,0,0,0,0,0,0,0,3,0
824199,2026-05-11,HOU,home,514888,Jose Altuve,5,1,3,0,0,0,0,0,1,0
824199,2026-05-11,HOU,home,701305,Zach Dezenzo,1,0,0,0,0,0,0,0,0,0
824199,2026-05-11,HOU,home,572233,Christian Walker,3,0,0,0,0,0,0,1,2,0
824199,2026-05-11,HOU,home,543877,Christian Vázquez,3,0,1,0,0,0,0,0,0,0
824199,2026-05-11,HOU,home,670541,Yordan Alvarez,5,0,1,0,0,0,0,0,3,0
824199,2026-05-11,SEA,away,647304,Josh Naylor,4,0,0,0,0,0,0,0,1,0
824199,2026-05-11,SEA,away,702284,Cole Young,3,0,1,0,0,0,1,0,0,0
824199,2026-05-11,SEA,away,668227,Randy Arozarena,4,1,2,0,0,0,0,0,1,0
824199,2026-05-11,SEA,away,641487,J.P. Crawford,4,0,0,0,0,0,0,0,0,0
824199,2026-05-11,SEA,away,686527,Dominic Canzone,3,0,1,0,0,0,1,0,2,0
824199,2026-05-11,SEA,away,663728,Cal Raleigh,4,0,0,0,0,0,0,0,1,0
824199,2026-05-11,SEA,away,608701,Rob Refsnyder,1,0,1,0,0,0,0,0,0,0
824199,2026-05-11,SEA,away,656582,Connor Joe,0,0,0,0,0,0,0,0,0,0
824199,2026-05-11,SEA,away,680977,Brendan Donovan,4,0,0,0,0,0,0,0,0,0
824199,2026-05-11,SEA,away,677594,Julio Rodríguez,4,1,2,0,0,1,1,0,1,0
824199,2026-05-11,SEA,away,670042,Luke Raley,2,1,0,0,0,0,0,1,1,0
823953,2026-05-11,LAD,home,669257,Will Smith,4,0,2,0,0,0,0,0,1,0
823953,2026-05-11,LAD,home,663656,Kyle Tucker,3,1,1,0,0,0,0,1,0,0
823953,2026-05-11,LAD,home,571970,Max Muncy,4,1,2,0,0,1,2,0,1,0
823953,2026-05-11,LAD,home,518692,Freddie Freeman,4,1,2,1,0,0,0,0,1,0
823953,2026-05-11,LAD,home,808975,Hyeseong Kim,2,0,0,0,0,0,0,0,1,0
823953,2026-05-11,LAD,home,660271,Shohei Ohtani,5,0,0,0,0,0,0,0,2,0
823953,2026-05-11,LAD,home,606192,Teoscar Hernández,3,0,2,1,0,0,0,1,0,0
823953,2026-05-11,LAD,home,681624,Andy Pages,4,0,0,0,0,0,0,0,0,0
823953,2026-05-11,LAD,home,605141,Mookie Betts,5,0,1,0,0,0,0,0,1,0
823953,2026-05-11,LAD,home,500743,Miguel Rojas,2,0,0,0,0,0,0,0,0,0
823953,2026-05-11,SF,away,669477,Casey Schmitt,3,3,2,0,0,0,0,1,0,1
823953,2026-05-11,SF,away,671218,Heliot Ramos,4,1,2,1,0,0,2,1,1,0
823953,2026-05-11,SF,away,683679,Jesus Rodriguez,4,0,0,0,0,0,1,1,1,1
823953,2026-05-11,SF,away,656305,Matt Chapman,4,0,0,0,0,0,1,1,2,0
823953,2026-05-11,SF,away,808982,Jung Hoo Lee,5,1,1,0,0,0,0,0,1,0
823953,2026-05-11,SF,away,687551,Drew Gilbert,0,0,0,0,0,0,0,0,0,0
823953,2026-05-11,SF,away,646240,Rafael Devers,3,3,2,0,0,1,2,2,0,0
823953,2026-05-11,SF,away,664056,Harrison Bader,5,0,1,1,0,0,0,0,1,0
823953,2026-05-11,SF,away,642715,Willy Adames,5,0,2,0,0,0,3,0,1,0
823953,2026-05-11,SF,away,650333,Luis Arraez,6,1,2,0,0,0,0,0,0,0
824442,2026-05-12,CLE,home,800050,Chase DeLauter,3,0,0,0,0,0,0,1,0,0
824442,2026-05-12,CLE,home,595978,Austin Hedges,0,0,0,0,0,0,0,0,0,0
824442,2026-05-12,CLE,home,683953,Travis Bazzana,3,0,0,0,0,0,0,0,1,0
824442,2026-05-12,CLE,home,682177,Daniel Schneemann,1,1,0,0,0,0,0,1,1,0
824442,2026-05-12,CLE,home,672275,Patrick Bailey,2,0,0,0,0,0,1,0,0,0
824442,2026-05-12,CLE,home,677587,Brayan Rocchio,2,0,1,0,0,0,1,0,0,0
824442,2026-05-12,CLE,home,690984,Petey Halpin,0,1,0,0,0,0,0,0,0,0
824442,2026-05-12,CLE,home,681807,David Fry,1,0,0,0,0,0,0,0,0,0
824442,2026-05-12,CLE,home,608070,José Ramírez,4,0,0,0,0,0,0,0,1,0
824442,2026-05-12,CLE,home,680757,Steven Kwan,3,0,1,0,0,0,0,1,0,0
824442,2026-05-12,CLE,home,682657,Angel Martínez,3,1,2,0,0,1,1,0,0,1
824442,2026-05-12,CLE,home,700932,Kyle Manzardo,4,0,0,0,0,0,0,0,1,0
824442,2026-05-12,CLE,home,656555,Rhys Hoskins,0,0,0,0,0,0,0,1,0,0
824442,2026-05-12,LAA,away,672724,Oswald Peraza,2,1,1,0,1,0,0,0,0,0
824442,2026-05-12,LAA,away,687263,Zach Neto,4,0,0,0,0,0,0,1,2,0
824442,2026-05-12,LAA,away,624585,Jorge Soler,4,0,1,1,0,0,0,0,2,0
824442,2026-05-12,LAA,away,660162,Yoán Moncada,2,0,1,0,0,0,0,0,0,0
824442,2026-05-12,LAA,away,545361,Mike Trout,4,0,2,1,0,0,0,1,1,0
824442,2026-05-12,LAA,away,666176,Jo Adell,2,0,0,0,0,0,1,1,0,0
824442,2026-05-12,LAA,away,687093,Vaughn Grissom,4,1,1,0,0,1,1,0,1,0
824442,2026-05-12,LAA,away,694384,Nolan Schanuel,5,0,2,0,0,0,0,0,2,0
824442,2026-05-12,LAA,away,666139,Josh Lowe,3,0,0,0,0,0,0,1,2,0
824442,2026-05-12,LAA,away,683079,Omar Martinez,2,0,0,0,0,0,0,0,1,0
824442,2026-05-12,LAA,away,665861,Sebastián Rivero,2,0,0,0,0,0,0,0,2,0
824843,2026-05-12,BAL,home,669236,Jeremiah Jackson,4,0,0,0,0,0,0,0,1,0
824843,2026-05-12,BAL,home,694212,Samuel Basallo,4,1,2,1,0,0,1,0,0,0
824843,2026-05-12,BAL,home,683002,Gunnar Henderson,4,0,0,0,0,0,0,0,0,0
824843,2026-05-12,BAL,home,665750,Leody Taveras,1,0,0,0,0,0,0,0,0,0
824843,2026-05-12,BAL,home,621493,Taylor Ward,4,1,2,1,0,0,0,0,1,0
824843,2026-05-12,BAL,home,668939,Adley Rutschman,4,0,0,0,0,0,0,0,0,0
824843,2026-05-12,BAL,home,641933,Tyler O'Neill,4,0,1,1,0,0,1,0,1,0
824843,2026-05-12,BAL,home,624413,Pete Alonso,4,0,1,0,0,0,0,0,2,0
824843,2026-05-12,BAL,home,681297,Colton Cowser,4,0,0,0,0,0,0,0,2,0
824843,2026-05-12,BAL,home,691723,Coby Mayo,2,0,0,0,0,0,0,1,1,0
824843,2026-05-12,NYY,away,680474,Max Schuemann,3,0,1,0,0,0,0,1,1,0
824843,2026-05-12,NYY,away,642708,Amed Rosario,3,1,1,0,0,0,1,0,0,0
824843,2026-05-12,NYY,away,592450,Aaron Judge,3,1,2,0,0,0,0,2,0,0
824843,2026-05-12,NYY,away,641857,Ryan McMahon,4,0,0,0,0,0,0,0,2,0
824843,2026-05-12,NYY,away,502671,Paul Goldschmidt,4,1,2,0,0,1,1,1,1,0
824843,2026-05-12,NYY,away,669224,Austin Wells,4,1,1,0,0,0,0,0,2,0
824843,2026-05-12,NYY,away,700250,Ben Rice,4,0,1,0,0,0,0,1,1,0
824843,2026-05-12,NYY,away,641355,Cody Bellinger,4,1,0,0,0,0,1,0,0,0
824843,2026-05-12,NYY,away,665862,Jazz Chisholm Jr.,1,0,0,0,0,0,0,0,0,0
824843,2026-05-12,NYY,away,663757,Trent Grisham,3,1,1,0,0,1,3,1,0,0
824521,2026-05-12,CIN,home,682829,Elly De La Cruz,5,1,2,0,0,0,0,0,2,0
824521,2026-05-12,CIN,home,701398,Sal Stewart,5,2,3,1,0,0,0,0,1,0
824521,2026-05-12,CIN,home,663993,Nathaniel Lowe,2,0,0,0,0,0,0,0,2,0
824521,2026-05-12,CIN,home,680574,Matt McLain,5,0,1,0,0,0,1,0,1,0
824521,2026-05-12,CIN,home,663647,Ke'Bryan Hayes,2,0,0,0,0,0,0,0,0,0
824521,2026-05-12,CIN,home,666181,Will Benson,2,0,0,0,0,0,0,1,0,0
824521,2026-05-12,CIN,home,670770,TJ Friedl,5,0,1,0,0,0,0,0,3,1
824521,2026-05-12,CIN,home,668715,Spencer Steer,5,1,1,0,0,0,0,0,1,0
824521,2026-05-12,CIN,home,663886,Tyler Stephenson,4,0,0,0,0,0,0,0,0,0
824521,2026-05-12,CIN,home,668709,JJ Bleday,3,0,2,0,0,0,2,2,0,0
824521,2026-05-12,WSH,away,691781,Brady House,4,2,1,0,0,1,2,1,1,0
824521,2026-05-12,WSH,away,682928,CJ Abrams,4,0,2,0,0,0,0,1,2,0
824521,2026-05-12,WSH,away,683083,Nasim Nuñez,3,1,1,0,0,0,0,1,2,0
824521,2026-05-12,WSH,away,695734,Daylen Lile,5,2,3,0,0,2,4,0,0,0
824521,2026-05-12,WSH,away,677588,José Tena,5,0,1,1,0,0,1,0,1,0
824521,2026-05-12,WSH,away,695578,James Wood,4,1,1,0,0,1,1,1,2,0
824521,2026-05-12,WSH,away,696285,Jacob Young,4,1,0,0,0,0,0,1,0,1
824521,2026-05-12,WSH,away,660688,Keibert Ruiz,5,1,1,1,0,0,0,0,1,0
824521,2026-05-12,WSH,away,671277,Luis García Jr.,5,2,3,0,0,2,2,0,1,0
823385,2026-05-12,PIT,home,687462,Spencer Horwitz,3,0,2,0,0,0,0,1,0,0
823385,2026-05-12,PIT,home,664040,Brandon Lowe,3,0,1,0,0,0,1,1,1,0
823385,2026-05-12,PIT,home,668804,Bryan Reynolds,3,0,1,0,0,0,1,1,0,0
823385,2026-05-12,PIT,home,665833,Oneil Cruz,4,2,3,2,0,0,0,0,1,0
823385,2026-05-12,PIT,home,695257,Billy Cook,0,0,0,0,0,0,0,0,0,0
823385,2026-05-12,PIT,home,680779,Henry Davis,3,0,0,0,0,0,0,1,1,0
823385,2026-05-12,PIT,home,804606,Konnor Griffin,4,1,0,0,0,0,0,0,0,0
823385,2026-05-12,PIT,home,656811,Ryan O'Hearn,4,0,0,0,0,0,0,0,2,0
823385,2026-05-12,PIT,home,693304,Nick Gonzales,4,0,2,1,0,0,1,0,1,0
823385,2026-05-12,PIT,home,542303,Marcell Ozuna,4,0,0,0,0,0,0,0,1,0
823385,2026-05-12,COL,away,666160,Mickey Moniak,3,0,1,0,0,0,0,0,1,0
823385,2026-05-12,COL,away,664983,Jake McCarthy,2,0,0,0,0,0,0,0,1,0
823385,2026-05-12,COL,away,687859,Troy Johnston,2,0,1,1,0,0,0,0,1,0
823385,2026-05-12,COL,away,650489,Willi Castro,3,0,0,0,0,0,0,0,1,0
823385,2026-05-12,COL,away,671289,Tyler Freeman,3,0,0,0,0,0,0,0,1,0
823385,2026-05-12,COL,away,666397,Edouard Julien,3,0,0,0,0,0,0,0,1,0
823385,2026-05-12,COL,away,696100,Hunter Goodman,4,0,1,1,0,0,1,0,2,0
823385,2026-05-12,COL,away,687597,Jordan Beck,1,1,1,1,0,0,0,0,0,0
823385,2026-05-12,COL,away,686668,Brenton Doyle,1,0,0,0,0,0,0,0,0,0
823385,2026-05-12,COL,away,678662,Ezequiel Tovar,3,0,0,0,0,0,0,0,1,0
823385,2026-05-12,COL,away,681198,TJ Rumfield,4,0,0,0,0,0,0,0,1,0
823385,2026-05-12,COL,away,691720,Kyle Karros,1,0,0,0,0,0,0,0,0,0
824764,2026-05-12,BOS,home,657136,Connor Wong,0,0,0,0,0,0,0,0,0,0
824764,2026-05-12,BOS,home,596115,Trevor Story,3,0,1,0,0,0,0,1,0,0
824764,2026-05-12,BOS,home,677800,Wilyer Abreu,4,0,1,0,0,0,0,0,1,0
824764,2026-05-12,BOS,home,643396,Isiah Kiner-Falefa,0,0,0,0,0,0,0,0,0,1
824764,2026-05-12,BOS,home,681508,Mickey Gasper,4,1,1,0,0,0,0,0,1,0
824764,2026-05-12,BOS,home,702332,Caleb Durbin,3,0,0,0,0,0,0,0,1,0
824764,2026-05-12,BOS,home,665966,Carlos Narváez,3,0,1,0,0,0,0,0,0,0
824764,2026-05-12,BOS,home,680776,Jarren Duran,4,0,0,0,0,0,0,0,2,1
824764,2026-05-12,BOS,home,678882,Ceddanne Rafaela,4,0,1,0,0,0,1,0,2,0
824764,2026-05-12,BOS,home,807799,Masataka Yoshida,3,0,1,0,0,0,0,0,0,0
824764,2026-05-12,BOS,home,691785,Marcelo Mayer,4,0,1,0,0,0,0,0,0,0
824764,2026-05-12,PHI,away,669016,Brandon Marsh,4,1,1,0,0,0,0,0,0,0
824764,2026-05-12,PHI,away,702222,Justin Crawford,2,0,0,0,0,0,0,1,2,1
824764,2026-05-12,PHI,away,547180,Bryce Harper,4,0,0,0,0,0,0,0,2,0
824764,2026-05-12,PHI,away,592663,J.T. Realmuto,4,0,0,0,0,0,0,0,1,0
824764,2026-05-12,PHI,away,664761,Alec Bohm,3,0,1,0,0,0,0,0,0,0
824764,2026-05-12,PHI,away,681082,Bryson Stott,4,0,2,1,0,0,1,0,1,1
824764,2026-05-12,PHI,away,656941,Kyle Schwarber,3,1,1,0,0,1,1,1,0,0
824764,2026-05-12,PHI,away,666969,Adolis García,4,0,0,0,0,0,0,0,2,0
824764,2026-05-12,PHI,away,607208,Trea Turner,4,0,0,0,0,0,0,0,1,0
822817,2026-05-12,TOR,home,672820,Lenyn Sosa,2,0,0,0,0,0,0,0,0,0
822817,2026-05-12,TOR,home,676391,Ernie Clement,4,1,2,0,0,0,0,0,1,0
822817,2026-05-12,TOR,home,662139,Daulton Varsho,4,0,0,0,0,0,0,0,2,1
822817,2026-05-12,TOR,home,665926,Andrés Giménez,3,0,0,0,0,0,0,0,0,0
822817,2026-05-12,TOR,home,678218,Brandon Valenzuela,3,1,0,0,0,0,0,1,2,0
822817,2026-05-12,TOR,home,676914,Davis Schneider,1,0,0,0,0,0,0,1,1,0
822817,2026-05-12,TOR,home,543807,George Springer,5,2,2,0,0,0,1,0,1,0
822817,2026-05-12,TOR,home,682818,Yohendrick Piñango,3,1,1,1,0,0,2,0,1,0
822817,2026-05-12,TOR,home,665489,Vladimir Guerrero Jr.,4,0,0,0,0,0,1,0,1,1
822817,2026-05-12,TOR,home,660821,Jesús Sánchez,2,1,1,1,0,0,1,0,0,0
822817,2026-05-12,TOR,home,664702,Myles Straw,2,0,0,0,0,0,0,0,1,0
822817,2026-05-12,TOR,home,672960,Kazuma Okamoto,4,0,0,0,0,0,0,1,2,0
822817,2026-05-12,TB,away,670764,Taylor Walls,3,2,1,0,0,0,1,2,0,1
822817,2026-05-12,TB,away,680700,Richie Palacios,1,0,0,0,0,0,0,0,0,0
822817,2026-05-12,TB,away,668723,Ryan Vilade,4,1,2,1,0,1,1,1,1,0
822817,2026-05-12,TB,away,676356,Jonny DeLuca,5,0,3,2,0,0,1,0,0,1
822817,2026-05-12,TB,away,676439,Hunter Feduccia,0,0,0,0,0,0,0,0,0,0
822817,2026-05-12,TB,away,666018,Jonathan Aranda,4,1,2,0,0,0,1,1,1,0
822817,2026-05-12,TB,away,663743,Nick Fortes,4,0,1,0,0,0,0,0,2,0
822817,2026-05-12,TB,away,650490,Yandy Díaz,5,0,0,0,0,0,0,1,0,0
822817,2026-05-12,TB,away,810938,Ben Williamson,4,1,1,1,0,0,0,1,1,0
822817,2026-05-12,TB,away,691406,Junior Caminero,6,1,2,0,0,0,0,0,1,0
822817,2026-05-12,TB,away,656775,Cedric Mullins,5,1,1,0,0,0,2,0,2,1
823632,2026-05-12,NYM,home,620443,Luis Torrens,2,1,1,0,0,0,1,1,0,0
823632,2026-05-12,NYM,home,666182,Bo Bichette,4,1,1,0,0,0,1,1,1,0
823632,2026-05-12,NYM,home,621438,Tyrone Taylor,0,0,0,0,0,0,0,0,0,0
823632,2026-05-12,NYM,home,682626,Francisco Alvarez,2,1,1,1,0,0,1,0,0,0
823632,2026-05-12,NYM,home,668901,Mark Vientos,5,1,2,0,0,0,1,0,1,0
823632,2026-05-12,NYM,home,683146,Brett Baty,5,1,2,0,0,0,0,0,2,0
823632,2026-05-12,NYM,home,701807,Carson Benge,5,1,2,0,0,0,1,0,0,0
823632,2026-05-12,NYM,home,543760,Marcus Semien,5,0,1,0,0,0,0,0,1,0
823632,2026-05-12,NYM,home,669004,MJ Melendez,2,1,0,0,0,0,0,1,1,0
823632,2026-05-12,NYM,home,665742,Juan Soto,5,1,2,0,0,0,1,0,1,0
823632,2026-05-12,NYM,home,596103,Austin Slater,2,0,0,0,0,0,1,0,1,0
823632,2026-05-12,NYM,home,805999,A.J. Ewing,2,2,1,0,1,0,2,3,0,1
823632,2026-05-12,DET,away,669398,Gage Workman,4,0,1,1,0,0,0,0,1,0
823632,2026-05-12,DET,away,656716,Zach McKinstry,2,0,0,0,0,0,0,0,0,0
823632,2026-05-12,DET,away,701678,Hao-Yu  Lee,2,0,2,0,0,0,0,0,0,0
823632,2026-05-12,DET,away,663330,Jahmai Jones,2,0,0,0,0,0,0,0,2,0
823632,2026-05-12,DET,away,682985,Riley Greene,4,0,1,0,0,0,0,0,1,0
823632,2026-05-12,DET,away,805808,Kevin McGonigle,3,0,2,1,0,0,0,1,1,1
823632,2026-05-12,DET,away,670097,Zack Short,1,0,0,0,0,0,0,0,1,0
823632,2026-05-12,DET,away,679529,Spencer Torkelson,3,0,0,0,0,0,1,0,0,0
823632,2026-05-12,DET,away,663837,Matt Vierling,4,0,0,0,0,0,0,1,1,0
823632,2026-05-12,DET,away,693307,Dillon Dingler,3,1,1,0,0,1,1,1,2,0
823632,2026-05-12,DET,away,690993,Colt Keith,3,0,2,1,0,0,0,0,1,0
823632,2026-05-12,DET,away,672761,Wenceel Pérez,4,1,1,0,0,0,0,0,1,0
824927,2026-05-12,ATL,home,640492,José Azocar,1,0,0,0,0,0,0,0,0,0
824927,2026-05-12,ATL,home,671739,Michael Harris II,4,0,1,0,0,0,0,0,1,0
824927,2026-05-12,ATL,home,643289,Mauricio Dubón,4,0,0,0,0,0,0,0,1,0
824927,2026-05-12,ATL,home,686948,Drake Baldwin,4,1,1,1,0,0,0,0,1,0
824927,2026-05-12,ATL,home,621566,Matt Olson,4,0,1,0,0,0,1,0,0,0
824927,2026-05-12,ATL,home,642086,Dominic Smith,4,2,4,0,0,0,0,0,0,0
824927,2026-05-12,ATL,home,645277,Ozzie Albies,3,0,0,0,0,0,0,1,1,0
824927,2026-05-12,ATL,home,663586,Austin Riley,4,1,2,0,0,1,1,0,1,0
824927,2026-05-12,ATL,home,573262,Mike Yastrzemski,2,1,2,0,0,1,3,0,0,0
824927,2026-05-12,ATL,home,673490,Ha-Seong Kim,3,0,0,0,0,0,0,1,0,0
824927,2026-05-12,CHC,away,624424,Michael Conforto,3,0,0,0,0,0,0,0,2,0
824927,2026-05-12,CHC,away,664023,Ian Happ,3,1,0,0,0,0,0,1,2,0
824927,2026-05-12,CHC,away,608324,Alex Bregman,4,1,1,0,0,1,1,0,0,0
824927,2026-05-12,CHC,away,683737,Michael Busch,2,0,0,0,0,0,0,2,0,0
824927,2026-05-12,CHC,away,691718,Pete Crow-Armstrong,3,0,0,0,0,0,0,0,2,0
824927,2026-05-12,CHC,away,694208,Moisés Ballesteros,3,0,0,0,0,0,1,0,1,0
824927,2026-05-12,CHC,away,673548,Seiya Suzuki,3,0,0,0,0,0,0,1,1,0
824927,2026-05-12,CHC,away,621020,Dansby Swanson,3,0,0,0,0,0,0,0,1,0
824927,2026-05-12,CHC,away,663538,Nico Hoerner,3,0,0,0,0,0,0,1,0,0
824927,2026-05-12,CHC,away,807713,Matt Shaw,1,0,0,0,0,0,0,0,0,0
824604,2026-05-12,CWS,home,671976,Tristan Peters,3,0,0,0,0,0,0,0,0,0
824604,2026-05-12,CWS,home,682668,Luisangel Acuña,0,0,0,0,0,0,0,0,0,0
824604,2026-05-12,CWS,home,545341,Randal Grichuk,1,0,0,0,0,0,0,0,0,0
824604,2026-05-12,CWS,home,808959,Munetaka Murakami,3,0,0,0,0,0,0,1,3,0
824604,2026-05-12,CWS,home,805367,Chase Meidroth,4,1,1,0,0,1,3,0,2,0
824604,2026-05-12,CWS,home,695657,Colson Montgomery,3,1,0,0,0,0,0,1,1,0
824604,2026-05-12,CWS,home,691011,Drew Romo,4,1,1,0,0,1,1,0,3,0
824604,2026-05-12,CWS,home,700337,Edgar Quero,1,0,0,0,0,0,0,0,0,0
824604,2026-05-12,CWS,home,643217,Andrew Benintendi,2,0,0,0,0,0,0,1,0,0
824604,2026-05-12,CWS,home,803011,Sam Antonacci,4,1,2,1,0,0,0,0,0,1
824604,2026-05-12,CWS,home,672284,Jarred Kelenic,3,0,0,0,0,0,0,0,2,0
824604,2026-05-12,CWS,home,656537,Derek Hill,1,1,1,0,0,1,1,0,0,0
824604,2026-05-12,CWS,home,678246,Miguel Vargas,3,1,2,0,0,0,1,1,0,0
824604,2026-05-12,KC,away,695600,Carter Jensen,3,1,1,0,0,0,0,1,2,0
824604,2026-05-12,KC,away,686555,Isaac Collins,4,1,1,1,0,0,0,0,1,0
824604,2026-05-12,KC,away,521692,Salvador Perez,5,1,2,0,0,1,1,0,0,0
824604,2026-05-12,KC,away,679845,Nick Loftin,2,1,1,1,0,0,2,0,0,0
824604,2026-05-12,KC,away,686681,Michael Massey,2,0,0,0,0,0,0,0,0,0
824604,2026-05-12,KC,away,686469,Vinnie Pasquantino,4,0,2,0,0,0,0,1,0,0
824604,2026-05-12,KC,away,664728,Kyle Isbel,4,0,1,0,0,0,0,0,0,0
824604,2026-05-12,KC,away,672580,Maikel Garcia,5,0,1,0,0,0,1,0,0,0
824604,2026-05-12,KC,away,695506,Jac Caglianone,4,0,0,0,0,0,0,0,1,0
824604,2026-05-12,KC,away,677951,Bobby Witt Jr.,5,1,2,0,0,1,1,0,1,0
823712,2026-05-12,MIN,home,665019,Kody Clemens,4,0,1,0,0,0,0,0,1,0
823712,2026-05-12,MIN,home,686797,Brooks Lee,3,0,0,0,0,0,0,1,1,0
823712,2026-05-12,MIN,home,668885,Austin Martin,4,0,0,0,0,0,0,0,1,0
823712,2026-05-12,MIN,home,605137,Josh Bell,4,0,0,0,0,0,0,0,1,0
823712,2026-05-12,MIN,home,680777,Ryan Jeffers,3,1,1,0,0,1,2,1,1,0
823712,2026-05-12,MIN,home,681546,James Outman,0,0,0,0,0,0,0,0,0,0
823712,2026-05-12,MIN,home,668904,Royce Lewis,2,0,0,0,0,0,0,1,2,1
823712,2026-05-12,MIN,home,663616,Trevor Larnach,2,1,1,0,0,0,0,2,1,1
823712,2026-05-12,MIN,home,621439,Byron Buxton,3,1,0,0,0,0,0,1,0,1
823712,2026-05-12,MIN,home,807712,Luke Keaschall,3,0,1,0,0,0,0,0,2,1
823712,2026-05-12,MIA,away,666624,Christopher Morel,3,0,0,0,0,0,0,0,2,0
823712,2026-05-12,MIA,away,681715,Heriberto Hernández,3,0,0,0,0,0,0,0,1,0
823712,2026-05-12,MIA,away,805300,Jakob Marsee,3,0,1,0,0,0,0,0,0,0
823712,2026-05-12,MIA,away,669364,Xavier Edwards,4,0,0,0,0,0,0,0,1,0
823712,2026-05-12,MIA,away,669065,Kyle Stowers,3,0,1,0,0,0,0,0,0,0
823712,2026-05-12,MIA,away,689414,Liam Hicks,4,0,0,0,0,0,0,0,0,0
823712,2026-05-12,MIA,away,681393,Connor Norby,3,0,0,0,0,0,0,0,0,0
823712,2026-05-12,MIA,away,691788,Joe Mack,3,0,0,0,0,0,0,0,2,0
823712,2026-05-12,MIA,away,672640,Otto Lopez,3,0,0,0,0,0,0,0,1,0
823790,2026-05-12,MIL,home,687401,Joey Ortiz,3,1,2,0,0,1,2,0,0,0
823790,2026-05-12,MIL,home,694192,Jackson Chourio,4,0,1,0,0,0,0,0,0,0
823790,2026-05-12,MIL,home,592885,Christian Yelich,4,0,0,0,0,0,0,0,2,0
823790,2026-05-12,MIL,home,641343,Jake Bauers,3,1,2,1,0,0,0,1,0,0
823790,2026-05-12,MIL,home,686217,Sal Frelick,4,1,1,0,0,0,2,0,1,0
823790,2026-05-12,MIL,home,669003,Garrett Mitchell,4,1,1,0,0,0,0,0,3,0
823790,2026-05-12,MIL,home,666152,David Hamilton,4,1,1,0,0,0,0,0,1,0
823790,2026-05-12,MIL,home,661388,William Contreras,3,1,1,1,0,0,0,1,1,0
823790,2026-05-12,MIL,home,668930,Brice Turang,4,0,2,1,0,0,2,0,1,0
823790,2026-05-12,SD,away,666023,Freddy Fermin,4,0,1,0,0,0,0,0,1,0
823790,2026-05-12,SD,away,592206,Nick Castellanos,4,0,1,0,0,0,2,0,2,0
823790,2026-05-12,SD,away,701538,Jackson Merrill,5,0,0,0,0,0,0,0,1,0
823790,2026-05-12,SD,away,657757,Gavin Sheets,1,1,1,0,0,0,0,1,0,0
823790,2026-05-12,SD,away,657656,Ramón Laureano,3,0,0,0,0,0,0,1,2,0
823790,2026-05-12,SD,away,592518,Manny Machado,4,0,1,0,0,0,0,0,2,0
823790,2026-05-12,SD,away,609280,Miguel Andujar,4,1,2,1,0,1,2,0,2,0
823790,2026-05-12,SD,away,665487,Fernando Tatis Jr.,3,1,1,0,0,0,0,1,0,0
823790,2026-05-12,SD,away,664034,Ty France,2,0,0,0,0,0,0,0,2,0
823790,2026-05-12,SD,away,593428,Xander Bogaerts,4,1,1,0,0,0,0,0,1,0
822903,2026-05-12,TEX,home,694497,Evan Carter,4,0,0,0,0,0,0,0,2,0
822903,2026-05-12,TEX,home,669394,Jake Burger,3,0,3,0,0,0,2,1,0,0
822903,2026-05-12,TEX,home,696030,Alejandro Osuna,3,0,1,0,0,0,1,0,1,1
822903,2026-05-12,TEX,home,592626,Joc Pederson,5,1,1,0,0,1,1,0,3,0
822903,2026-05-12,TEX,home,608369,Corey Seager,4,1,0,0,0,0,1,0,1,0
822903,2026-05-12,TEX,home,673962,Josh Jung,4,1,1,0,0,0,0,0,1,0
822903,2026-05-12,TEX,home,543309,Kyle Higashioka,4,0,0,0,0,0,0,0,2,0
822903,2026-05-12,TEX,home,677649,Ezequiel Duran,3,3,2,0,0,1,2,1,0,0
822903,2026-05-12,TEX,home,607043,Brandon Nimmo,4,1,3,0,1,0,0,0,0,0
822903,2026-05-12,TEX,home,664059,Sam Haggerty,1,0,0,0,0,0,0,0,0,0
822903,2026-05-12,ARI,away,694374,Tim Tawa,0,1,0,0,0,0,0,1,0,0
822903,2026-05-12,ARI,away,571448,Nolan Arenado,3,1,0,0,0,0,0,1,1,0
822903,2026-05-12,ARI,away,814439,Ryan Waldschmidt,3,0,1,1,0,0,0,0,0,0
822903,2026-05-12,ARI,away,606466,Ketel Marte,4,0,0,0,0,0,0,0,0,0
822903,2026-05-12,ARI,away,545121,Ildemaro Vargas,4,1,2,0,0,1,2,0,0,0
822903,2026-05-12,ARI,away,672695,Geraldo Perdomo,3,0,0,0,0,0,0,0,1,0
822903,2026-05-12,ARI,away,699912,Jose Fernandez,4,0,0,0,0,0,0,0,1,0
822903,2026-05-12,ARI,away,672515,Gabriel Moreno,3,0,0,0,0,0,1,0,1,0
822903,2026-05-12,ARI,away,682998,Corbin Carroll,3,1,1,0,0,0,0,1,0,0
822903,2026-05-12,ARI,away,666971,Lourdes Gurriel Jr.,3,0,0,0,0,0,1,1,1,0
824197,2026-05-12,HOU,home,694376,Shay Whitcomb,1,0,0,0,0,0,0,0,0,0
824197,2026-05-12,HOU,home,670623,Isaac Paredes,4,0,0,0,0,0,0,0,2,0
824197,2026-05-12,HOU,home,701358,Cam Smith,4,0,0,0,0,0,0,0,3,0
824197,2026-05-12,HOU,home,669699,Braden Shewmake,4,0,2,0,0,0,1,0,1,0
824197,2026-05-12,HOU,home,694728,Brice Matthews,4,0,0,0,0,0,0,0,0,0
824197,2026-05-12,HOU,home,514888,Jose Altuve,3,1,1,0,0,0,0,1,0,0
824197,2026-05-12,HOU,home,701305,Zach Dezenzo,3,1,1,1,0,0,0,1,2,0
824197,2026-05-12,HOU,home,572233,Christian Walker,3,0,1,1,0,0,1,0,1,0
824197,2026-05-12,HOU,home,543877,Christian Vázquez,3,0,0,0,0,0,0,0,1,0
824197,2026-05-12,HOU,home,670541,Yordan Alvarez,3,0,0,0,0,0,0,1,2,0
824197,2026-05-12,SEA,away,647304,Josh Naylor,5,0,1,0,0,0,0,0,0,1
824197,2026-05-12,SEA,away,702284,Cole Young,4,0,0,0,0,0,0,1,0,0
824197,2026-05-12,SEA,away,668227,Randy Arozarena,4,4,4,2,0,1,3,0,0,1
824197,2026-05-12,SEA,away,641487,J.P. Crawford,3,1,1,0,0,0,2,2,0,0
824197,2026-05-12,SEA,away,686527,Dominic Canzone,4,1,1,0,0,1,5,0,1,0
824197,2026-05-12,SEA,away,663728,Cal Raleigh,4,3,2,0,0,0,0,1,1,0
824197,2026-05-12,SEA,away,680977,Brendan Donovan,4,0,1,0,0,0,0,1,0,0
824197,2026-05-12,SEA,away,677594,Julio Rodríguez,5,0,0,0,0,0,0,0,2,0
824197,2026-05-12,SEA,away,670042,Luke Raley,3,1,1,0,0,0,0,1,0,0
825011,2026-05-12,OAK,home,671732,Lawrence Butler,3,0,0,0,0,0,0,1,1,0
825011,2026-05-12,OAK,home,641680,Jonah Heim,1,0,0,0,0,0,0,0,0,0
825011,2026-05-12,OAK,home,667670,Brent Rooker,2,0,0,0,0,0,0,2,0,0
825011,2026-05-12,OAK,home,680869,Zack Gelof,4,0,0,0,0,0,0,0,1,0
825011,2026-05-12,OAK,home,643446,Jeff McNeil,4,1,1,0,0,0,0,0,0,0
825011,2026-05-12,OAK,home,666126,Carlos Cortes,3,0,1,1,0,0,0,1,0,0
825011,2026-05-12,OAK,home,691016,Tyler Soderstrom,4,0,0,0,0,0,0,0,0,0
825011,2026-05-12,OAK,home,687231,Darell Hernaiz,3,1,1,0,0,0,0,0,2,0
825011,2026-05-12,OAK,home,701762,Nick Kurtz,3,1,1,0,0,0,1,1,1,0
825011,2026-05-12,OAK,home,669127,Shea Langeliers,4,1,2,1,0,1,3,0,2,0
825011,2026-05-12,STL,away,669357,Nolan Gorman,1,1,1,0,0,0,0,1,0,0
825011,2026-05-12,STL,away,691023,Jordan Walker,4,1,1,0,0,0,1,1,1,0
825011,2026-05-12,STL,away,687363,Victor Scott II,1,0,0,0,0,0,0,0,1,0
825011,2026-05-12,STL,away,701675,Nathan Church,4,0,0,0,0,0,0,0,2,0
825011,2026-05-12,STL,away,665877,José Fermín,3,1,1,1,0,0,2,1,0,0
825011,2026-05-12,STL,away,802139,JJ Wetherholt,4,2,2,0,0,1,2,1,1,0
825011,2026-05-12,STL,away,676475,Alec Burleson,5,0,1,0,0,0,0,0,1,0
825011,2026-05-12,STL,away,695336,Thomas Saggese,2,0,0,0,0,0,0,0,2,0
825011,2026-05-12,STL,away,650968,Yohel Pozo,4,0,1,0,0,0,1,0,1,0
825011,2026-05-12,STL,away,691026,Masyn Winn,5,0,1,0,0,0,0,0,0,0
825011,2026-05-12,STL,away,671056,Iván Herrera,5,1,2,0,0,0,0,0,0,0
823951,2026-05-12,LAD,home,669257,Will Smith,2,0,0,0,0,0,1,1,0,0
823951,2026-05-12,LAD,home,663656,Kyle Tucker,2,0,1,1,0,0,0,1,1,0
823951,2026-05-12,LAD,home,571970,Max Muncy,4,0,0,0,0,0,0,0,2,0
823951,2026-05-12,LAD,home,518692,Freddie Freeman,2,0,1,0,0,0,0,2,0,0
823951,2026-05-12,LAD,home,808975,Hyeseong Kim,4,0,0,0,0,0,0,0,1,0
823951,2026-05-12,LAD,home,660271,Shohei Ohtani,4,2,2,0,0,1,1,1,1,0
823951,2026-05-12,LAD,home,606192,Teoscar Hernández,4,0,0,0,0,0,0,0,2,0
823951,2026-05-12,LAD,home,681624,Andy Pages,3,0,0,0,0,0,0,0,1,0
823951,2026-05-12,LAD,home,605141,Mookie Betts,4,0,0,0,0,0,0,0,0,0
823951,2026-05-12,SF,away,669477,Casey Schmitt,4,0,0,0,0,0,0,0,1,0
823951,2026-05-12,SF,away,671218,Heliot Ramos,4,1,1,1,0,0,0,0,1,0
823951,2026-05-12,SF,away,656305,Matt Chapman,1,0,0,0,0,0,0,0,0,0
823951,2026-05-12,SF,away,808982,Jung Hoo Lee,5,0,2,1,0,0,2,0,1,0
823951,2026-05-12,SF,away,687551,Drew Gilbert,2,1,1,0,0,0,1,0,1,0
823951,2026-05-12,SF,away,646240,Rafael Devers,4,0,1,0,0,0,0,0,3,0
823951,2026-05-12,SF,away,664056,Harrison Bader,2,1,1,0,0,1,1,0,1,0
823951,2026-05-12,SF,away,606992,Eric Haase,4,2,2,0,0,2,2,0,1,0
823951,2026-05-12,SF,away,642715,Willy Adames,4,1,2,0,0,0,0,0,1,0
823951,2026-05-12,SF,away,650333,Luis Arraez,4,0,0,0,0,0,0,1,0,0
823951,2026-05-12,SF,away,805811,Bryce Eldridge,3,0,0,0,0,0,0,0,1,0
824841,2026-05-13,BAL,home,642215,Weston Wilson,4,0,1,0,0,0,0,0,1,0
824841,2026-05-13,BAL,home,683002,Gunnar Henderson,4,0,0,0,0,0,0,0,0,0
824841,2026-05-13,BAL,home,665750,Leody Taveras,4,1,0,0,0,0,0,0,1,0
824841,2026-05-13,BAL,home,621493,Taylor Ward,3,1,1,0,0,0,0,1,1,0
824841,2026-05-13,BAL,home,668939,Adley Rutschman,3,1,1,0,0,1,3,0,0,0
824841,2026-05-13,BAL,home,641933,Tyler O'Neill,2,1,0,0,0,0,0,2,2,0
824841,2026-05-13,BAL,home,677942,Blaze Alexander,4,2,3,0,0,0,2,0,1,1
824841,2026-05-13,BAL,home,624413,Pete Alonso,4,0,2,0,0,0,1,0,1,0
824841,2026-05-13,BAL,home,691723,Coby Mayo,4,1,2,1,0,0,1,0,0,0
824841,2026-05-13,NYY,away,682987,Spencer Jones,1,0,0,0,0,0,0,2,0,0
824841,2026-05-13,NYY,away,592450,Aaron Judge,4,0,0,0,0,0,0,0,1,0
824841,2026-05-13,NYY,away,641857,Ryan McMahon,3,0,0,0,0,0,0,0,2,0
824841,2026-05-13,NYY,away,700250,Ben Rice,3,0,0,0,0,0,0,1,2,0
824841,2026-05-13,NYY,away,683011,Anthony Volpe,3,0,0,0,0,0,0,0,1,0
824841,2026-05-13,NYY,away,641555,J.C. Escarra,3,0,0,0,0,0,0,0,0,0
824841,2026-05-13,NYY,away,641355,Cody Bellinger,4,0,0,0,0,0,0,0,0,0
824841,2026-05-13,NYY,away,665862,Jazz Chisholm Jr.,3,0,1,1,0,0,0,0,1,0
824841,2026-05-13,NYY,away,663757,Trent Grisham,2,0,0,0,0,0,0,2,0,0
824438,2026-05-13,CLE,home,800050,Chase DeLauter,3,0,2,0,0,0,1,0,0,0
824438,2026-05-13,CLE,home,595978,Austin Hedges,3,0,0,0,0,0,0,0,1,0
824438,2026-05-13,CLE,home,683953,Travis Bazzana,4,0,2,0,0,0,0,0,1,0
824438,2026-05-13,CLE,home,682177,Daniel Schneemann,3,0,1,0,0,0,1,0,0,0
824438,2026-05-13,CLE,home,677587,Brayan Rocchio,3,0,0,0,0,0,0,0,2,0
824438,2026-05-13,CLE,home,690984,Petey Halpin,1,0,0,0,0,0,0,0,0,0
824438,2026-05-13,CLE,home,681807,David Fry,3,0,0,0,0,0,1,0,1,0
824438,2026-05-13,CLE,home,608070,José Ramírez,2,1,0,0,0,0,0,1,0,2
824438,2026-05-13,CLE,home,682657,Angel Martínez,4,2,1,0,0,1,1,0,2,2
824438,2026-05-13,CLE,home,700932,Kyle Manzardo,1,0,0,0,0,0,0,0,1,0
824438,2026-05-13,CLE,home,656555,Rhys Hoskins,2,1,1,0,0,0,0,1,1,0
824438,2026-05-13,LAA,away,624428,Adam Frazier,1,0,0,0,0,0,0,0,0,0
824438,2026-05-13,LAA,away,672724,Oswald Peraza,4,1,1,0,0,0,0,0,2,0
824438,2026-05-13,LAA,away,687263,Zach Neto,3,1,2,0,0,1,2,1,1,0
824438,2026-05-13,LAA,away,624585,Jorge Soler,4,0,0,0,0,0,0,0,3,0
824438,2026-05-13,LAA,away,660162,Yoán Moncada,2,0,0,0,0,0,0,1,1,0
824438,2026-05-13,LAA,away,545361,Mike Trout,4,0,0,0,0,0,0,0,2,0
824438,2026-05-13,LAA,away,666176,Jo Adell,4,0,0,0,0,0,0,0,2,0
824438,2026-05-13,LAA,away,687093,Vaughn Grissom,2,0,0,0,0,0,0,2,1,0
824438,2026-05-13,LAA,away,665861,Sebastián Rivero,1,0,1,0,0,0,0,0,0,0
824438,2026-05-13,LAA,away,683079,Omar Martinez,0,0,0,0,0,0,0,0,0,0
824438,2026-05-13,LAA,away,669326,Bryce Teodosio,3,0,0,0,0,0,0,0,1,0
824519,2026-05-13,CIN,home,682829,Elly De La Cruz,5,1,2,1,0,0,0,0,1,0
824519,2026-05-13,CIN,home,667472,Dane Myers,3,0,0,0,0,0,0,0,0,0
824519,2026-05-13,CIN,home,701398,Sal Stewart,4,1,0,0,0,0,0,1,0,1
824519,2026-05-13,CIN,home,663993,Nathaniel Lowe,3,1,0,0,0,0,0,2,2,0
824519,2026-05-13,CIN,home,680574,Matt McLain,4,0,1,1,0,0,0,0,0,0
824519,2026-05-13,CIN,home,666181,Will Benson,2,0,0,0,0,0,0,0,1,0
824519,2026-05-13,CIN,home,670770,TJ Friedl,1,0,0,0,0,0,0,0,0,0
824519,2026-05-13,CIN,home,694362,Blake Dunn,3,0,0,0,0,0,0,0,1,0
824519,2026-05-13,CIN,home,668715,Spencer Steer,4,2,2,1,0,0,1,1,0,0
824519,2026-05-13,CIN,home,663886,Tyler Stephenson,4,1,1,0,0,1,4,1,1,0
824519,2026-05-13,CIN,home,668709,JJ Bleday,3,1,1,1,0,0,1,2,2,0
824519,2026-05-13,WSH,away,691781,Brady House,4,0,0,0,0,0,0,0,1,0
824519,2026-05-13,WSH,away,682928,CJ Abrams,5,2,2,2,0,0,0,0,1,0
824519,2026-05-13,WSH,away,683083,Nasim Nuñez,2,0,0,0,0,0,0,0,0,0
824519,2026-05-13,WSH,away,678391,Jorbit Vivas,0,0,0,0,0,0,0,0,0,0
824519,2026-05-13,WSH,away,686894,Joey Wiemer,4,1,1,1,0,0,2,1,1,0
824519,2026-05-13,WSH,away,678554,Curtis Mead,3,1,1,0,0,0,0,1,2,0
824519,2026-05-13,WSH,away,677588,José Tena,1,0,0,0,0,0,0,0,1,0
824519,2026-05-13,WSH,away,695734,Daylen Lile,4,1,2,0,0,1,3,0,1,1
824519,2026-05-13,WSH,away,695578,James Wood,4,0,0,0,0,0,0,1,2,0
824519,2026-05-13,WSH,away,696285,Jacob Young,4,2,2,0,0,0,0,1,0,0
824519,2026-05-13,WSH,away,660688,Keibert Ruiz,4,1,1,0,0,1,2,0,1,0
824519,2026-05-13,WSH,away,671277,Luis García Jr.,3,0,1,0,0,0,1,0,0,0
823386,2026-05-13,PIT,home,687462,Spencer Horwitz,2,0,0,0,0,0,0,0,0,0
823386,2026-05-13,PIT,home,664040,Brandon Lowe,3,0,0,0,0,0,0,1,0,0
823386,2026-05-13,PIT,home,668804,Bryan Reynolds,4,0,1,0,0,0,1,0,0,0
823386,2026-05-13,PIT,home,665833,Oneil Cruz,3,0,0,0,0,0,0,1,2,0
823386,2026-05-13,PIT,home,669707,Jared Triolo,2,0,1,0,0,0,0,0,1,1
823386,2026-05-13,PIT,home,680779,Henry Davis,3,0,0,0,0,0,1,0,0,0
823386,2026-05-13,PIT,home,804606,Konnor Griffin,4,1,1,1,0,0,0,0,1,0
823386,2026-05-13,PIT,home,656811,Ryan O'Hearn,4,2,2,1,0,1,1,0,0,0
823386,2026-05-13,PIT,home,542303,Marcell Ozuna,4,0,1,0,0,0,0,0,1,0
823386,2026-05-13,PIT,home,693304,Nick Gonzales,3,1,0,0,0,0,0,1,0,0
823386,2026-05-13,COL,away,666160,Mickey Moniak,5,1,3,1,1,1,5,0,1,0
823386,2026-05-13,COL,away,664983,Jake McCarthy,2,0,1,1,0,0,1,0,0,0
823386,2026-05-13,COL,away,687859,Troy Johnston,4,1,1,0,0,0,0,0,0,0
823386,2026-05-13,COL,away,650489,Willi Castro,2,1,0,0,0,0,0,0,0,0
823386,2026-05-13,COL,away,671289,Tyler Freeman,4,0,0,0,0,0,0,0,0,0
823386,2026-05-13,COL,away,666397,Edouard Julien,3,0,0,0,0,0,0,0,1,0
823386,2026-05-13,COL,away,664954,Brett Sullivan,4,1,0,0,0,0,0,0,1,0
823386,2026-05-13,COL,away,686668,Brenton Doyle,2,1,1,0,0,0,0,0,0,0
823386,2026-05-13,COL,away,678662,Ezequiel Tovar,3,2,1,0,0,0,1,1,1,0
823386,2026-05-13,COL,away,681198,TJ Rumfield,4,2,3,1,0,1,1,0,1,0
823386,2026-05-13,COL,away,691720,Kyle Karros,3,1,1,0,0,0,1,1,0,0
824763,2026-05-13,BOS,home,575929,Willson Contreras,4,0,0,0,0,0,0,0,1,0
824763,2026-05-13,BOS,home,657136,Connor Wong,2,0,0,0,0,0,0,0,2,0
824763,2026-05-13,BOS,home,596115,Trevor Story,3,1,2,0,0,1,1,0,0,0
824763,2026-05-13,BOS,home,677800,Wilyer Abreu,4,1,3,0,0,0,0,0,0,0
824763,2026-05-13,BOS,home,643396,Isiah Kiner-Falefa,0,0,0,0,0,0,0,0,0,0
824763,2026-05-13,BOS,home,681508,Mickey Gasper,3,0,1,0,0,0,0,0,0,0
824763,2026-05-13,BOS,home,702332,Caleb Durbin,3,0,0,0,0,0,0,0,3,0
824763,2026-05-13,BOS,home,665966,Carlos Narváez,0,0,0,0,0,0,0,0,0,0
824763,2026-05-13,BOS,home,680776,Jarren Duran,4,0,0,0,0,0,0,0,2,0
824763,2026-05-13,BOS,home,678882,Ceddanne Rafaela,1,1,1,0,0,1,2,0,0,0
824763,2026-05-13,BOS,home,807799,Masataka Yoshida,2,0,0,0,0,0,0,0,0,0
824763,2026-05-13,BOS,home,691785,Marcelo Mayer,3,0,1,0,0,0,0,0,0,0
824763,2026-05-13,PHI,away,669016,Brandon Marsh,3,0,0,0,0,0,0,0,0,0
824763,2026-05-13,PHI,away,702222,Justin Crawford,3,1,1,0,0,1,1,0,1,0
824763,2026-05-13,PHI,away,547180,Bryce Harper,4,0,0,0,0,0,0,0,2,0
824763,2026-05-13,PHI,away,592663,J.T. Realmuto,3,0,0,0,0,0,0,0,1,0
824763,2026-05-13,PHI,away,624641,Edmundo Sosa,3,0,1,0,0,0,0,0,1,0
824763,2026-05-13,PHI,away,664761,Alec Bohm,4,0,1,0,0,0,0,0,1,0
824763,2026-05-13,PHI,away,681082,Bryson Stott,3,0,0,0,0,0,0,0,0,0
824763,2026-05-13,PHI,away,656941,Kyle Schwarber,2,0,0,0,0,0,0,2,1,1
824763,2026-05-13,PHI,away,666969,Adolis García,4,0,0,0,0,0,0,0,3,0
824763,2026-05-13,PHI,away,607208,Trea Turner,0,0,0,0,0,0,0,1,0,1
822815,2026-05-13,TOR,home,672820,Lenyn Sosa,1,0,0,0,0,0,0,0,0,0
822815,2026-05-13,TOR,home,676391,Ernie Clement,4,0,1,0,0,0,0,0,1,0
822815,2026-05-13,TOR,home,662139,Daulton Varsho,4,1,1,0,0,1,4,1,1,0
822815,2026-05-13,TOR,home,665926,Andrés Giménez,3,0,1,0,0,0,0,0,0,0
822815,2026-05-13,TOR,home,678218,Brandon Valenzuela,1,0,0,0,0,0,0,0,0,0
822815,2026-05-13,TOR,home,543807,George Springer,3,2,0,0,0,0,0,2,0,0
822815,2026-05-13,TOR,home,682818,Yohendrick Piñango,4,0,1,0,0,0,0,1,0,0
822815,2026-05-13,TOR,home,623168,Tyler Heineman,1,0,0,0,0,0,0,0,0,0
822815,2026-05-13,TOR,home,665489,Vladimir Guerrero Jr.,2,1,0,0,0,0,0,3,0,0
822815,2026-05-13,TOR,home,660821,Jesús Sánchez,2,0,2,0,0,0,0,0,0,0
822815,2026-05-13,TOR,home,664702,Myles Straw,1,0,0,0,0,0,0,1,1,0
822815,2026-05-13,TOR,home,672960,Kazuma Okamoto,2,1,0,0,0,0,1,2,0,0
822815,2026-05-13,TB,away,670764,Taylor Walls,4,0,1,0,0,0,0,0,1,0
822815,2026-05-13,TB,away,680700,Richie Palacios,5,0,1,0,0,0,1,0,3,0
822815,2026-05-13,TB,away,641584,Jake Fraley,4,0,0,0,0,0,0,1,2,1
822815,2026-05-13,TB,away,802415,Chandler Simpson,4,1,0,0,0,0,0,1,1,0
822815,2026-05-13,TB,away,676356,Jonny DeLuca,0,0,0,0,0,0,0,0,0,0
822815,2026-05-13,TB,away,676439,Hunter Feduccia,3,0,0,0,0,0,0,1,3,0
822815,2026-05-13,TB,away,666018,Jonathan Aranda,3,1,1,0,0,0,0,2,1,0
822815,2026-05-13,TB,away,650490,Yandy Díaz,5,0,2,0,0,0,1,0,0,0
822815,2026-05-13,TB,away,810938,Ben Williamson,1,1,1,0,0,0,1,0,0,1
822815,2026-05-13,TB,away,691406,Junior Caminero,4,0,1,0,0,0,0,0,1,0
822815,2026-05-13,TB,away,656775,Cedric Mullins,3,0,1,0,0,0,0,0,0,0
823631,2026-05-13,NYM,home,620443,Luis Torrens,3,1,1,0,0,0,0,1,1,0
823631,2026-05-13,NYM,home,666182,Bo Bichette,4,0,1,0,0,0,1,0,0,0
823631,2026-05-13,NYM,home,621438,Tyrone Taylor,4,0,0,0,0,0,1,0,2,0
823631,2026-05-13,NYM,home,668901,Mark Vientos,3,1,1,0,0,0,0,0,0,0
823631,2026-05-13,NYM,home,683146,Brett Baty,4,0,1,0,0,0,0,0,2,0
823631,2026-05-13,NYM,home,701807,Carson Benge,5,0,3,0,0,0,1,0,1,1
823631,2026-05-13,NYM,home,543760,Marcus Semien,4,0,0,0,0,0,0,0,1,0
823631,2026-05-13,NYM,home,669004,MJ Melendez,1,0,0,0,0,0,0,0,1,0
823631,2026-05-13,NYM,home,665742,Juan Soto,3,0,0,0,0,0,0,0,1,0
823631,2026-05-13,NYM,home,805999,A.J. Ewing,3,1,0,0,0,0,0,1,3,0
823631,2026-05-13,DET,away,669398,Gage Workman,1,0,0,0,0,0,0,0,0,0
823631,2026-05-13,DET,away,656716,Zach McKinstry,4,0,1,0,0,0,0,0,2,0
823631,2026-05-13,DET,away,663330,Jahmai Jones,1,0,0,0,0,0,0,0,1,0
823631,2026-05-13,DET,away,682985,Riley Greene,5,0,3,0,0,0,2,0,0,0
823631,2026-05-13,DET,away,805808,Kevin McGonigle,3,1,1,0,0,0,0,2,0,1
823631,2026-05-13,DET,away,670097,Zack Short,2,0,0,0,0,0,0,0,0,0
823631,2026-05-13,DET,away,679529,Spencer Torkelson,3,0,0,0,0,0,0,1,3,0
823631,2026-05-13,DET,away,663837,Matt Vierling,4,0,0,0,0,0,0,1,1,0
823631,2026-05-13,DET,away,693307,Dillon Dingler,5,1,2,1,0,0,0,0,1,0
823631,2026-05-13,DET,away,690993,Colt Keith,4,0,1,0,0,0,0,0,1,0
823631,2026-05-13,DET,away,672761,Wenceel Pérez,4,0,0,0,0,0,0,1,1,0
824928,2026-05-13,ATL,home,640492,José Azocar,2,0,1,0,0,0,0,0,1,0
824928,2026-05-13,ATL,home,671739,Michael Harris II,3,1,1,0,0,0,0,0,1,0
824928,2026-05-13,ATL,home,643289,Mauricio Dubón,4,1,1,0,0,1,2,0,1,0
824928,2026-05-13,ATL,home,686948,Drake Baldwin,4,1,1,0,0,1,1,0,1,0
824928,2026-05-13,ATL,home,621566,Matt Olson,3,0,1,0,0,0,0,0,0,0
824928,2026-05-13,ATL,home,642086,Dominic Smith,1,0,0,0,0,0,0,0,1,0
824928,2026-05-13,ATL,home,645277,Ozzie Albies,3,0,0,0,0,0,0,0,1,0
824928,2026-05-13,ATL,home,628452,Raisel Iglesias,0,0,0,0,0,0,0,0,0,0
824928,2026-05-13,ATL,home,663586,Austin Riley,3,0,0,0,0,0,0,0,0,0
824928,2026-05-13,ATL,home,506702,Sandy León,2,0,1,0,0,0,0,0,0,0
824928,2026-05-13,ATL,home,573262,Mike Yastrzemski,1,1,1,1,0,0,1,0,0,0
824928,2026-05-13,ATL,home,673490,Ha-Seong Kim,3,0,1,0,0,0,0,0,1,0
824928,2026-05-13,CHC,away,624424,Michael Conforto,1,0,0,0,0,0,0,0,0,0
824928,2026-05-13,CHC,away,664023,Ian Happ,2,0,0,0,0,0,0,2,2,0
824928,2026-05-13,CHC,away,608324,Alex Bregman,4,0,2,0,0,0,0,0,1,1
824928,2026-05-13,CHC,away,683737,Michael Busch,3,0,0,0,0,0,0,1,2,0
824928,2026-05-13,CHC,away,608348,Carson Kelly,3,1,1,0,0,0,0,0,0,0
824928,2026-05-13,CHC,away,691718,Pete Crow-Armstrong,3,0,0,0,0,0,0,1,1,1
824928,2026-05-13,CHC,away,694208,Moisés Ballesteros,4,0,0,0,0,0,0,0,1,0
824928,2026-05-13,CHC,away,673548,Seiya Suzuki,4,0,0,0,0,0,0,0,2,0
824928,2026-05-13,CHC,away,621020,Dansby Swanson,2,0,0,0,0,0,0,1,1,0
824928,2026-05-13,CHC,away,663538,Nico Hoerner,4,0,1,0,0,0,1,0,0,0
824603,2026-05-13,CWS,home,671976,Tristan Peters,4,1,2,1,0,0,1,0,2,0
824603,2026-05-13,CWS,home,808959,Munetaka Murakami,4,0,1,0,0,0,0,1,0,0
824603,2026-05-13,CWS,home,805367,Chase Meidroth,2,0,0,0,0,0,1,0,0,0
824603,2026-05-13,CWS,home,695657,Colson Montgomery,4,2,3,0,0,1,1,0,1,0
824603,2026-05-13,CWS,home,691011,Drew Romo,4,0,0,0,0,0,1,0,2,0
824603,2026-05-13,CWS,home,643217,Andrew Benintendi,3,1,0,0,0,0,0,1,1,0
824603,2026-05-13,CWS,home,803011,Sam Antonacci,4,0,1,1,0,0,0,0,0,0
824603,2026-05-13,CWS,home,672284,Jarred Kelenic,3,1,2,1,0,0,2,1,1,0
824603,2026-05-13,CWS,home,656537,Derek Hill,0,0,0,0,0,0,0,0,0,0
824603,2026-05-13,CWS,home,678246,Miguel Vargas,4,1,1,0,0,0,0,1,1,0
824603,2026-05-13,KC,away,695600,Carter Jensen,2,1,2,1,0,0,0,0,0,0
824603,2026-05-13,KC,away,686555,Isaac Collins,3,0,0,0,0,0,0,0,0,0
824603,2026-05-13,KC,away,521692,Salvador Perez,4,0,0,0,0,0,0,0,1,0
824603,2026-05-13,KC,away,679845,Nick Loftin,2,0,0,0,0,0,1,0,0,0
824603,2026-05-13,KC,away,516782,Starling Marte,3,0,1,0,0,0,0,1,1,0
824603,2026-05-13,KC,away,686469,Vinnie Pasquantino,4,0,1,0,0,0,2,0,1,0
824603,2026-05-13,KC,away,553869,Elias Díaz,2,0,0,0,0,0,0,0,1,0
824603,2026-05-13,KC,away,672580,Maikel Garcia,3,1,0,0,0,0,0,2,2,0
824603,2026-05-13,KC,away,657041,Lane Thomas,3,1,0,0,0,0,0,1,2,0
824603,2026-05-13,KC,away,695506,Jac Caglianone,1,0,0,0,0,0,0,0,1,0
824603,2026-05-13,KC,away,677951,Bobby Witt Jr.,3,2,1,0,0,1,2,2,1,0
823710,2026-05-13,MIN,home,605170,Victor Caratini,3,0,1,0,0,0,0,1,0,0
823710,2026-05-13,MIN,home,665019,Kody Clemens,4,1,2,1,0,1,1,0,0,0
823710,2026-05-13,MIN,home,686797,Brooks Lee,4,1,0,0,0,0,0,1,1,0
823710,2026-05-13,MIN,home,668885,Austin Martin,5,1,2,1,0,0,0,0,1,1
823710,2026-05-13,MIN,home,656484,Tristan Gray,4,0,0,0,0,0,0,0,3,0
823710,2026-05-13,MIN,home,605137,Josh Bell,4,0,1,1,0,0,2,0,2,1
823710,2026-05-13,MIN,home,621439,Byron Buxton,4,2,2,0,0,2,2,1,1,0
823710,2026-05-13,MIN,home,670242,Matt Wallner,4,0,0,0,0,0,0,0,4,0
823710,2026-05-13,MIN,home,807712,Luke Keaschall,4,0,0,0,0,0,0,0,1,0
823710,2026-05-13,MIA,away,665923,Esteury Ruiz,0,0,0,0,0,0,0,0,0,0
823710,2026-05-13,MIA,away,805300,Jakob Marsee,4,0,0,0,0,0,0,1,0,0
823710,2026-05-13,MIA,away,669364,Xavier Edwards,4,3,2,1,1,0,1,1,0,0
823710,2026-05-13,MIA,away,669065,Kyle Stowers,4,0,0,0,0,0,0,1,0,1
823710,2026-05-13,MIA,away,689414,Liam Hicks,5,1,1,0,0,0,3,0,0,0
823710,2026-05-13,MIA,away,683357,Owen Caissie,3,2,1,0,0,1,2,1,1,0
823710,2026-05-13,MIA,away,677870,Leo Jiménez,5,2,3,1,0,0,0,0,1,1
823710,2026-05-13,MIA,away,681393,Connor Norby,5,0,2,0,0,0,0,0,2,1
823710,2026-05-13,MIA,away,691788,Joe Mack,4,1,1,0,0,0,1,0,2,0
823710,2026-05-13,MIA,away,672640,Otto Lopez,4,0,1,0,0,0,1,1,1,0
823791,2026-05-13,MIL,home,650859,Luis Rengifo,4,0,3,0,0,0,0,0,0,0
823791,2026-05-13,MIL,home,687401,Joey Ortiz,3,0,1,0,0,0,0,0,1,0
823791,2026-05-13,MIL,home,694192,Jackson Chourio,4,0,1,0,0,0,0,1,1,1
823791,2026-05-13,MIL,home,641343,Jake Bauers,4,0,1,1,0,0,0,0,2,0
823791,2026-05-13,MIL,home,686217,Sal Frelick,4,1,2,0,0,0,0,0,1,0
823791,2026-05-13,MIL,home,683734,Andrew Vaughn,4,0,1,0,0,0,0,0,0,0
823791,2026-05-13,MIL,home,669003,Garrett Mitchell,3,0,0,0,0,0,0,1,2,0
823791,2026-05-13,MIL,home,663368,Blake Perkins,0,0,0,0,0,0,0,0,0,0
823791,2026-05-13,MIL,home,661388,William Contreras,4,0,0,0,0,0,0,0,0,0
823791,2026-05-13,MIL,home,668930,Brice Turang,4,0,0,0,0,0,1,0,0,0
823791,2026-05-13,MIL,home,596142,Gary Sánchez,1,0,0,0,0,0,0,0,0,0
823791,2026-05-13,SD,away,666023,Freddy Fermin,0,0,0,0,0,0,0,0,0,0
823791,2026-05-13,SD,away,592206,Nick Castellanos,4,0,0,0,0,0,0,0,3,0
823791,2026-05-13,SD,away,701538,Jackson Merrill,4,0,0,0,0,0,0,0,3,0
823791,2026-05-13,SD,away,660710,Rodolfo Durán,2,0,0,0,0,0,0,0,2,0
823791,2026-05-13,SD,away,823550,Sung-Mun Song,0,0,0,0,0,0,0,0,0,0
823791,2026-05-13,SD,away,657757,Gavin Sheets,4,1,2,0,0,1,3,0,0,0
823791,2026-05-13,SD,away,657656,Ramón Laureano,1,0,0,0,0,0,0,0,0,0
823791,2026-05-13,SD,away,592518,Manny Machado,4,0,0,0,0,0,0,0,0,0
823791,2026-05-13,SD,away,609280,Miguel Andujar,4,0,1,0,0,0,0,0,1,0
823791,2026-05-13,SD,away,665487,Fernando Tatis Jr.,4,0,2,0,0,0,0,0,1,0
823791,2026-05-13,SD,away,664034,Ty France,3,0,1,0,0,0,0,0,2,0
823791,2026-05-13,SD,away,669369,Bryce Johnson,0,1,0,0,0,0,0,0,0,0
823791,2026-05-13,SD,away,593428,Xander Bogaerts,3,1,0,0,0,0,0,1,1,0
822900,2026-05-13,TEX,home,694497,Evan Carter,4,1,2,0,0,0,0,0,0,0
822900,2026-05-13,TEX,home,669394,Jake Burger,4,1,2,0,0,1,4,0,1,0
822900,2026-05-13,TEX,home,696030,Alejandro Osuna,2,2,0,0,0,0,0,1,1,0
822900,2026-05-13,TEX,home,592626,Joc Pederson,4,0,0,0,0,0,0,0,0,0
822900,2026-05-13,TEX,home,608369,Corey Seager,4,0,0,0,0,0,0,0,2,0
822900,2026-05-13,TEX,home,673962,Josh Jung,4,1,2,1,0,0,0,0,1,0
822900,2026-05-13,TEX,home,677649,Ezequiel Duran,4,1,1,1,0,0,1,0,2,0
822900,2026-05-13,TEX,home,607043,Brandon Nimmo,4,0,0,0,0,0,0,0,2,0
822900,2026-05-13,TEX,home,643376,Danny Jansen,4,0,1,0,0,0,1,0,1,0
822900,2026-05-13,ARI,away,680728,Adrian Del Castillo,2,0,0,0,0,0,0,1,1,0
822900,2026-05-13,ARI,away,571448,Nolan Arenado,4,2,2,2,0,0,2,0,1,0
822900,2026-05-13,ARI,away,814439,Ryan Waldschmidt,4,0,1,0,0,0,0,1,1,0
822900,2026-05-13,ARI,away,606466,Ketel Marte,4,1,2,0,0,0,0,1,0,0
822900,2026-05-13,ARI,away,545121,Ildemaro Vargas,5,0,1,0,0,0,2,0,1,0
822900,2026-05-13,ARI,away,672695,Geraldo Perdomo,3,1,0,0,0,0,0,2,1,0
822900,2026-05-13,ARI,away,699912,Jose Fernandez,2,0,0,0,0,0,0,0,0,1
822900,2026-05-13,ARI,away,672515,Gabriel Moreno,5,0,2,0,0,0,0,0,1,1
822900,2026-05-13,ARI,away,682998,Corbin Carroll,2,1,1,1,0,0,0,3,0,1
822900,2026-05-13,ARI,away,666971,Lourdes Gurriel Jr.,5,0,1,1,0,0,1,0,0,0
822900,2026-05-13,ARI,away,678489,Jorge Barrosa,0,0,0,0,0,0,0,0,0,0
824195,2026-05-13,HOU,home,670623,Isaac Paredes,5,0,1,0,0,0,0,0,0,0
824195,2026-05-13,HOU,home,701358,Cam Smith,1,0,1,0,0,0,0,0,0,1
824195,2026-05-13,HOU,home,669699,Braden Shewmake,5,1,2,0,0,0,0,0,2,0
824195,2026-05-13,HOU,home,805904,Zach Cole,4,0,3,0,0,0,1,0,0,0
824195,2026-05-13,HOU,home,694728,Brice Matthews,5,2,2,0,0,0,0,0,1,0
824195,2026-05-13,HOU,home,514888,Jose Altuve,3,0,0,0,0,0,2,1,1,0
824195,2026-05-13,HOU,home,701305,Zach Dezenzo,4,0,1,1,0,0,0,0,1,0
824195,2026-05-13,HOU,home,572233,Christian Walker,5,1,1,0,0,1,1,0,1,0
824195,2026-05-13,HOU,home,543877,Christian Vázquez,3,0,0,0,0,0,0,0,0,0
824195,2026-05-13,HOU,home,670541,Yordan Alvarez,3,0,1,0,0,0,0,2,0,0
824195,2026-05-13,SEA,away,647304,Josh Naylor,4,0,1,0,0,0,0,1,1,0
824195,2026-05-13,SEA,away,702284,Cole Young,4,0,0,0,0,0,0,0,2,0
824195,2026-05-13,SEA,away,641487,J.P. Crawford,5,1,2,0,0,1,1,0,0,0
824195,2026-05-13,SEA,away,668227,Randy Arozarena,5,0,2,0,0,0,0,0,2,1
824195,2026-05-13,SEA,away,686527,Dominic Canzone,1,0,0,0,0,0,0,1,0,0
824195,2026-05-13,SEA,away,663728,Cal Raleigh,4,0,0,0,0,0,0,0,2,0
824195,2026-05-13,SEA,away,656582,Connor Joe,2,0,0,0,0,0,0,0,0,0
824195,2026-05-13,SEA,away,608701,Rob Refsnyder,2,1,0,0,0,0,0,1,1,0
824195,2026-05-13,SEA,away,680977,Brendan Donovan,0,0,0,0,0,0,0,1,0,0
824195,2026-05-13,SEA,away,641598,Mitch Garver,0,0,0,0,0,0,0,1,0,0
824195,2026-05-13,SEA,away,677594,Julio Rodríguez,4,0,1,1,0,0,1,1,1,0
824195,2026-05-13,SEA,away,660844,Leo Rivas,3,0,0,0,0,0,0,0,1,0
824195,2026-05-13,SEA,away,670042,Luke Raley,3,1,2,0,0,1,1,0,1,0
825010,2026-05-13,OAK,home,671732,Lawrence Butler,0,0,0,0,0,0,0,0,0,0
825010,2026-05-13,OAK,home,641680,Jonah Heim,4,0,0,0,0,0,0,0,2,0
825010,2026-05-13,OAK,home,667670,Brent Rooker,4,0,1,0,0,0,0,0,1,0
825010,2026-05-13,OAK,home,680869,Zack Gelof,4,1,1,0,0,1,1,0,0,0
825010,2026-05-13,OAK,home,683021,Michael Stefanic,4,1,2,0,0,0,0,0,1,0
825010,2026-05-13,OAK,home,687231,Darell Hernaiz,4,1,3,0,0,0,0,0,0,0
825010,2026-05-13,OAK,home,701762,Nick Kurtz,4,2,2,1,0,1,4,0,1,0
825010,2026-05-13,OAK,home,703607,Henry Bolte,2,0,2,0,0,0,1,1,0,0
825010,2026-05-13,OAK,home,687515,Colby Thomas,4,0,2,1,0,0,0,0,1,0
825010,2026-05-13,OAK,home,669127,Shea Langeliers,4,1,0,0,0,0,0,1,0,0
825010,2026-05-13,STL,away,669357,Nolan Gorman,3,1,1,0,0,0,0,1,0,0
825010,2026-05-13,STL,away,691023,Jordan Walker,4,0,0,0,0,0,0,0,2,0
825010,2026-05-13,STL,away,701675,Nathan Church,4,0,2,0,0,0,1,0,0,0
825010,2026-05-13,STL,away,687363,Victor Scott II,3,0,0,0,0,0,0,0,2,0
825010,2026-05-13,STL,away,665877,José Fermín,1,0,1,0,0,0,0,0,0,0
825010,2026-05-13,STL,away,802139,JJ Wetherholt,4,0,2,0,0,0,0,0,0,0
825010,2026-05-13,STL,away,676475,Alec Burleson,5,0,3,1,0,0,0,0,1,0
825010,2026-05-13,STL,away,686780,Pedro Pagés,3,1,1,0,0,0,0,0,1,0
825010,2026-05-13,STL,away,691026,Masyn Winn,4,0,2,0,0,0,0,0,0,0
825010,2026-05-13,STL,away,671056,Iván Herrera,4,0,1,0,0,0,1,0,0,0
823952,2026-05-13,LAD,home,669257,Will Smith,4,0,0,0,0,0,0,0,1,0
823952,2026-05-13,LAD,home,663656,Kyle Tucker,4,1,2,2,0,0,0,0,0,0
823952,2026-05-13,LAD,home,518692,Freddie Freeman,3,0,1,0,0,0,0,1,0,1
823952,2026-05-13,LAD,home,669289,Santiago Espinal,3,1,1,0,0,1,1,0,0,0
823952,2026-05-13,LAD,home,606192,Teoscar Hernández,4,1,2,0,0,0,1,0,0,0
823952,2026-05-13,LAD,home,681624,Andy Pages,3,0,0,0,0,0,0,1,1,0
823952,2026-05-13,LAD,home,605141,Mookie Betts,4,1,1,0,0,1,1,0,0,0
823952,2026-05-13,LAD,home,669743,Alex Call,2,0,0,0,0,0,1,1,0,0
823952,2026-05-13,LAD,home,500743,Miguel Rojas,4,0,2,0,0,0,0,0,0,0
823952,2026-05-13,SF,away,671218,Heliot Ramos,3,0,0,0,0,0,0,1,0,0
823952,2026-05-13,SF,away,683679,Jesus Rodriguez,3,0,0,0,0,0,0,0,1,0
823952,2026-05-13,SF,away,656305,Matt Chapman,4,0,1,0,0,0,0,0,2,0
823952,2026-05-13,SF,away,808982,Jung Hoo Lee,4,0,0,0,0,0,0,0,0,0
823952,2026-05-13,SF,away,687551,Drew Gilbert,3,0,0,0,0,0,0,0,0,0
823952,2026-05-13,SF,away,646240,Rafael Devers,4,0,2,1,0,0,0,0,2,0
823952,2026-05-13,SF,away,642715,Willy Adames,4,0,1,0,0,0,0,0,2,0
823952,2026-05-13,SF,away,650333,Luis Arraez,3,0,2,0,0,0,0,1,0,0
823952,2026-05-13,SF,away,805811,Bryce Eldridge,4,0,0,0,0,0,0,0,3,0
