game_id,game_date,team_id,side,player_id,player_name,innings_pitched,hits_allowed,runs_allowed,earned_runs,walks_allowed,strikeouts_recorded,pitches_thrown
823081,2026-03-26,STL,home,694335,Matt Svanson,0.3333333333333333,3,3,3,0,0,16
823081,2026-03-26,STL,home,688297,Chris Roycroft,0.3333333333333333,3,1,1,0,0,13
823081,2026-03-26,STL,home,668941,JoJo Romero,0.6666666666666666,2,0,0,0,0,9
823081,2026-03-26,STL,home,677865,Justin Bruihl,0.3333333333333333,1,2,2,1,0,9
823081,2026-03-26,STL,home,676617,Riley O'Brien,1.3333333333333333,1,0,0,0,2,17
823081,2026-03-26,STL,home,669461,Matthew Liberatore,5.0,7,1,1,2,2,78
823081,2026-03-26,STL,home,592773,Ryne Stanek,1.0,0,0,0,3,1,26
823081,2026-03-26,TB,away,693855,Ian Seymour,0.0,5,5,5,0,0,21
823081,2026-03-26,TB,away,664076,Garrett Cleavinger,0.3333333333333333,2,2,2,0,0,9
823081,2026-03-26,TB,away,643377,Griffin Jax,0.6666666666666666,1,1,1,0,0,14
823081,2026-03-26,TB,away,672782,Yoendrys Gómez,2.0,2,0,0,1,1,28
823081,2026-03-26,TB,away,656876,Drew Rasmussen,5.0,4,1,1,0,2,73
823163,2026-03-26,SEA,home,678606,José A. Ferrer,0.6666666666666666,2,0,0,0,0,11
823163,2026-03-26,SEA,home,668984,Casey Legumina,1.0,1,0,0,1,2,29
823163,2026-03-26,SEA,home,669302,Logan Gilbert,5.333333333333333,5,3,3,0,7,86
823163,2026-03-26,SEA,home,681867,Cooper Criswell,1.0,1,1,1,1,1,17
823163,2026-03-26,SEA,home,642100,Gabe Speier,1.0,3,2,2,0,1,20
823163,2026-03-26,CLE,away,542888,Shawn Armstrong,0.6666666666666666,1,1,1,0,2,10
823163,2026-03-26,CLE,away,641401,Connor Brogdon,1.0,1,0,0,0,1,16
823163,2026-03-26,CLE,away,671922,Cade Smith,1.0,0,0,0,0,1,13
823163,2026-03-26,CLE,away,681870,Erik Sabrowski,1.3333333333333333,0,0,0,0,3,16
823163,2026-03-26,CLE,away,676440,Tanner Bibee,5.0,4,3,3,2,7,78
823325,2026-03-26,SD,home,688158,David Morgan,1.0,1,0,0,1,1,19
823325,2026-03-26,SD,home,593974,Wandy Peralta,1.0,1,0,0,0,0,15
823325,2026-03-26,SD,home,699134,Bradgley Rodriguez,2.0,0,0,0,0,3,20
823325,2026-03-26,SD,home,601713,Nick Pivetta,3.0,7,6,6,3,4,69
823325,2026-03-26,SD,home,676760,Ron Marinaccio,2.0,3,2,2,0,2,43
823325,2026-03-26,DET,away,669373,Tarik Skubal,6.0,3,1,0,0,6,74
823325,2026-03-26,DET,away,623454,Drew Anderson,1.3333333333333333,2,1,1,2,0,36
823325,2026-03-26,DET,away,663947,Tyler Holton,0.6666666666666666,0,0,0,1,0,11
823325,2026-03-26,DET,away,676684,Will Vest,1.0,0,0,0,0,1,7
823486,2026-03-26,PHI,home,650911,Cristopher Sánchez,6.0,3,0,0,0,10,87
823486,2026-03-26,PHI,home,661395,Jhoan Duran,0.6666666666666666,1,0,0,0,1,12
823486,2026-03-26,PHI,home,680742,Jonathan Bowlan,1.0,1,0,0,0,0,8
823486,2026-03-26,PHI,home,647315,Zach Pop,1.0,0,0,0,1,0,21
823486,2026-03-26,PHI,home,679775,Kyle Backhus,0.3333333333333333,3,3,3,0,0,20
823486,2026-03-26,TEX,away,641302,Tyler Alexander,1.0,0,0,0,0,0,9
823486,2026-03-26,TEX,away,656222,Jalen Beeks,1.3333333333333333,1,0,0,0,2,28
823486,2026-03-26,TEX,away,543135,Nathan Eovaldi,4.666666666666667,8,5,5,0,7,80
823486,2026-03-26,TEX,away,691945,Carter Baumler,1.0,1,0,0,1,1,26
823649,2026-03-26,NYM,home,668964,Tobias Myers,3.0,1,1,1,0,1,39
823649,2026-03-26,NYM,home,642547,Freddy Peralta,5.0,6,4,4,0,7,80
823649,2026-03-26,NYM,home,472610,Luis García,1.0,3,2,2,0,2,20
823649,2026-03-26,PIT,away,694973,Paul Skenes,0.6666666666666666,4,5,5,2,1,37
823649,2026-03-26,PIT,away,642397,Gregory Soto,1.0,0,0,0,0,2,8
823649,2026-03-26,PIT,away,682254,Mason Montgomery,1.3333333333333333,1,2,2,3,2,42
823649,2026-03-26,PIT,away,670990,Yohan Ramírez,2.3333333333333335,1,0,0,1,3,37
823649,2026-03-26,PIT,away,676755,Isaac Mattson,0.6666666666666666,3,2,2,2,1,36
823649,2026-03-26,PIT,away,642701,Dennis Santana,1.0,0,0,0,1,1,18
823649,2026-03-26,PIT,away,664875,Justin Lawrence,1.0,2,2,2,0,0,14
823812,2026-03-26,MIL,home,681982,Grant Anderson,1.0,0,0,0,0,1,7
823812,2026-03-26,MIL,home,676879,Aaron Ashby,1.0,0,0,0,0,2,11
823812,2026-03-26,MIL,home,663765,Jake Woodford,1.0,1,1,1,0,3,16
823812,2026-03-26,MIL,home,694819,Jacob Misiorowski,5.0,2,1,1,3,11,94
823812,2026-03-26,MIL,home,669084,DL Hall,1.0,1,0,0,2,3,27
823812,2026-03-26,CWS,away,681343,Shane Smith,1.6666666666666665,3,4,3,2,2,54
823812,2026-03-26,CWS,away,699151,Jedixson Paez,1.3333333333333333,2,3,3,2,0,36
823812,2026-03-26,CWS,away,673929,Jordan Leasure,1.0,0,0,0,0,0,11
823812,2026-03-26,CWS,away,656794,Sean Newcomb,2.3333333333333335,3,2,2,1,1,33
823812,2026-03-26,CWS,away,663855,Jordan Hicks,0.6666666666666666,2,3,3,4,0,34
823812,2026-03-26,CWS,away,656457,Tyler Gilbert,1.0,2,2,2,1,0,18
823974,2026-03-26,LAD,home,656945,Tanner Scott,1.0,0,0,0,0,0,8
823974,2026-03-26,LAD,home,694361,Will Klein,1.0,0,0,0,0,1,9
823974,2026-03-26,LAD,home,595014,Blake Treinen,1.0,1,0,0,0,1,15
823974,2026-03-26,LAD,home,808967,Yoshinobu Yamamoto,6.0,5,2,2,0,6,95
823974,2026-03-26,ARI,away,694851,Andrew Hoffmann,1.6666666666666665,1,0,0,2,0,33
823974,2026-03-26,ARI,away,666661,Juan Morillo,1.0,1,0,0,1,1,17
823974,2026-03-26,ARI,away,664199,Taylor Clarke,0.3333333333333333,3,4,4,0,0,16
823974,2026-03-26,ARI,away,668678,Zac Gallen,4.0,5,4,4,2,2,76
823974,2026-03-26,ARI,away,657044,Ryan Thompson,1.0,0,0,0,0,1,11
824218,2026-03-26,HOU,home,685005,Christian Roa,1.0,1,1,1,2,1,33
824218,2026-03-26,HOU,home,686613,Hunter Brown,4.666666666666667,4,0,0,4,9,102
824218,2026-03-26,HOU,home,805123,AJ Blubaugh,2.3333333333333335,2,1,1,0,3,41
824218,2026-03-26,HOU,home,687911,Bryan King,1.0,2,1,1,0,1,17
824218,2026-03-26,LAA,away,681217,Chase Silseth,0.3333333333333333,0,0,0,0,0,1
824218,2026-03-26,LAA,away,667755,José Soriano,6.0,2,0,0,4,7,91
824218,2026-03-26,LAA,away,519141,Drew Pomeranz,1.0,0,0,0,0,0,12
824218,2026-03-26,LAA,away,700712,Walbert Ureña,0.6666666666666666,1,0,0,1,1,14
824218,2026-03-26,LAA,away,605447,Jordan Romano,1.0,0,0,0,1,1,12
824541,2026-03-26,CIN,home,572955,Pierce Johnson,0.3333333333333333,2,1,1,0,0,9
824541,2026-03-26,CIN,home,683175,Connor Phillips,0.6666666666666666,2,2,2,1,1,16
824541,2026-03-26,CIN,home,668933,Graham Ashcraft,0.6666666666666666,0,0,0,1,1,14
824541,2026-03-26,CIN,home,594580,Sam Moll,1.0,0,0,0,0,1,6
824541,2026-03-26,CIN,home,656271,Brock Burke,0.3333333333333333,1,0,0,0,0,3
824541,2026-03-26,CIN,home,671096,Andrew Abbott,6.0,7,0,0,1,4,83
824541,2026-03-26,BOS,away,676477,Garrett Whitlock,1.0,1,0,0,0,2,18
824541,2026-03-26,BOS,away,676979,Garrett Crochet,6.0,3,0,0,2,8,80
824541,2026-03-26,BOS,away,686580,Justin Slaten,1.0,0,0,0,1,2,17
824541,2026-03-26,BOS,away,547973,Aroldis Chapman,1.0,0,0,0,0,0,11
824704,2026-03-26,CHC,home,571948,Hoby Milner,1.0,1,0,0,0,0,11
824704,2026-03-26,CHC,home,657097,Jacob Webb,1.0,1,2,0,0,2,15
824704,2026-03-26,CHC,home,571510,Matthew Boyd,3.6666666666666665,6,6,6,1,7,63
824704,2026-03-26,CHC,home,676962,Ben Brown,3.3333333333333335,3,2,2,1,3,49
824704,2026-03-26,WSH,away,676571,PJ Poulin,1.0,1,0,0,1,0,24
824704,2026-03-26,WSH,away,690925,Clayton Beeter,1.0,0,0,0,2,1,24
824704,2026-03-26,WSH,away,695418,Brad Lord,2.3333333333333335,4,1,1,0,1,47
824704,2026-03-26,WSH,away,672335,Cionel Pérez,1.0,0,0,0,0,2,12
824704,2026-03-26,WSH,away,676917,Cade Cavalli,3.6666666666666665,3,3,2,3,5,75
824865,2026-03-26,BAL,home,669432,Trevor Rogers,7.0,3,0,0,4,5,88
824865,2026-03-26,BAL,home,669330,Tyler Wells,1.0,1,1,1,0,1,14
824865,2026-03-26,BAL,home,664854,Ryan Helsley,1.0,1,0,0,0,3,19
824865,2026-03-26,MIN,away,623437,Justin Topa,1.0,2,1,1,0,0,18
824865,2026-03-26,MIN,away,573124,Taylor Rogers,1.0,1,0,0,0,1,10
824865,2026-03-26,MIN,away,681892,Kody Funderburk,0.6666666666666666,1,1,1,1,0,17
824865,2026-03-26,MIN,away,657746,Joe Ryan,5.333333333333333,1,0,0,2,7,85
822839,2026-03-27,TOR,home,686973,Louis Varland,1.0,1,0,0,1,1,16
822839,2026-03-27,TOR,home,592332,Kevin Gausman,6.0,1,1,1,0,11,83
822839,2026-03-27,TOR,home,656546,Jeff Hoffman,1.0,1,1,1,0,4,22
822839,2026-03-27,TOR,home,643511,Tyler Rogers,1.0,0,0,0,1,0,13
822839,2026-03-27,OAK,away,622663,Luis Severino,5.0,3,2,2,3,3,84
822839,2026-03-27,OAK,away,686993,Justin Sterner,0.6666666666666666,3,1,1,0,0,15
822839,2026-03-27,OAK,away,605130,Scott Barlow,1.6666666666666665,1,0,0,0,0,15
822839,2026-03-27,OAK,away,663687,Hogan Harris,1.3333333333333333,0,0,0,1,0,17
823162,2026-03-27,SEA,home,666374,Matt Brash,1.0,1,0,0,0,0,17
823162,2026-03-27,SEA,home,669923,George Kirby,6.0,2,1,1,2,6,90
823162,2026-03-27,SEA,home,662253,Andrés Muñoz,1.0,1,0,0,0,2,17
823162,2026-03-27,SEA,home,660825,Eduard Bazardo,1.0,0,0,0,1,1,17
823162,2026-03-27,CLE,away,670059,Colin Holderman,1.0,1,2,2,1,1,27
823162,2026-03-27,CLE,away,688883,Peyton Pallette,2.0,0,0,0,0,2,21
823162,2026-03-27,CLE,away,668909,Gavin Williams,5.0,2,3,3,6,7,89
823243,2026-03-27,SF,home,676254,Ryan Walker,0.3333333333333333,1,0,0,1,1,12
823243,2026-03-27,SF,home,676130,José Buttó,0.6666666666666666,2,1,1,0,2,17
823243,2026-03-27,SF,home,621366,Ryan Borucki,0.6666666666666666,0,0,0,1,0,12
823243,2026-03-27,SF,home,592662,Robbie Ray,5.333333333333333,5,2,2,0,4,89
823243,2026-03-27,SF,home,669062,Erik Miller,1.0,0,0,0,0,0,10
823243,2026-03-27,SF,home,657424,Matt Gage,1.0,0,0,0,1,0,14
823243,2026-03-27,NYY,away,657612,Tim Hill,1.0,0,0,0,0,2,12
823243,2026-03-27,NYY,away,518585,Fernando Cruz,0.6666666666666666,0,0,0,1,0,10
823243,2026-03-27,NYY,away,666808,Camilo Doval,1.0,0,0,0,0,3,12
823243,2026-03-27,NYY,away,670280,David Bednar,1.0,0,0,0,1,0,19
823243,2026-03-27,NYY,away,693645,Cam Schlittler,5.333333333333333,1,0,0,0,8,68
823324,2026-03-27,SD,home,650633,Michael King,5.0,1,1,0,4,6,82
823324,2026-03-27,SD,home,688158,David Morgan,1.0,1,0,0,1,0,12
823324,2026-03-27,SD,home,593974,Wandy Peralta,0.3333333333333333,2,0,0,0,0,17
823324,2026-03-27,SD,home,669093,Jeremiah Estrada,0.6666666666666666,1,4,4,3,2,27
823324,2026-03-27,SD,home,670970,Adrian Morejon,2.0,1,0,0,0,1,23
823324,2026-03-27,DET,away,664285,Framber Valdez,6.0,7,2,1,1,5,83
823324,2026-03-27,DET,away,640448,Kyle Finnegan,1.0,0,0,0,1,2,20
823324,2026-03-27,DET,away,445276,Kenley Jansen,1.0,0,0,0,0,3,11
823324,2026-03-27,DET,away,646241,Enmanuel De Jesus,1.0,1,0,0,0,2,13
823893,2026-03-27,MIA,home,664126,Pete Fairbanks,1.0,1,0,0,0,1,12
823893,2026-03-27,MIA,home,645261,Sandy Alcantara,7.0,4,1,0,2,5,73
823893,2026-03-27,MIA,home,669622,Anthony Bender,0.3333333333333333,1,0,0,0,1,12
823893,2026-03-27,MIA,home,677053,Andrew Nardi,0.6666666666666666,1,0,0,0,2,11
823893,2026-03-27,COL,away,623474,Jimmy Herget,1.3333333333333333,2,0,0,0,1,20
823893,2026-03-27,COL,away,607536,Kyle Freeland,4.333333333333333,5,2,2,2,2,81
823893,2026-03-27,COL,away,657514,Brennan Bernardino,0.3333333333333333,0,0,0,0,0,2
823893,2026-03-27,COL,away,675848,Juan Mejia,2.0,1,0,0,0,1,22
823971,2026-03-27,LAD,home,676508,Ben Casparius,0.6666666666666666,1,0,0,1,1,24
823971,2026-03-27,LAD,home,681911,Alex Vesia,1.0,1,0,0,0,0,16
823971,2026-03-27,LAD,home,683618,Edgardo Henriquez,1.0,0,0,0,0,1,13
823971,2026-03-27,LAD,home,656945,Tanner Scott,0.3333333333333333,0,0,0,0,1,6
823971,2026-03-27,LAD,home,621242,Edwin Díaz,1.0,0,0,0,1,2,17
823971,2026-03-27,LAD,home,686218,Emmet Sheehan,3.3333333333333335,5,4,4,2,6,83
823971,2026-03-27,LAD,home,676263,Jack Dreyer,1.6666666666666665,1,0,0,0,1,26
823971,2026-03-27,ARI,away,656464,Kevin Ginkel,1.0,2,1,1,0,0,21
823971,2026-03-27,ARI,away,642528,Jonathan Loáisiga,1.3333333333333333,0,0,0,0,1,14
823971,2026-03-27,ARI,away,669194,Ryne Nelson,4.666666666666667,2,4,4,3,4,83
823971,2026-03-27,ARI,away,657044,Ryan Thompson,1.0,0,0,0,0,0,7
824216,2026-03-27,HOU,home,680802,Ryan Weiss,1.0,2,1,1,1,2,22
824216,2026-03-27,HOU,home,595345,Steven Okert,1.6666666666666665,0,0,0,0,3,20
824216,2026-03-27,HOU,home,681347,Mike Burrows,5.666666666666667,9,5,5,2,6,94
824216,2026-03-27,HOU,home,682610,Roddery Muñoz,0.6666666666666666,0,0,0,3,0,26
824216,2026-03-27,LAA,away,681217,Chase Silseth,0.6666666666666666,0,0,0,0,0,10
824216,2026-03-27,LAA,away,696147,Sam Bachman,1.0,0,0,0,2,3,27
824216,2026-03-27,LAA,away,666171,Ryan Zeferjahn,2.0,0,0,0,0,2,23
824216,2026-03-27,LAA,away,579328,Yusei Kikuchi,4.333333333333333,8,2,2,1,3,86
824216,2026-03-27,LAA,away,605447,Jordan Romano,1.0,0,0,0,0,2,13
824946,2026-03-27,ATL,home,669276,Dylan Lee,1.0,0,0,0,0,0,9
824946,2026-03-27,ATL,home,663158,Robert Suarez,1.0,2,0,0,0,1,17
824946,2026-03-27,ATL,home,519242,Chris Sale,6.0,3,0,0,3,6,88
824946,2026-03-27,ATL,home,641755,Tyler Kinley,1.0,0,0,0,0,1,13
824946,2026-03-27,KC,away,666142,Cole Ragans,4.0,6,4,4,4,5,90
824946,2026-03-27,KC,away,663559,Bailey Falter,3.0,5,2,2,0,4,48
824946,2026-03-27,KC,away,656638,Alex Lange,1.0,0,0,0,0,1,11
822838,2026-03-28,TOR,home,693686,Spencer Miles,1.0,0,0,0,1,1,16
822838,2026-03-28,TOR,home,667297,Tommy Nance,1.3333333333333333,0,0,0,0,1,11
822838,2026-03-28,TOR,home,686973,Louis Varland,1.0,1,1,0,1,1,14
822838,2026-03-28,TOR,home,663893,Brendon Little,0.6666666666666666,2,3,3,1,2,23
822838,2026-03-28,TOR,home,656302,Dylan Cease,5.333333333333333,3,1,1,2,12,90
822838,2026-03-28,TOR,home,689254,Mason Fluharty,0.0,2,2,2,0,0,9
822838,2026-03-28,TOR,home,680755,Braydon Fisher,0.6666666666666666,0,0,0,0,0,4
822838,2026-03-28,TOR,home,643511,Tyler Rogers,1.0,0,0,0,0,2,7
822838,2026-03-28,OAK,away,605130,Scott Barlow,1.0,1,1,0,1,1,14
822838,2026-03-28,OAK,away,547184,Michael Kelly,1.3333333333333333,2,1,1,0,1,15
822838,2026-03-28,OAK,away,665660,Elvis Alvarado,1.0,1,2,2,2,2,26
822838,2026-03-28,OAK,away,663687,Hogan Harris,0.6666666666666666,2,0,0,1,0,19
822838,2026-03-28,OAK,away,665622,Luis Medina,0.3333333333333333,1,1,0,1,1,10
822838,2026-03-28,OAK,away,643410,Mark Leiter Jr.,0.6666666666666666,2,1,1,0,0,17
822838,2026-03-28,OAK,away,605488,Jeffrey Springs,5.333333333333333,5,2,2,3,2,83
823082,2026-03-28,STL,home,700241,Michael McGreevy,6.0,0,0,0,2,5,96
823082,2026-03-28,STL,home,694335,Matt Svanson,0.6666666666666666,2,3,3,1,0,20
823082,2026-03-28,STL,home,668941,JoJo Romero,1.0,0,0,0,0,1,17
823082,2026-03-28,STL,home,676617,Riley O'Brien,1.0,2,0,0,0,0,9
823082,2026-03-28,STL,home,592773,Ryne Stanek,1.3333333333333333,3,2,1,0,2,27
823082,2026-03-28,TB,away,642121,Cole Sulser,2.0,2,2,1,1,2,41
823082,2026-03-28,TB,away,643377,Griffin Jax,0.3333333333333333,1,2,1,1,0,9
823082,2026-03-28,TB,away,641329,Bryan Baker,1.0,0,0,0,0,2,13
823082,2026-03-28,TB,away,671212,Joe Boyle,6.0,3,2,2,0,4,75
823161,2026-03-28,SEA,home,668984,Casey Legumina,1.0,1,0,0,0,1,23
823161,2026-03-28,SEA,home,677961,Cole Wilcox,1.0,0,0,0,0,1,10
823161,2026-03-28,SEA,home,693433,Bryan Woo,6.0,4,2,2,1,9,83
823161,2026-03-28,SEA,home,662253,Andrés Muñoz,1.0,2,3,2,0,1,20
823161,2026-03-28,SEA,home,642100,Gabe Speier,0.3333333333333333,0,0,0,0,0,3
823161,2026-03-28,SEA,home,660825,Eduard Bazardo,0.6666666666666666,1,1,1,2,1,24
823161,2026-03-28,CLE,away,542888,Shawn Armstrong,1.3333333333333333,0,0,0,1,1,19
823161,2026-03-28,CLE,away,641401,Connor Brogdon,1.0,1,2,1,0,2,17
823161,2026-03-28,CLE,away,670036,Matt Festa,1.6666666666666665,0,0,0,0,1,14
823161,2026-03-28,CLE,away,671922,Cade Smith,1.0,2,1,1,1,2,28
823161,2026-03-28,CLE,away,676282,Joey Cantillo,3.6666666666666665,4,2,2,3,5,91
823161,2026-03-28,CLE,away,681870,Erik Sabrowski,0.6666666666666666,0,0,0,2,1,20
823161,2026-03-28,CLE,away,682120,Tim Herrin,0.6666666666666666,2,0,0,0,0,19
823241,2026-03-28,SF,home,664141,JT Brubaker,0.3333333333333333,0,0,0,0,0,2
823241,2026-03-28,SF,home,641816,Tyler Mahle,4.0,5,2,2,1,5,80
823241,2026-03-28,SF,home,676254,Ryan Walker,1.0,0,0,0,0,1,15
823241,2026-03-28,SF,home,676775,Keaton Winn,1.0,0,0,0,0,1,9
823241,2026-03-28,SF,home,621366,Ryan Borucki,1.0,1,1,1,0,1,15
823241,2026-03-28,SF,home,669062,Erik Miller,0.6666666666666666,1,0,0,1,1,20
823241,2026-03-28,SF,home,657424,Matt Gage,1.0,0,0,0,0,1,8
823241,2026-03-28,NYY,away,657612,Tim Hill,1.3333333333333333,1,0,0,0,1,11
823241,2026-03-28,NYY,away,687396,Brent Headrick,0.6666666666666666,1,0,0,0,1,14
823241,2026-03-28,NYY,away,701542,Will Warren,4.333333333333333,5,1,1,2,3,83
823241,2026-03-28,NYY,away,656234,Jake Bird,1.6666666666666665,1,0,0,0,2,18
823241,2026-03-28,NYY,away,670280,David Bednar,1.0,1,0,0,1,1,20
823323,2026-03-28,SD,home,695243,Mason Miller,1.0,0,0,0,1,2,18
823323,2026-03-28,SD,home,606996,Kyle Hart,2.0,0,0,0,0,3,23
823323,2026-03-28,SD,home,681190,Randy Vásquez,6.0,2,0,0,3,8,91
823323,2026-03-28,DET,away,676428,Brant Hurter,1.0,2,0,0,0,1,12
823323,2026-03-28,DET,away,656427,Jack Flaherty,4.333333333333333,4,3,2,4,2,89
823323,2026-03-28,DET,away,657756,Connor Seabold,2.3333333333333335,1,0,0,0,3,50
823323,2026-03-28,DET,away,676684,Will Vest,0.3333333333333333,0,0,0,0,0,4
823488,2026-03-28,PHI,home,621237,José Alvarado,1.0,1,0,0,0,2,18
823488,2026-03-28,PHI,home,661395,Jhoan Duran,1.0,2,2,1,0,2,22
823488,2026-03-28,PHI,home,641835,Tim Mayza,2.0,1,0,0,1,2,32
823488,2026-03-28,PHI,home,621383,Tanner Banks,1.0,1,0,0,0,0,10
823488,2026-03-28,PHI,home,605400,Aaron Nola,5.0,5,3,3,2,7,91
823488,2026-03-28,TEX,away,641302,Tyler Alexander,1.0,1,1,0,0,1,21
823488,2026-03-28,TEX,away,656641,Jacob Latz,4.0,0,0,0,1,3,68
823488,2026-03-28,TEX,away,656222,Jalen Beeks,1.0,0,0,0,0,1,7
823488,2026-03-28,TEX,away,676395,Robert Garcia,0.6666666666666666,1,2,0,1,1,18
823488,2026-03-28,TEX,away,596001,Jakob Junis,2.0,0,0,0,0,2,23
823488,2026-03-28,TEX,away,668390,Cole Winn,1.0,1,0,0,1,2,19
823488,2026-03-28,TEX,away,455119,Chris Martin,0.3333333333333333,2,1,0,0,1,12
823651,2026-03-28,NYM,home,623211,Huascar Brazobán,0.6666666666666666,0,0,0,0,1,4
823651,2026-03-28,NYM,home,663992,Richard Lovelady,1.0,2,1,0,0,1,21
823651,2026-03-28,NYM,home,596133,Luke Weaver,1.0,1,0,0,0,0,16
823651,2026-03-28,NYM,home,642207,Devin Williams,1.0,1,0,0,1,2,19
823651,2026-03-28,NYM,home,656849,David Peterson,5.333333333333333,6,0,0,2,3,76
823651,2026-03-28,NYM,home,548384,Brooks Raley,1.0,0,0,0,0,2,11
823651,2026-03-28,NYM,home,472610,Luis García,1.0,2,1,0,1,0,19
823651,2026-03-28,PIT,away,642397,Gregory Soto,1.3333333333333333,0,0,0,1,3,27
823651,2026-03-28,PIT,away,656605,Mitch Keller,6.0,3,0,0,0,3,77
823651,2026-03-28,PIT,away,642701,Dennis Santana,1.0,0,0,0,1,0,18
823651,2026-03-28,PIT,away,664875,Justin Lawrence,0.6666666666666666,0,0,0,2,2,23
823651,2026-03-28,PIT,away,682995,Hunter Barco,1.0,3,4,2,1,0,24
823811,2026-03-28,MIL,home,694477,Chad Patrick,4.333333333333333,5,1,1,1,4,74
823811,2026-03-28,MIL,home,682842,Abner Uribe,1.0,0,0,0,0,2,14
823811,2026-03-28,MIL,home,676879,Aaron Ashby,1.6666666666666665,0,0,0,2,4,33
823811,2026-03-28,MIL,home,669084,DL Hall,1.0,0,0,0,1,1,18
823811,2026-03-28,MIL,home,672582,Angel Zerpa,1.0,2,0,0,0,0,17
823811,2026-03-28,CWS,away,699151,Jedixson Paez,0.3333333333333333,0,0,0,0,0,1
823811,2026-03-28,CWS,away,691799,Grant Taylor,1.0,2,1,1,1,1,26
823811,2026-03-28,CWS,away,622554,Seranthony Domínguez,1.0,1,0,0,0,0,13
823811,2026-03-28,CWS,away,669684,Chris Murphy,1.0,0,0,0,1,1,15
823811,2026-03-28,CWS,away,680732,Sean Burke,4.0,7,4,3,1,5,91
823811,2026-03-28,CWS,away,663542,Bryan Hudson,0.6666666666666666,2,1,1,2,2,33
823892,2026-03-28,MIA,home,664126,Pete Fairbanks,1.0,0,0,0,0,1,9
823892,2026-03-28,MIA,home,676534,Calvin Faucher,1.0,1,0,0,0,1,12
823892,2026-03-28,MIA,home,691587,Eury Pérez,7.0,5,3,3,1,8,93
823892,2026-03-28,COL,away,657514,Brennan Bernardino,0.6666666666666666,1,0,0,0,0,12
823892,2026-03-28,COL,away,688642,Zach Agnos,1.3333333333333333,0,0,0,1,2,30
823892,2026-03-28,COL,away,547179,Michael Lorenzen,4.333333333333333,7,3,3,0,4,93
823892,2026-03-28,COL,away,677955,Jaden Hill,1.6666666666666665,2,1,1,0,1,23
823973,2026-03-28,LAD,home,607192,Tyler Glasnow,6.0,4,2,2,1,6,90
823973,2026-03-28,LAD,home,681911,Alex Vesia,1.0,0,0,0,0,0,12
823973,2026-03-28,LAD,home,694361,Will Klein,1.0,1,0,0,0,1,15
823973,2026-03-28,LAD,home,621242,Edwin Díaz,1.0,0,0,0,0,0,10
823973,2026-03-28,ARI,away,593958,Eduardo Rodriguez,5.0,4,1,0,2,5,79
823973,2026-03-28,ARI,away,666661,Juan Morillo,0.6666666666666666,1,2,2,1,0,22
823973,2026-03-28,ARI,away,605452,Joe Ross,1.0,0,0,0,0,0,14
823973,2026-03-28,ARI,away,642528,Jonathan Loáisiga,1.0,1,0,0,0,1,18
823973,2026-03-28,ARI,away,623149,Paul Sewald,0.3333333333333333,0,0,0,0,0,5
824213,2026-03-28,HOU,home,650556,Bryan Abreu,1.0,1,3,3,2,3,26
824213,2026-03-28,HOU,home,678906,Kai-Wei Teng,2.3333333333333335,1,0,0,1,2,39
824213,2026-03-28,HOU,home,664299,Cristian Javier,4.666666666666667,4,6,6,4,1,74
824213,2026-03-28,HOU,home,687911,Bryan King,1.0,0,0,0,1,2,17
824213,2026-03-28,LAA,away,664192,Joey Lucchesi,0.3333333333333333,3,2,2,2,0,25
824213,2026-03-28,LAA,away,700712,Walbert Ureña,1.0,4,6,0,2,1,48
824213,2026-03-28,LAA,away,672282,Reid Detmers,4.666666666666667,6,3,3,0,9,95
824213,2026-03-28,LAA,away,608718,Brent Suter,2.0,0,0,0,1,2,24
824540,2026-03-28,CIN,home,572955,Pierce Johnson,0.6666666666666666,1,0,0,0,0,7
824540,2026-03-28,CIN,home,641941,Emilio Pagán,1.3333333333333333,1,1,1,0,2,22
824540,2026-03-28,CIN,home,663574,Tony Santillan,1.0,0,0,0,2,3,25
824540,2026-03-28,CIN,home,663903,Brady Singer,4.0,5,3,3,2,5,74
824540,2026-03-28,CIN,home,683175,Connor Phillips,2.0,0,0,0,0,3,23
824540,2026-03-28,CIN,home,668933,Graham Ashcraft,1.0,1,1,1,1,2,19
824540,2026-03-28,CIN,home,594580,Sam Moll,1.0,0,0,0,0,0,15
824540,2026-03-28,BOS,away,669711,Greg Weissert,1.0,2,1,1,1,2,27
824540,2026-03-28,BOS,away,676477,Garrett Whitlock,1.0,0,0,0,0,1,6
824540,2026-03-28,BOS,away,543243,Sonny Gray,4.0,6,4,3,1,5,80
824540,2026-03-28,BOS,away,686580,Justin Slaten,0.3333333333333333,1,1,0,1,1,11
824540,2026-03-28,BOS,away,543056,Danny Coulombe,0.6666666666666666,1,0,0,1,1,14
824540,2026-03-28,BOS,away,547973,Aroldis Chapman,1.0,0,0,0,0,1,9
824540,2026-03-28,BOS,away,670245,Ryan Watson,2.3333333333333335,0,0,0,3,1,51
824701,2026-03-28,CHC,home,690990,Cade Horton,6.333333333333333,4,2,2,1,4,75
824701,2026-03-28,CHC,home,573204,Caleb Thielbar,1.0,0,0,0,1,1,16
824701,2026-03-28,CHC,home,657097,Jacob Webb,1.0,0,0,0,2,0,16
824701,2026-03-28,CHC,home,664208,Phil Maton,0.6666666666666666,0,0,0,0,1,9
824701,2026-03-28,WSH,away,701552,Andre Granillo,0.6666666666666666,1,2,2,1,0,18
824701,2026-03-28,WSH,away,571945,Miles Mikolas,5.0,6,6,4,3,4,97
824701,2026-03-28,WSH,away,686610,Ken Waldichuk,1.3333333333333333,3,2,2,2,2,32
824701,2026-03-28,WSH,away,669371,Cole Henry,1.0,0,0,0,0,1,11
824862,2026-03-28,BAL,home,680694,Kyle Bradish,4.666666666666667,2,3,2,3,4,83
824862,2026-03-28,BAL,home,682274,Yaramil Hiraldo,0.3333333333333333,0,0,0,0,1,3
824862,2026-03-28,BAL,home,689296,Anthony Nunez,2.0,0,0,0,0,3,22
824862,2026-03-28,BAL,home,666974,Yennier Cano,0.3333333333333333,1,0,0,0,1,8
824862,2026-03-28,BAL,home,608650,Dietrich Enns,1.6666666666666665,1,1,1,1,1,33
824862,2026-03-28,MIN,away,671737,Taj Bradley,4.333333333333333,3,1,1,3,9,92
824862,2026-03-28,MIN,away,623437,Justin Topa,1.0,0,0,0,0,1,12
824862,2026-03-28,MIN,away,607455,Anthony Banda,0.6666666666666666,0,0,0,1,2,15
824862,2026-03-28,MIN,away,663485,Cole Sands,1.0,0,0,0,1,2,16
824862,2026-03-28,MIN,away,681892,Kody Funderburk,0.6666666666666666,2,0,0,0,2,13
824862,2026-03-28,MIN,away,679358,Eric Orze,1.3333333333333333,0,0,0,1,0,21
824945,2026-03-28,ATL,home,669276,Dylan Lee,1.0,1,0,0,0,2,18
824945,2026-03-28,ATL,home,606303,Joel Payamps,0.3333333333333333,1,1,0,1,0,15
824945,2026-03-28,ATL,home,674370,Osvaldo Bido,1.0,0,0,0,0,3,16
824945,2026-03-28,ATL,home,607481,Aaron Bummer,0.6666666666666666,0,0,0,0,0,12
824945,2026-03-28,ATL,home,625643,Reynaldo López,6.0,3,1,1,2,3,77
824945,2026-03-28,KC,away,668674,Lucas Erceg,1.0,1,0,0,1,0,12
824945,2026-03-28,KC,away,621381,Matt Strahm,1.0,1,0,0,0,1,13
824945,2026-03-28,KC,away,608032,Carlos Estévez,0.3333333333333333,4,6,6,2,0,27
824945,2026-03-28,KC,away,608379,Michael Wacha,6.0,3,0,0,1,7,80
822837,2026-03-29,TOR,home,667297,Tommy Nance,0.6666666666666666,1,0,0,0,1,9
822837,2026-03-29,TOR,home,641778,Eric Lauer,5.333333333333333,3,2,2,1,9,87
822837,2026-03-29,TOR,home,656546,Jeff Hoffman,1.0,1,0,0,0,2,10
822837,2026-03-29,TOR,home,689254,Mason Fluharty,0.3333333333333333,0,0,0,0,1,5
822837,2026-03-29,TOR,home,680755,Braydon Fisher,1.6666666666666665,0,0,0,0,2,22
822837,2026-03-29,OAK,away,669372,J.T. Ginn,3.6666666666666665,1,0,0,1,2,45
822837,2026-03-29,OAK,away,806960,Luis Morales,4.333333333333333,5,5,5,2,5,71
823079,2026-03-29,STL,home,690155,Matt Pushard,1.0,3,3,3,1,1,31
823079,2026-03-29,STL,home,688297,Chris Roycroft,1.0,3,2,2,1,0,29
823079,2026-03-29,STL,home,677865,Justin Bruihl,2.0,1,0,0,1,2,29
823079,2026-03-29,STL,home,666277,George Soriano,1.0,0,0,0,0,0,12
823079,2026-03-29,STL,home,669160,Dustin May,4.0,10,6,6,1,3,61
823079,2026-03-29,TB,away,571927,Steven Matz,5.0,6,4,4,1,2,81
823079,2026-03-29,TB,away,669438,Mason Englert,1.0,3,3,3,0,1,24
823079,2026-03-29,TB,away,664076,Garrett Cleavinger,1.0,1,0,0,2,1,23
823079,2026-03-29,TB,away,687330,Kevin Kelly,1.0,1,0,0,0,1,10
823079,2026-03-29,TB,away,641329,Bryan Baker,1.0,0,0,0,0,0,10
823160,2026-03-29,SEA,home,681867,Cooper Criswell,3.0,2,0,0,0,5,44
823160,2026-03-29,SEA,home,676106,Emerson Hancock,6.0,0,0,0,1,9,97
823160,2026-03-29,CLE,away,677944,Slade Cecconi,4.333333333333333,6,6,6,3,5,93
823160,2026-03-29,CLE,away,670059,Colin Holderman,2.0,1,1,0,1,2,35
823160,2026-03-29,CLE,away,688883,Peyton Pallette,1.6666666666666665,2,1,1,1,1,38
823487,2026-03-29,PHI,home,666200,Jesús Luzardo,6.0,6,6,6,1,7,99
823487,2026-03-29,PHI,home,647315,Zach Pop,1.0,1,2,2,1,1,25
823487,2026-03-29,PHI,home,641745,Brad Keller,1.0,0,0,0,0,1,16
823487,2026-03-29,PHI,home,679775,Kyle Backhus,1.0,1,0,0,1,1,21
823487,2026-03-29,TEX,away,676395,Robert Garcia,1.0,0,0,0,1,1,14
823487,2026-03-29,TEX,away,669022,MacKenzie Gore,5.333333333333333,2,2,2,3,7,90
823487,2026-03-29,TEX,away,691945,Carter Baumler,1.6666666666666665,1,1,1,4,2,43
823487,2026-03-29,TEX,away,668390,Cole Winn,0.6666666666666666,0,0,0,0,0,11
823487,2026-03-29,TEX,away,455119,Chris Martin,0.3333333333333333,0,0,0,0,0,3
823647,2026-03-29,NYM,home,640455,Sean Manaea,1.3333333333333333,1,0,0,2,2,29
823647,2026-03-29,NYM,home,623211,Huascar Brazobán,1.6666666666666665,0,0,0,0,0,14
823647,2026-03-29,NYM,home,663992,Richard Lovelady,1.0,2,2,1,2,1,26
823647,2026-03-29,NYM,home,596133,Luke Weaver,1.0,0,0,0,2,1,22
823647,2026-03-29,NYM,home,690997,Nolan McLean,5.0,4,2,2,2,8,84
823647,2026-03-29,PIT,away,682254,Mason Montgomery,1.0,2,0,0,0,3,20
823647,2026-03-29,PIT,away,670990,Yohan Ramírez,1.6666666666666665,0,0,0,1,2,22
823647,2026-03-29,PIT,away,676755,Isaac Mattson,1.0,0,0,0,0,2,13
823647,2026-03-29,PIT,away,669387,Carmen Mlodzinski,4.333333333333333,6,2,2,0,8,85
823647,2026-03-29,PIT,away,642701,Dennis Santana,1.0,0,0,0,0,1,13
823647,2026-03-29,PIT,away,664353,José Urquidy,1.0,1,1,0,1,0,11
823810,2026-03-29,MIL,home,681982,Grant Anderson,2.0,1,0,0,1,3,31
823810,2026-03-29,MIL,home,687075,Brandon Sproat,3.0,6,7,7,4,3,86
823810,2026-03-29,MIL,home,663765,Jake Woodford,2.0,1,0,0,0,1,22
823810,2026-03-29,MIL,home,657649,Jared Koenig,1.0,0,0,0,0,3,13
823810,2026-03-29,MIL,home,656730,Trevor Megill,1.0,1,0,0,0,2,15
823810,2026-03-29,CWS,away,641743,Anthony Kay,4.666666666666667,3,2,2,4,5,92
823810,2026-03-29,CWS,away,691799,Grant Taylor,1.0,1,0,0,1,3,24
823810,2026-03-29,CWS,away,622554,Seranthony Domínguez,0.3333333333333333,2,2,2,1,0,19
823810,2026-03-29,CWS,away,669684,Chris Murphy,0.3333333333333333,3,4,4,1,1,17
823810,2026-03-29,CWS,away,673929,Jordan Leasure,1.3333333333333333,2,1,1,0,2,26
823810,2026-03-29,CWS,away,663855,Jordan Hicks,0.3333333333333333,0,0,0,0,1,3
823891,2026-03-29,MIA,home,663969,Tyler Phillips,2.0,1,0,0,0,2,22
823891,2026-03-29,MIA,home,676974,Max Meyer,5.0,5,3,3,2,5,81
823891,2026-03-29,MIA,home,667463,John King,1.0,0,0,0,0,2,14
823891,2026-03-29,MIA,home,656848,Michael Petersen,1.0,0,0,0,0,2,11
823891,2026-03-29,COL,away,680767,Victor Vodnik,1.0,3,2,2,0,1,11
823891,2026-03-29,COL,away,623474,Jimmy Herget,0.6666666666666666,0,0,0,0,2,8
823891,2026-03-29,COL,away,500779,Jose Quintana,4.333333333333333,4,2,2,4,2,78
823891,2026-03-29,COL,away,622608,Antonio Senzatela,2.6666666666666665,1,0,0,1,3,43
824215,2026-03-29,HOU,home,650556,Bryan Abreu,0.3333333333333333,0,1,1,2,0,14
824215,2026-03-29,HOU,home,685005,Christian Roa,0.3333333333333333,0,0,0,0,1,3
824215,2026-03-29,HOU,home,595345,Steven Okert,1.0,0,0,0,1,0,15
824215,2026-03-29,HOU,home,805123,AJ Blubaugh,2.0,0,0,0,0,2,23
824215,2026-03-29,HOU,home,837227,Tatsuya Imai,2.6666666666666665,3,4,4,4,4,74
824215,2026-03-29,HOU,home,687911,Bryan King,0.6666666666666666,1,0,0,0,2,18
824215,2026-03-29,HOU,home,682610,Roddery Muñoz,2.0,3,2,2,1,4,47
824215,2026-03-29,LAA,away,681217,Chase Silseth,1.0,1,0,0,0,1,14
824215,2026-03-29,LAA,away,686799,Jack Kochanowicz,4.0,4,6,5,5,3,94
824215,2026-03-29,LAA,away,519141,Drew Pomeranz,1.0,2,3,3,2,0,17
824215,2026-03-29,LAA,away,696147,Sam Bachman,2.0,0,0,0,2,2,34
824538,2026-03-29,CIN,home,572955,Pierce Johnson,0.6666666666666666,1,0,0,0,0,13
824538,2026-03-29,CIN,home,641941,Emilio Pagán,1.0,1,0,0,1,0,12
824538,2026-03-29,CIN,home,663574,Tony Santillan,1.0,1,0,0,2,2,27
824538,2026-03-29,CIN,home,695076,Rhett Lowder,5.0,3,2,2,2,5,86
824538,2026-03-29,CIN,home,656271,Brock Burke,1.3333333333333333,1,0,0,1,0,27
824538,2026-03-29,BOS,away,813349,Connelly Early,5.333333333333333,5,1,1,2,6,96
824538,2026-03-29,BOS,away,669711,Greg Weissert,0.6666666666666666,1,2,2,1,1,15
824538,2026-03-29,BOS,away,663558,Jovani Morán,2.0,1,0,0,1,2,25
824700,2026-03-29,CHC,home,694037,Daniel Palencia,1.0,2,0,0,0,1,16
824700,2026-03-29,CHC,home,571948,Hoby Milner,1.0,2,2,2,0,0,17
824700,2026-03-29,CHC,home,640451,Hunter Harvey,1.0,1,0,0,0,0,10
824700,2026-03-29,CHC,home,684007,Shota Imanaga,5.0,6,4,4,2,7,82
824700,2026-03-29,CHC,home,664208,Phil Maton,1.0,0,0,0,1,1,23
824700,2026-03-29,WSH,away,676571,PJ Poulin,0.6666666666666666,0,0,0,1,1,14
824700,2026-03-29,WSH,away,690925,Clayton Beeter,1.0,0,0,0,0,0,6
824700,2026-03-29,WSH,away,672335,Cionel Pérez,1.0,1,1,1,0,1,11
824700,2026-03-29,WSH,away,663623,Jake Irvin,5.0,3,2,2,1,7,93
824700,2026-03-29,WSH,away,681402,Gus Varland,1.3333333333333333,0,0,0,0,1,9
824864,2026-03-29,BAL,home,669330,Tyler Wells,0.6666666666666666,2,1,1,2,2,27
824864,2026-03-29,BAL,home,670329,Rico Garcia,0.3333333333333333,0,0,0,0,1,8
824864,2026-03-29,BAL,home,669358,Shane Baz,5.333333333333333,7,4,4,0,4,78
824864,2026-03-29,BAL,home,682274,Yaramil Hiraldo,0.3333333333333333,1,1,1,3,1,20
824864,2026-03-29,BAL,home,664854,Ryan Helsley,1.0,1,0,0,0,1,20
824864,2026-03-29,BAL,home,664991,Grant Wolfram,1.0,1,0,0,0,2,19
824864,2026-03-29,BAL,home,666974,Yennier Cano,0.3333333333333333,0,0,0,0,1,9
824864,2026-03-29,MIN,away,607455,Anthony Banda,0.6666666666666666,0,0,0,0,0,3
824864,2026-03-29,MIN,away,641927,Bailey Ober,4.0,4,3,3,1,1,56
824864,2026-03-29,MIN,away,690953,Mick Abel,3.3333333333333335,8,5,5,4,4,81
824944,2026-03-29,ATL,home,800311,Didier Fuentes,4.0,2,1,1,1,4,56
824944,2026-03-29,ATL,home,656550,Grant Holmes,5.0,5,3,3,2,4,76
824944,2026-03-29,KC,away,668674,Lucas Erceg,1.0,1,0,0,0,1,12
824944,2026-03-29,KC,away,621381,Matt Strahm,0.6666666666666666,0,0,0,0,0,4
824944,2026-03-29,KC,away,607625,Seth Lugo,6.333333333333333,5,0,0,0,3,77
824944,2026-03-29,KC,away,670167,John Schreiber,1.0,1,1,1,0,1,23
822834,2026-03-30,TOR,home,693686,Spencer Miles,1.6666666666666665,3,3,3,1,2,41
822834,2026-03-30,TOR,home,686973,Louis Varland,1.3333333333333333,2,1,0,0,3,30
822834,2026-03-30,TOR,home,663893,Brendon Little,0.6666666666666666,4,4,4,1,1,30
822834,2026-03-30,TOR,home,664074,Cody Ponce,2.3333333333333335,1,1,1,1,3,47
822834,2026-03-30,TOR,home,623168,Tyler Heineman,2.0,7,5,5,1,0,27
822834,2026-03-30,TOR,home,643511,Tyler Rogers,1.0,0,0,0,0,1,10
822834,2026-03-30,COL,away,801403,Chase Dollander,4.0,5,4,4,2,5,74
822834,2026-03-30,COL,away,608372,Tomoyuki Sugano,4.666666666666667,2,1,1,2,4,72
822834,2026-03-30,COL,away,677955,Jaden Hill,0.3333333333333333,0,0,0,0,0,1
823080,2026-03-30,STL,home,694335,Matt Svanson,2.0,1,0,0,2,3,36
823080,2026-03-30,STL,home,681517,Kyle Leahy,5.0,8,4,4,2,1,79
823080,2026-03-30,STL,home,666277,George Soriano,2.0,1,0,0,1,0,21
823080,2026-03-30,NYM,away,668964,Tobias Myers,1.3333333333333333,0,0,0,0,3,14
823080,2026-03-30,NYM,away,642207,Devin Williams,1.0,0,0,0,0,1,12
823080,2026-03-30,NYM,away,605280,Clay Holmes,5.666666666666667,4,2,2,3,5,90
823080,2026-03-30,NYM,away,548384,Brooks Raley,1.0,1,0,0,0,0,17
823159,2026-03-30,SEA,home,678606,José A. Ferrer,0.3333333333333333,1,1,0,0,0,15
823159,2026-03-30,SEA,home,666374,Matt Brash,1.0,1,0,0,0,1,17
823159,2026-03-30,SEA,home,622491,Luis Castillo,6.0,3,0,0,2,7,95
823159,2026-03-30,SEA,home,642100,Gabe Speier,1.0,1,0,0,0,2,16
823159,2026-03-30,SEA,home,660825,Eduard Bazardo,0.6666666666666666,0,0,0,0,0,6
823159,2026-03-30,NYY,away,621112,Paul Blackburn,1.3333333333333333,3,1,1,1,0,22
823159,2026-03-30,NYY,away,677960,Ryan Weathers,4.333333333333333,4,1,1,2,7,77
823159,2026-03-30,NYY,away,687396,Brent Headrick,0.6666666666666666,2,0,0,0,2,16
823159,2026-03-30,NYY,away,518585,Fernando Cruz,0.6666666666666666,0,0,0,0,2,11
823159,2026-03-30,NYY,away,656234,Jake Bird,1.0,0,0,0,0,0,14
823159,2026-03-30,NYY,away,666808,Camilo Doval,0.3333333333333333,0,0,0,0,0,2
823320,2026-03-30,SD,home,688158,David Morgan,2.0,1,0,0,1,2,20
823320,2026-03-30,SD,home,593974,Wandy Peralta,1.0,0,0,0,0,0,14
823320,2026-03-30,SD,home,621111,Walker Buehler,4.0,5,3,3,2,3,72
823320,2026-03-30,SD,home,676760,Ron Marinaccio,2.0,0,0,0,0,2,29
823320,2026-03-30,SF,away,676254,Ryan Walker,1.0,1,2,2,1,1,22
823320,2026-03-30,SF,away,676775,Keaton Winn,1.0,0,0,0,0,3,13
823320,2026-03-30,SF,away,694738,Landen Roupp,6.0,2,0,0,2,7,88
823320,2026-03-30,SF,away,657424,Matt Gage,1.0,0,0,0,0,0,15
823484,2026-03-30,PHI,home,621237,José Alvarado,0.3333333333333333,3,4,4,2,1,29
823484,2026-03-30,PHI,home,680742,Jonathan Bowlan,1.3333333333333333,3,2,2,0,1,26
823484,2026-03-30,PHI,home,641835,Tim Mayza,2.0,0,0,0,0,2,23
823484,2026-03-30,PHI,home,592836,Taijuan Walker,4.666666666666667,10,7,6,3,2,99
823484,2026-03-30,PHI,home,664238,Dylan Moore,0.6666666666666666,1,0,0,0,0,8
823484,2026-03-30,WSH,away,669371,Cole Henry,1.0,1,0,0,1,1,18
823484,2026-03-30,WSH,away,695418,Brad Lord,3.0,1,0,0,1,3,51
823484,2026-03-30,WSH,away,656492,Foster Griffin,5.0,5,2,2,0,5,86
823809,2026-03-30,MIL,home,690986,Kyle Harrison,5.0,4,1,1,1,8,87
823809,2026-03-30,MIL,home,676879,Aaron Ashby,2.0,2,1,1,0,3,24
823809,2026-03-30,MIL,home,672582,Angel Zerpa,1.0,0,0,0,0,2,10
823809,2026-03-30,MIL,home,656730,Trevor Megill,1.0,1,1,1,1,1,20
823809,2026-03-30,TB,away,607259,Nick Martinez,6.0,6,2,2,0,3,88
823809,2026-03-30,TB,away,693855,Ian Seymour,0.6666666666666666,0,0,0,0,1,8
823809,2026-03-30,TB,away,664076,Garrett Cleavinger,1.0,0,0,0,2,2,16
823809,2026-03-30,TB,away,687330,Kevin Kelly,0.3333333333333333,0,0,0,0,0,5
823809,2026-03-30,TB,away,643377,Griffin Jax,1.0,0,0,0,0,1,15
823890,2026-03-30,MIA,home,669199,Lake Bachar,3.0,1,1,1,1,3,42
823890,2026-03-30,MIA,home,667463,John King,1.0,0,0,0,1,0,11
823890,2026-03-30,MIA,home,656848,Michael Petersen,1.0,0,0,0,0,1,11
823890,2026-03-30,MIA,home,663978,Chris Paddack,4.0,8,8,8,0,6,79
823890,2026-03-30,CWS,away,663436,Davis Martin,5.0,5,3,3,2,6,92
823890,2026-03-30,CWS,away,656794,Sean Newcomb,2.6666666666666665,3,1,1,1,5,51
823890,2026-03-30,CWS,away,663855,Jordan Hicks,1.3333333333333333,0,0,0,1,1,13
823972,2026-03-30,LAD,home,656945,Tanner Scott,1.0,1,0,0,0,2,16
823972,2026-03-30,LAD,home,680736,Justin Wrobleski,4.0,4,3,3,1,2,60
823972,2026-03-30,LAD,home,808963,Roki Sasaki,4.0,4,1,1,2,4,78
823972,2026-03-30,CLE,away,542888,Shawn Armstrong,0.6666666666666666,2,0,0,0,0,12
823972,2026-03-30,CLE,away,671922,Cade Smith,1.0,2,2,2,0,0,29
823972,2026-03-30,CLE,away,800048,Parker Messick,6.0,5,0,0,0,5,76
823972,2026-03-30,CLE,away,681870,Erik Sabrowski,1.3333333333333333,0,0,0,0,1,20
824135,2026-03-30,KC,home,663460,Kris Bubic,6.0,2,1,1,3,4,75
824135,2026-03-30,KC,home,683232,Nick Mears,1.0,1,0,0,0,1,8
824135,2026-03-30,KC,home,663738,Daniel Lynch IV,1.0,0,0,0,0,1,9
824135,2026-03-30,KC,home,670167,John Schreiber,1.0,1,0,0,0,0,15
824135,2026-03-30,MIN,away,623437,Justin Topa,0.6666666666666666,0,0,0,0,1,10
824135,2026-03-30,MIN,away,680573,Simeon Woods Richardson,5.0,5,2,2,1,2,83
824135,2026-03-30,MIN,away,573124,Taylor Rogers,1.0,0,0,0,0,1,14
824135,2026-03-30,MIN,away,681892,Kody Funderburk,1.3333333333333333,2,1,1,1,3,26
824214,2026-03-30,HOU,home,680802,Ryan Weiss,2.0,0,0,0,1,3,33
824214,2026-03-30,HOU,home,621121,Lance McCullers Jr.,7.0,4,1,1,1,9,96
824214,2026-03-30,BOS,away,670912,Johan Oviedo,3.6666666666666665,6,4,4,1,3,72
824214,2026-03-30,BOS,away,624133,Ranger Suarez,4.333333333333333,7,4,4,1,3,76
824539,2026-03-30,CIN,home,683742,Jose Franco,1.6666666666666665,3,0,0,0,0,35
824539,2026-03-30,CIN,home,683175,Connor Phillips,1.0,0,0,0,2,1,20
824539,2026-03-30,CIN,home,668933,Graham Ashcraft,1.3333333333333333,0,0,0,0,3,18
824539,2026-03-30,CIN,home,695505,Chase Burns,5.0,1,0,0,3,7,78
824539,2026-03-30,PIT,away,676755,Isaac Mattson,1.0,0,0,0,1,1,15
824539,2026-03-30,PIT,away,664875,Justin Lawrence,1.0,0,0,0,0,3,16
824539,2026-03-30,PIT,away,677952,Braxton Ashcraft,6.0,4,2,2,4,3,87
824702,2026-03-30,CHC,home,665795,Edward Cabrera,6.0,1,0,0,1,5,80
824702,2026-03-30,CHC,home,607067,Colin Rea,3.0,4,2,2,0,4,42
824702,2026-03-30,LAA,away,696270,Ryan Johnson,3.3333333333333335,7,6,6,4,2,80
824702,2026-03-30,LAA,away,664192,Joey Lucchesi,1.6666666666666665,1,0,0,1,2,29
824702,2026-03-30,LAA,away,641312,Shaun Anderson,3.0,1,1,1,2,1,40
824863,2026-03-30,BAL,home,669330,Tyler Wells,1.0,3,1,1,0,1,26
824863,2026-03-30,BAL,home,670329,Rico Garcia,2.0,0,0,0,0,3,21
824863,2026-03-30,BAL,home,605135,Chris Bassitt,4.333333333333333,6,4,4,4,3,100
824863,2026-03-30,BAL,home,608650,Dietrich Enns,1.6666666666666665,1,0,0,1,4,34
824863,2026-03-30,TEX,away,641302,Tyler Alexander,1.0,0,0,0,0,2,10
824863,2026-03-30,TEX,away,683004,Jack Leiter,6.0,5,2,2,1,8,92
824863,2026-03-30,TEX,away,656222,Jalen Beeks,1.0,2,0,0,0,1,13
824863,2026-03-30,TEX,away,596001,Jakob Junis,1.0,0,0,0,0,0,8
824943,2026-03-30,ATL,home,663158,Robert Suarez,1.0,1,0,0,0,0,18
824943,2026-03-30,ATL,home,607481,Aaron Bummer,1.0,1,0,0,0,2,13
824943,2026-03-30,ATL,home,628452,Raisel Iglesias,1.0,0,0,0,0,0,8
824943,2026-03-30,ATL,home,693821,Bryce Elder,6.0,5,0,0,1,5,83
824943,2026-03-30,OAK,away,686993,Justin Sterner,1.0,0,0,0,0,2,11
824943,2026-03-30,OAK,away,547184,Michael Kelly,1.0,2,1,1,0,1,15
824943,2026-03-30,OAK,away,682052,Jacob Lopez,4.0,6,3,3,5,0,91
824943,2026-03-30,OAK,away,665660,Elvis Alvarado,1.0,1,0,0,0,1,16
824943,2026-03-30,OAK,away,643410,Mark Leiter Jr.,1.0,1,0,0,0,0,8
825108,2026-03-30,ARI,home,666661,Juan Morillo,0.3333333333333333,0,0,0,0,0,5
825108,2026-03-30,ARI,home,656464,Kevin Ginkel,1.0,0,0,0,0,1,13
825108,2026-03-30,ARI,home,605452,Joe Ross,0.6666666666666666,5,6,6,1,1,26
825108,2026-03-30,ARI,home,623149,Paul Sewald,1.0,0,0,0,0,1,12
825108,2026-03-30,ARI,home,647336,Michael Soroka,5.0,4,0,0,1,10,89
825108,2026-03-30,ARI,home,664199,Taylor Clarke,1.0,0,0,0,0,1,16
825108,2026-03-30,ARI,home,657044,Ryan Thompson,0.0,1,0,0,2,0,13
825108,2026-03-30,DET,away,676428,Brant Hurter,2.0,2,1,1,0,0,26
825108,2026-03-30,DET,away,663947,Tyler Holton,1.0,0,0,0,2,1,19
825108,2026-03-30,DET,away,640448,Kyle Finnegan,0.3333333333333333,0,0,0,0,0,5
825108,2026-03-30,DET,away,646241,Enmanuel De Jesus,1.0,3,3,3,2,1,38
825108,2026-03-30,DET,away,434378,Justin Verlander,3.6666666666666665,6,5,5,2,1,80
822836,2026-03-31,TOR,home,656546,Jeff Hoffman,1.0,1,0,0,0,1,15
822836,2026-03-31,TOR,home,453286,Max Scherzer,6.0,4,1,1,1,4,83
822836,2026-03-31,TOR,home,689254,Mason Fluharty,0.6666666666666666,1,0,0,0,1,15
822836,2026-03-31,TOR,home,680755,Braydon Fisher,1.3333333333333333,1,0,0,0,0,23
822836,2026-03-31,COL,away,663372,Ryan Feltner,3.0,1,0,0,1,4,47
822836,2026-03-31,COL,away,657514,Brennan Bernardino,1.0,1,0,0,0,1,15
822836,2026-03-31,COL,away,675848,Juan Mejia,1.3333333333333333,4,2,2,1,0,38
822836,2026-03-31,COL,away,688642,Zach Agnos,2.0,7,3,3,1,3,45
822836,2026-03-31,COL,away,677955,Jaden Hill,0.6666666666666666,1,0,0,1,2,16
823077,2026-03-31,STL,home,700669,Gordon Graceffo,1.0,0,0,0,0,0,3
823077,2026-03-31,STL,home,668941,JoJo Romero,1.0,0,0,0,0,1,13
823077,2026-03-31,STL,home,676617,Riley O'Brien,1.0,0,0,0,0,0,11
823077,2026-03-31,STL,home,669467,Andre Pallante,5.0,3,0,0,3,3,88
823077,2026-03-31,STL,home,592773,Ryne Stanek,1.0,0,0,0,1,1,22
823077,2026-03-31,NYM,away,663992,Richard Lovelady,2.0,2,1,1,1,2,29
823077,2026-03-31,NYM,away,673540,Kodai Senga,6.0,4,2,2,3,9,92
823158,2026-03-31,SEA,home,668984,Casey Legumina,1.6666666666666665,0,0,0,0,1,18
823158,2026-03-31,SEA,home,677961,Cole Wilcox,2.0,2,0,0,0,3,31
823158,2026-03-31,SEA,home,669302,Logan Gilbert,5.333333333333333,7,5,5,3,6,95
823158,2026-03-31,NYY,away,657612,Tim Hill,1.0,0,0,0,0,0,7
823158,2026-03-31,NYY,away,687396,Brent Headrick,1.0,1,0,0,0,1,10
823158,2026-03-31,NYY,away,608331,Max Fried,7.0,3,0,0,1,6,90
823322,2026-03-31,SD,home,688158,David Morgan,1.0,2,1,0,0,1,13
823322,2026-03-31,SD,home,608566,Germán Márquez,3.0,8,4,4,1,1,65
823322,2026-03-31,SD,home,699134,Bradgley Rodriguez,1.6666666666666665,1,0,0,0,1,17
823322,2026-03-31,SD,home,669093,Jeremiah Estrada,1.0,1,0,0,0,2,18
823322,2026-03-31,SD,home,606996,Kyle Hart,2.3333333333333335,4,4,4,1,2,42
823322,2026-03-31,SF,away,664141,JT Brubaker,2.0,2,0,0,0,1,28
823322,2026-03-31,SF,away,657277,Logan Webb,6.0,3,3,3,4,5,104
823322,2026-03-31,SF,away,676130,José Buttó,1.0,1,0,0,0,2,18
823485,2026-03-31,PHI,home,661395,Jhoan Duran,1.0,1,0,0,0,2,20
823485,2026-03-31,PHI,home,621383,Tanner Banks,1.6666666666666665,3,1,1,0,2,37
823485,2026-03-31,PHI,home,641745,Brad Keller,1.0,0,0,0,1,0,15
823485,2026-03-31,PHI,home,691725,Andrew Painter,5.333333333333333,4,1,1,1,8,84
823485,2026-03-31,WSH,away,686610,Ken Waldichuk,2.0,1,0,0,0,0,23
823485,2026-03-31,WSH,away,676571,PJ Poulin,1.0,0,0,0,0,1,9
823485,2026-03-31,WSH,away,641793,Zack Littell,5.0,6,3,3,2,1,75
823807,2026-03-31,MIL,home,682842,Abner Uribe,1.0,1,0,0,1,0,22
823807,2026-03-31,MIL,home,681982,Grant Anderson,1.0,1,0,0,0,1,19
823807,2026-03-31,MIL,home,605540,Brandon Woodruff,5.0,4,2,2,0,6,67
823807,2026-03-31,MIL,home,672582,Angel Zerpa,1.0,0,0,0,1,0,14
823807,2026-03-31,MIL,home,657649,Jared Koenig,1.0,1,0,0,0,1,16
823807,2026-03-31,TB,away,663556,Shane McClanahan,4.666666666666667,2,3,2,3,4,79
823807,2026-03-31,TB,away,642121,Cole Sulser,1.3333333333333333,4,2,2,0,0,31
823807,2026-03-31,TB,away,672782,Yoendrys Gómez,2.0,1,1,1,2,2,30
823888,2026-03-31,MIA,home,664126,Pete Fairbanks,1.0,0,0,0,0,3,15
823888,2026-03-31,MIA,home,676534,Calvin Faucher,1.0,0,0,0,0,2,17
823888,2026-03-31,MIA,home,669622,Anthony Bender,1.6666666666666665,0,0,0,1,1,27
823888,2026-03-31,MIA,home,676083,Janson Junk,4.333333333333333,5,2,2,1,5,79
823888,2026-03-31,MIA,home,677053,Andrew Nardi,1.0,0,0,0,0,2,14
823888,2026-03-31,CWS,away,699151,Jedixson Paez,1.3333333333333333,2,3,3,1,0,28
823888,2026-03-31,CWS,away,663542,Bryan Hudson,1.6666666666666665,1,2,1,1,1,25
823888,2026-03-31,CWS,away,607200,Erick Fedde,5.0,6,4,3,1,4,80
823969,2026-03-31,LAD,home,681911,Alex Vesia,1.0,0,0,0,0,1,14
823969,2026-03-31,LAD,home,660271,Shohei Ohtani,6.0,1,0,0,3,6,87
823969,2026-03-31,LAD,home,621242,Edwin Díaz,1.0,1,1,1,1,2,33
823969,2026-03-31,LAD,home,676263,Jack Dreyer,1.0,0,0,0,1,1,15
823969,2026-03-31,CLE,away,670036,Matt Festa,1.3333333333333333,4,2,2,0,2,29
823969,2026-03-31,CLE,away,663465,Kolby Allard,2.6666666666666665,2,1,1,1,5,55
823969,2026-03-31,CLE,away,676440,Tanner Bibee,4.0,4,1,1,2,4,74
824212,2026-03-31,HOU,home,686613,Hunter Brown,6.0,1,1,1,2,8,78
824212,2026-03-31,HOU,home,675989,Cody Bolton,3.0,3,1,1,1,5,50
824212,2026-03-31,BOS,away,663558,Jovani Morán,2.0,1,1,1,0,2,26
824212,2026-03-31,BOS,away,678394,Brayan Bello,4.666666666666667,8,6,5,3,2,92
824212,2026-03-31,BOS,away,670245,Ryan Watson,1.3333333333333333,2,2,2,2,2,27
824537,2026-03-31,CIN,home,572955,Pierce Johnson,1.0,2,2,2,0,1,20
824537,2026-03-31,CIN,home,682227,Brandon Williamson,4.666666666666667,6,6,6,2,3,94
824537,2026-03-31,CIN,home,594580,Sam Moll,1.0,0,0,0,0,1,15
824537,2026-03-31,CIN,home,656271,Brock Burke,2.3333333333333335,0,0,0,1,2,20
824537,2026-03-31,PIT,away,642397,Gregory Soto,1.0,1,0,0,1,1,17
824537,2026-03-31,PIT,away,670990,Yohan Ramírez,0.6666666666666666,0,0,0,0,2,10
824537,2026-03-31,PIT,away,696149,Bubba Chandler,4.333333333333333,0,1,0,6,6,81
824537,2026-03-31,PIT,away,642701,Dennis Santana,1.0,1,0,0,0,0,17
824537,2026-03-31,PIT,away,682995,Hunter Barco,2.0,4,2,2,1,3,47
824699,2026-03-31,CHC,home,571948,Hoby Milner,0.3333333333333333,0,0,0,0,0,3
824699,2026-03-31,CHC,home,592791,Jameson Taillon,4.666666666666667,2,0,0,4,3,85
824699,2026-03-31,CHC,home,664208,Phil Maton,0.6666666666666666,2,2,2,2,1,28
824699,2026-03-31,CHC,home,676962,Ben Brown,3.3333333333333335,1,0,0,1,5,50
824699,2026-03-31,LAA,away,681217,Chase Silseth,1.0,1,0,0,1,1,14
824699,2026-03-31,LAA,away,667755,José Soriano,6.0,2,0,0,2,4,90
824699,2026-03-31,LAA,away,519141,Drew Pomeranz,1.3333333333333333,1,0,0,0,2,20
824699,2026-03-31,LAA,away,605447,Jordan Romano,0.6666666666666666,0,0,0,1,1,12
824861,2026-03-31,BAL,home,682274,Yaramil Hiraldo,1.0,2,3,3,1,0,24
824861,2026-03-31,BAL,home,689296,Anthony Nunez,2.0,2,1,1,0,2,21
824861,2026-03-31,BAL,home,621107,Zach Eflin,3.6666666666666665,4,1,1,2,7,74
824861,2026-03-31,BAL,home,664991,Grant Wolfram,1.3333333333333333,3,2,2,0,2,23
824861,2026-03-31,BAL,home,666974,Yennier Cano,1.0,2,1,1,0,0,9
824861,2026-03-31,TEX,away,676395,Robert Garcia,1.0,0,0,0,0,1,15
824861,2026-03-31,TEX,away,594798,Jacob deGrom,4.666666666666667,6,3,3,0,7,79
824861,2026-03-31,TEX,away,596001,Jakob Junis,1.0,1,0,0,0,1,15
824861,2026-03-31,TEX,away,668390,Cole Winn,1.3333333333333333,0,0,0,1,1,14
824861,2026-03-31,TEX,away,455119,Chris Martin,1.0,2,2,2,0,1,19
824942,2026-03-31,ATL,home,660761,José Suarez,3.6666666666666665,5,4,4,3,6,66
824942,2026-03-31,ATL,home,606303,Joel Payamps,1.0,1,1,1,0,2,14
824942,2026-03-31,ATL,home,527048,Martín Pérez,4.333333333333333,2,0,0,0,3,47
824942,2026-03-31,OAK,away,686993,Justin Sterner,1.0,0,0,0,1,2,28
824942,2026-03-31,OAK,away,605130,Scott Barlow,1.0,0,0,0,0,0,10
824942,2026-03-31,OAK,away,650644,Aaron Civale,5.0,4,2,2,1,3,87
824942,2026-03-31,OAK,away,663687,Hogan Harris,1.0,0,0,0,2,0,23
824942,2026-03-31,OAK,away,643410,Mark Leiter Jr.,1.0,2,0,0,0,1,13
825107,2026-03-31,ARI,home,694851,Andrew Hoffmann,2.0,0,0,0,1,3,32
825107,2026-03-31,ARI,home,694297,Brandon Pfaadt,6.0,6,5,5,1,3,85
825107,2026-03-31,ARI,home,623149,Paul Sewald,1.0,0,0,0,0,3,13
825107,2026-03-31,DET,away,663554,Casey Mize,6.0,4,1,1,2,9,93
825107,2026-03-31,DET,away,623454,Drew Anderson,1.0,2,2,2,0,2,16
825107,2026-03-31,DET,away,445276,Kenley Jansen,0.3333333333333333,1,1,1,0,1,8
825107,2026-03-31,DET,away,676684,Will Vest,0.6666666666666666,1,3,3,2,0,27
822835,2026-04-01,TOR,home,667297,Tommy Nance,0.3333333333333333,1,1,1,2,1,16
822835,2026-04-01,TOR,home,663893,Brendon Little,1.0,1,1,0,1,1,10
822835,2026-04-01,TOR,home,592332,Kevin Gausman,6.0,2,0,0,0,10,89
822835,2026-04-01,TOR,home,656546,Jeff Hoffman,1.0,0,0,0,0,3,16
822835,2026-04-01,TOR,home,689254,Mason Fluharty,0.6666666666666666,0,0,0,0,2,9
822835,2026-04-01,TOR,home,643511,Tyler Rogers,1.0,2,0,0,0,0,18
822835,2026-04-01,COL,away,680767,Victor Vodnik,1.0,1,0,0,0,0,17
822835,2026-04-01,COL,away,623474,Jimmy Herget,1.0,0,0,0,0,0,16
822835,2026-04-01,COL,away,607536,Kyle Freeland,5.0,5,1,1,1,6,88
822835,2026-04-01,COL,away,657514,Brennan Bernardino,1.0,0,0,0,0,0,11
822835,2026-04-01,COL,away,622608,Antonio Senzatela,2.0,1,0,0,0,3,26
823078,2026-04-01,STL,home,688297,Chris Roycroft,0.3333333333333333,0,0,0,2,0,11
823078,2026-04-01,STL,home,700669,Gordon Graceffo,0.6666666666666666,0,0,0,0,0,6
823078,2026-04-01,STL,home,668941,JoJo Romero,1.3333333333333333,0,0,0,0,1,16
823078,2026-04-01,STL,home,677865,Justin Bruihl,1.0,0,0,0,1,0,12
823078,2026-04-01,STL,home,676617,Riley O'Brien,1.0,1,0,0,0,2,16
823078,2026-04-01,STL,home,669461,Matthew Liberatore,6.0,3,1,1,1,2,76
823078,2026-04-01,STL,home,592773,Ryne Stanek,0.6666666666666666,1,0,0,0,1,16
823078,2026-04-01,NYM,away,668964,Tobias Myers,1.6666666666666665,1,1,0,1,1,20
823078,2026-04-01,NYM,away,623211,Huascar Brazobán,0.6666666666666666,1,0,0,0,1,13
823078,2026-04-01,NYM,away,596133,Luke Weaver,1.0,0,0,0,0,1,11
823078,2026-04-01,NYM,away,642207,Devin Williams,1.0,0,0,0,1,1,18
823078,2026-04-01,NYM,away,642547,Freddy Peralta,5.333333333333333,3,1,1,2,7,92
823078,2026-04-01,NYM,away,548384,Brooks Raley,1.0,0,0,0,0,2,12
823157,2026-04-01,SEA,home,678606,José A. Ferrer,1.0,0,0,0,0,2,13
823157,2026-04-01,SEA,home,681867,Cooper Criswell,2.0,1,1,1,0,1,30
823157,2026-04-01,SEA,home,669923,George Kirby,6.0,5,4,4,3,6,89
823157,2026-04-01,NYY,away,518585,Fernando Cruz,0.6666666666666666,0,0,0,0,1,12
823157,2026-04-01,NYY,away,666808,Camilo Doval,0.6666666666666666,2,2,2,1,1,19
823157,2026-04-01,NYY,away,670280,David Bednar,1.3333333333333333,3,1,1,0,1,40
823157,2026-04-01,NYY,away,693645,Cam Schlittler,6.333333333333333,2,0,0,0,7,79
823321,2026-04-01,SD,home,695243,Mason Miller,1.3333333333333333,1,0,0,0,3,19
823321,2026-04-01,SD,home,669093,Jeremiah Estrada,1.0,0,0,0,0,2,13
823321,2026-04-01,SD,home,670970,Adrian Morejon,1.6666666666666665,2,1,1,1,1,32
823321,2026-04-01,SD,home,601713,Nick Pivetta,5.0,1,0,0,2,8,82
823321,2026-04-01,SF,away,676130,José Buttó,0.3333333333333333,3,4,4,4,1,28
823321,2026-04-01,SF,away,668873,Caleb Kilian,1.6666666666666665,0,0,0,0,2,15
823321,2026-04-01,SF,away,621366,Ryan Borucki,0.6666666666666666,0,0,0,0,0,3
823321,2026-04-01,SF,away,605288,Adrian Houser,5.333333333333333,6,3,1,1,4,86
823483,2026-04-01,PHI,home,621237,José Alvarado,1.0,1,0,0,0,0,8
823483,2026-04-01,PHI,home,650911,Cristopher Sánchez,5.333333333333333,4,1,1,4,7,97
823483,2026-04-01,PHI,home,661395,Jhoan Duran,1.0,0,0,0,0,1,6
823483,2026-04-01,PHI,home,680742,Jonathan Bowlan,0.6666666666666666,2,1,1,0,1,17
823483,2026-04-01,PHI,home,647315,Zach Pop,1.0,0,0,0,0,1,12
823483,2026-04-01,PHI,home,641745,Brad Keller,1.0,3,3,3,0,1,22
823483,2026-04-01,WSH,away,701552,Andre Granillo,0.6666666666666666,1,1,1,0,1,11
823483,2026-04-01,WSH,away,676571,PJ Poulin,0.3333333333333333,0,1,1,2,0,15
823483,2026-04-01,WSH,away,690925,Clayton Beeter,1.0,1,1,1,0,0,16
823483,2026-04-01,WSH,away,669371,Cole Henry,0.3333333333333333,3,1,0,1,0,15
823483,2026-04-01,WSH,away,672335,Cionel Pérez,0.6666666666666666,2,1,1,0,0,21
823483,2026-04-01,WSH,away,676917,Cade Cavalli,6.0,5,1,1,2,3,84
823806,2026-04-01,MIL,home,681982,Grant Anderson,1.0,0,0,0,0,1,15
823806,2026-04-01,MIL,home,676879,Aaron Ashby,1.0,0,0,0,1,0,9
823806,2026-04-01,MIL,home,694819,Jacob Misiorowski,6.0,4,2,2,2,7,94
823806,2026-04-01,MIL,home,669084,DL Hall,1.0,1,0,0,0,3,19
823806,2026-04-01,TB,away,669438,Mason Englert,1.0,2,1,1,0,0,13
823806,2026-04-01,TB,away,693855,Ian Seymour,2.0,1,0,0,0,2,32
823806,2026-04-01,TB,away,643377,Griffin Jax,0.0,3,5,3,1,0,20
823806,2026-04-01,TB,away,656876,Drew Rasmussen,5.0,3,2,1,1,8,89
823889,2026-04-01,MIA,home,645261,Sandy Alcantara,9.0,3,0,0,0,7,93
823889,2026-04-01,CWS,away,681343,Shane Smith,3.0,8,8,7,2,1,72
823889,2026-04-01,CWS,away,669684,Chris Murphy,2.0,3,1,1,1,3,39
823889,2026-04-01,CWS,away,673929,Jordan Leasure,1.0,1,1,1,0,1,12
823889,2026-04-01,CWS,away,608371,Lucas Sims,2.0,1,0,0,1,1,31
823970,2026-04-01,LAD,home,656945,Tanner Scott,0.3333333333333333,1,1,1,0,1,9
823970,2026-04-01,LAD,home,694361,Will Klein,1.6666666666666665,1,1,1,2,1,35
823970,2026-04-01,LAD,home,595014,Blake Treinen,1.0,0,0,0,0,1,17
823970,2026-04-01,LAD,home,808967,Yoshinobu Yamamoto,6.0,4,2,2,1,2,87
823970,2026-04-01,CLE,away,542888,Shawn Armstrong,0.6666666666666666,2,0,0,0,1,19
823970,2026-04-01,CLE,away,671922,Cade Smith,1.0,1,1,1,0,0,19
823970,2026-04-01,CLE,away,681870,Erik Sabrowski,0.3333333333333333,0,0,0,0,1,3
823970,2026-04-01,CLE,away,668909,Gavin Williams,7.0,2,0,0,3,10,85
824136,2026-04-01,KC,home,668674,Lucas Erceg,0.6666666666666666,0,0,0,0,0,7
824136,2026-04-01,KC,home,683232,Nick Mears,1.0,0,0,0,0,2,18
824136,2026-04-01,KC,home,663738,Daniel Lynch IV,1.0,1,3,1,3,2,37
824136,2026-04-01,KC,home,663559,Bailey Falter,0.3333333333333333,3,3,3,2,0,20
824136,2026-04-01,KC,home,702070,Noah Cameron,5.0,4,1,1,1,5,86
824136,2026-04-01,KC,home,656638,Alex Lange,0.3333333333333333,1,2,2,3,1,34
824136,2026-04-01,KC,home,674444,Steven Cruz,0.6666666666666666,0,0,0,0,1,7
824136,2026-04-01,MIN,away,689520,Cody Laweryson,1.3333333333333333,2,4,3,2,2,36
824136,2026-04-01,MIN,away,607455,Anthony Banda,1.0,1,0,0,0,1,12
824136,2026-04-01,MIN,away,687849,Zak Kent,1.6666666666666665,3,4,1,3,2,47
824136,2026-04-01,MIN,away,657746,Joe Ryan,4.0,9,5,5,0,3,77
824211,2026-04-01,HOU,home,650556,Bryan Abreu,1.0,1,1,1,0,3,16
824211,2026-04-01,HOU,home,678906,Kai-Wei Teng,1.0,1,1,1,0,1,14
824211,2026-04-01,HOU,home,805123,AJ Blubaugh,1.0,0,0,0,0,1,14
824211,2026-04-01,HOU,home,681347,Mike Burrows,5.0,5,2,2,3,6,84
824211,2026-04-01,HOU,home,687911,Bryan King,1.0,0,0,0,0,2,12
824211,2026-04-01,BOS,away,676979,Garrett Crochet,5.0,6,5,4,0,7,93
824211,2026-04-01,BOS,away,669711,Greg Weissert,1.0,0,0,0,0,1,16
824211,2026-04-01,BOS,away,676477,Garrett Whitlock,1.0,1,0,0,2,1,37
824211,2026-04-01,BOS,away,543056,Danny Coulombe,1.0,1,1,1,0,0,16
824536,2026-04-01,CIN,home,641941,Emilio Pagán,1.0,3,4,4,0,2,33
824536,2026-04-01,CIN,home,663574,Tony Santillan,1.0,0,0,0,0,1,11
824536,2026-04-01,CIN,home,683175,Connor Phillips,0.3333333333333333,0,0,0,2,0,13
824536,2026-04-01,CIN,home,668933,Graham Ashcraft,1.0,1,0,0,0,2,21
824536,2026-04-01,CIN,home,671096,Andrew Abbott,5.666666666666667,5,4,4,3,5,88
824536,2026-04-01,PIT,away,694973,Paul Skenes,5.0,3,1,1,2,5,77
824536,2026-04-01,PIT,away,642397,Gregory Soto,1.0,0,0,0,0,2,13
824536,2026-04-01,PIT,away,682254,Mason Montgomery,0.6666666666666666,1,2,2,1,1,15
824536,2026-04-01,PIT,away,676755,Isaac Mattson,1.3333333333333333,1,0,0,0,0,22
824536,2026-04-01,PIT,away,664875,Justin Lawrence,1.0,0,0,0,0,1,12
824698,2026-04-01,CHC,home,694037,Daniel Palencia,1.0,1,0,0,0,1,9
824698,2026-04-01,CHC,home,573204,Caleb Thielbar,1.0,0,0,0,0,2,13
824698,2026-04-01,CHC,home,640451,Hunter Harvey,1.3333333333333333,1,0,0,0,3,20
824698,2026-04-01,CHC,home,571510,Matthew Boyd,5.666666666666667,2,2,1,2,10,98
824698,2026-04-01,LAA,away,666171,Ryan Zeferjahn,0.6666666666666666,1,1,0,1,1,21
824698,2026-04-01,LAA,away,579328,Yusei Kikuchi,5.333333333333333,6,5,5,4,5,91
824698,2026-04-01,LAA,away,608718,Brent Suter,2.0,3,0,0,0,4,44
824860,2026-04-01,BAL,home,669432,Trevor Rogers,6.0,6,2,2,1,3,91
824860,2026-04-01,BAL,home,544150,Albert Suárez,3.0,2,1,1,1,2,42
824860,2026-04-01,TEX,away,641302,Tyler Alexander,1.0,2,1,1,2,0,25
824860,2026-04-01,TEX,away,656641,Jacob Latz,1.0,0,0,0,0,0,14
824860,2026-04-01,TEX,away,543135,Nathan Eovaldi,4.0,8,6,6,3,5,88
824860,2026-04-01,TEX,away,691945,Carter Baumler,2.0,2,1,1,1,2,36
824940,2026-04-01,ATL,home,669276,Dylan Lee,1.0,1,0,0,0,1,15
824940,2026-04-01,ATL,home,663158,Robert Suarez,1.0,1,0,0,0,1,6
824940,2026-04-01,ATL,home,519242,Chris Sale,6.0,1,1,1,0,3,79
824940,2026-04-01,ATL,home,628452,Raisel Iglesias,1.0,1,0,0,0,1,17
824940,2026-04-01,OAK,away,622663,Luis Severino,3.3333333333333335,4,4,4,5,7,91
824940,2026-04-01,OAK,away,665660,Elvis Alvarado,0.6666666666666666,2,1,1,0,0,20
824940,2026-04-01,OAK,away,663687,Hogan Harris,2.0,0,0,0,0,2,19
824940,2026-04-01,OAK,away,665622,Luis Medina,2.0,1,0,0,0,1,27
825106,2026-04-01,ARI,home,666661,Juan Morillo,1.0,0,0,0,0,1,11
825106,2026-04-01,ARI,home,642528,Jonathan Loáisiga,1.0,2,0,0,0,0,16
825106,2026-04-01,ARI,home,664199,Taylor Clarke,1.0,1,0,0,0,2,18
825106,2026-04-01,ARI,home,668678,Zac Gallen,6.0,4,0,0,0,2,88
825106,2026-04-01,DET,away,669373,Tarik Skubal,7.0,6,1,1,0,3,87
825106,2026-04-01,DET,away,640448,Kyle Finnegan,1.0,0,0,0,2,0,20
823242,2026-04-02,SF,home,676254,Ryan Walker,0.6666666666666666,0,0,0,0,1,12
823242,2026-04-02,SF,home,694918,Blade Tidwell,3.0,2,0,0,0,2,37
823242,2026-04-02,SF,home,592662,Robbie Ray,5.333333333333333,3,2,2,3,7,96
823242,2026-04-02,NYM,away,640455,Sean Manaea,3.6666666666666665,4,1,1,2,2,74
823242,2026-04-02,NYM,away,656849,David Peterson,4.333333333333333,9,6,5,2,5,68
824133,2026-04-02,KC,home,666142,Cole Ragans,6.0,4,1,0,1,8,89
824133,2026-04-02,KC,home,621381,Matt Strahm,1.0,0,0,0,0,2,19
824133,2026-04-02,KC,home,674444,Steven Cruz,1.0,3,3,3,0,1,27
824133,2026-04-02,KC,home,670167,John Schreiber,1.0,1,1,1,2,1,27
824133,2026-04-02,MIN,away,671737,Taj Bradley,6.0,5,0,0,1,3,100
824133,2026-04-02,MIN,away,623437,Justin Topa,1.0,0,0,0,1,1,13
824133,2026-04-02,MIN,away,663485,Cole Sands,0.6666666666666666,2,1,1,0,0,11
824133,2026-04-02,MIN,away,573124,Taylor Rogers,0.3333333333333333,0,0,0,0,1,4
824133,2026-04-02,MIN,away,681892,Kody Funderburk,1.0,0,0,0,0,1,15
825105,2026-04-02,ARI,home,694851,Andrew Hoffmann,1.0,1,0,0,1,2,23
825105,2026-04-02,ARI,home,656464,Kevin Ginkel,0.3333333333333333,3,3,3,1,0,22
825105,2026-04-02,ARI,home,605452,Joe Ross,2.0,2,2,2,3,1,52
825105,2026-04-02,ARI,home,669194,Ryne Nelson,4.666666666666667,3,7,2,3,3,80
825105,2026-04-02,ARI,home,543510,James McCann,1.0,7,5,5,0,0,20
825105,2026-04-02,ATL,away,674370,Osvaldo Bido,3.0,2,1,1,1,1,42
825105,2026-04-02,ATL,away,641755,Tyler Kinley,1.0,0,0,0,0,1,10
825105,2026-04-02,ATL,away,625643,Reynaldo López,5.0,4,1,1,1,3,79
822758,2026-04-03,WSH,home,701552,Andre Granillo,2.0,2,1,1,2,0,27
822758,2026-04-03,WSH,home,571945,Miles Mikolas,4.333333333333333,11,11,11,1,4,87
822758,2026-04-03,WSH,home,686610,Ken Waldichuk,2.0,1,1,1,1,3,36
822758,2026-04-03,WSH,home,681402,Gus Varland,0.6666666666666666,2,0,0,1,1,20
822758,2026-04-03,LAD,away,676508,Ben Casparius,1.0,0,0,0,0,1,13
822758,2026-04-03,LAD,away,683618,Edgardo Henriquez,1.0,3,2,2,1,1,25
822758,2026-04-03,LAD,away,686218,Emmet Sheehan,5.666666666666667,7,4,4,3,2,98
822758,2026-04-03,LAD,away,676263,Jack Dreyer,0.3333333333333333,0,0,0,0,1,4
822758,2026-04-03,LAD,away,595014,Blake Treinen,1.0,1,0,0,1,0,11
822919,2026-04-03,TEX,home,669022,MacKenzie Gore,6.0,6,3,3,0,9,88
822919,2026-04-03,TEX,home,596001,Jakob Junis,1.0,0,0,0,0,1,12
822919,2026-04-03,TEX,home,668390,Cole Winn,1.0,2,0,0,0,1,17
822919,2026-04-03,TEX,home,455119,Chris Martin,1.0,2,2,2,0,0,23
822919,2026-04-03,CIN,away,641941,Emilio Pagán,1.0,0,0,0,0,1,13
822919,2026-04-03,CIN,away,663574,Tony Santillan,1.0,0,0,0,0,0,10
822919,2026-04-03,CIN,away,663903,Brady Singer,5.0,6,2,2,1,5,87
822919,2026-04-03,CIN,away,668933,Graham Ashcraft,1.0,2,1,1,0,2,17
822919,2026-04-03,CIN,away,594580,Sam Moll,1.0,0,0,0,1,1,12
823240,2026-04-03,SF,home,664141,JT Brubaker,1.3333333333333333,3,3,3,2,2,38
823240,2026-04-03,SF,home,641816,Tyler Mahle,5.0,8,5,5,2,4,91
823240,2026-04-03,SF,home,668873,Caleb Kilian,0.3333333333333333,0,0,0,0,1,5
823240,2026-04-03,SF,home,669062,Erik Miller,0.6666666666666666,2,2,2,1,1,26
823240,2026-04-03,SF,home,657424,Matt Gage,1.6666666666666665,2,0,0,1,2,37
823240,2026-04-03,NYM,away,623211,Huascar Brazobán,1.0,1,0,0,0,1,24
823240,2026-04-03,NYM,away,663992,Richard Lovelady,1.0,2,1,1,1,1,28
823240,2026-04-03,NYM,away,548384,Brooks Raley,0.6666666666666666,0,0,0,0,1,16
823240,2026-04-03,NYM,away,690997,Nolan McLean,5.333333333333333,1,2,1,2,4,93
823240,2026-04-03,NYM,away,472610,Luis García,1.0,1,0,0,0,1,14
823406,2026-04-03,PIT,home,642397,Gregory Soto,1.0,1,1,1,0,3,20
823406,2026-04-03,PIT,home,682254,Mason Montgomery,0.6666666666666666,0,0,0,0,1,9
823406,2026-04-03,PIT,home,656605,Mitch Keller,6.0,6,2,2,4,4,88
823406,2026-04-03,PIT,home,670990,Yohan Ramírez,0.3333333333333333,2,1,1,1,0,19
823406,2026-04-03,PIT,home,642701,Dennis Santana,1.0,0,0,0,0,1,10
823406,2026-04-03,BAL,away,669330,Tyler Wells,2.0,0,0,0,0,2,23
823406,2026-04-03,BAL,away,670329,Rico Garcia,1.0,0,0,0,0,0,8
823406,2026-04-03,BAL,away,680694,Kyle Bradish,4.0,6,4,4,3,6,81
823406,2026-04-03,BAL,away,608650,Dietrich Enns,1.0,0,1,1,3,2,39
823568,2026-04-03,NYY,home,642232,Ryan Yarbrough,1.0,0,0,0,0,0,10
823568,2026-04-03,NYY,home,657612,Tim Hill,0.3333333333333333,0,0,0,0,0,2
823568,2026-04-03,NYY,home,687396,Brent Headrick,1.0,0,0,0,0,2,10
823568,2026-04-03,NYY,home,701542,Will Warren,5.666666666666667,4,2,2,0,6,77
823568,2026-04-03,NYY,home,656234,Jake Bird,1.0,0,0,0,0,2,11
823568,2026-04-03,MIA,away,669199,Lake Bachar,1.0,2,2,2,2,2,24
823568,2026-04-03,MIA,away,663969,Tyler Phillips,2.0,1,1,0,2,3,52
823568,2026-04-03,MIA,away,656848,Michael Petersen,1.0,1,1,1,1,1,20
823568,2026-04-03,MIA,away,691587,Eury Pérez,4.0,2,4,4,6,4,84
823732,2026-04-03,MIN,home,689520,Cody Laweryson,1.0,0,0,0,0,1,10
823732,2026-04-03,MIN,home,623437,Justin Topa,0.6666666666666666,2,0,0,0,2,17
823732,2026-04-03,MIN,home,607455,Anthony Banda,1.0,1,1,1,0,0,17
823732,2026-04-03,MIN,home,641927,Bailey Ober,4.0,4,3,3,2,4,82
823732,2026-04-03,MIN,home,681892,Kody Funderburk,0.3333333333333333,0,0,0,0,0,2
823732,2026-04-03,MIN,home,679358,Eric Orze,2.0,1,0,0,1,0,37
823732,2026-04-03,TB,away,687330,Kevin Kelly,0.3333333333333333,2,6,5,2,1,33
823732,2026-04-03,TB,away,685801,Hunter Bigge,0.6666666666666666,0,0,0,1,1,16
823732,2026-04-03,TB,away,672782,Yoendrys Gómez,1.6666666666666665,1,1,1,0,1,23
823732,2026-04-03,TB,away,671212,Joe Boyle,5.333333333333333,4,3,2,3,9,104
824056,2026-04-03,LAA,home,681217,Chase Silseth,0.3333333333333333,0,0,0,0,1,5
824056,2026-04-03,LAA,home,519141,Drew Pomeranz,1.0,1,0,0,1,0,17
824056,2026-04-03,LAA,home,672282,Reid Detmers,6.666666666666667,3,0,0,4,4,104
824056,2026-04-03,LAA,home,605447,Jordan Romano,1.0,0,0,0,0,2,16
824056,2026-04-03,LAA,home,608718,Brent Suter,1.0,3,3,2,1,0,26
824056,2026-04-03,SEA,away,666374,Matt Brash,1.0,0,0,0,0,2,12
824056,2026-04-03,SEA,away,693433,Bryan Woo,7.0,1,0,0,1,6,87
824056,2026-04-03,SEA,away,662253,Andrés Muñoz,1.0,0,0,0,0,3,16
824056,2026-04-03,SEA,away,642100,Gabe Speier,1.0,0,1,0,0,1,12
824299,2026-04-03,DET,home,664285,Framber Valdez,6.0,3,0,0,2,5,91
824299,2026-04-03,DET,home,663947,Tyler Holton,1.0,0,0,0,0,1,7
824299,2026-04-03,DET,home,640448,Kyle Finnegan,1.0,1,0,0,1,1,16
824299,2026-04-03,DET,home,676684,Will Vest,1.0,1,0,0,0,2,17
824299,2026-04-03,STL,away,700241,Michael McGreevy,4.666666666666667,7,3,3,0,4,75
824299,2026-04-03,STL,away,688297,Chris Roycroft,1.0,0,0,0,0,1,11
824299,2026-04-03,STL,away,700669,Gordon Graceffo,1.0,0,0,0,2,0,16
824299,2026-04-03,STL,away,677865,Justin Bruihl,0.6666666666666666,2,0,0,0,0,15
824299,2026-04-03,STL,away,666277,George Soriano,0.6666666666666666,1,1,1,0,0,16
824377,2026-04-03,COL,home,547179,Michael Lorenzen,3.0,12,9,9,2,2,77
824377,2026-04-03,COL,home,678368,Valente Bellozo,6.0,1,1,1,1,7,77
824377,2026-04-03,PHI,away,641835,Tim Mayza,1.0,0,0,0,0,2,13
824377,2026-04-03,PHI,away,647315,Zach Pop,1.0,0,0,0,1,3,17
824377,2026-04-03,PHI,away,605400,Aaron Nola,6.333333333333333,5,1,1,1,9,95
824377,2026-04-03,PHI,away,679775,Kyle Backhus,0.6666666666666666,0,0,0,0,1,9
824458,2026-04-03,CLE,home,542888,Shawn Armstrong,1.0,0,0,0,0,1,13
824458,2026-04-03,CLE,home,641401,Connor Brogdon,1.0,0,0,0,0,0,13
824458,2026-04-03,CLE,home,670036,Matt Festa,0.6666666666666666,0,0,0,0,0,4
824458,2026-04-03,CLE,home,671922,Cade Smith,1.0,1,0,0,0,3,22
824458,2026-04-03,CLE,home,676282,Joey Cantillo,5.333333333333333,4,1,1,2,6,82
824458,2026-04-03,CHC,away,690990,Cade Horton,1.0,0,0,0,1,0,17
824458,2026-04-03,CHC,away,571948,Hoby Milner,1.6666666666666665,2,0,0,0,0,10
824458,2026-04-03,CHC,away,640451,Hunter Harvey,0.6666666666666666,2,3,3,1,0,30
824458,2026-04-03,CHC,away,657097,Jacob Webb,1.3333333333333333,1,0,0,1,1,29
824458,2026-04-03,CHC,away,607067,Colin Rea,3.3333333333333335,4,1,1,1,4,57
824621,2026-04-03,CWS,home,691799,Grant Taylor,1.0,0,0,0,0,1,9
824621,2026-04-03,CWS,home,622554,Seranthony Domínguez,1.3333333333333333,0,1,0,0,2,22
824621,2026-04-03,CWS,home,673929,Jordan Leasure,1.0,2,2,2,1,1,17
824621,2026-04-03,CWS,home,680732,Sean Burke,6.0,4,1,1,0,7,85
824621,2026-04-03,CWS,home,656794,Sean Newcomb,0.6666666666666666,1,0,0,0,0,8
824621,2026-04-03,TOR,away,686973,Louis Varland,1.0,1,0,0,0,1,15
824621,2026-04-03,TOR,away,663893,Brendon Little,1.0,0,0,0,0,1,17
824621,2026-04-03,TOR,away,656546,Jeff Hoffman,0.6666666666666666,2,2,0,0,1,14
824621,2026-04-03,TOR,away,656302,Dylan Cease,4.333333333333333,5,3,2,3,6,93
824621,2026-04-03,TOR,away,680755,Braydon Fisher,1.6666666666666665,2,0,0,0,3,21
824621,2026-04-03,TOR,away,643511,Tyler Rogers,1.0,1,0,0,1,0,12
824786,2026-04-03,BOS,home,669711,Greg Weissert,1.0,0,0,0,0,1,17
824786,2026-04-03,BOS,home,543243,Sonny Gray,6.0,4,2,2,0,3,87
824786,2026-04-03,BOS,home,686580,Justin Slaten,1.0,0,0,0,0,1,9
824786,2026-04-03,BOS,home,547973,Aroldis Chapman,1.0,0,0,0,1,1,21
824786,2026-04-03,SD,away,650633,Michael King,5.666666666666667,7,4,4,1,5,81
824786,2026-04-03,SD,away,593974,Wandy Peralta,1.3333333333333333,2,1,1,0,2,20
824786,2026-04-03,SD,away,676760,Ron Marinaccio,1.0,0,0,0,0,1,10
825026,2026-04-03,OAK,home,669372,J.T. Ginn,2.0,3,2,2,1,1,32
825026,2026-04-03,OAK,home,547184,Michael Kelly,1.0,1,1,1,3,2,32
825026,2026-04-03,OAK,home,605488,Jeffrey Springs,6.0,2,1,1,1,7,103
825026,2026-04-03,HOU,away,680802,Ryan Weiss,3.0,3,0,0,0,2,38
825026,2026-04-03,HOU,away,664299,Cristian Javier,3.6666666666666665,6,6,6,5,2,82
825026,2026-04-03,HOU,away,682610,Roddery Muñoz,1.3333333333333333,4,5,5,2,2,39
825103,2026-04-03,ARI,home,593958,Eduardo Rodriguez,7.0,4,0,0,1,3,90
825103,2026-04-03,ARI,home,666661,Juan Morillo,1.0,0,0,0,0,1,6
825103,2026-04-03,ARI,home,623149,Paul Sewald,0.6666666666666666,2,2,2,0,1,16
825103,2026-04-03,ARI,home,657044,Ryan Thompson,0.3333333333333333,0,0,0,0,0,2
825103,2026-04-03,ATL,away,669276,Dylan Lee,1.0,1,0,0,0,1,11
825103,2026-04-03,ATL,away,663158,Robert Suarez,1.0,0,0,0,0,0,8
825103,2026-04-03,ATL,away,628452,Raisel Iglesias,1.0,0,0,0,0,0,16
825103,2026-04-03,ATL,away,656550,Grant Holmes,6.0,1,0,0,3,4,85
822757,2026-04-04,WSH,home,669371,Cole Henry,2.0,1,0,0,0,2,23
822757,2026-04-04,WSH,home,695418,Brad Lord,2.0,5,3,3,1,0,49
822757,2026-04-04,WSH,home,663623,Jake Irvin,4.0,8,6,6,2,4,85
822757,2026-04-04,WSH,home,681402,Gus Varland,1.0,2,1,1,0,2,19
822757,2026-04-04,LAD,away,676508,Ben Casparius,1.0,2,2,2,0,1,20
822757,2026-04-04,LAD,away,607192,Tyler Glasnow,6.0,4,2,2,2,9,101
822757,2026-04-04,LAD,away,683618,Edgardo Henriquez,1.0,1,1,1,0,0,22
822757,2026-04-04,LAD,away,656945,Tanner Scott,1.0,1,0,0,0,1,14
822920,2026-04-04,TEX,home,677958,Kumar Rocker,5.0,6,2,2,1,3,80
822920,2026-04-04,TEX,home,641302,Tyler Alexander,1.0,1,0,0,0,1,13
822920,2026-04-04,TEX,home,656641,Jacob Latz,1.0,0,0,0,0,2,15
822920,2026-04-04,TEX,home,656222,Jalen Beeks,1.0,1,0,0,0,0,16
822920,2026-04-04,TEX,home,691945,Carter Baumler,1.0,0,0,0,0,1,12
822920,2026-04-04,CIN,away,641941,Emilio Pagán,1.0,1,0,0,2,1,23
822920,2026-04-04,CIN,away,663574,Tony Santillan,1.0,0,0,0,0,1,11
822920,2026-04-04,CIN,away,695076,Rhett Lowder,6.0,3,0,0,2,4,82
822920,2026-04-04,CIN,away,668933,Graham Ashcraft,1.0,0,0,0,1,1,18
823239,2026-04-04,SF,home,676775,Keaton Winn,1.0,2,1,1,1,1,23
823239,2026-04-04,SF,home,668873,Caleb Kilian,1.0,0,0,0,0,1,12
823239,2026-04-04,SF,home,621366,Ryan Borucki,1.3333333333333333,3,1,1,0,1,22
823239,2026-04-04,SF,home,683766,Christian Koss,1.0,0,0,0,0,0,9
823239,2026-04-04,SF,home,694738,Landen Roupp,4.666666666666667,7,7,5,1,7,95
823239,2026-04-04,NYM,away,668964,Tobias Myers,2.0,0,0,0,0,1,30
823239,2026-04-04,NYM,away,605280,Clay Holmes,7.0,3,0,0,2,4,90
823404,2026-04-04,PIT,home,676755,Isaac Mattson,1.0,1,0,0,1,1,17
823404,2026-04-04,PIT,home,669387,Carmen Mlodzinski,4.666666666666667,5,2,2,3,5,84
823404,2026-04-04,PIT,home,642701,Dennis Santana,1.0,0,0,0,0,1,13
823404,2026-04-04,PIT,home,682995,Hunter Barco,2.3333333333333335,0,0,0,3,1,45
823404,2026-04-04,BAL,away,689296,Anthony Nunez,1.0,1,1,0,1,0,27
823404,2026-04-04,BAL,away,670329,Rico Garcia,0.3333333333333333,0,0,0,1,0,10
823404,2026-04-04,BAL,away,664854,Ryan Helsley,0.3333333333333333,2,1,1,1,0,13
823404,2026-04-04,BAL,away,664991,Grant Wolfram,1.0,1,0,0,0,2,21
823404,2026-04-04,BAL,away,669358,Shane Baz,5.666666666666667,4,1,1,3,5,98
823569,2026-04-04,NYY,home,621112,Paul Blackburn,1.6666666666666665,3,1,0,0,2,28
823569,2026-04-04,NYY,home,677960,Ryan Weathers,3.6666666666666665,6,3,3,3,4,88
823569,2026-04-04,NYY,home,657612,Tim Hill,1.0,0,0,0,0,0,14
823569,2026-04-04,NYY,home,687396,Brent Headrick,0.6666666666666666,0,0,0,1,0,7
823569,2026-04-04,NYY,home,518585,Fernando Cruz,0.6666666666666666,0,0,0,0,1,5
823569,2026-04-04,NYY,home,666808,Camilo Doval,0.3333333333333333,3,2,2,0,1,23
823569,2026-04-04,NYY,home,670280,David Bednar,1.0,3,1,1,1,2,33
823569,2026-04-04,MIA,away,676534,Calvin Faucher,1.0,0,1,0,1,2,16
823569,2026-04-04,MIA,away,676974,Max Meyer,4.666666666666667,3,2,2,3,6,89
823569,2026-04-04,MIA,away,667463,John King,0.6666666666666666,0,0,0,0,1,10
823569,2026-04-04,MIA,away,656848,Michael Petersen,1.0,1,3,2,3,0,30
823569,2026-04-04,MIA,away,669622,Anthony Bender,0.3333333333333333,2,2,2,0,1,15
823569,2026-04-04,MIA,away,677053,Andrew Nardi,0.3333333333333333,0,1,1,3,1,21
823730,2026-04-04,MIN,home,689520,Cody Laweryson,1.0,0,0,0,0,1,9
823730,2026-04-04,MIN,home,607455,Anthony Banda,1.0,0,0,0,0,1,15
823730,2026-04-04,MIN,home,573124,Taylor Rogers,1.0,3,2,2,0,0,23
823730,2026-04-04,MIN,home,687849,Zak Kent,2.0,1,1,1,2,0,34
823730,2026-04-04,MIN,home,690953,Mick Abel,4.0,6,4,4,3,3,84
823730,2026-04-04,TB,away,571927,Steven Matz,6.0,2,1,1,2,8,97
823730,2026-04-04,TB,away,669438,Mason Englert,1.0,0,0,0,0,1,14
823730,2026-04-04,TB,away,642121,Cole Sulser,2.0,1,0,0,2,3,35
824054,2026-04-04,LAA,home,681217,Chase Silseth,1.0,0,0,0,0,2,16
824054,2026-04-04,LAA,home,686799,Jack Kochanowicz,5.666666666666667,4,0,0,2,7,86
824054,2026-04-04,LAA,home,519141,Drew Pomeranz,0.3333333333333333,0,0,0,0,0,4
824054,2026-04-04,LAA,home,696147,Sam Bachman,0.6666666666666666,1,0,0,0,0,8
824054,2026-04-04,LAA,home,664192,Joey Lucchesi,0.3333333333333333,0,0,0,1,0,11
824054,2026-04-04,LAA,home,605447,Jordan Romano,1.0,0,0,0,0,1,15
824054,2026-04-04,SEA,away,660825,Eduard Bazardo,1.3333333333333333,1,0,0,0,2,25
824054,2026-04-04,SEA,away,676106,Emerson Hancock,6.666666666666667,6,1,1,0,5,82
824132,2026-04-04,KC,home,679883,Luinder Avila,3.0,8,5,5,3,4,73
824132,2026-04-04,KC,home,663738,Daniel Lynch IV,2.0,1,0,0,0,3,27
824132,2026-04-04,KC,home,656638,Alex Lange,2.0,1,0,0,1,4,38
824132,2026-04-04,KC,home,674444,Steven Cruz,1.0,0,0,0,0,1,18
824132,2026-04-04,KC,home,670167,John Schreiber,1.0,0,0,0,2,0,19
824132,2026-04-04,MIL,away,694477,Chad Patrick,5.0,4,0,0,3,3,86
824132,2026-04-04,MIL,away,682842,Abner Uribe,1.3333333333333333,0,0,0,0,1,14
824132,2026-04-04,MIL,away,676879,Aaron Ashby,1.6666666666666665,4,2,2,1,3,41
824132,2026-04-04,MIL,away,656730,Trevor Megill,1.0,0,0,0,2,2,22
824134,2026-04-04,KC,home,669212,Eli Morgan,3.0,1,0,0,1,5,42
824134,2026-04-04,KC,home,683232,Nick Mears,1.0,0,0,0,0,0,14
824134,2026-04-04,KC,home,607625,Seth Lugo,5.0,4,2,2,2,7,103
824134,2026-04-04,MIL,away,701656,Logan Henderson,2.0,3,2,2,1,3,35
824134,2026-04-04,MIL,away,687075,Brandon Sproat,3.6666666666666665,4,4,4,3,4,70
824134,2026-04-04,MIL,away,669084,DL Hall,2.0,1,0,0,1,2,38
824134,2026-04-04,MIL,away,657649,Jared Koenig,0.3333333333333333,2,2,0,2,0,17
824378,2026-04-04,COL,home,680767,Victor Vodnik,1.0,1,0,0,0,0,12
824378,2026-04-04,COL,home,623474,Jimmy Herget,1.3333333333333333,0,0,0,0,2,15
824378,2026-04-04,COL,home,801403,Chase Dollander,4.333333333333333,4,1,1,1,6,71
824378,2026-04-04,COL,home,657514,Brennan Bernardino,0.6666666666666666,1,1,1,2,0,21
824378,2026-04-04,COL,home,675848,Juan Mejia,1.0,1,0,0,0,1,14
824378,2026-04-04,COL,home,677955,Jaden Hill,0.6666666666666666,0,0,0,1,1,14
824378,2026-04-04,PHI,away,666200,Jesús Luzardo,6.666666666666667,5,1,1,0,11,99
824378,2026-04-04,PHI,away,621237,José Alvarado,0.3333333333333333,0,0,0,1,1,12
824378,2026-04-04,PHI,away,661395,Jhoan Duran,1.0,0,0,0,0,1,8
824378,2026-04-04,PHI,away,641745,Brad Keller,1.0,1,0,0,0,0,13
824622,2026-04-04,CWS,home,641743,Anthony Kay,4.333333333333333,3,2,2,2,0,76
824622,2026-04-04,CWS,home,691799,Grant Taylor,1.0,0,0,0,0,1,9
824622,2026-04-04,CWS,home,622554,Seranthony Domínguez,1.0,1,0,0,1,1,24
824622,2026-04-04,CWS,home,669684,Chris Murphy,1.0,2,1,1,0,0,10
824622,2026-04-04,CWS,home,656794,Sean Newcomb,0.3333333333333333,0,0,0,1,0,16
824622,2026-04-04,CWS,home,663855,Jordan Hicks,1.3333333333333333,0,0,0,1,0,19
824622,2026-04-04,TOR,away,667297,Tommy Nance,1.6666666666666665,0,0,0,0,1,20
824622,2026-04-04,TOR,away,663893,Brendon Little,0.3333333333333333,3,3,3,0,1,13
824622,2026-04-04,TOR,away,689254,Mason Fluharty,1.0,2,1,1,1,0,20
824622,2026-04-04,TOR,away,680755,Braydon Fisher,1.0,2,2,0,1,1,25
824622,2026-04-04,TOR,away,681751,Lazaro Estrada,4.0,0,0,0,2,3,66
824782,2026-04-04,BOS,home,813349,Connelly Early,4.0,3,2,2,4,4,88
824782,2026-04-04,BOS,home,677161,Zack Kelly,1.0,0,0,0,0,1,9
824782,2026-04-04,BOS,home,686580,Justin Slaten,1.0,1,0,0,0,1,19
824782,2026-04-04,BOS,home,543056,Danny Coulombe,0.6666666666666666,0,0,0,0,1,8
824782,2026-04-04,BOS,home,547973,Aroldis Chapman,1.0,2,1,1,0,1,17
824782,2026-04-04,BOS,home,670245,Ryan Watson,1.3333333333333333,1,0,0,1,1,26
824782,2026-04-04,SD,away,695243,Mason Miller,1.0,0,0,0,0,3,11
824782,2026-04-04,SD,away,669093,Jeremiah Estrada,1.0,0,0,0,0,0,10
824782,2026-04-04,SD,away,670970,Adrian Morejon,1.0,2,1,1,0,2,29
824782,2026-04-04,SD,away,681190,Randy Vásquez,6.0,6,1,1,1,3,83
825027,2026-04-04,OAK,home,547184,Michael Kelly,1.0,1,0,0,1,0,17
825027,2026-04-04,OAK,home,665660,Elvis Alvarado,2.0,3,2,2,2,0,29
825027,2026-04-04,OAK,home,663687,Hogan Harris,1.0,4,3,3,2,1,34
825027,2026-04-04,OAK,home,665622,Luis Medina,2.0,2,1,1,2,4,43
825027,2026-04-04,OAK,home,806960,Luis Morales,3.0,8,5,5,6,0,77
825027,2026-04-04,HOU,away,678906,Kai-Wei Teng,2.3333333333333335,2,0,0,0,3,33
825027,2026-04-04,HOU,away,595345,Steven Okert,1.0,0,0,0,0,1,16
825027,2026-04-04,HOU,away,837227,Tatsuya Imai,5.666666666666667,3,0,0,3,9,94
825104,2026-04-04,ARI,home,666661,Juan Morillo,1.0,0,0,0,0,1,14
825104,2026-04-04,ARI,home,642528,Jonathan Loáisiga,1.0,0,0,0,0,0,10
825104,2026-04-04,ARI,home,623149,Paul Sewald,1.0,0,0,0,0,2,21
825104,2026-04-04,ARI,home,647336,Michael Soroka,5.0,4,1,1,3,3,91
825104,2026-04-04,ARI,home,664199,Taylor Clarke,1.0,0,0,0,0,1,12
825104,2026-04-04,ATL,away,641755,Tyler Kinley,1.0,0,0,0,0,1,7
825104,2026-04-04,ATL,away,693821,Bryce Elder,7.0,4,2,0,1,8,89
822756,2026-04-05,WSH,home,701552,Andre Granillo,0.3333333333333333,0,0,0,0,0,8
822756,2026-04-05,WSH,home,676571,PJ Poulin,2.0,2,2,2,0,2,34
822756,2026-04-05,WSH,home,690925,Clayton Beeter,1.6666666666666665,1,1,1,0,2,25
822756,2026-04-05,WSH,home,672335,Cionel Pérez,0.0,3,4,4,2,0,20
822756,2026-04-05,WSH,home,656492,Foster Griffin,5.0,5,1,1,3,6,95
822756,2026-04-05,LAD,away,681911,Alex Vesia,1.0,1,0,0,1,0,17
822756,2026-04-05,LAD,away,656945,Tanner Scott,1.0,1,0,0,0,1,15
822756,2026-04-05,LAD,away,621242,Edwin Díaz,1.0,0,0,0,0,1,13
822756,2026-04-05,LAD,away,676263,Jack Dreyer,1.0,0,0,0,1,1,16
822756,2026-04-05,LAD,away,808963,Roki Sasaki,5.0,5,6,6,3,5,90
822917,2026-04-05,TEX,home,683004,Jack Leiter,5.0,4,1,1,1,9,85
822917,2026-04-05,TEX,home,656641,Jacob Latz,1.0,0,0,0,1,1,19
822917,2026-04-05,TEX,home,656222,Jalen Beeks,0.3333333333333333,0,0,0,0,0,2
822917,2026-04-05,TEX,home,676395,Robert Garcia,0.3333333333333333,1,1,1,2,0,20
822917,2026-04-05,TEX,home,668390,Cole Winn,1.0,1,0,0,0,1,14
822917,2026-04-05,TEX,home,455119,Chris Martin,1.3333333333333333,3,0,0,0,1,13
822917,2026-04-05,CIN,away,572955,Pierce Johnson,0.6666666666666666,0,0,0,1,1,20
822917,2026-04-05,CIN,away,683175,Connor Phillips,1.0,1,0,0,1,1,28
822917,2026-04-05,CIN,away,594580,Sam Moll,0.3333333333333333,0,0,0,0,1,6
822917,2026-04-05,CIN,away,656271,Brock Burke,1.0,0,0,0,0,3,14
822917,2026-04-05,CIN,away,695505,Chase Burns,6.0,5,1,1,1,9,87
823238,2026-04-05,SF,home,664141,JT Brubaker,1.0,1,0,0,1,0,19
823238,2026-04-05,SF,home,657277,Logan Webb,7.0,7,1,1,1,3,92
823238,2026-04-05,SF,home,676775,Keaton Winn,0.3333333333333333,2,2,2,0,0,8
823238,2026-04-05,SF,home,669062,Erik Miller,0.6666666666666666,3,2,2,0,2,24
823238,2026-04-05,NYM,away,623211,Huascar Brazobán,1.3333333333333333,0,0,0,0,0,10
823238,2026-04-05,NYM,away,596133,Luke Weaver,1.0,0,0,0,0,0,12
823238,2026-04-05,NYM,away,642207,Devin Williams,1.0,2,0,0,0,1,21
823238,2026-04-05,NYM,away,673540,Kodai Senga,5.666666666666667,5,2,2,2,7,88
823405,2026-04-05,PIT,home,682254,Mason Montgomery,1.0,3,1,1,0,3,25
823405,2026-04-05,PIT,home,664353,José Urquidy,2.0,1,0,0,0,3,31
823405,2026-04-05,PIT,home,677952,Braxton Ashcraft,6.0,4,1,1,0,8,87
823405,2026-04-05,BAL,away,700249,Cade Povich,5.666666666666667,4,2,2,3,2,87
823405,2026-04-05,BAL,away,605135,Chris Bassitt,2.0,6,6,6,2,0,62
823405,2026-04-05,BAL,away,666974,Yennier Cano,0.3333333333333333,0,0,0,0,1,7
823566,2026-04-05,NYY,home,642232,Ryan Yarbrough,1.6666666666666665,1,0,0,0,3,23
823566,2026-04-05,NYY,home,518585,Fernando Cruz,0.6666666666666666,0,1,1,1,2,16
823566,2026-04-05,NYY,home,608331,Max Fried,6.666666666666667,5,3,3,3,4,103
823566,2026-04-05,NYY,home,656234,Jake Bird,0.0,1,3,3,1,0,10
823566,2026-04-05,MIA,away,664126,Pete Fairbanks,1.0,3,3,3,1,1,27
823566,2026-04-05,MIA,away,676534,Calvin Faucher,1.0,0,0,0,1,1,23
823566,2026-04-05,MIA,away,667463,John King,0.3333333333333333,0,0,0,0,0,5
823566,2026-04-05,MIA,away,669622,Anthony Bender,1.0,1,2,2,3,2,31
823566,2026-04-05,MIA,away,663978,Chris Paddack,4.666666666666667,3,1,0,4,4,88
823566,2026-04-05,MIA,away,677053,Andrew Nardi,1.0,0,0,0,0,1,12
823729,2026-04-05,MIN,home,623437,Justin Topa,0.3333333333333333,2,3,2,1,0,15
823729,2026-04-05,MIN,home,680573,Simeon Woods Richardson,6.666666666666667,5,1,1,2,4,88
823729,2026-04-05,MIN,home,663485,Cole Sands,2.0,1,0,0,0,1,21
823729,2026-04-05,MIN,home,573124,Taylor Rogers,0.6666666666666666,0,0,0,2,0,18
823729,2026-04-05,MIN,home,681892,Kody Funderburk,0.3333333333333333,0,0,0,0,0,3
823729,2026-04-05,TB,away,607259,Nick Martinez,6.0,1,1,1,1,4,81
823729,2026-04-05,TB,away,687330,Kevin Kelly,1.0,0,0,0,0,1,19
823729,2026-04-05,TB,away,643377,Griffin Jax,2.0,2,0,0,1,0,30
823729,2026-04-05,TB,away,641329,Bryan Baker,1.0,0,0,0,0,2,14
824053,2026-04-05,LAA,home,696147,Sam Bachman,2.0,2,1,1,0,2,28
824053,2026-04-05,LAA,home,666171,Ryan Zeferjahn,2.0,0,2,2,1,5,27
824053,2026-04-05,LAA,home,641312,Shaun Anderson,2.0,1,1,0,1,1,27
824053,2026-04-05,LAA,home,691946,George Klassen,2.6666666666666665,3,2,2,5,4,73
824053,2026-04-05,LAA,home,608718,Brent Suter,2.3333333333333335,1,1,1,1,3,39
824053,2026-04-05,SEA,away,678606,José A. Ferrer,1.0,4,2,2,0,1,19
824053,2026-04-05,SEA,away,668984,Casey Legumina,2.0,1,0,0,0,0,26
824053,2026-04-05,SEA,away,677961,Cole Wilcox,1.3333333333333333,0,0,0,1,2,23
824053,2026-04-05,SEA,away,666374,Matt Brash,1.0,0,1,0,0,1,10
824053,2026-04-05,SEA,away,622491,Luis Castillo,3.6666666666666665,6,4,3,1,4,84
824053,2026-04-05,SEA,away,662253,Andrés Muñoz,1.0,0,0,0,0,1,16
824053,2026-04-05,SEA,away,642100,Gabe Speier,0.6666666666666666,0,1,0,1,0,3
824131,2026-04-05,KC,home,668674,Lucas Erceg,1.0,3,2,2,1,1,30
824131,2026-04-05,KC,home,663460,Kris Bubic,5.0,4,4,4,3,8,96
824131,2026-04-05,KC,home,621381,Matt Strahm,1.0,2,2,2,1,1,29
824131,2026-04-05,KC,home,683232,Nick Mears,1.0,1,0,0,1,0,14
824131,2026-04-05,KC,home,674444,Steven Cruz,1.0,0,0,0,2,1,16
824131,2026-04-05,MIL,away,682842,Abner Uribe,0.3333333333333333,2,1,1,0,1,14
824131,2026-04-05,MIL,away,681982,Grant Anderson,0.6666666666666666,2,2,2,1,1,12
824131,2026-04-05,MIL,away,690986,Kyle Harrison,5.333333333333333,3,2,2,2,6,90
824131,2026-04-05,MIL,away,672582,Angel Zerpa,1.6666666666666665,1,0,0,1,1,23
824131,2026-04-05,MIL,away,656730,Trevor Megill,1.0,1,0,0,0,0,12
824296,2026-04-05,DET,home,657756,Connor Seabold,2.0,1,0,0,2,1,31
824296,2026-04-05,DET,home,672456,Keider Montero,4.333333333333333,3,3,2,1,3,63
824296,2026-04-05,DET,home,646241,Enmanuel De Jesus,2.6666666666666665,2,2,1,0,3,38
824296,2026-04-05,STL,away,681517,Kyle Leahy,5.0,5,2,2,3,4,97
824296,2026-04-05,STL,away,668941,JoJo Romero,1.6666666666666665,0,0,0,1,1,19
824296,2026-04-05,STL,away,676617,Riley O'Brien,1.0,0,0,0,0,1,13
824296,2026-04-05,STL,away,666277,George Soriano,0.3333333333333333,1,1,1,2,0,19
824296,2026-04-05,STL,away,592773,Ryne Stanek,1.0,0,0,0,1,2,23
824379,2026-04-05,COL,home,680767,Victor Vodnik,1.0,2,0,0,0,3,22
824379,2026-04-05,COL,home,657514,Brennan Bernardino,1.0,0,0,0,0,2,14
824379,2026-04-05,COL,home,608372,Tomoyuki Sugano,6.0,4,1,1,1,5,78
824379,2026-04-05,COL,home,677955,Jaden Hill,1.0,0,0,0,0,0,10
824379,2026-04-05,PHI,away,641835,Tim Mayza,1.0,0,0,0,0,1,13
824379,2026-04-05,PHI,away,592836,Taijuan Walker,5.0,7,4,4,2,4,87
824379,2026-04-05,PHI,away,621383,Tanner Banks,1.0,0,0,0,0,1,8
824379,2026-04-05,PHI,away,679775,Kyle Backhus,1.0,0,0,0,0,2,12
824459,2026-04-05,CLE,home,641401,Connor Brogdon,1.0,1,1,1,1,0,19
824459,2026-04-05,CLE,home,677944,Slade Cecconi,6.0,1,0,0,1,6,85
824459,2026-04-05,CLE,home,688883,Peyton Pallette,1.0,0,0,0,0,2,15
824459,2026-04-05,CLE,home,682120,Tim Herrin,1.0,0,0,0,0,2,17
824459,2026-04-05,CHC,away,694037,Daniel Palencia,1.0,0,0,0,0,1,13
824459,2026-04-05,CHC,away,571948,Hoby Milner,1.0,0,0,0,0,0,14
824459,2026-04-05,CHC,away,665795,Edward Cabrera,5.666666666666667,1,0,0,5,4,97
824459,2026-04-05,CHC,away,573204,Caleb Thielbar,1.3333333333333333,0,0,0,1,0,28
824460,2026-04-05,CLE,home,542888,Shawn Armstrong,1.3333333333333333,1,1,1,1,2,29
824460,2026-04-05,CLE,home,670036,Matt Festa,1.0,2,2,2,0,1,13
824460,2026-04-05,CLE,home,671922,Cade Smith,1.0,1,1,1,2,2,33
824460,2026-04-05,CLE,home,800048,Parker Messick,5.0,2,1,1,3,6,91
824460,2026-04-05,CLE,home,681870,Erik Sabrowski,0.6666666666666666,1,0,0,0,1,14
824460,2026-04-05,CHC,away,681799,Ethan Roberts,0.6666666666666666,1,0,0,0,0,13
824460,2026-04-05,CHC,away,684007,Shota Imanaga,5.0,3,1,1,1,4,92
824460,2026-04-05,CHC,away,657097,Jacob Webb,0.3333333333333333,3,3,3,1,0,20
824460,2026-04-05,CHC,away,676962,Ben Brown,2.0,2,2,2,2,0,42
824620,2026-04-05,CWS,home,663436,Davis Martin,6.0,4,0,0,2,6,85
824620,2026-04-05,CWS,home,669684,Chris Murphy,1.0,0,0,0,1,1,15
824620,2026-04-05,CWS,home,673929,Jordan Leasure,1.3333333333333333,0,0,0,0,1,19
824620,2026-04-05,CWS,home,663542,Bryan Hudson,0.6666666666666666,2,0,0,0,1,19
824620,2026-04-05,TOR,away,693686,Spencer Miles,2.0,2,0,0,0,2,27
824620,2026-04-05,TOR,away,573009,Joe Mantiply,1.3333333333333333,0,0,0,0,3,17
824620,2026-04-05,TOR,away,608723,Austin Voth,2.6666666666666665,3,1,1,1,1,49
824620,2026-04-05,TOR,away,641778,Eric Lauer,2.0,3,2,2,3,0,49
824781,2026-04-05,BOS,home,669711,Greg Weissert,1.0,2,2,2,0,3,18
824781,2026-04-05,BOS,home,677161,Zack Kelly,1.0,1,1,1,0,0,17
824781,2026-04-05,BOS,home,624133,Ranger Suarez,4.0,6,4,4,2,2,75
824781,2026-04-05,BOS,home,700413,Tyler Uberstine,2.6666666666666665,3,1,1,1,2,45
824781,2026-04-05,BOS,home,543056,Danny Coulombe,0.3333333333333333,0,0,0,0,0,2
824781,2026-04-05,SD,away,695243,Mason Miller,1.0,0,0,0,0,3,12
824781,2026-04-05,SD,away,593974,Wandy Peralta,0.3333333333333333,2,1,1,0,0,10
824781,2026-04-05,SD,away,621111,Walker Buehler,2.6666666666666665,3,4,4,3,4,61
824781,2026-04-05,SD,away,699134,Bradgley Rodriguez,1.6666666666666665,3,1,1,0,2,25
824781,2026-04-05,SD,away,669093,Jeremiah Estrada,1.0,0,0,0,0,1,13
824781,2026-04-05,SD,away,606996,Kyle Hart,2.3333333333333335,1,0,0,1,0,28
825025,2026-04-05,OAK,home,669372,J.T. Ginn,1.3333333333333333,2,2,2,0,1,27
825025,2026-04-05,OAK,home,686993,Justin Sterner,1.3333333333333333,2,0,0,1,1,22
825025,2026-04-05,OAK,home,605130,Scott Barlow,0.0,2,4,4,2,0,16
825025,2026-04-05,OAK,home,682052,Jacob Lopez,4.333333333333333,3,3,3,5,6,92
825025,2026-04-05,OAK,home,665660,Elvis Alvarado,0.6666666666666666,0,0,0,0,1,8
825025,2026-04-05,OAK,home,663687,Hogan Harris,1.3333333333333333,1,1,0,2,2,21
825025,2026-04-05,OAK,home,643410,Mark Leiter Jr.,1.0,1,0,0,1,0,26
825025,2026-04-05,HOU,away,650556,Bryan Abreu,0.3333333333333333,2,3,2,1,0,16
825025,2026-04-05,HOU,away,685005,Christian Roa,0.6666666666666666,2,0,0,1,0,27
825025,2026-04-05,HOU,away,595345,Steven Okert,0.3333333333333333,1,2,2,1,0,9
825025,2026-04-05,HOU,away,805123,AJ Blubaugh,2.0,5,4,4,2,1,44
825025,2026-04-05,HOU,away,621121,Lance McCullers Jr.,4.0,5,3,3,3,4,79
825025,2026-04-05,HOU,away,687911,Bryan King,1.6666666666666665,1,0,0,1,1,23
825102,2026-04-05,ARI,home,694297,Brandon Pfaadt,4.666666666666667,6,3,3,2,2,79
825102,2026-04-05,ARI,home,688497,Taylor Rashi,1.0,0,0,0,0,0,9
825102,2026-04-05,ARI,home,656464,Kevin Ginkel,1.0,1,0,0,0,1,13
825102,2026-04-05,ARI,home,642528,Jonathan Loáisiga,1.0,3,1,1,0,1,25
825102,2026-04-05,ARI,home,664199,Taylor Clarke,1.3333333333333333,0,0,0,0,1,17
825102,2026-04-05,ARI,home,657044,Ryan Thompson,1.0,1,1,0,1,1,14
825102,2026-04-05,ATL,away,669276,Dylan Lee,1.0,2,1,1,0,0,18
825102,2026-04-05,ATL,away,663158,Robert Suarez,1.0,0,0,0,0,3,14
825102,2026-04-05,ATL,away,606303,Joel Payamps,0.0,1,1,0,0,0,1
825102,2026-04-05,ATL,away,641755,Tyler Kinley,1.0,1,0,0,1,0,19
825102,2026-04-05,ATL,away,628452,Raisel Iglesias,1.0,0,0,0,0,1,14
825102,2026-04-05,ATL,away,527048,Martín Pérez,5.0,5,4,4,1,1,75
822755,2026-04-06,WSH,home,701552,Andre Granillo,0.6666666666666666,2,2,2,2,0,29
822755,2026-04-06,WSH,home,686610,Ken Waldichuk,2.3333333333333335,2,3,3,2,2,33
822755,2026-04-06,WSH,home,672335,Cionel Pérez,1.0,1,0,0,0,0,21
822755,2026-04-06,WSH,home,641793,Zack Littell,5.0,4,1,1,3,6,70
822755,2026-04-06,STL,away,694335,Matt Svanson,0.6666666666666666,3,3,3,0,1,13
822755,2026-04-06,STL,away,668941,JoJo Romero,1.0,2,0,0,1,0,21
822755,2026-04-06,STL,away,677865,Justin Bruihl,0.6666666666666666,1,1,1,2,0,23
822755,2026-04-06,STL,away,669467,Andre Pallante,5.0,3,2,2,4,2,88
822755,2026-04-06,STL,away,592773,Ryne Stanek,0.6666666666666666,3,3,3,0,1,23
822832,2026-04-06,TOR,home,693686,Spencer Miles,1.0,2,1,1,0,1,16
822832,2026-04-06,TOR,home,667297,Tommy Nance,1.3333333333333333,6,4,4,0,3,36
822832,2026-04-06,TOR,home,573009,Joe Mantiply,0.6666666666666666,1,3,3,2,1,25
822832,2026-04-06,TOR,home,676596,Josh Fleming,3.0,6,4,4,2,1,77
822832,2026-04-06,TOR,home,453286,Max Scherzer,2.0,2,2,2,1,2,36
822832,2026-04-06,TOR,home,623168,Tyler Heineman,1.0,0,0,0,0,0,11
822832,2026-04-06,LAD,away,683618,Edgardo Henriquez,1.0,0,0,0,0,2,11
822832,2026-04-06,LAD,away,694361,Will Klein,2.0,2,0,0,0,2,27
822832,2026-04-06,LAD,away,680736,Justin Wrobleski,5.0,2,1,1,4,2,78
822832,2026-04-06,LAD,away,500743,Miguel Rojas,1.0,1,1,1,1,0,18
822918,2026-04-06,TEX,home,641302,Tyler Alexander,0.6666666666666666,1,0,0,0,1,17
822918,2026-04-06,TEX,home,656222,Jalen Beeks,1.0,0,0,0,1,0,16
822918,2026-04-06,TEX,home,676395,Robert Garcia,1.0,0,0,0,0,0,14
822918,2026-04-06,TEX,home,594798,Jacob deGrom,5.0,1,1,1,1,6,78
822918,2026-04-06,TEX,home,596001,Jakob Junis,1.0,0,0,0,0,0,4
822918,2026-04-06,TEX,home,668390,Cole Winn,0.3333333333333333,0,0,0,0,0,3
822918,2026-04-06,SEA,away,678606,José A. Ferrer,1.0,0,0,0,0,2,12
822918,2026-04-06,SEA,away,669302,Logan Gilbert,6.0,6,2,2,0,5,96
822918,2026-04-06,SEA,away,681867,Cooper Criswell,1.0,1,0,0,2,0,23
823002,2026-04-06,TB,home,663556,Shane McClanahan,4.0,1,2,2,4,5,69
823002,2026-04-06,TB,home,693855,Ian Seymour,1.3333333333333333,2,1,1,0,1,21
823002,2026-04-06,TB,home,687330,Kevin Kelly,1.0,0,0,0,0,1,14
823002,2026-04-06,TB,home,685801,Hunter Bigge,1.6666666666666665,0,0,0,0,0,20
823002,2026-04-06,TB,home,641329,Bryan Baker,1.0,1,1,1,0,2,14
823002,2026-04-06,CHC,away,702303,Riley Martin,1.0,1,0,0,0,0,10
823002,2026-04-06,CHC,away,592791,Jameson Taillon,6.0,7,4,3,0,4,83
823002,2026-04-06,CHC,away,664208,Phil Maton,1.0,1,2,2,1,1,19
823237,2026-04-06,SF,home,668873,Caleb Kilian,0.6666666666666666,0,0,0,1,1,17
823237,2026-04-06,SF,home,621366,Ryan Borucki,0.3333333333333333,2,2,2,1,0,12
823237,2026-04-06,SF,home,605288,Adrian Houser,6.0,9,4,4,2,3,89
823237,2026-04-06,SF,home,694918,Blade Tidwell,1.0,0,0,0,1,2,19
823237,2026-04-06,SF,home,657424,Matt Gage,1.0,0,0,0,1,1,15
823237,2026-04-06,PHI,away,621237,José Alvarado,1.0,0,0,0,0,1,22
823237,2026-04-06,PHI,away,661395,Jhoan Duran,1.0,1,0,0,0,0,16
823237,2026-04-06,PHI,away,680742,Jonathan Bowlan,1.0,0,0,0,0,2,15
823237,2026-04-06,PHI,away,641835,Tim Mayza,1.0,0,0,0,0,1,9
823237,2026-04-06,PHI,away,641745,Brad Keller,1.0,1,0,0,0,2,20
823237,2026-04-06,PHI,away,691725,Andrew Painter,4.0,9,4,4,1,1,90
823401,2026-04-06,PIT,home,642397,Gregory Soto,1.0,0,0,0,1,1,18
823401,2026-04-06,PIT,home,670990,Yohan Ramírez,1.6666666666666665,2,1,1,0,0,27
823401,2026-04-06,PIT,home,676755,Isaac Mattson,1.0,2,0,0,0,2,21
823401,2026-04-06,PIT,home,696149,Bubba Chandler,4.333333333333333,5,3,3,4,4,83
823401,2026-04-06,PIT,home,664875,Justin Lawrence,1.0,2,1,1,0,2,13
823401,2026-04-06,SD,away,688158,David Morgan,2.0,0,0,0,3,1,39
823401,2026-04-06,SD,away,608566,Germán Márquez,5.0,6,0,0,1,4,92
823401,2026-04-06,SD,away,676760,Ron Marinaccio,2.0,1,0,0,1,1,30
823728,2026-04-06,MIN,home,689520,Cody Laweryson,1.6666666666666665,0,0,0,0,2,14
823728,2026-04-06,MIN,home,607455,Anthony Banda,1.0,1,0,0,0,1,17
823728,2026-04-06,MIN,home,681892,Kody Funderburk,0.6666666666666666,0,0,0,3,0,20
823728,2026-04-06,MIN,home,657746,Joe Ryan,5.0,3,3,2,3,7,101
823728,2026-04-06,MIN,home,679358,Eric Orze,0.6666666666666666,0,0,0,1,1,12
823728,2026-04-06,DET,away,676428,Brant Hurter,0.6666666666666666,1,1,1,2,2,23
823728,2026-04-06,DET,away,663554,Casey Mize,4.333333333333333,7,5,5,3,4,90
823728,2026-04-06,DET,away,623454,Drew Anderson,3.0,2,1,1,2,4,49
823886,2026-04-06,MIA,home,663969,Tyler Phillips,1.6666666666666665,0,0,0,1,1,23
823886,2026-04-06,MIA,home,676083,Janson Junk,7.333333333333333,7,2,2,1,3,87
823886,2026-04-06,CIN,away,641941,Emilio Pagán,1.0,0,0,0,0,0,13
823886,2026-04-06,CIN,away,682227,Brandon Williamson,6.666666666666667,3,0,0,1,4,93
823886,2026-04-06,CIN,away,663574,Tony Santillan,1.0,0,0,0,1,1,15
823886,2026-04-06,CIN,away,656271,Brock Burke,0.3333333333333333,0,0,0,0,1,6
824052,2026-04-06,LAA,home,681217,Chase Silseth,0.6666666666666666,2,1,1,1,1,28
824052,2026-04-06,LAA,home,667755,José Soriano,8.0,3,1,1,0,10,97
824052,2026-04-06,LAA,home,605447,Jordan Romano,0.3333333333333333,0,0,0,0,0,3
824052,2026-04-06,ATL,away,606303,Joel Payamps,1.0,0,0,0,0,1,11
824052,2026-04-06,ATL,away,519242,Chris Sale,4.0,5,6,6,2,7,77
824052,2026-04-06,ATL,away,674370,Osvaldo Bido,2.0,0,0,0,0,1,18
824052,2026-04-06,ATL,away,607481,Aaron Bummer,1.0,0,0,0,0,1,7
824376,2026-04-06,COL,home,663372,Ryan Feltner,5.333333333333333,7,4,4,2,1,70
824376,2026-04-06,COL,home,623474,Jimmy Herget,1.6666666666666665,2,1,1,0,1,33
824376,2026-04-06,COL,home,675848,Juan Mejia,1.6666666666666665,0,0,0,1,1,21
824376,2026-04-06,COL,home,688642,Zach Agnos,0.3333333333333333,4,2,2,0,0,18
824376,2026-04-06,HOU,away,680802,Ryan Weiss,2.6666666666666665,8,7,6,2,4,62
824376,2026-04-06,HOU,away,660853,Enyel De Los Santos,1.0,1,0,0,0,0,8
824376,2026-04-06,HOU,away,675989,Cody Bolton,4.333333333333333,3,2,2,2,5,63
824456,2026-04-06,CLE,home,688883,Peyton Pallette,2.0,3,1,1,0,3,30
824456,2026-04-06,CLE,home,663465,Kolby Allard,2.0,3,2,2,1,2,35
824456,2026-04-06,CLE,home,676440,Tanner Bibee,4.666666666666667,5,1,1,1,3,87
824456,2026-04-06,CLE,home,682120,Tim Herrin,0.3333333333333333,0,0,0,0,0,5
824456,2026-04-06,KC,away,668674,Lucas Erceg,1.0,0,0,0,0,1,14
824456,2026-04-06,KC,away,621381,Matt Strahm,1.0,1,1,1,1,1,24
824456,2026-04-06,KC,away,608379,Michael Wacha,7.0,3,1,1,3,3,102
824619,2026-04-06,CWS,home,691799,Grant Taylor,1.0,1,0,0,0,1,16
824619,2026-04-06,CWS,home,608371,Lucas Sims,2.0,1,0,0,0,2,21
824619,2026-04-06,CWS,home,607200,Erick Fedde,6.0,5,2,2,1,4,86
824619,2026-04-06,BAL,away,669330,Tyler Wells,2.0,1,0,0,1,2,32
824619,2026-04-06,BAL,away,670329,Rico Garcia,1.0,0,0,0,0,1,10
824619,2026-04-06,BAL,away,687064,Brandon Young,5.0,2,0,0,2,2,66
824619,2026-04-06,BAL,away,664854,Ryan Helsley,1.0,1,1,1,2,1,24
824783,2026-04-06,BOS,home,678394,Brayan Bello,3.3333333333333335,5,4,3,4,5,86
824783,2026-04-06,BOS,home,676477,Garrett Whitlock,1.0,1,2,1,2,2,27
824783,2026-04-06,BOS,home,663558,Jovani Morán,3.0,1,1,1,1,4,45
824783,2026-04-06,BOS,home,543056,Danny Coulombe,0.6666666666666666,2,0,0,1,0,23
824783,2026-04-06,BOS,home,670245,Ryan Watson,1.0,2,1,1,0,0,10
824783,2026-04-06,MIL,away,681982,Grant Anderson,1.0,0,0,0,0,0,15
824783,2026-04-06,MIL,away,676879,Aaron Ashby,1.3333333333333333,1,0,0,1,0,23
824783,2026-04-06,MIL,away,605540,Brandon Woodruff,5.666666666666667,8,5,5,2,4,94
824783,2026-04-06,MIL,away,672582,Angel Zerpa,1.0,2,1,1,0,0,16
822754,2026-04-07,WSH,home,676571,PJ Poulin,1.3333333333333333,1,1,1,2,2,27
822754,2026-04-07,WSH,home,690925,Clayton Beeter,1.0,0,0,0,2,0,15
822754,2026-04-07,WSH,home,669371,Cole Henry,1.0,2,2,1,0,1,16
822754,2026-04-07,WSH,home,676917,Cade Cavalli,4.666666666666667,4,2,1,4,3,94
822754,2026-04-07,WSH,home,681402,Gus Varland,1.0,1,2,2,1,1,22
822754,2026-04-07,WSH,home,687606,Paxton Schultz,1.0,1,0,0,1,1,26
822754,2026-04-07,STL,away,700669,Gordon Graceffo,2.0,1,1,1,2,2,35
822754,2026-04-07,STL,away,676617,Riley O'Brien,1.0,0,1,0,0,2,16
822754,2026-04-07,STL,away,666277,George Soriano,2.0,0,0,0,0,3,20
822754,2026-04-07,STL,away,669461,Matthew Liberatore,5.0,9,4,4,2,6,92
822831,2026-04-07,TOR,home,686973,Louis Varland,1.3333333333333333,0,0,0,0,2,23
822831,2026-04-07,TOR,home,592332,Kevin Gausman,5.333333333333333,5,3,2,2,5,84
822831,2026-04-07,TOR,home,656546,Jeff Hoffman,1.0,2,1,1,1,2,14
822831,2026-04-07,TOR,home,689254,Mason Fluharty,1.3333333333333333,1,0,0,0,2,20
822831,2026-04-07,LAD,away,681911,Alex Vesia,1.0,0,0,0,1,1,15
822831,2026-04-07,LAD,away,621242,Edwin Díaz,1.0,1,0,0,1,3,23
822831,2026-04-07,LAD,away,595014,Blake Treinen,1.0,0,0,0,0,0,10
822831,2026-04-07,LAD,away,808967,Yoshinobu Yamamoto,6.0,5,1,1,1,6,97
822916,2026-04-07,TEX,home,656641,Jacob Latz,2.0,0,0,0,0,2,23
822916,2026-04-07,TEX,home,596001,Jakob Junis,1.0,2,0,0,0,0,15
822916,2026-04-07,TEX,home,543135,Nathan Eovaldi,6.0,6,2,2,2,7,93
822916,2026-04-07,SEA,away,669923,George Kirby,8.0,6,3,3,0,4,90
822999,2026-04-07,TB,home,669438,Mason Englert,3.6666666666666665,7,4,3,1,2,65
822999,2026-04-07,TB,home,642121,Cole Sulser,2.3333333333333335,3,1,1,1,2,37
822999,2026-04-07,TB,home,672782,Yoendrys Gómez,3.0,6,4,4,1,1,58
822999,2026-04-07,CHC,away,571948,Hoby Milner,1.3333333333333333,2,0,0,0,0,17
822999,2026-04-07,CHC,away,665871,Javier Assad,5.666666666666667,1,0,0,2,3,80
822999,2026-04-07,CHC,away,573204,Caleb Thielbar,0.3333333333333333,0,0,0,0,0,2
822999,2026-04-07,CHC,away,657097,Jacob Webb,1.0,0,0,0,1,1,14
822999,2026-04-07,CHC,away,664208,Phil Maton,0.6666666666666666,3,2,2,0,1,26
823235,2026-04-07,SF,home,676254,Ryan Walker,1.3333333333333333,1,0,0,1,1,25
823235,2026-04-07,SF,home,676775,Keaton Winn,1.0,0,0,0,0,0,11
823235,2026-04-07,SF,home,592662,Robbie Ray,6.666666666666667,3,0,0,3,7,109
823235,2026-04-07,PHI,away,650911,Cristopher Sánchez,5.0,11,4,2,0,6,92
823235,2026-04-07,PHI,away,689147,Orion Kerkering,1.0,2,2,2,1,0,26
823235,2026-04-07,PHI,away,647315,Zach Pop,1.0,0,0,0,0,0,13
823235,2026-04-07,PHI,away,621383,Tanner Banks,1.0,0,0,0,0,2,18
823402,2026-04-07,PIT,home,694973,Paul Skenes,6.333333333333333,2,1,1,2,6,87
823402,2026-04-07,PIT,home,642397,Gregory Soto,1.0,0,0,0,0,1,10
823402,2026-04-07,PIT,home,670990,Yohan Ramírez,1.0,0,0,0,0,2,12
823402,2026-04-07,PIT,home,676755,Isaac Mattson,0.6666666666666666,1,0,0,0,0,9
823402,2026-04-07,SD,away,593974,Wandy Peralta,1.0,1,0,0,1,1,13
823402,2026-04-07,SD,away,699134,Bradgley Rodriguez,1.0,2,0,0,0,0,23
823402,2026-04-07,SD,away,670970,Adrian Morejon,0.3333333333333333,5,5,4,0,1,20
823402,2026-04-07,SD,away,601713,Nick Pivetta,5.0,4,2,2,1,8,86
823402,2026-04-07,SD,away,676760,Ron Marinaccio,0.6666666666666666,0,0,0,0,0,6
823567,2026-04-07,NYY,home,687396,Brent Headrick,1.0,0,0,0,2,3,22
823567,2026-04-07,NYY,home,518585,Fernando Cruz,1.3333333333333333,0,0,0,2,1,20
823567,2026-04-07,NYY,home,656234,Jake Bird,0.6666666666666666,1,0,0,0,1,10
823567,2026-04-07,NYY,home,670280,David Bednar,1.0,0,0,0,0,1,14
823567,2026-04-07,NYY,home,693645,Cam Schlittler,5.0,5,3,3,0,7,84
823567,2026-04-07,OAK,away,686993,Justin Sterner,2.0,2,0,0,0,1,27
823567,2026-04-07,OAK,away,669270,Joel Kuhnel,0.3333333333333333,0,0,0,0,0,5
823567,2026-04-07,OAK,away,650644,Aaron Civale,5.0,2,1,1,4,6,88
823567,2026-04-07,OAK,away,643410,Mark Leiter Jr.,0.6666666666666666,5,4,4,0,0,28
823648,2026-04-07,NYM,home,623211,Huascar Brazobán,0.3333333333333333,2,0,0,0,0,14
823648,2026-04-07,NYM,home,596133,Luke Weaver,1.0,0,0,0,0,1,13
823648,2026-04-07,NYM,home,642207,Devin Williams,1.0,2,0,0,0,2,16
823648,2026-04-07,NYM,home,642547,Freddy Peralta,4.666666666666667,3,3,3,3,5,101
823648,2026-04-07,NYM,home,548384,Brooks Raley,1.0,1,0,0,0,2,20
823648,2026-04-07,NYM,home,472610,Luis García,2.0,1,0,0,0,0,23
823648,2026-04-07,ARI,away,666661,Juan Morillo,1.0,0,0,0,0,0,10
823648,2026-04-07,ARI,away,656464,Kevin Ginkel,1.0,0,0,0,0,1,12
823648,2026-04-07,ARI,away,642528,Jonathan Loáisiga,1.0,2,1,1,0,1,21
823648,2026-04-07,ARI,away,623149,Paul Sewald,0.3333333333333333,1,1,0,0,0,6
823648,2026-04-07,ARI,away,668678,Zac Gallen,5.0,5,2,1,4,5,95
823648,2026-04-07,ARI,away,657044,Ryan Thompson,1.0,0,0,0,0,0,8
823727,2026-04-07,MIN,home,671737,Taj Bradley,6.333333333333333,6,1,1,0,10,104
823727,2026-04-07,MIN,home,623437,Justin Topa,0.6666666666666666,0,0,0,1,0,14
823727,2026-04-07,MIN,home,663485,Cole Sands,0.3333333333333333,0,0,0,2,0,12
823727,2026-04-07,MIN,home,573124,Taylor Rogers,1.0,1,0,0,0,2,12
823727,2026-04-07,MIN,home,679358,Eric Orze,0.6666666666666666,2,1,1,0,2,19
823727,2026-04-07,DET,away,669373,Tarik Skubal,4.666666666666667,8,4,4,2,7,95
823727,2026-04-07,DET,away,663947,Tyler Holton,1.3333333333333333,0,0,0,0,1,16
823727,2026-04-07,DET,away,657756,Connor Seabold,2.0,2,0,0,1,2,35
823887,2026-04-07,MIA,home,645261,Sandy Alcantara,8.333333333333334,3,2,2,2,6,95
823887,2026-04-07,MIA,home,676534,Calvin Faucher,0.3333333333333333,2,4,3,2,1,28
823887,2026-04-07,MIA,home,667463,John King,0.6666666666666666,0,0,0,1,0,7
823887,2026-04-07,MIA,home,669622,Anthony Bender,0.6666666666666666,0,0,0,1,1,21
823887,2026-04-07,CIN,away,572955,Pierce Johnson,0.6666666666666666,0,0,0,0,1,7
823887,2026-04-07,CIN,away,641941,Emilio Pagán,1.0,0,0,0,2,2,24
823887,2026-04-07,CIN,away,683742,Jose Franco,2.0,0,0,0,2,2,31
823887,2026-04-07,CIN,away,668933,Graham Ashcraft,1.0,1,1,0,0,0,10
823887,2026-04-07,CIN,away,671096,Andrew Abbott,5.333333333333333,6,2,2,2,2,91
824051,2026-04-07,LAA,home,815083,Mitch Farris,1.0,1,0,0,1,0,14
824051,2026-04-07,LAA,home,641312,Shaun Anderson,3.0,5,3,3,1,4,62
824051,2026-04-07,LAA,home,579328,Yusei Kikuchi,5.0,6,4,4,1,8,97
824051,2026-04-07,ATL,away,669276,Dylan Lee,0.6666666666666666,0,0,0,0,0,9
824051,2026-04-07,ATL,away,663158,Robert Suarez,1.0,0,0,0,1,2,26
824051,2026-04-07,ATL,away,641755,Tyler Kinley,0.6666666666666666,1,0,0,0,2,13
824051,2026-04-07,ATL,away,607481,Aaron Bummer,0.3333333333333333,0,0,0,1,0,17
824051,2026-04-07,ATL,away,625643,Reynaldo López,4.666666666666667,3,2,0,2,7,80
824051,2026-04-07,ATL,away,628452,Raisel Iglesias,1.6666666666666665,2,0,0,0,3,22
824375,2026-04-07,COL,home,607536,Kyle Freeland,6.333333333333333,3,1,1,1,5,81
824375,2026-04-07,COL,home,622608,Antonio Senzatela,2.6666666666666665,0,0,0,0,3,26
824375,2026-04-07,HOU,away,678906,Kai-Wei Teng,0.6666666666666666,1,1,1,0,0,7
824375,2026-04-07,HOU,away,685005,Christian Roa,1.0,0,0,0,0,1,15
824375,2026-04-07,HOU,away,595345,Steven Okert,1.0,1,1,1,1,0,13
824375,2026-04-07,HOU,away,681347,Mike Burrows,5.333333333333333,8,3,3,1,3,87
824457,2026-04-07,CLE,home,542888,Shawn Armstrong,1.0,0,0,0,2,2,25
824457,2026-04-07,CLE,home,671922,Cade Smith,1.0,0,0,0,0,2,10
824457,2026-04-07,CLE,home,681870,Erik Sabrowski,1.0,0,0,0,0,2,15
824457,2026-04-07,CLE,home,668909,Gavin Williams,5.666666666666667,1,1,1,5,8,102
824457,2026-04-07,CLE,home,682120,Tim Herrin,0.3333333333333333,0,0,0,1,0,11
824457,2026-04-07,KC,away,683232,Nick Mears,1.0,0,0,0,1,2,24
824457,2026-04-07,KC,away,663738,Daniel Lynch IV,1.3333333333333333,0,0,0,0,1,13
824457,2026-04-07,KC,away,702070,Noah Cameron,5.666666666666667,6,1,1,1,5,97
824457,2026-04-07,KC,away,670167,John Schreiber,0.3333333333333333,2,1,1,1,0,19
824618,2026-04-07,CWS,home,681343,Shane Smith,3.6666666666666665,1,0,0,5,8,99
824618,2026-04-07,CWS,home,669684,Chris Murphy,0.6666666666666666,1,1,1,1,0,13
824618,2026-04-07,CWS,home,673929,Jordan Leasure,1.0,1,0,0,0,2,21
824618,2026-04-07,CWS,home,663542,Bryan Hudson,1.0,0,0,0,1,0,15
824618,2026-04-07,CWS,home,656794,Sean Newcomb,1.3333333333333333,2,1,1,1,1,26
824618,2026-04-07,CWS,home,663855,Jordan Hicks,1.3333333333333333,3,2,2,0,2,23
824618,2026-04-07,BAL,away,669432,Trevor Rogers,6.0,6,2,2,0,6,101
824618,2026-04-07,BAL,away,689296,Anthony Nunez,0.3333333333333333,0,0,0,0,1,6
824618,2026-04-07,BAL,away,664854,Ryan Helsley,1.0,0,0,0,1,2,18
824618,2026-04-07,BAL,away,664991,Grant Wolfram,0.6666666666666666,0,0,0,0,2,16
824618,2026-04-07,BAL,away,666974,Yennier Cano,1.0,0,0,0,0,1,10
824780,2026-04-07,BOS,home,677161,Zack Kelly,0.6666666666666666,0,0,0,0,0,11
824780,2026-04-07,BOS,home,676477,Garrett Whitlock,1.0,0,0,0,0,1,15
824780,2026-04-07,BOS,home,676979,Garrett Crochet,6.333333333333333,5,2,2,2,7,107
824780,2026-04-07,BOS,home,547973,Aroldis Chapman,1.0,0,0,0,1,0,6
824780,2026-04-07,MIL,away,663765,Jake Woodford,0.3333333333333333,0,0,0,0,0,3
824780,2026-04-07,MIL,away,694819,Jacob Misiorowski,5.333333333333333,2,3,3,4,10,101
824780,2026-04-07,MIL,away,669084,DL Hall,2.3333333333333335,1,0,0,1,1,39
822753,2026-04-08,WSH,home,571945,Miles Mikolas,3.0,5,2,2,3,3,55
822753,2026-04-08,WSH,home,676571,PJ Poulin,0.3333333333333333,1,0,0,1,0,15
822753,2026-04-08,WSH,home,669371,Cole Henry,1.6666666666666665,0,2,2,1,3,43
822753,2026-04-08,WSH,home,695418,Brad Lord,3.0,1,1,1,0,2,52
822753,2026-04-08,WSH,home,672335,Cionel Pérez,1.0,1,1,1,2,1,24
822753,2026-04-08,STL,away,700241,Michael McGreevy,6.0,4,1,1,0,1,91
822753,2026-04-08,STL,away,694335,Matt Svanson,1.6666666666666665,0,0,0,1,1,18
822753,2026-04-08,STL,away,677865,Justin Bruihl,0.3333333333333333,0,0,0,0,0,2
822753,2026-04-08,STL,away,676617,Riley O'Brien,1.0,0,0,0,0,0,15
822833,2026-04-08,TOR,home,686973,Louis Varland,1.0,0,0,0,0,1,13
822833,2026-04-08,TOR,home,656546,Jeff Hoffman,1.0,1,0,0,1,2,21
822833,2026-04-08,TOR,home,656302,Dylan Cease,5.0,4,2,1,4,8,96
822833,2026-04-08,TOR,home,689254,Mason Fluharty,0.3333333333333333,0,1,1,2,0,14
822833,2026-04-08,TOR,home,643511,Tyler Rogers,1.6666666666666665,1,0,0,1,2,20
822833,2026-04-08,LAD,away,676508,Ben Casparius,1.0,1,1,1,1,0,16
822833,2026-04-08,LAD,away,660271,Shohei Ohtani,6.0,4,1,0,1,2,96
822833,2026-04-08,LAD,away,676263,Jack Dreyer,0.3333333333333333,3,2,2,1,0,19
822833,2026-04-08,LAD,away,595014,Blake Treinen,0.6666666666666666,0,0,0,1,1,9
822915,2026-04-08,TEX,home,681168,Luis Curvelo,2.0,0,0,0,0,2,25
822915,2026-04-08,TEX,home,669022,MacKenzie Gore,5.0,1,0,0,2,9,82
822915,2026-04-08,TEX,home,668390,Cole Winn,1.0,1,0,0,0,1,16
822915,2026-04-08,TEX,home,455119,Chris Martin,1.0,0,0,0,0,1,8
822915,2026-04-08,SEA,away,678606,José A. Ferrer,1.0,0,0,0,1,0,16
822915,2026-04-08,SEA,away,693433,Bryan Woo,5.0,5,3,1,2,2,83
822915,2026-04-08,SEA,away,642100,Gabe Speier,1.0,0,0,0,0,2,9
822915,2026-04-08,SEA,away,660825,Eduard Bazardo,1.0,1,0,0,0,0,8
823000,2026-04-08,TB,home,669947,Jesse Scholtens,4.666666666666667,4,0,0,1,4,61
823000,2026-04-08,TB,home,671212,Joe Boyle,4.333333333333333,4,6,5,3,3,84
823000,2026-04-08,CHC,away,571948,Hoby Milner,1.0,0,0,0,0,1,10
823000,2026-04-08,CHC,away,640451,Hunter Harvey,1.0,1,0,0,0,1,16
823000,2026-04-08,CHC,away,607067,Colin Rea,5.0,2,1,1,2,2,79
823000,2026-04-08,CHC,away,676962,Ben Brown,2.0,2,1,1,0,3,31
823234,2026-04-08,SF,home,641816,Tyler Mahle,5.666666666666667,3,0,0,4,6,94
823234,2026-04-08,SF,home,668873,Caleb Kilian,0.6666666666666666,0,0,0,1,1,13
823234,2026-04-08,SF,home,694918,Blade Tidwell,1.0,0,0,0,0,0,13
823234,2026-04-08,SF,home,669062,Erik Miller,1.0,0,0,0,0,2,17
823234,2026-04-08,SF,home,657424,Matt Gage,0.6666666666666666,1,0,0,0,1,13
823234,2026-04-08,PHI,away,621237,José Alvarado,0.6666666666666666,2,2,1,0,2,17
823234,2026-04-08,PHI,away,680742,Jonathan Bowlan,1.0,1,0,0,0,1,18
823234,2026-04-08,PHI,away,647315,Zach Pop,0.3333333333333333,1,0,0,0,0,5
823234,2026-04-08,PHI,away,605400,Aaron Nola,6.0,5,3,3,1,3,84
823403,2026-04-08,PIT,home,656605,Mitch Keller,6.0,3,0,0,1,4,75
823403,2026-04-08,PIT,home,664875,Justin Lawrence,1.0,3,4,3,0,2,25
823403,2026-04-08,PIT,home,664353,José Urquidy,2.0,4,4,1,0,3,36
823403,2026-04-08,SD,away,650633,Michael King,6.0,4,2,2,3,4,95
823403,2026-04-08,SD,away,695243,Mason Miller,1.0,0,0,0,0,2,10
823403,2026-04-08,SD,away,669093,Jeremiah Estrada,1.0,1,0,0,0,0,12
823403,2026-04-08,SD,away,606996,Kyle Hart,1.0,1,0,0,1,0,21
823564,2026-04-08,NYY,home,657612,Tim Hill,1.3333333333333333,1,0,0,0,0,17
823564,2026-04-08,NYY,home,687396,Brent Headrick,1.0,1,0,0,0,1,14
823564,2026-04-08,NYY,home,701542,Will Warren,4.666666666666667,5,2,2,3,5,85
823564,2026-04-08,NYY,home,666808,Camilo Doval,1.0,0,0,0,0,1,12
823564,2026-04-08,NYY,home,670280,David Bednar,1.0,2,1,1,0,2,21
823564,2026-04-08,OAK,away,622663,Luis Severino,5.0,4,2,2,5,7,100
823564,2026-04-08,OAK,away,605130,Scott Barlow,1.6666666666666665,0,0,0,0,4,17
823564,2026-04-08,OAK,away,669270,Joel Kuhnel,1.0,0,0,0,0,1,12
823564,2026-04-08,OAK,away,665660,Elvis Alvarado,0.6666666666666666,0,0,0,0,1,11
823564,2026-04-08,OAK,away,663687,Hogan Harris,0.6666666666666666,0,0,0,2,2,20
823646,2026-04-08,NYM,home,640455,Sean Manaea,4.0,5,2,2,2,2,70
823646,2026-04-08,NYM,home,656849,David Peterson,5.0,6,5,5,2,6,85
823646,2026-04-08,ARI,away,694851,Andrew Hoffmann,2.0,1,1,0,1,2,33
823646,2026-04-08,ARI,away,669194,Ryne Nelson,5.666666666666667,5,1,1,0,5,86
823646,2026-04-08,ARI,away,664199,Taylor Clarke,1.0,1,0,0,0,0,16
823646,2026-04-08,ARI,away,657044,Ryan Thompson,0.3333333333333333,0,0,0,0,0,3
823726,2026-04-08,MIN,home,689520,Cody Laweryson,1.3333333333333333,1,0,0,0,2,26
823726,2026-04-08,MIN,home,623437,Justin Topa,0.3333333333333333,1,0,0,0,0,10
823726,2026-04-08,MIN,home,607455,Anthony Banda,0.6666666666666666,4,4,4,0,1,21
823726,2026-04-08,MIN,home,663485,Cole Sands,0.3333333333333333,1,0,0,0,1,9
823726,2026-04-08,MIN,home,641927,Bailey Ober,5.666666666666667,5,2,2,1,2,99
823726,2026-04-08,MIN,home,681892,Kody Funderburk,0.6666666666666666,0,0,0,1,0,20
823726,2026-04-08,DET,away,664285,Framber Valdez,5.0,10,8,8,2,2,87
823726,2026-04-08,DET,away,640448,Kyle Finnegan,1.0,0,0,0,2,0,16
823726,2026-04-08,DET,away,646241,Enmanuel De Jesus,1.0,1,0,0,2,1,21
823726,2026-04-08,DET,away,676684,Will Vest,1.0,0,0,0,0,1,15
823885,2026-04-08,MIA,home,669199,Lake Bachar,1.0,0,0,0,0,2,18
823885,2026-04-08,MIA,home,687473,Ryan Gusto,1.0,0,0,0,0,1,12
823885,2026-04-08,MIA,home,656848,Michael Petersen,1.0,2,0,0,0,2,22
823885,2026-04-08,MIA,home,677053,Andrew Nardi,1.0,1,0,0,0,0,10
823885,2026-04-08,MIA,home,691587,Eury Pérez,5.0,6,4,2,2,6,95
823885,2026-04-08,CIN,away,572955,Pierce Johnson,1.0,1,0,0,0,1,10
823885,2026-04-08,CIN,away,663903,Brady Singer,2.6666666666666665,10,6,5,0,3,73
823885,2026-04-08,CIN,away,683175,Connor Phillips,2.0,1,1,1,2,0,39
823885,2026-04-08,CIN,away,594580,Sam Moll,2.3333333333333335,0,0,0,0,2,28
824050,2026-04-08,LAA,home,696147,Sam Bachman,1.0,0,0,0,1,1,15
824050,2026-04-08,LAA,home,666171,Ryan Zeferjahn,1.6666666666666665,2,2,2,2,2,42
824050,2026-04-08,LAA,home,672282,Reid Detmers,4.333333333333333,5,6,5,2,4,92
824050,2026-04-08,LAA,home,608718,Brent Suter,2.0,1,0,0,1,2,32
824050,2026-04-08,ATL,away,660761,José Suarez,2.0,2,0,0,0,3,24
824050,2026-04-08,ATL,away,606303,Joel Payamps,0.3333333333333333,0,0,0,0,1,7
824050,2026-04-08,ATL,away,656550,Grant Holmes,6.666666666666667,5,2,2,3,6,99
824374,2026-04-08,COL,home,688642,Zach Agnos,3.3333333333333335,1,0,0,0,2,44
824374,2026-04-08,COL,home,547179,Michael Lorenzen,5.666666666666667,7,1,1,2,4,100
824374,2026-04-08,HOU,away,650556,Bryan Abreu,1.0,1,1,1,2,2,22
824374,2026-04-08,HOU,away,678906,Kai-Wei Teng,1.3333333333333333,0,0,0,0,1,18
824374,2026-04-08,HOU,away,685005,Christian Roa,1.6666666666666665,0,1,1,3,1,34
824374,2026-04-08,HOU,away,660853,Enyel De Los Santos,2.0,2,1,1,1,2,42
824374,2026-04-08,HOU,away,805123,AJ Blubaugh,1.0,4,5,5,3,0,39
824374,2026-04-08,HOU,away,664299,Cristian Javier,1.0,3,1,1,0,1,20
824455,2026-04-08,CLE,home,641401,Connor Brogdon,1.3333333333333333,0,0,0,0,3,24
824455,2026-04-08,CLE,home,670036,Matt Festa,1.3333333333333333,0,0,0,1,1,21
824455,2026-04-08,CLE,home,676282,Joey Cantillo,5.666666666666667,3,2,1,2,9,88
824455,2026-04-08,CLE,home,681870,Erik Sabrowski,0.6666666666666666,2,0,0,0,1,13
824455,2026-04-08,KC,away,666142,Cole Ragans,0.6666666666666666,2,3,3,1,2,18
824455,2026-04-08,KC,away,686475,Tyler Tolbert,0.6666666666666666,1,0,0,0,0,5
824455,2026-04-08,KC,away,679883,Luinder Avila,3.0,6,1,1,1,2,62
824455,2026-04-08,KC,away,656638,Alex Lange,2.3333333333333335,3,1,1,0,2,37
824455,2026-04-08,KC,away,674444,Steven Cruz,1.3333333333333333,4,5,5,2,3,41
824617,2026-04-08,CWS,home,805326,Tyler Schweitzer,1.3333333333333333,2,1,1,1,1,26
824617,2026-04-08,CWS,home,608371,Lucas Sims,0.3333333333333333,2,2,1,1,1,16
824617,2026-04-08,CWS,home,680732,Sean Burke,5.0,2,2,2,2,3,92
824617,2026-04-08,CWS,home,663542,Bryan Hudson,0.6666666666666666,0,0,0,0,0,10
824617,2026-04-08,CWS,home,656794,Sean Newcomb,1.0,1,0,0,0,2,14
824617,2026-04-08,CWS,home,663855,Jordan Hicks,0.6666666666666666,0,0,0,1,0,13
824617,2026-04-08,BAL,away,669330,Tyler Wells,1.0,0,0,0,1,1,22
824617,2026-04-08,BAL,away,670329,Rico Garcia,1.0,0,0,0,2,2,22
824617,2026-04-08,BAL,away,680694,Kyle Bradish,5.0,6,3,2,3,7,96
824617,2026-04-08,BAL,away,689296,Anthony Nunez,1.0,0,0,0,0,1,10
824617,2026-04-08,BAL,away,664991,Grant Wolfram,1.0,1,0,0,0,1,10
824779,2026-04-08,BOS,home,669711,Greg Weissert,0.6666666666666666,1,0,0,0,2,11
824779,2026-04-08,BOS,home,543243,Sonny Gray,6.333333333333333,3,0,0,2,2,90
824779,2026-04-08,BOS,home,701719,Tyler Samaniego,1.0,0,0,0,1,3,19
824779,2026-04-08,BOS,home,670245,Ryan Watson,1.0,0,0,0,0,0,12
824779,2026-04-08,MIL,away,681982,Grant Anderson,1.3333333333333333,0,0,0,2,1,31
824779,2026-04-08,MIL,away,675660,Shane Drohan,2.6666666666666665,3,3,3,4,2,63
824779,2026-04-08,MIL,away,676879,Aaron Ashby,1.0,0,0,0,0,2,11
824779,2026-04-08,MIL,away,663765,Jake Woodford,3.0,4,2,2,2,1,41
823319,2026-04-09,SD,home,695243,Mason Miller,1.0,0,0,0,0,3,10
823319,2026-04-09,SD,home,688158,David Morgan,1.6666666666666665,0,0,0,0,1,17
823319,2026-04-09,SD,home,699134,Bradgley Rodriguez,1.3333333333333333,0,0,0,0,1,20
823319,2026-04-09,SD,home,669093,Jeremiah Estrada,1.3333333333333333,2,2,0,2,1,24
823319,2026-04-09,SD,home,670970,Adrian Morejon,1.0,1,0,0,0,0,11
823319,2026-04-09,SD,home,681190,Randy Vásquez,5.666666666666667,7,1,1,0,8,92
823319,2026-04-09,COL,away,680767,Victor Vodnik,2.0,1,1,0,2,0,32
823319,2026-04-09,COL,away,623474,Jimmy Herget,1.0,0,0,0,0,0,10
823319,2026-04-09,COL,away,801403,Chase Dollander,4.333333333333333,4,1,1,1,3,81
823319,2026-04-09,COL,away,657514,Brennan Bernardino,1.0,2,1,0,0,1,14
823319,2026-04-09,COL,away,675848,Juan Mejia,1.0,1,0,0,1,1,21
823319,2026-04-09,COL,away,677955,Jaden Hill,1.6666666666666665,0,0,0,0,2,19
823319,2026-04-09,COL,away,678368,Valente Bellozo,0.3333333333333333,1,4,3,2,0,3
823565,2026-04-09,NYY,home,621112,Paul Blackburn,1.0,1,0,0,0,1,19
823565,2026-04-09,NYY,home,677960,Ryan Weathers,8.0,7,1,1,0,7,101
823565,2026-04-09,OAK,away,686993,Justin Sterner,1.0,0,0,0,1,1,21
823565,2026-04-09,OAK,away,663687,Hogan Harris,1.0,0,0,0,0,1,14
823565,2026-04-09,OAK,away,605488,Jeffrey Springs,7.0,1,0,0,2,6,93
823645,2026-04-09,NYM,home,663992,Richard Lovelady,1.6666666666666665,0,0,0,0,1,18
823645,2026-04-09,NYM,home,596133,Luke Weaver,0.6666666666666666,2,2,2,0,0,16
823645,2026-04-09,NYM,home,690997,Nolan McLean,6.333333333333333,3,2,2,2,8,100
823645,2026-04-09,NYM,home,472610,Luis García,0.3333333333333333,3,3,3,1,0,21
823645,2026-04-09,ARI,away,593958,Eduardo Rodriguez,6.0,5,1,1,2,3,102
823645,2026-04-09,ARI,away,688497,Taylor Rashi,2.0,0,0,0,0,3,21
823645,2026-04-09,ARI,away,664199,Taylor Clarke,1.0,1,0,0,0,0,10
823724,2026-04-09,MIN,home,690953,Mick Abel,6.0,4,0,0,3,6,102
823724,2026-04-09,MIN,home,670183,Garrett Acton,2.0,1,1,1,0,2,35
823724,2026-04-09,MIN,home,679358,Eric Orze,1.0,0,0,0,0,1,14
823724,2026-04-09,DET,away,676428,Brant Hurter,0.3333333333333333,0,0,0,0,0,1
823724,2026-04-09,DET,away,663947,Tyler Holton,1.3333333333333333,1,0,0,1,2,24
823724,2026-04-09,DET,away,656427,Jack Flaherty,5.666666666666667,5,1,1,3,6,89
823724,2026-04-09,DET,away,676684,Will Vest,0.6666666666666666,3,2,2,1,1,34
823884,2026-04-09,MIA,home,663969,Tyler Phillips,3.0,2,0,0,1,4,37
823884,2026-04-09,MIA,home,676974,Max Meyer,5.0,4,1,1,3,4,87
823884,2026-04-09,MIA,home,669622,Anthony Bender,1.0,1,0,0,0,1,12
823884,2026-04-09,CIN,away,683742,Jose Franco,2.0,4,3,2,3,2,43
823884,2026-04-09,CIN,away,695076,Rhett Lowder,5.333333333333333,8,5,4,2,2,95
823884,2026-04-09,CIN,away,656271,Brock Burke,0.6666666666666666,0,0,0,0,1,8
824130,2026-04-09,KC,home,669212,Eli Morgan,2.0,1,0,0,1,1,27
824130,2026-04-09,KC,home,607625,Seth Lugo,6.333333333333333,4,2,1,4,4,92
824130,2026-04-09,KC,home,670167,John Schreiber,0.6666666666666666,0,0,0,0,0,11
824130,2026-04-09,CWS,away,641743,Anthony Kay,5.666666666666667,3,0,0,2,6,100
824130,2026-04-09,CWS,away,691799,Grant Taylor,1.3333333333333333,2,0,0,0,1,22
824130,2026-04-09,CWS,away,622554,Seranthony Domínguez,1.0,0,0,0,1,2,15
824130,2026-04-09,CWS,away,673929,Jordan Leasure,1.0,0,0,0,1,2,18
822829,2026-04-10,TOR,home,667297,Tommy Nance,0.6666666666666666,1,0,0,0,1,10
822829,2026-04-10,TOR,home,686973,Louis Varland,1.3333333333333333,0,0,0,1,1,23
822829,2026-04-10,TOR,home,573009,Joe Mantiply,1.0,0,0,0,0,3,15
822829,2026-04-10,TOR,home,680755,Braydon Fisher,2.0,0,0,0,0,4,32
822829,2026-04-10,TOR,home,571578,Patrick Corbin,4.0,6,4,4,1,3,85
822829,2026-04-10,MIN,away,623437,Justin Topa,1.0,2,1,1,0,0,12
822829,2026-04-10,MIN,away,680573,Simeon Woods Richardson,4.0,6,5,5,1,2,68
822829,2026-04-10,MIN,away,607455,Anthony Banda,1.6666666666666665,3,3,3,1,1,36
822829,2026-04-10,MIN,away,573124,Taylor Rogers,1.3333333333333333,3,1,1,0,1,30
822997,2026-04-10,TB,home,571927,Steven Matz,5.0,2,2,2,2,7,88
822997,2026-04-10,TB,home,693855,Ian Seymour,1.0,0,0,0,0,1,17
822997,2026-04-10,TB,home,643377,Griffin Jax,1.0,0,0,0,0,2,13
822997,2026-04-10,TB,home,685801,Hunter Bigge,1.0,1,1,1,0,1,14
822997,2026-04-10,TB,home,641329,Bryan Baker,1.0,2,0,0,0,1,16
822997,2026-04-10,NYY,away,642232,Ryan Yarbrough,2.0,1,0,0,2,0,28
822997,2026-04-10,NYY,away,687396,Brent Headrick,0.3333333333333333,2,2,1,0,1,16
822997,2026-04-10,NYY,away,661563,Luis Gil,4.0,3,3,3,3,2,88
822997,2026-04-10,NYY,away,656234,Jake Bird,1.0,2,0,0,0,2,20
822997,2026-04-10,NYY,away,666808,Camilo Doval,0.6666666666666666,1,0,0,0,0,8
823076,2026-04-10,STL,home,668941,JoJo Romero,1.0,1,0,0,0,1,21
823076,2026-04-10,STL,home,676617,Riley O'Brien,1.0,0,0,0,0,1,8
823076,2026-04-10,STL,home,592773,Ryne Stanek,1.0,0,0,0,0,1,10
823076,2026-04-10,STL,home,669160,Dustin May,6.0,4,2,1,0,4,75
823076,2026-04-10,BOS,away,813349,Connelly Early,4.333333333333333,5,1,1,2,5,86
823076,2026-04-10,BOS,away,669711,Greg Weissert,1.3333333333333333,0,0,0,0,1,18
823076,2026-04-10,BOS,away,677161,Zack Kelly,0.6666666666666666,2,2,2,1,0,18
823076,2026-04-10,BOS,away,701719,Tyler Samaniego,0.6666666666666666,0,0,0,2,1,22
823076,2026-04-10,BOS,away,663558,Jovani Morán,1.0,1,0,0,1,2,17
823156,2026-04-10,SEA,home,677961,Cole Wilcox,0.3333333333333333,3,3,3,0,0,18
823156,2026-04-10,SEA,home,666374,Matt Brash,0.6666666666666666,0,0,0,0,0,4
823156,2026-04-10,SEA,home,662253,Andrés Muñoz,1.0,0,0,0,2,1,25
823156,2026-04-10,SEA,home,642100,Gabe Speier,1.0,1,0,0,0,0,12
823156,2026-04-10,SEA,home,660825,Eduard Bazardo,1.0,0,0,0,0,0,17
823156,2026-04-10,SEA,home,676106,Emerson Hancock,5.0,4,3,3,2,5,88
823156,2026-04-10,HOU,away,680802,Ryan Weiss,2.3333333333333335,4,2,2,2,4,64
823156,2026-04-10,HOU,away,641585,J.P. France,2.6666666666666665,3,4,4,4,3,59
823156,2026-04-10,HOU,away,660853,Enyel De Los Santos,1.0,1,0,0,0,1,10
823156,2026-04-10,HOU,away,595345,Steven Okert,1.6666666666666665,0,0,0,0,2,21
823156,2026-04-10,HOU,away,837227,Tatsuya Imai,0.3333333333333333,1,3,3,4,0,37
823318,2026-04-10,SD,home,695243,Mason Miller,1.0,0,0,0,0,3,13
823318,2026-04-10,SD,home,621111,Walker Buehler,6.0,3,0,0,0,4,68
823318,2026-04-10,SD,home,592094,Jason Adam,0.3333333333333333,0,0,0,0,0,5
823318,2026-04-10,SD,home,670970,Adrian Morejon,0.6666666666666666,4,2,2,0,0,21
823318,2026-04-10,SD,home,606996,Kyle Hart,1.0,1,0,0,1,0,13
823318,2026-04-10,COL,away,675848,Juan Mejia,0.3333333333333333,2,3,3,1,0,18
823318,2026-04-10,COL,away,608372,Tomoyuki Sugano,6.0,4,2,2,0,3,81
823318,2026-04-10,COL,away,622608,Antonio Senzatela,1.6666666666666665,0,0,0,2,3,31
823318,2026-04-10,COL,away,677955,Jaden Hill,0.3333333333333333,0,0,0,0,0,2
823482,2026-04-10,PHI,home,666200,Jesús Luzardo,4.666666666666667,5,5,5,3,8,86
823482,2026-04-10,PHI,home,689147,Orion Kerkering,1.0,1,0,0,0,0,13
823482,2026-04-10,PHI,home,680742,Jonathan Bowlan,1.3333333333333333,0,0,0,0,1,19
823482,2026-04-10,PHI,home,621383,Tanner Banks,1.0,1,0,0,0,1,14
823482,2026-04-10,PHI,home,641745,Brad Keller,1.0,0,0,0,0,0,7
823482,2026-04-10,ARI,away,666661,Juan Morillo,1.3333333333333333,1,0,0,0,3,26
823482,2026-04-10,ARI,away,642528,Jonathan Loáisiga,1.0,0,0,0,0,3,15
823482,2026-04-10,ARI,away,623149,Paul Sewald,1.0,1,0,0,0,0,9
823482,2026-04-10,ARI,away,647336,Michael Soroka,5.666666666666667,5,4,4,2,10,93
823643,2026-04-10,NYM,home,668964,Tobias Myers,3.0,4,3,3,0,1,36
823643,2026-04-10,NYM,home,663992,Richard Lovelady,0.6666666666666666,0,0,0,0,0,5
823643,2026-04-10,NYM,home,605280,Clay Holmes,5.333333333333333,5,1,1,3,3,81
823643,2026-04-10,OAK,away,669372,J.T. Ginn,4.0,1,0,0,1,4,68
823643,2026-04-10,OAK,away,605130,Scott Barlow,0.6666666666666666,0,0,0,0,1,8
823643,2026-04-10,OAK,away,665660,Elvis Alvarado,1.0,1,0,0,0,1,20
823643,2026-04-10,OAK,away,643410,Mark Leiter Jr.,1.0,1,0,0,0,1,12
823643,2026-04-10,OAK,away,678022,Jack Perkins,2.3333333333333335,3,0,0,0,3,30
823808,2026-04-10,MIL,home,694477,Chad Patrick,3.0,3,0,0,1,0,50
823808,2026-04-10,MIL,home,682842,Abner Uribe,1.0,1,0,0,0,2,14
823808,2026-04-10,MIL,home,676879,Aaron Ashby,2.3333333333333335,3,2,2,0,4,44
823808,2026-04-10,MIL,home,668834,Easton McGee,1.0,1,0,0,0,0,7
823808,2026-04-10,MIL,home,672582,Angel Zerpa,1.6666666666666665,1,1,1,1,0,22
823808,2026-04-10,MIL,home,656730,Trevor Megill,0.0,2,4,4,0,0,9
823808,2026-04-10,WSH,away,676571,PJ Poulin,1.0,0,0,0,0,0,10
823808,2026-04-10,WSH,away,690925,Clayton Beeter,1.0,0,0,0,0,1,12
823808,2026-04-10,WSH,away,672335,Cionel Pérez,1.0,1,0,0,0,0,14
823808,2026-04-10,WSH,away,663623,Jake Irvin,5.0,2,3,3,5,5,100
823808,2026-04-10,WSH,away,687606,Paxton Schultz,1.0,1,0,0,0,1,20
823968,2026-04-10,LAD,home,607192,Tyler Glasnow,6.0,5,4,4,1,7,100
823968,2026-04-10,LAD,home,681911,Alex Vesia,1.0,0,0,0,1,3,19
823968,2026-04-10,LAD,home,656945,Tanner Scott,1.0,0,0,0,0,2,10
823968,2026-04-10,LAD,home,621242,Edwin Díaz,1.0,4,3,3,1,2,23
823968,2026-04-10,TEX,away,677958,Kumar Rocker,5.0,5,3,3,2,5,83
823968,2026-04-10,TEX,away,681168,Luis Curvelo,1.0,4,2,2,1,0,21
823968,2026-04-10,TEX,away,656641,Jacob Latz,0.6666666666666666,1,1,1,0,2,16
823968,2026-04-10,TEX,away,656222,Jalen Beeks,1.0,2,0,0,0,0,18
823968,2026-04-10,TEX,away,676395,Robert Garcia,1.0,3,2,2,1,0,25
824128,2026-04-10,KC,home,668674,Lucas Erceg,1.0,0,0,0,0,0,10
824128,2026-04-10,KC,home,663460,Kris Bubic,7.0,2,0,0,1,11,88
824128,2026-04-10,KC,home,621381,Matt Strahm,1.0,0,0,0,0,0,7
824128,2026-04-10,CWS,away,701474,Duncan Davitt,1.0,0,0,0,1,0,14
824128,2026-04-10,CWS,away,663436,Davis Martin,7.0,7,2,2,0,3,82
824297,2026-04-10,DET,home,676428,Brant Hurter,1.0,0,0,0,0,1,10
824297,2026-04-10,DET,home,640448,Kyle Finnegan,1.0,0,0,0,1,0,12
824297,2026-04-10,DET,home,445276,Kenley Jansen,1.0,0,0,0,0,1,12
824297,2026-04-10,DET,home,672456,Keider Montero,6.0,2,0,0,1,7,80
824297,2026-04-10,MIA,away,669199,Lake Bachar,2.0,1,0,0,0,3,34
824297,2026-04-10,MIA,away,663978,Chris Paddack,6.0,7,2,2,1,4,96
824534,2026-04-10,CIN,home,693312,Kyle Nicolas,0.6666666666666666,2,3,3,2,1,29
824534,2026-04-10,CIN,home,664731,P.J. Higgins,1.0,0,0,0,0,1,10
824534,2026-04-10,CIN,home,683175,Connor Phillips,1.6666666666666665,1,0,0,0,3,24
824534,2026-04-10,CIN,home,594580,Sam Moll,0.3333333333333333,0,2,2,2,0,16
824534,2026-04-10,CIN,home,695505,Chase Burns,5.333333333333333,7,5,5,4,2,92
824534,2026-04-10,LAA,away,686799,Jack Kochanowicz,7.0,2,1,1,4,2,95
824534,2026-04-10,LAA,away,815083,Mitch Farris,2.0,2,1,1,1,2,37
824695,2026-04-10,CHC,home,702303,Riley Martin,1.0,0,0,0,0,1,13
824695,2026-04-10,CHC,home,681799,Ethan Roberts,1.3333333333333333,0,0,0,0,1,17
824695,2026-04-10,CHC,home,573204,Caleb Thielbar,0.6666666666666666,3,2,2,0,0,21
824695,2026-04-10,CHC,home,684007,Shota Imanaga,6.0,0,0,0,1,9,100
824695,2026-04-10,PIT,away,642397,Gregory Soto,1.0,0,0,0,2,0,24
824695,2026-04-10,PIT,away,682254,Mason Montgomery,0.6666666666666666,0,0,0,1,2,17
824695,2026-04-10,PIT,away,676755,Isaac Mattson,1.0,0,0,0,1,0,12
824695,2026-04-10,PIT,away,669387,Carmen Mlodzinski,5.333333333333333,6,0,0,3,2,81
824695,2026-04-10,PIT,away,642701,Dennis Santana,1.0,0,0,0,0,2,13
824858,2026-04-10,BAL,home,675919,Nick Raquet,1.0,2,3,3,1,0,25
824858,2026-04-10,BAL,home,669358,Shane Baz,5.0,9,3,3,2,4,99
824858,2026-04-10,BAL,home,544150,Albert Suárez,2.0,1,0,0,0,1,18
824858,2026-04-10,BAL,home,666974,Yennier Cano,1.0,0,0,0,0,1,9
824858,2026-04-10,SF,away,664141,JT Brubaker,0.6666666666666666,0,0,0,2,1,15
824858,2026-04-10,SF,away,676775,Keaton Winn,1.0,0,0,0,0,0,11
824858,2026-04-10,SF,away,694918,Blade Tidwell,1.0,3,2,2,0,1,18
824858,2026-04-10,SF,away,694738,Landen Roupp,6.0,5,1,1,2,4,93
824858,2026-04-10,SF,away,657424,Matt Gage,0.3333333333333333,0,0,0,0,0,2
824941,2026-04-10,ATL,home,669276,Dylan Lee,1.0,0,0,0,0,1,7
824941,2026-04-10,ATL,home,660761,José Suarez,0.6666666666666666,4,3,3,1,1,31
824941,2026-04-10,ATL,home,606303,Joel Payamps,0.3333333333333333,0,0,0,0,0,3
824941,2026-04-10,ATL,home,674370,Osvaldo Bido,1.0,0,0,0,1,0,14
824941,2026-04-10,ATL,home,641755,Tyler Kinley,1.0,0,0,0,0,0,10
824941,2026-04-10,ATL,home,607481,Aaron Bummer,0.3333333333333333,0,0,0,0,0,6
824941,2026-04-10,ATL,home,693821,Bryce Elder,4.666666666666667,4,2,2,3,3,76
824941,2026-04-10,CLE,away,677944,Slade Cecconi,5.333333333333333,7,5,4,1,3,85
824941,2026-04-10,CLE,away,670036,Matt Festa,0.6666666666666666,3,2,2,0,0,17
824941,2026-04-10,CLE,away,688883,Peyton Pallette,1.0,2,2,2,2,1,37
824941,2026-04-10,CLE,away,663465,Kolby Allard,1.0,3,2,2,0,1,18
822830,2026-04-11,TOR,home,693686,Spencer Miles,3.6666666666666665,1,0,0,1,2,43
822830,2026-04-11,TOR,home,641778,Eric Lauer,5.333333333333333,5,7,7,5,3,95
822830,2026-04-11,MIN,away,663485,Cole Sands,1.0,2,2,2,0,0,22
822830,2026-04-11,MIN,away,681892,Kody Funderburk,1.0,1,0,0,1,0,17
822830,2026-04-11,MIN,away,657746,Joe Ryan,7.0,2,2,2,1,5,91
822996,2026-04-11,TB,home,607259,Nick Martinez,4.666666666666667,5,1,1,3,4,87
822996,2026-04-11,TB,home,693855,Ian Seymour,1.6666666666666665,0,0,0,0,3,21
822996,2026-04-11,TB,home,642121,Cole Sulser,1.0,1,1,0,0,0,11
822996,2026-04-11,TB,home,687330,Kevin Kelly,0.3333333333333333,0,0,0,0,1,4
822996,2026-04-11,TB,home,643377,Griffin Jax,0.3333333333333333,0,0,0,1,1,8
822996,2026-04-11,TB,home,685801,Hunter Bigge,1.0,0,0,0,2,0,13
822996,2026-04-11,TB,home,641329,Bryan Baker,1.0,2,2,2,1,0,20
822996,2026-04-11,NYY,away,657612,Tim Hill,0.3333333333333333,0,0,0,0,0,1
822996,2026-04-11,NYY,away,518585,Fernando Cruz,0.6666666666666666,1,0,0,0,1,12
822996,2026-04-11,NYY,away,608331,Max Fried,8.0,6,3,3,0,6,94
822996,2026-04-11,NYY,away,670280,David Bednar,0.3333333333333333,2,2,1,1,1,13
823074,2026-04-11,STL,home,694335,Matt Svanson,1.0,6,5,5,1,1,43
823074,2026-04-11,STL,home,681517,Kyle Leahy,4.0,3,2,2,3,2,71
823074,2026-04-11,STL,home,700669,Gordon Graceffo,2.3333333333333335,1,0,0,1,2,32
823074,2026-04-11,STL,home,677865,Justin Bruihl,1.0,0,0,0,0,1,11
823074,2026-04-11,STL,home,694363,Jared Shuster,0.6666666666666666,0,0,0,0,0,8
823074,2026-04-11,BOS,away,669711,Greg Weissert,0.6666666666666666,0,0,0,1,0,16
823074,2026-04-11,BOS,away,676477,Garrett Whitlock,1.0,1,1,1,0,2,12
823074,2026-04-11,BOS,away,624133,Ranger Suarez,6.0,3,0,0,2,6,84
823074,2026-04-11,BOS,away,543056,Danny Coulombe,0.3333333333333333,0,0,0,0,0,5
823074,2026-04-11,BOS,away,670245,Ryan Watson,1.0,1,0,0,0,0,13
823155,2026-04-11,SEA,home,678606,José A. Ferrer,1.0,1,0,0,0,1,21
823155,2026-04-11,SEA,home,668984,Casey Legumina,1.6666666666666665,2,0,0,0,2,20
823155,2026-04-11,SEA,home,666374,Matt Brash,1.0,1,0,0,1,0,12
823155,2026-04-11,SEA,home,622491,Luis Castillo,3.3333333333333335,10,7,7,1,3,91
823155,2026-04-11,SEA,home,662253,Andrés Muñoz,1.0,1,0,0,2,1,24
823155,2026-04-11,SEA,home,660825,Eduard Bazardo,1.0,2,0,0,0,2,16
823155,2026-04-11,HOU,away,650556,Bryan Abreu,0.3333333333333333,1,1,1,3,1,23
823155,2026-04-11,HOU,away,678906,Kai-Wei Teng,0.6666666666666666,0,0,0,1,2,20
823155,2026-04-11,HOU,away,595345,Steven Okert,0.6666666666666666,1,1,1,0,0,11
823155,2026-04-11,HOU,away,805123,AJ Blubaugh,1.0,0,0,0,0,0,17
823155,2026-04-11,HOU,away,621121,Lance McCullers Jr.,4.333333333333333,5,6,6,2,4,79
823155,2026-04-11,HOU,away,687911,Bryan King,1.3333333333333333,0,0,0,1,1,25
823316,2026-04-11,SD,home,593974,Wandy Peralta,1.3333333333333333,1,0,0,1,2,28
823316,2026-04-11,SD,home,592094,Jason Adam,0.3333333333333333,0,0,0,0,0,4
823316,2026-04-11,SD,home,608566,Germán Márquez,5.0,4,4,4,2,5,86
823316,2026-04-11,SD,home,699134,Bradgley Rodriguez,0.6666666666666666,2,0,0,1,1,21
823316,2026-04-11,SD,home,676760,Ron Marinaccio,1.6666666666666665,2,1,1,0,2,26
823316,2026-04-11,COL,away,663372,Ryan Feltner,4.0,7,6,6,3,4,82
823316,2026-04-11,COL,away,623474,Jimmy Herget,1.0,1,0,0,0,0,8
823316,2026-04-11,COL,away,657514,Brennan Bernardino,0.6666666666666666,1,0,0,1,1,20
823316,2026-04-11,COL,away,688642,Zach Agnos,1.3333333333333333,1,3,2,3,0,39
823316,2026-04-11,COL,away,547179,Michael Lorenzen,1.0,0,0,0,0,0,11
823480,2026-04-11,PHI,home,621237,José Alvarado,0.3333333333333333,0,0,0,0,0,6
823480,2026-04-11,PHI,home,661395,Jhoan Duran,1.0,0,0,0,0,1,12
823480,2026-04-11,PHI,home,689147,Orion Kerkering,1.0,0,0,0,0,1,14
823480,2026-04-11,PHI,home,641835,Tim Mayza,0.6666666666666666,1,0,0,0,1,9
823480,2026-04-11,PHI,home,592836,Taijuan Walker,5.0,4,2,2,2,6,85
823480,2026-04-11,PHI,home,641745,Brad Keller,1.0,2,1,1,1,2,28
823480,2026-04-11,ARI,away,694297,Brandon Pfaadt,6.0,5,4,3,3,6,101
823480,2026-04-11,ARI,away,656464,Kevin Ginkel,1.0,0,0,0,1,2,17
823480,2026-04-11,ARI,away,657044,Ryan Thompson,1.0,0,0,0,0,3,20
823644,2026-04-11,NYM,home,623211,Huascar Brazobán,2.6666666666666665,2,0,0,0,3,38
823644,2026-04-11,NYM,home,596133,Luke Weaver,1.0,3,4,4,1,1,27
823644,2026-04-11,NYM,home,673540,Kodai Senga,2.3333333333333335,8,7,7,2,3,72
823644,2026-04-11,NYM,home,518886,Craig Kimbrel,1.0,1,0,0,0,2,10
823644,2026-04-11,NYM,home,548384,Brooks Raley,1.0,0,0,0,1,1,13
823644,2026-04-11,NYM,home,472610,Luis García,1.0,1,0,0,0,1,18
823644,2026-04-11,OAK,away,686993,Justin Sterner,1.0,2,1,1,1,1,24
823644,2026-04-11,OAK,away,682052,Jacob Lopez,5.0,7,5,5,3,5,96
823644,2026-04-11,OAK,away,669270,Joel Kuhnel,1.0,1,0,0,0,0,7
823644,2026-04-11,OAK,away,665622,Luis Medina,1.0,0,0,0,0,1,10
823644,2026-04-11,OAK,away,643410,Mark Leiter Jr.,1.0,0,0,0,0,3,14
823805,2026-04-11,MIL,home,681982,Grant Anderson,0.6666666666666666,0,0,0,0,1,8
823805,2026-04-11,MIL,home,690986,Kyle Harrison,4.333333333333333,5,2,2,1,1,76
823805,2026-04-11,MIL,home,687075,Brandon Sproat,3.6666666666666665,4,1,1,3,3,65
823805,2026-04-11,MIL,home,669084,DL Hall,0.3333333333333333,0,0,0,1,0,9
823805,2026-04-11,WSH,away,690925,Clayton Beeter,1.0,1,1,1,2,2,24
823805,2026-04-11,WSH,away,695418,Brad Lord,1.6666666666666665,0,0,0,1,3,16
823805,2026-04-11,WSH,away,672335,Cionel Pérez,1.0,0,0,0,0,1,14
823805,2026-04-11,WSH,away,656492,Foster Griffin,5.333333333333333,1,0,0,3,1,80
823967,2026-04-11,LAD,home,681911,Alex Vesia,0.3333333333333333,0,0,0,0,1,6
823967,2026-04-11,LAD,home,656945,Tanner Scott,1.0,0,0,0,0,0,9
823967,2026-04-11,LAD,home,686218,Emmet Sheehan,6.0,4,3,3,1,6,77
823967,2026-04-11,LAD,home,676263,Jack Dreyer,1.0,0,0,0,0,3,13
823967,2026-04-11,LAD,home,595014,Blake Treinen,0.6666666666666666,0,0,0,1,1,21
823967,2026-04-11,TEX,away,641302,Tyler Alexander,2.3333333333333335,2,0,0,1,2,37
823967,2026-04-11,TEX,away,683004,Jack Leiter,3.6666666666666665,5,5,5,4,4,93
823967,2026-04-11,TEX,away,676395,Robert Garcia,1.0,0,0,0,1,0,15
823967,2026-04-11,TEX,away,455119,Chris Martin,1.0,2,1,1,0,2,21
824129,2026-04-11,KC,home,668674,Lucas Erceg,1.0,0,0,0,0,1,12
824129,2026-04-11,KC,home,608379,Michael Wacha,8.0,4,0,0,1,7,88
824129,2026-04-11,CWS,away,607200,Erick Fedde,5.0,3,1,1,1,4,85
824129,2026-04-11,CWS,away,656794,Sean Newcomb,2.0,0,0,0,0,1,23
824129,2026-04-11,CWS,away,663855,Jordan Hicks,1.0,1,1,1,0,1,16
824294,2026-04-11,DET,home,663554,Casey Mize,5.666666666666667,6,1,1,1,5,74
824294,2026-04-11,DET,home,623454,Drew Anderson,3.3333333333333335,0,0,0,2,2,61
824294,2026-04-11,MIA,away,667463,John King,1.0,0,0,0,1,2,20
824294,2026-04-11,MIA,away,656848,Michael Petersen,1.0,0,0,0,0,0,8
824294,2026-04-11,MIA,away,669622,Anthony Bender,1.0,1,1,1,1,0,18
824294,2026-04-11,MIA,away,676083,Janson Junk,5.0,5,5,4,2,4,99
824535,2026-04-11,CIN,home,572955,Pierce Johnson,1.3333333333333333,1,0,0,0,3,19
824535,2026-04-11,CIN,home,641941,Emilio Pagán,1.0,0,0,0,1,0,14
824535,2026-04-11,CIN,home,682227,Brandon Williamson,4.0,3,3,3,6,3,93
824535,2026-04-11,CIN,home,663574,Tony Santillan,1.0,0,0,0,0,1,11
824535,2026-04-11,CIN,home,683175,Connor Phillips,0.6666666666666666,0,0,0,2,0,20
824535,2026-04-11,CIN,home,668933,Graham Ashcraft,1.0,1,0,0,0,0,11
824535,2026-04-11,LAA,away,681217,Chase Silseth,0.3333333333333333,0,1,1,4,1,25
824535,2026-04-11,LAA,away,666171,Ryan Zeferjahn,2.0,2,1,1,0,1,43
824535,2026-04-11,LAA,away,691946,George Klassen,2.0,4,5,4,5,2,72
824535,2026-04-11,LAA,away,608718,Brent Suter,3.6666666666666665,2,0,0,0,2,39
824697,2026-04-11,CHC,home,694037,Daniel Palencia,1.0,0,0,0,1,0,17
824697,2026-04-11,CHC,home,571948,Hoby Milner,1.0,0,0,0,0,0,12
824697,2026-04-11,CHC,home,665795,Edward Cabrera,5.0,8,3,3,3,4,98
824697,2026-04-11,CHC,home,573204,Caleb Thielbar,1.0,0,1,0,1,3,19
824697,2026-04-11,CHC,home,657097,Jacob Webb,1.0,1,0,0,0,2,17
824697,2026-04-11,CHC,home,676962,Ben Brown,2.0,2,0,0,1,3,34
824697,2026-04-11,PIT,away,642397,Gregory Soto,0.3333333333333333,0,0,0,0,0,1
824697,2026-04-11,PIT,away,682254,Mason Montgomery,1.0,1,0,0,0,2,13
824697,2026-04-11,PIT,away,670990,Yohan Ramírez,2.0,0,0,0,3,2,32
824697,2026-04-11,PIT,away,676755,Isaac Mattson,1.0,2,0,0,0,1,24
824697,2026-04-11,PIT,away,642701,Dennis Santana,1.0,1,1,1,2,0,27
824697,2026-04-11,PIT,away,664875,Justin Lawrence,0.6666666666666666,1,1,1,1,0,13
824697,2026-04-11,PIT,away,677952,Braxton Ashcraft,5.0,4,1,1,1,9,77
824857,2026-04-11,BAL,home,670329,Rico Garcia,1.0,0,0,0,0,1,8
824857,2026-04-11,BAL,home,605135,Chris Bassitt,4.666666666666667,7,2,1,1,2,89
824857,2026-04-11,BAL,home,689296,Anthony Nunez,1.0,1,0,0,0,2,16
824857,2026-04-11,BAL,home,664854,Ryan Helsley,1.0,2,0,0,0,0,14
824857,2026-04-11,BAL,home,664991,Grant Wolfram,1.0,0,0,0,0,1,14
824857,2026-04-11,BAL,home,666974,Yennier Cano,0.3333333333333333,0,0,0,0,0,2
824857,2026-04-11,SF,away,657277,Logan Webb,6.0,5,4,4,3,6,98
824857,2026-04-11,SF,away,668873,Caleb Kilian,0.6666666666666666,1,1,1,1,2,17
824857,2026-04-11,SF,away,621366,Ryan Borucki,1.3333333333333333,3,1,1,0,3,29
824939,2026-04-11,ATL,home,606303,Joel Payamps,0.3333333333333333,2,1,1,0,1,11
824939,2026-04-11,ATL,home,674370,Osvaldo Bido,2.6666666666666665,2,3,3,2,1,50
824939,2026-04-11,ATL,home,641755,Tyler Kinley,0.3333333333333333,1,1,1,1,0,16
824939,2026-04-11,ATL,home,607481,Aaron Bummer,0.6666666666666666,0,0,0,2,0,22
824939,2026-04-11,ATL,home,527048,Martín Pérez,5.0,2,1,1,3,2,86
824939,2026-04-11,CLE,away,542888,Shawn Armstrong,1.0,1,0,0,1,2,28
824939,2026-04-11,CLE,away,641401,Connor Brogdon,0.3333333333333333,0,0,0,0,0,1
824939,2026-04-11,CLE,away,800048,Parker Messick,6.666666666666667,4,0,0,2,5,84
824939,2026-04-11,CLE,away,681870,Erik Sabrowski,1.0,0,0,0,0,2,14
822828,2026-04-12,TOR,home,667297,Tommy Nance,1.0,0,0,0,0,1,8
822828,2026-04-12,TOR,home,686973,Louis Varland,1.0,0,0,0,0,3,16
822828,2026-04-12,TOR,home,573009,Joe Mantiply,1.6666666666666665,2,0,0,0,1,21
822828,2026-04-12,TOR,home,656546,Jeff Hoffman,1.0,0,0,0,0,2,12
822828,2026-04-12,TOR,home,453286,Max Scherzer,2.3333333333333335,5,8,8,2,3,68
822828,2026-04-12,TOR,home,689254,Mason Fluharty,1.0,0,0,0,0,2,13
822828,2026-04-12,TOR,home,643511,Tyler Rogers,1.0,1,0,0,0,0,7
822828,2026-04-12,MIN,away,671737,Taj Bradley,5.0,5,1,1,4,7,106
822828,2026-04-12,MIN,away,623437,Justin Topa,1.0,1,0,0,0,0,12
822828,2026-04-12,MIN,away,702193,Andrew Morris,3.0,6,1,1,0,2,67
822998,2026-04-12,TB,home,669438,Mason Englert,1.0,3,2,2,1,1,21
822998,2026-04-12,TB,home,642121,Cole Sulser,0.3333333333333333,2,2,2,1,0,15
822998,2026-04-12,TB,home,687330,Kevin Kelly,1.6666666666666665,1,0,0,0,0,18
822998,2026-04-12,TB,home,656876,Drew Rasmussen,6.0,1,0,0,0,7,76
822998,2026-04-12,NYY,away,642232,Ryan Yarbrough,1.0,2,1,1,0,1,20
822998,2026-04-12,NYY,away,687396,Brent Headrick,1.0,2,1,1,0,0,9
822998,2026-04-12,NYY,away,666808,Camilo Doval,1.0,0,0,0,0,0,11
822998,2026-04-12,NYY,away,693645,Cam Schlittler,5.0,7,3,3,1,8,85
823075,2026-04-12,STL,home,669467,Andre Pallante,5.0,9,7,6,1,2,95
823075,2026-04-12,STL,home,666277,George Soriano,1.0,0,0,0,0,1,13
823075,2026-04-12,STL,home,694363,Jared Shuster,3.0,2,2,2,2,1,50
823075,2026-04-12,BOS,away,677161,Zack Kelly,2.0,1,1,1,0,2,23
823075,2026-04-12,BOS,away,678394,Brayan Bello,6.666666666666667,6,2,2,2,2,94
823075,2026-04-12,BOS,away,543056,Danny Coulombe,0.3333333333333333,0,0,0,0,0,5
823154,2026-04-12,SEA,home,678606,José A. Ferrer,1.0,0,0,0,0,0,6
823154,2026-04-12,SEA,home,669302,Logan Gilbert,7.0,4,1,1,1,7,85
823154,2026-04-12,SEA,home,681867,Cooper Criswell,1.0,1,0,0,0,1,9
823154,2026-04-12,HOU,away,675989,Cody Bolton,1.0,1,2,2,4,1,42
823154,2026-04-12,HOU,away,650556,Bryan Abreu,1.0,1,0,0,1,1,27
823154,2026-04-12,HOU,away,685005,Christian Roa,2.6666666666666665,4,2,2,1,2,40
823154,2026-04-12,HOU,away,660853,Enyel De Los Santos,1.3333333333333333,0,0,0,0,0,13
823154,2026-04-12,HOU,away,681151,Jayden Murray,2.0,2,2,2,3,3,38
823317,2026-04-12,SD,home,688158,David Morgan,1.6666666666666665,0,0,0,1,4,33
823317,2026-04-12,SD,home,593974,Wandy Peralta,1.0,0,0,0,0,1,11
823317,2026-04-12,SD,home,699134,Bradgley Rodriguez,1.0,1,0,0,0,2,19
823317,2026-04-12,SD,home,601713,Nick Pivetta,3.0,0,0,0,0,4,46
823317,2026-04-12,SD,home,606996,Kyle Hart,2.3333333333333335,1,2,2,1,1,34
823317,2026-04-12,COL,away,680767,Victor Vodnik,1.0,0,0,0,1,1,13
823317,2026-04-12,COL,away,623474,Jimmy Herget,1.0,1,1,1,1,0,24
823317,2026-04-12,COL,away,801403,Chase Dollander,1.0,1,1,1,0,0,10
823317,2026-04-12,COL,away,607536,Kyle Freeland,0.0,0,0,0,0,0,0
823317,2026-04-12,COL,away,657514,Brennan Bernardino,0.6666666666666666,0,0,0,0,0,5
823317,2026-04-12,COL,away,678368,Valente Bellozo,4.333333333333333,8,5,5,4,1,90
823479,2026-04-12,PHI,home,621237,José Alvarado,0.3333333333333333,2,2,2,0,0,13
823479,2026-04-12,PHI,home,680742,Jonathan Bowlan,0.6666666666666666,1,0,0,1,2,18
823479,2026-04-12,PHI,home,641835,Tim Mayza,1.0,0,0,0,0,1,9
823479,2026-04-12,PHI,home,647315,Zach Pop,2.0,3,1,1,0,1,37
823479,2026-04-12,PHI,home,691725,Andrew Painter,5.0,3,1,1,1,7,80
823479,2026-04-12,ARI,away,656464,Kevin Ginkel,0.3333333333333333,1,0,0,1,1,12
823479,2026-04-12,ARI,away,642528,Jonathan Loáisiga,1.0,0,0,0,0,0,9
823479,2026-04-12,ARI,away,623149,Paul Sewald,1.0,0,0,0,0,2,11
823479,2026-04-12,ARI,away,664199,Taylor Clarke,1.0,1,0,0,0,0,15
823479,2026-04-12,ARI,away,668678,Zac Gallen,5.0,8,3,3,1,2,84
823479,2026-04-12,ARI,away,657044,Ryan Thompson,0.6666666666666666,0,0,0,0,0,5
823642,2026-04-12,NYM,home,640455,Sean Manaea,3.0,0,0,0,0,4,41
823642,2026-04-12,NYM,home,642547,Freddy Peralta,6.0,4,1,1,3,6,100
823642,2026-04-12,OAK,away,605130,Scott Barlow,1.0,0,0,0,1,0,17
823642,2026-04-12,OAK,away,669270,Joel Kuhnel,1.0,0,0,0,0,0,4
823642,2026-04-12,OAK,away,665660,Elvis Alvarado,0.3333333333333333,0,0,0,0,0,6
823642,2026-04-12,OAK,away,650644,Aaron Civale,5.666666666666667,4,0,0,0,3,75
823642,2026-04-12,OAK,away,663687,Hogan Harris,1.0,0,0,0,0,2,13
823804,2026-04-12,MIL,home,682842,Abner Uribe,0.6666666666666666,2,2,2,0,0,18
823804,2026-04-12,MIL,home,676879,Aaron Ashby,0.6666666666666666,1,0,0,0,1,11
823804,2026-04-12,MIL,home,663765,Jake Woodford,1.0,2,0,0,0,0,16
823804,2026-04-12,MIL,home,605540,Brandon Woodruff,6.0,3,2,1,1,6,70
823804,2026-04-12,MIL,home,672582,Angel Zerpa,0.6666666666666666,4,4,4,1,0,21
823804,2026-04-12,WSH,away,686610,Ken Waldichuk,1.6666666666666665,1,1,1,1,1,25
823804,2026-04-12,WSH,away,676571,PJ Poulin,1.3333333333333333,1,0,0,0,0,16
823804,2026-04-12,WSH,away,669371,Cole Henry,0.0,1,2,2,1,0,12
823804,2026-04-12,WSH,away,681402,Gus Varland,1.0,0,0,0,0,1,8
823804,2026-04-12,WSH,away,641793,Zack Littell,5.0,6,3,3,0,3,71
823966,2026-04-12,LAD,home,676508,Ben Casparius,1.0,2,2,2,2,1,26
823966,2026-04-12,LAD,home,683618,Edgardo Henriquez,1.0,1,1,0,2,0,17
823966,2026-04-12,LAD,home,694361,Will Klein,2.0,2,0,0,1,4,37
823966,2026-04-12,LAD,home,676263,Jack Dreyer,1.0,0,0,0,0,0,5
823966,2026-04-12,LAD,home,808963,Roki Sasaki,4.0,5,2,2,5,6,94
823966,2026-04-12,TEX,away,656641,Jacob Latz,0.6666666666666666,2,1,1,1,0,15
823966,2026-04-12,TEX,away,594798,Jacob deGrom,6.0,4,1,1,3,9,93
823966,2026-04-12,TEX,away,596001,Jakob Junis,1.0,0,0,0,1,2,19
823966,2026-04-12,TEX,away,668390,Cole Winn,1.3333333333333333,0,0,0,1,1,21
824126,2026-04-12,KC,home,683232,Nick Mears,0.6666666666666666,0,0,0,1,1,17
824126,2026-04-12,KC,home,663738,Daniel Lynch IV,1.0,0,0,0,0,1,12
824126,2026-04-12,KC,home,702070,Noah Cameron,5.333333333333333,6,5,5,2,4,67
824126,2026-04-12,KC,home,656638,Alex Lange,1.0,0,0,0,1,2,16
824126,2026-04-12,KC,home,670167,John Schreiber,1.0,1,1,1,1,1,22
824126,2026-04-12,CWS,away,685126,Brandon Eisert,1.0,3,2,2,0,1,16
824126,2026-04-12,CWS,away,691799,Grant Taylor,2.0,0,0,0,0,2,27
824126,2026-04-12,CWS,away,622554,Seranthony Domínguez,1.0,0,0,0,1,2,15
824126,2026-04-12,CWS,away,686563,Jonathan Cannon,0.0,0,1,1,3,0,14
824126,2026-04-12,CWS,away,673929,Jordan Leasure,1.3333333333333333,0,0,0,1,0,20
824126,2026-04-12,CWS,away,608371,Lucas Sims,1.0,0,0,0,0,1,8
824126,2026-04-12,CWS,away,663542,Bryan Hudson,1.0,0,0,0,0,3,21
824126,2026-04-12,CWS,away,656794,Sean Newcomb,0.3333333333333333,1,2,2,1,0,9
824126,2026-04-12,CWS,away,663855,Jordan Hicks,1.3333333333333333,2,0,0,0,0,18
824293,2026-04-12,DET,home,669373,Tarik Skubal,6.666666666666667,2,1,1,2,7,96
824293,2026-04-12,DET,home,640448,Kyle Finnegan,1.3333333333333333,2,0,0,0,0,14
824293,2026-04-12,DET,home,657756,Connor Seabold,1.0,2,1,1,0,1,15
824293,2026-04-12,MIA,away,645261,Sandy Alcantara,6.0,10,7,7,2,4,100
824293,2026-04-12,MIA,away,663969,Tyler Phillips,2.0,2,1,1,1,2,37
824533,2026-04-12,CIN,home,693312,Kyle Nicolas,2.0,1,0,0,3,0,40
824533,2026-04-12,CIN,home,683175,Connor Phillips,1.0,0,0,0,0,1,11
824533,2026-04-12,CIN,home,594580,Sam Moll,1.6666666666666665,0,1,0,3,1,31
824533,2026-04-12,CIN,home,656271,Brock Burke,1.3333333333333333,1,1,1,1,0,25
824533,2026-04-12,CIN,home,671096,Andrew Abbott,3.0,8,7,7,2,1,71
824533,2026-04-12,LAA,away,680704,Nick Sandlin,0.3333333333333333,1,2,2,0,0,17
824533,2026-04-12,LAA,away,667755,José Soriano,7.0,2,0,0,3,10,106
824533,2026-04-12,LAA,away,519141,Drew Pomeranz,1.0,1,1,1,0,1,9
824533,2026-04-12,LAA,away,696147,Sam Bachman,0.6666666666666666,2,3,3,3,1,33
824696,2026-04-12,CHC,home,694037,Daniel Palencia,1.0,0,0,0,1,2,16
824696,2026-04-12,CHC,home,702303,Riley Martin,1.3333333333333333,1,0,0,0,2,19
824696,2026-04-12,CHC,home,681799,Ethan Roberts,0.6666666666666666,0,0,0,0,1,13
824696,2026-04-12,CHC,home,592791,Jameson Taillon,6.0,6,6,6,2,10,102
824696,2026-04-12,PIT,away,696149,Bubba Chandler,5.333333333333333,5,3,3,2,4,91
824696,2026-04-12,PIT,away,664875,Justin Lawrence,1.0,1,2,1,2,2,29
824696,2026-04-12,PIT,away,664353,José Urquidy,0.3333333333333333,3,1,1,1,0,22
824696,2026-04-12,PIT,away,682995,Hunter Barco,1.6666666666666665,1,1,1,2,1,32
824859,2026-04-12,BAL,home,669330,Tyler Wells,2.0,2,1,1,0,1,28
824859,2026-04-12,BAL,home,700249,Cade Povich,6.666666666666667,5,1,1,0,5,97
824859,2026-04-12,BAL,home,689296,Anthony Nunez,0.3333333333333333,0,0,0,0,1,3
824859,2026-04-12,SF,away,664141,JT Brubaker,1.0,1,0,0,1,0,20
824859,2026-04-12,SF,away,676254,Ryan Walker,0.6666666666666666,3,1,1,0,2,20
824859,2026-04-12,SF,away,605288,Adrian Houser,4.666666666666667,5,4,4,2,3,88
824859,2026-04-12,SF,away,669062,Erik Miller,1.0,1,0,0,1,1,21
824859,2026-04-12,SF,away,657424,Matt Gage,0.6666666666666666,1,1,1,1,1,21
824938,2026-04-12,ATL,home,689266,Dylan Dodd,3.0,1,0,0,0,2,33
824938,2026-04-12,ATL,home,519242,Chris Sale,6.0,8,1,1,1,6,97
824938,2026-04-12,CLE,away,595978,Austin Hedges,0.3333333333333333,0,0,0,0,0,4
824938,2026-04-12,CLE,away,663465,Kolby Allard,3.0,8,5,5,1,1,69
824938,2026-04-12,CLE,away,676440,Tanner Bibee,4.666666666666667,11,8,8,1,4,93
823073,2026-04-13,STL,home,681676,Ryan Fernandez,1.6666666666666665,4,2,0,0,2,31
823073,2026-04-13,STL,home,700669,Gordon Graceffo,1.3333333333333333,0,1,0,1,1,20
823073,2026-04-13,STL,home,677865,Justin Bruihl,1.0,1,2,2,1,1,20
823073,2026-04-13,STL,home,669461,Matthew Liberatore,5.0,6,4,4,3,2,105
823073,2026-04-13,CLE,away,671922,Cade Smith,1.0,1,0,0,0,0,18
823073,2026-04-13,CLE,away,681870,Erik Sabrowski,1.0,0,0,0,0,0,9
823073,2026-04-13,CLE,away,668909,Gavin Williams,5.0,5,2,2,2,4,93
823073,2026-04-13,CLE,away,683769,Hunter Gaddis,1.0,2,1,1,1,1,21
823073,2026-04-13,CLE,away,682120,Tim Herrin,1.0,1,0,0,1,1,24
823153,2026-04-13,SEA,home,677961,Cole Wilcox,1.0,0,0,0,1,0,16
823153,2026-04-13,SEA,home,666374,Matt Brash,0.3333333333333333,0,0,0,0,0,4
823153,2026-04-13,SEA,home,669923,George Kirby,7.666666666666667,7,2,2,1,6,99
823153,2026-04-13,HOU,away,641585,J.P. France,2.0,2,0,0,0,0,23
823153,2026-04-13,HOU,away,681347,Mike Burrows,6.0,11,6,6,1,3,98
823400,2026-04-13,PIT,home,694973,Paul Skenes,6.0,1,1,1,1,6,88
823400,2026-04-13,PIT,home,681895,Evan Sisk,2.0,1,0,0,1,3,31
823400,2026-04-13,PIT,home,664353,José Urquidy,1.0,6,4,4,0,0,31
823400,2026-04-13,WSH,away,686894,Joey Wiemer,1.0,2,1,1,1,0,21
823400,2026-04-13,WSH,away,695418,Brad Lord,0.6666666666666666,3,3,3,1,1,22
823400,2026-04-13,WSH,away,676917,Cade Cavalli,1.3333333333333333,3,4,4,3,2,48
823400,2026-04-13,WSH,away,687377,Orlando Ribalta,1.0,0,0,0,0,0,14
823400,2026-04-13,WSH,away,687606,Paxton Schultz,2.6666666666666665,2,1,1,0,4,35
823400,2026-04-13,WSH,away,671131,Jackson Rutledge,1.3333333333333333,6,7,7,2,2,44
823481,2026-04-13,PHI,home,650911,Cristopher Sánchez,6.0,6,2,2,3,8,96
823481,2026-04-13,PHI,home,686751,Seth Johnson,1.6666666666666665,4,5,3,2,1,50
823481,2026-04-13,PHI,home,689147,Orion Kerkering,1.3333333333333333,1,0,0,0,3,18
823481,2026-04-13,CHC,away,665871,Javier Assad,4.333333333333333,11,9,9,2,3,82
823481,2026-04-13,CHC,away,657097,Jacob Webb,0.6666666666666666,0,0,0,0,1,8
823481,2026-04-13,CHC,away,656212,Charlie Barnes,3.0,4,4,3,3,1,62
823563,2026-04-13,NYY,home,621112,Paul Blackburn,1.0,0,0,0,0,0,6
823563,2026-04-13,NYY,home,657612,Tim Hill,1.6666666666666665,3,1,1,0,0,21
823563,2026-04-13,NYY,home,701542,Will Warren,3.6666666666666665,3,4,0,1,6,89
823563,2026-04-13,NYY,home,518585,Fernando Cruz,0.3333333333333333,0,0,0,2,0,18
823563,2026-04-13,NYY,home,656234,Jake Bird,1.0,4,3,3,0,1,29
823563,2026-04-13,NYY,home,666808,Camilo Doval,1.3333333333333333,2,2,2,0,1,26
823563,2026-04-13,LAA,away,815083,Mitch Farris,1.3333333333333333,2,0,0,0,1,33
823563,2026-04-13,LAA,away,519141,Drew Pomeranz,1.0,1,0,0,0,2,12
823563,2026-04-13,LAA,away,641312,Shaun Anderson,2.3333333333333335,4,4,4,1,1,49
823563,2026-04-13,LAA,away,579328,Yusei Kikuchi,3.3333333333333335,4,4,4,4,3,82
823563,2026-04-13,LAA,away,605447,Jordan Romano,0.0,3,3,3,2,0,25
823725,2026-04-13,MIN,home,641927,Bailey Ober,6.0,7,4,4,1,7,95
823725,2026-04-13,MIN,home,670183,Garrett Acton,2.0,0,0,0,2,3,33
823725,2026-04-13,MIN,home,679358,Eric Orze,1.0,3,2,2,1,0,23
823725,2026-04-13,BOS,away,676979,Garrett Crochet,1.6666666666666665,9,11,10,3,0,55
823725,2026-04-13,BOS,away,701719,Tyler Samaniego,2.0,0,0,0,0,0,17
823725,2026-04-13,BOS,away,663558,Jovani Morán,2.3333333333333335,0,0,0,2,2,35
823725,2026-04-13,BOS,away,670245,Ryan Watson,2.0,2,2,2,0,2,35
823964,2026-04-13,LAD,home,656945,Tanner Scott,1.0,1,0,0,0,0,8
823964,2026-04-13,LAD,home,680736,Justin Wrobleski,8.0,2,0,0,0,2,90
823964,2026-04-13,NYM,away,680702,Joey Gerber,2.0,2,0,0,1,5,47
823964,2026-04-13,NYM,away,656849,David Peterson,5.0,5,4,4,4,7,89
823964,2026-04-13,NYM,away,518886,Craig Kimbrel,1.0,1,0,0,0,0,13
824856,2026-04-13,BAL,home,665152,Dean Kremer,5.0,6,4,2,0,9,80
824856,2026-04-13,BAL,home,670329,Rico Garcia,1.0,0,0,0,0,0,11
824856,2026-04-13,BAL,home,544150,Albert Suárez,2.0,4,3,3,1,0,40
824856,2026-04-13,BAL,home,664854,Ryan Helsley,1.0,0,0,0,0,2,12
824856,2026-04-13,ARI,away,694851,Andrew Hoffmann,1.3333333333333333,1,1,1,0,1,14
824856,2026-04-13,ARI,away,688497,Taylor Rashi,0.6666666666666666,3,4,4,1,1,15
824856,2026-04-13,ARI,away,642528,Jonathan Loáisiga,0.6666666666666666,1,2,2,1,0,19
824856,2026-04-13,ARI,away,669194,Ryne Nelson,5.333333333333333,3,2,1,2,7,92
824937,2026-04-13,ATL,home,660761,José Suarez,2.0,4,1,1,0,1,34
824937,2026-04-13,ATL,home,607481,Aaron Bummer,1.0,4,3,3,0,2,22
824937,2026-04-13,ATL,home,656550,Grant Holmes,4.0,3,3,3,2,3,59
824937,2026-04-13,ATL,home,691548,Rolddy Muñoz,2.0,5,3,3,1,3,49
824937,2026-04-13,MIA,away,669199,Lake Bachar,2.0,1,0,0,1,4,35
824937,2026-04-13,MIA,away,676534,Calvin Faucher,0.6666666666666666,0,0,0,3,2,21
824937,2026-04-13,MIA,away,667463,John King,0.3333333333333333,0,0,0,0,0,6
824937,2026-04-13,MIA,away,669622,Anthony Bender,1.0,1,0,0,0,1,10
824937,2026-04-13,MIA,away,677053,Andrew Nardi,1.0,0,0,0,0,1,16
824937,2026-04-13,MIA,away,691587,Eury Pérez,4.0,7,4,3,2,2,76
825024,2026-04-13,OAK,home,622663,Luis Severino,6.0,6,4,4,3,7,94
825024,2026-04-13,OAK,home,665622,Luis Medina,1.3333333333333333,0,0,0,1,1,26
825024,2026-04-13,OAK,home,678022,Jack Perkins,1.6666666666666665,5,4,4,1,4,43
825024,2026-04-13,TEX,away,681168,Luis Curvelo,2.0,2,1,1,0,1,19
825024,2026-04-13,TEX,away,543135,Nathan Eovaldi,7.0,3,0,0,2,7,84
823072,2026-04-14,STL,home,700241,Michael McGreevy,5.0,4,2,2,1,2,87
823072,2026-04-14,STL,home,694335,Matt Svanson,1.0,0,0,0,0,2,15
823072,2026-04-14,STL,home,668941,JoJo Romero,1.3333333333333333,1,0,0,1,0,20
823072,2026-04-14,STL,home,676617,Riley O'Brien,1.0,0,0,0,0,1,15
823072,2026-04-14,STL,home,666277,George Soriano,1.0,0,0,0,1,1,12
823072,2026-04-14,STL,home,592773,Ryne Stanek,0.6666666666666666,4,3,3,0,0,30
823072,2026-04-14,CLE,away,542888,Shawn Armstrong,1.0,1,0,0,0,1,10
823072,2026-04-14,CLE,away,671922,Cade Smith,1.0,1,1,0,0,1,18
823072,2026-04-14,CLE,away,676282,Joey Cantillo,6.0,5,2,2,2,4,82
823072,2026-04-14,CLE,away,681870,Erik Sabrowski,1.0,1,2,2,1,2,24
823072,2026-04-14,CLE,away,682120,Tim Herrin,0.3333333333333333,0,1,0,0,0,2
823315,2026-04-14,SD,home,650633,Michael King,6.0,4,1,1,2,5,85
823315,2026-04-14,SD,home,695243,Mason Miller,1.0,0,0,0,0,1,15
823315,2026-04-14,SD,home,592094,Jason Adam,1.0,0,0,0,1,0,18
823315,2026-04-14,SD,home,670970,Adrian Morejon,1.0,0,0,0,0,1,9
823315,2026-04-14,SEA,away,668984,Casey Legumina,1.0,3,1,1,0,1,21
823315,2026-04-14,SEA,away,693433,Bryan Woo,7.0,8,3,3,1,3,92
823398,2026-04-14,PIT,home,682254,Mason Montgomery,1.0,1,0,0,0,2,18
823398,2026-04-14,PIT,home,656605,Mitch Keller,4.0,6,5,5,4,3,90
823398,2026-04-14,PIT,home,670990,Yohan Ramírez,2.0,0,0,0,0,2,26
823398,2026-04-14,PIT,home,676755,Isaac Mattson,2.0,2,0,0,0,1,33
823398,2026-04-14,WSH,away,571945,Miles Mikolas,3.3333333333333335,3,3,3,2,0,49
823398,2026-04-14,WSH,away,676571,PJ Poulin,1.0,2,1,1,0,1,25
823398,2026-04-14,WSH,away,690925,Clayton Beeter,0.6666666666666666,0,0,0,0,0,8
823398,2026-04-14,WSH,away,672335,Cionel Pérez,1.0,0,0,0,1,0,10
823398,2026-04-14,WSH,away,681402,Gus Varland,1.0,1,0,0,1,1,19
823398,2026-04-14,WSH,away,680730,Mitchell Parker,2.0,2,0,0,0,5,46
823478,2026-04-14,PHI,home,663767,Chase Shugart,2.0,2,0,0,1,3,32
823478,2026-04-14,PHI,home,641835,Tim Mayza,0.3333333333333333,1,4,3,2,0,26
823478,2026-04-14,PHI,home,621383,Tanner Banks,1.0,3,3,3,1,1,25
823478,2026-04-14,PHI,home,605400,Aaron Nola,5.0,8,3,3,2,5,87
823478,2026-04-14,PHI,home,641745,Brad Keller,0.6666666666666666,1,0,0,0,2,15
823478,2026-04-14,CHC,away,702303,Riley Martin,1.0,0,0,0,0,1,6
823478,2026-04-14,CHC,away,573204,Caleb Thielbar,0.6666666666666666,1,0,0,1,2,18
823478,2026-04-14,CHC,away,657097,Jacob Webb,0.3333333333333333,2,1,1,0,0,15
823478,2026-04-14,CHC,away,669020,Ryan Rolison,1.0,1,0,0,0,0,11
823478,2026-04-14,CHC,away,607067,Colin Rea,6.0,4,3,3,0,5,87
823562,2026-04-14,NYY,home,621112,Paul Blackburn,1.0,3,1,1,1,1,25
823562,2026-04-14,NYY,home,677960,Ryan Weathers,5.0,5,5,5,2,10,94
823562,2026-04-14,NYY,home,687396,Brent Headrick,1.0,1,0,0,1,0,17
823562,2026-04-14,NYY,home,660787,Yerry De los Santos,2.0,3,1,1,2,1,44
823562,2026-04-14,LAA,away,681217,Chase Silseth,1.0,0,0,0,0,1,18
823562,2026-04-14,LAA,away,666171,Ryan Zeferjahn,1.0,1,0,0,0,2,27
823562,2026-04-14,LAA,away,672282,Reid Detmers,7.0,4,1,1,0,9,99
823723,2026-04-14,MIN,home,663485,Cole Sands,1.0,1,0,0,0,1,15
823723,2026-04-14,MIN,home,573124,Taylor Rogers,1.0,1,0,0,1,1,22
823723,2026-04-14,MIN,home,690953,Mick Abel,7.0,4,0,0,0,10,90
823723,2026-04-14,BOS,away,543243,Sonny Gray,4.0,9,5,5,1,1,93
823723,2026-04-14,BOS,away,681252,Jack Anderson,3.0,1,1,1,1,4,52
823723,2026-04-14,BOS,away,547973,Aroldis Chapman,1.0,0,0,0,0,3,22
823802,2026-04-14,MIL,home,682842,Abner Uribe,1.0,2,1,1,0,1,20
823802,2026-04-14,MIL,home,681982,Grant Anderson,1.0,2,3,2,1,0,9
823802,2026-04-14,MIL,home,694819,Jacob Misiorowski,5.333333333333333,5,2,2,0,5,76
823802,2026-04-14,MIL,home,669084,DL Hall,0.6666666666666666,0,0,0,0,0,5
823802,2026-04-14,MIL,home,672582,Angel Zerpa,1.0,1,0,0,0,1,9
823802,2026-04-14,MIL,home,656730,Trevor Megill,1.0,3,3,3,1,0,20
823802,2026-04-14,TOR,away,686973,Louis Varland,1.3333333333333333,2,1,0,0,2,19
823802,2026-04-14,TOR,away,592332,Kevin Gausman,5.0,6,3,3,3,5,97
823802,2026-04-14,TOR,away,656546,Jeff Hoffman,0.6666666666666666,2,2,2,3,1,32
823802,2026-04-14,TOR,away,689254,Mason Fluharty,1.0,0,0,0,1,2,14
823802,2026-04-14,TOR,away,680755,Braydon Fisher,1.0,1,1,1,0,2,17
823802,2026-04-14,TOR,away,643511,Tyler Rogers,1.0,1,0,0,0,0,17
823965,2026-04-14,LAD,home,681911,Alex Vesia,1.0,0,0,0,0,3,10
823965,2026-04-14,LAD,home,595014,Blake Treinen,0.3333333333333333,0,0,0,0,1,7
823965,2026-04-14,LAD,home,808967,Yoshinobu Yamamoto,7.666666666666667,4,1,1,1,7,104
823965,2026-04-14,NYM,away,548384,Brooks Raley,1.0,1,1,1,2,1,15
823965,2026-04-14,NYM,away,690997,Nolan McLean,7.0,2,1,1,2,8,95
824210,2026-04-14,HOU,home,678906,Kai-Wei Teng,1.3333333333333333,0,1,1,2,2,30
824210,2026-04-14,HOU,home,660853,Enyel De Los Santos,0.3333333333333333,0,0,0,0,1,5
824210,2026-04-14,HOU,home,595345,Steven Okert,1.0,0,0,0,1,1,14
824210,2026-04-14,HOU,home,805123,AJ Blubaugh,1.3333333333333333,1,1,1,1,1,27
824210,2026-04-14,HOU,home,687911,Bryan King,1.3333333333333333,3,0,0,0,2,28
824210,2026-04-14,HOU,home,676467,Colton Gordon,3.6666666666666665,8,4,4,0,5,68
824210,2026-04-14,COL,away,675848,Juan Mejia,1.0,2,0,0,0,1,13
824210,2026-04-14,COL,away,688642,Zach Agnos,1.0,0,0,0,0,2,9
824210,2026-04-14,COL,away,547179,Michael Lorenzen,2.6666666666666665,7,7,2,1,3,71
824210,2026-04-14,COL,away,622608,Antonio Senzatela,3.3333333333333335,2,0,0,0,3,43
824292,2026-04-14,DET,home,664285,Framber Valdez,7.0,4,1,1,2,1,87
824292,2026-04-14,DET,home,445276,Kenley Jansen,1.0,1,0,0,0,0,15
824292,2026-04-14,DET,home,676684,Will Vest,1.0,0,0,0,0,3,13
824292,2026-04-14,KC,away,666142,Cole Ragans,6.0,1,0,0,4,1,93
824292,2026-04-14,KC,away,621381,Matt Strahm,1.0,1,0,0,1,1,24
824292,2026-04-14,KC,away,683232,Nick Mears,1.0,2,2,2,1,0,18
824531,2026-04-14,CIN,home,641941,Emilio Pagán,1.0,0,0,0,0,1,7
824531,2026-04-14,CIN,home,663574,Tony Santillan,1.0,1,0,0,1,1,16
824531,2026-04-14,CIN,home,663903,Brady Singer,6.0,6,1,1,0,1,75
824531,2026-04-14,CIN,home,668933,Graham Ashcraft,1.0,0,0,0,0,2,13
824531,2026-04-14,SF,away,676254,Ryan Walker,1.0,0,0,0,0,0,13
824531,2026-04-14,SF,away,676775,Keaton Winn,1.0,0,0,0,0,2,16
824531,2026-04-14,SF,away,668873,Caleb Kilian,1.0,1,0,0,1,1,22
824531,2026-04-14,SF,away,592662,Robbie Ray,5.0,2,2,2,4,6,94
824616,2026-04-14,CWS,home,685126,Brandon Eisert,1.3333333333333333,3,2,2,1,1,33
824616,2026-04-14,CWS,home,702273,Noah Schultz,4.333333333333333,3,4,3,4,4,82
824616,2026-04-14,CWS,home,608371,Lucas Sims,1.3333333333333333,3,2,2,1,1,25
824616,2026-04-14,CWS,home,663542,Bryan Hudson,1.0,1,0,0,0,1,12
824616,2026-04-14,CWS,home,663855,Jordan Hicks,1.0,2,0,0,0,0,7
824616,2026-04-14,TB,away,663556,Shane McClanahan,5.0,2,3,2,4,4,83
824616,2026-04-14,TB,away,669438,Mason Englert,1.0,1,0,0,0,1,12
824616,2026-04-14,TB,away,685801,Hunter Bigge,1.0,0,0,0,2,0,22
824616,2026-04-14,TB,away,641329,Bryan Baker,0.3333333333333333,0,0,0,0,0,6
824616,2026-04-14,TB,away,672782,Yoendrys Gómez,1.6666666666666665,2,2,2,1,1,30
824853,2026-04-14,BAL,home,669432,Trevor Rogers,4.666666666666667,9,4,4,1,6,99
824853,2026-04-14,BAL,home,670329,Rico Garcia,1.3333333333333333,0,0,0,0,2,13
824853,2026-04-14,BAL,home,675919,Nick Raquet,0.6666666666666666,1,0,0,0,0,19
824853,2026-04-14,BAL,home,664991,Grant Wolfram,1.3333333333333333,0,0,0,0,3,16
824853,2026-04-14,BAL,home,666974,Yennier Cano,1.0,0,0,0,0,2,14
824853,2026-04-14,ARI,away,666661,Juan Morillo,0.6666666666666666,2,1,1,2,0,28
824853,2026-04-14,ARI,away,518876,Merrill Kelly,5.333333333333333,5,2,2,4,3,86
824853,2026-04-14,ARI,away,623149,Paul Sewald,1.0,0,0,0,0,1,11
824853,2026-04-14,ARI,away,664199,Taylor Clarke,1.6666666666666665,0,0,0,0,1,15
824853,2026-04-14,ARI,away,657044,Ryan Thompson,0.3333333333333333,0,0,0,0,0,1
824935,2026-04-14,ATL,home,669276,Dylan Lee,1.0,0,0,0,0,2,11
824935,2026-04-14,ATL,home,663158,Robert Suarez,1.0,3,1,1,0,1,21
824935,2026-04-14,ATL,home,641755,Tyler Kinley,1.0,1,0,0,0,0,12
824935,2026-04-14,ATL,home,625643,Reynaldo López,5.0,5,4,3,3,6,96
824935,2026-04-14,ATL,home,628452,Raisel Iglesias,1.0,0,0,0,0,2,10
824935,2026-04-14,MIA,away,664126,Pete Fairbanks,1.0,3,3,3,0,1,26
824935,2026-04-14,MIA,away,676974,Max Meyer,5.0,5,3,3,1,5,82
824935,2026-04-14,MIA,away,656848,Michael Petersen,2.0,1,0,0,0,1,22
825022,2026-04-14,OAK,home,686993,Justin Sterner,0.6666666666666666,1,0,0,0,1,12
825022,2026-04-14,OAK,home,665660,Elvis Alvarado,0.3333333333333333,0,0,0,0,0,1
825022,2026-04-14,OAK,home,663687,Hogan Harris,0.6666666666666666,0,0,0,2,0,19
825022,2026-04-14,OAK,home,643410,Mark Leiter Jr.,1.0,0,0,0,0,2,13
825022,2026-04-14,OAK,home,605488,Jeffrey Springs,6.333333333333333,3,1,1,2,5,90
825022,2026-04-14,TEX,away,641302,Tyler Alexander,1.3333333333333333,1,0,0,0,2,27
825022,2026-04-14,TEX,away,681168,Luis Curvelo,0.0,0,0,0,1,0,2
825022,2026-04-14,TEX,away,676395,Robert Garcia,1.6666666666666665,0,0,0,1,3,22
825022,2026-04-14,TEX,away,669022,MacKenzie Gore,4.666666666666667,3,2,2,6,5,94
825022,2026-04-14,TEX,away,455119,Chris Martin,0.3333333333333333,0,0,0,0,1,5
823071,2026-04-15,STL,home,668941,JoJo Romero,1.3333333333333333,0,0,0,0,1,17
823071,2026-04-15,STL,home,677865,Justin Bruihl,0.6666666666666666,2,2,2,1,1,24
823071,2026-04-15,STL,home,676617,Riley O'Brien,1.0,0,0,0,0,2,15
823071,2026-04-15,STL,home,669160,Dustin May,6.0,6,1,1,1,4,91
823071,2026-04-15,CLE,away,641401,Connor Brogdon,1.3333333333333333,2,3,3,1,0,18
823071,2026-04-15,CLE,away,677944,Slade Cecconi,4.0,3,1,1,5,4,87
823071,2026-04-15,CLE,away,670036,Matt Festa,2.3333333333333335,3,1,1,0,3,36
823071,2026-04-15,CLE,away,682120,Tim Herrin,0.3333333333333333,1,0,0,1,0,8
823314,2026-04-15,SD,home,593974,Wandy Peralta,1.0,1,0,0,1,1,25
823314,2026-04-15,SD,home,689690,Alek Jacob,2.0,1,0,0,1,3,34
823314,2026-04-15,SD,home,676760,Ron Marinaccio,2.0,3,2,2,1,2,42
823314,2026-04-15,SD,home,681190,Randy Vásquez,4.0,5,4,4,4,6,85
823314,2026-04-15,SEA,away,678606,José A. Ferrer,0.0,1,0,0,0,0,5
823314,2026-04-15,SEA,away,662253,Andrés Muñoz,0.6666666666666666,4,5,5,1,1,26
823314,2026-04-15,SEA,away,642100,Gabe Speier,1.0,1,0,0,0,0,12
823314,2026-04-15,SEA,away,660825,Eduard Bazardo,1.0,0,0,0,0,0,11
823314,2026-04-15,SEA,away,676106,Emerson Hancock,6.0,4,2,2,1,6,98
823399,2026-04-15,PIT,home,642397,Gregory Soto,1.0,0,0,0,0,2,15
823399,2026-04-15,PIT,home,682254,Mason Montgomery,1.0,1,0,0,0,1,11
823399,2026-04-15,PIT,home,669387,Carmen Mlodzinski,6.0,2,0,0,2,5,81
823399,2026-04-15,PIT,home,642701,Dennis Santana,1.0,0,0,0,0,0,21
823399,2026-04-15,WSH,away,695418,Brad Lord,3.0,1,0,0,0,2,39
823399,2026-04-15,WSH,away,663623,Jake Irvin,5.0,4,2,2,3,5,85
823477,2026-04-15,PHI,home,666200,Jesús Luzardo,5.333333333333333,12,9,8,1,4,98
823477,2026-04-15,PHI,home,621237,José Alvarado,1.0,0,0,0,0,1,11
823477,2026-04-15,PHI,home,664238,Dylan Moore,1.0,0,1,1,1,0,13
823477,2026-04-15,PHI,home,679775,Kyle Backhus,1.6666666666666665,3,1,1,0,3,41
823477,2026-04-15,CHC,away,684007,Shota Imanaga,6.0,3,1,1,1,11,97
823477,2026-04-15,CHC,away,681432,Luke Little,1.0,2,1,1,0,1,19
823477,2026-04-15,CHC,away,676962,Ben Brown,2.0,0,0,0,0,0,17
823561,2026-04-15,NYY,home,657612,Tim Hill,1.0,0,0,0,0,0,8
823561,2026-04-15,NYY,home,687396,Brent Headrick,1.0,1,0,0,0,0,10
823561,2026-04-15,NYY,home,518585,Fernando Cruz,1.0,1,0,0,0,0,13
823561,2026-04-15,NYY,home,661563,Luis Gil,5.0,5,4,4,2,5,83
823561,2026-04-15,NYY,home,670280,David Bednar,1.0,0,0,0,0,2,8
823561,2026-04-15,LAA,away,686799,Jack Kochanowicz,6.666666666666667,4,3,3,4,6,97
823561,2026-04-15,LAA,away,519141,Drew Pomeranz,1.3333333333333333,0,0,0,0,0,11
823561,2026-04-15,LAA,away,605447,Jordan Romano,0.3333333333333333,2,2,2,1,0,21
823722,2026-04-15,MIN,home,623437,Justin Topa,1.0,0,0,0,1,0,13
823722,2026-04-15,MIN,home,680573,Simeon Woods Richardson,5.0,10,7,6,3,3,92
823722,2026-04-15,MIN,home,607455,Anthony Banda,1.0,2,2,2,0,1,24
823722,2026-04-15,MIN,home,681892,Kody Funderburk,1.0,0,0,0,0,2,14
823722,2026-04-15,MIN,home,679358,Eric Orze,1.0,1,0,0,0,1,12
823722,2026-04-15,BOS,away,813349,Connelly Early,6.0,2,1,1,2,5,85
823722,2026-04-15,BOS,away,676477,Garrett Whitlock,1.0,1,0,0,1,2,22
823722,2026-04-15,BOS,away,543056,Danny Coulombe,1.0,0,0,0,0,0,20
823722,2026-04-15,BOS,away,670245,Ryan Watson,1.0,3,4,4,1,0,29
823803,2026-04-15,MIL,home,694477,Chad Patrick,6.666666666666667,3,1,1,2,2,81
823803,2026-04-15,MIL,home,682842,Abner Uribe,1.0,0,0,0,0,1,12
823803,2026-04-15,MIL,home,676879,Aaron Ashby,1.0,1,0,0,1,3,21
823803,2026-04-15,MIL,home,669084,DL Hall,0.3333333333333333,1,0,0,0,0,8
823803,2026-04-15,TOR,away,656302,Dylan Cease,6.0,2,0,0,3,6,106
823803,2026-04-15,TOR,away,689254,Mason Fluharty,0.6666666666666666,1,0,0,0,0,13
823803,2026-04-15,TOR,away,680755,Braydon Fisher,0.3333333333333333,0,0,0,0,0,5
823803,2026-04-15,TOR,away,643511,Tyler Rogers,1.0,2,2,1,1,0,16
823963,2026-04-15,LAD,home,656945,Tanner Scott,1.0,0,0,0,0,0,8
823963,2026-04-15,LAD,home,669165,Kyle Hurt,1.0,2,1,1,0,3,24
823963,2026-04-15,LAD,home,660271,Shohei Ohtani,6.0,2,1,1,2,10,95
823963,2026-04-15,LAD,home,595014,Blake Treinen,1.0,1,0,0,0,1,13
823963,2026-04-15,NYM,away,668964,Tobias Myers,2.0,3,1,1,0,2,30
823963,2026-04-15,NYM,away,681810,Austin Warren,0.6666666666666666,2,1,1,0,1,15
823963,2026-04-15,NYM,away,642207,Devin Williams,0.3333333333333333,3,4,4,1,1,19
823963,2026-04-15,NYM,away,605280,Clay Holmes,5.0,4,2,2,1,4,88
824209,2026-04-15,HOU,home,650556,Bryan Abreu,1.3333333333333333,0,0,0,1,2,23
824209,2026-04-15,HOU,home,660853,Enyel De Los Santos,1.0,0,0,0,0,2,14
824209,2026-04-15,HOU,home,595345,Steven Okert,0.6666666666666666,1,0,0,0,1,7
824209,2026-04-15,HOU,home,681293,Spencer Arrighetti,6.0,3,1,1,4,10,100
824209,2026-04-15,COL,away,500779,Jose Quintana,3.6666666666666665,3,3,3,4,1,75
824209,2026-04-15,COL,away,685299,Tanner Gordon,4.0,2,0,0,1,4,60
824209,2026-04-15,COL,away,677955,Jaden Hill,0.3333333333333333,0,0,0,1,0,11
824291,2026-04-15,DET,home,663947,Tyler Holton,0.6666666666666666,2,0,0,0,0,14
824291,2026-04-15,DET,home,640448,Kyle Finnegan,1.3333333333333333,1,0,0,0,0,16
824291,2026-04-15,DET,home,445276,Kenley Jansen,1.0,1,0,0,0,1,20
824291,2026-04-15,DET,home,656427,Jack Flaherty,6.0,2,1,1,3,7,97
824291,2026-04-15,KC,away,669212,Eli Morgan,1.0,2,1,1,1,1,20
824291,2026-04-15,KC,away,663738,Daniel Lynch IV,0.3333333333333333,0,0,0,0,1,4
824291,2026-04-15,KC,away,607625,Seth Lugo,6.666666666666667,5,1,1,0,7,92
824532,2026-04-15,CIN,home,572955,Pierce Johnson,1.0,1,0,0,0,1,14
824532,2026-04-15,CIN,home,695076,Rhett Lowder,6.666666666666667,5,3,3,1,4,90
824532,2026-04-15,CIN,home,668933,Graham Ashcraft,1.0,1,0,0,1,0,23
824532,2026-04-15,CIN,home,656271,Brock Burke,0.3333333333333333,2,0,0,0,1,13
824532,2026-04-15,SF,away,664141,JT Brubaker,2.0,2,0,0,1,2,28
824532,2026-04-15,SF,away,641816,Tyler Mahle,4.0,8,8,8,5,6,89
824532,2026-04-15,SF,away,621366,Ryan Borucki,1.0,0,0,0,0,1,9
824532,2026-04-15,SF,away,694918,Blade Tidwell,1.0,0,0,0,0,1,13
824615,2026-04-15,CWS,home,624512,Reese McGuire,1.0,0,0,0,0,0,9
824615,2026-04-15,CWS,home,680732,Sean Burke,5.333333333333333,7,4,4,3,2,92
824615,2026-04-15,CWS,home,663542,Bryan Hudson,1.0,0,0,0,0,1,14
824615,2026-04-15,CWS,home,656457,Tyler Gilbert,1.6666666666666665,2,4,4,2,2,39
824615,2026-04-15,TB,away,669438,Mason Englert,1.0,1,0,0,0,1,12
824615,2026-04-15,TB,away,693855,Ian Seymour,1.0,2,3,3,2,1,25
824615,2026-04-15,TB,away,642121,Cole Sulser,2.0,3,0,0,1,1,36
824615,2026-04-15,TB,away,669947,Jesse Scholtens,5.0,1,0,0,2,3,77
824855,2026-04-15,BAL,home,669330,Tyler Wells,1.0,3,3,2,0,0,14
824855,2026-04-15,BAL,home,680694,Kyle Bradish,6.0,7,4,2,1,4,97
824855,2026-04-15,BAL,home,689296,Anthony Nunez,1.0,0,0,0,0,1,10
824855,2026-04-15,BAL,home,664854,Ryan Helsley,1.0,0,0,0,0,2,11
824855,2026-04-15,BAL,home,664991,Grant Wolfram,0.6666666666666666,2,1,1,0,0,7
824855,2026-04-15,BAL,home,666974,Yennier Cano,0.3333333333333333,0,0,0,0,1,3
824855,2026-04-15,ARI,away,593958,Eduardo Rodriguez,5.0,6,4,4,4,3,98
824855,2026-04-15,ARI,away,666661,Juan Morillo,1.0,0,0,0,0,1,10
824855,2026-04-15,ARI,away,656464,Kevin Ginkel,2.0,2,1,1,0,4,32
824855,2026-04-15,ARI,away,664199,Taylor Clarke,1.0,0,0,0,0,0,6
824855,2026-04-15,ARI,away,657044,Ryan Thompson,1.0,0,0,0,0,0,12
824936,2026-04-15,ATL,home,669276,Dylan Lee,0.3333333333333333,0,0,0,1,1,12
824936,2026-04-15,ATL,home,663158,Robert Suarez,0.6666666666666666,0,0,0,0,0,4
824936,2026-04-15,ATL,home,674370,Osvaldo Bido,0.3333333333333333,3,3,3,1,0,15
824936,2026-04-15,ATL,home,641755,Tyler Kinley,1.0,0,0,0,0,1,14
824936,2026-04-15,ATL,home,628452,Raisel Iglesias,1.0,1,0,0,0,3,12
824936,2026-04-15,ATL,home,693821,Bryce Elder,5.666666666666667,4,0,0,2,7,79
824936,2026-04-15,MIA,away,676534,Calvin Faucher,1.0,0,0,0,0,1,9
824936,2026-04-15,MIA,away,667463,John King,1.3333333333333333,2,1,1,0,1,16
824936,2026-04-15,MIA,away,663978,Chris Paddack,4.666666666666667,5,2,2,0,4,92
824936,2026-04-15,MIA,away,677053,Andrew Nardi,1.0,4,3,3,0,1,22
825021,2026-04-15,OAK,home,669372,J.T. Ginn,5.333333333333333,2,2,2,4,3,78
825021,2026-04-15,OAK,home,605130,Scott Barlow,1.0,1,0,0,0,1,17
825021,2026-04-15,OAK,home,669270,Joel Kuhnel,1.3333333333333333,0,0,0,0,2,24
825021,2026-04-15,OAK,home,663687,Hogan Harris,0.6666666666666666,0,0,0,0,1,11
825021,2026-04-15,OAK,home,643410,Mark Leiter Jr.,0.6666666666666666,2,3,3,1,1,22
825021,2026-04-15,TEX,away,677958,Kumar Rocker,4.666666666666667,4,2,2,4,6,97
825021,2026-04-15,TEX,away,656641,Jacob Latz,1.0,0,0,0,0,0,11
825021,2026-04-15,TEX,away,656222,Jalen Beeks,1.0,1,1,1,1,2,26
825021,2026-04-15,TEX,away,686560,Gavin Collyer,0.3333333333333333,0,0,0,0,1,3
825021,2026-04-15,TEX,away,668390,Cole Winn,1.0,2,3,3,1,2,32
823313,2026-04-16,SD,home,695243,Mason Miller,1.0,0,0,0,0,3,14
823313,2026-04-16,SD,home,621111,Walker Buehler,5.0,5,2,2,1,7,88
823313,2026-04-16,SD,home,592094,Jason Adam,1.0,1,0,0,0,0,16
823313,2026-04-16,SD,home,699134,Bradgley Rodriguez,0.3333333333333333,1,0,0,1,0,9
823313,2026-04-16,SD,home,670970,Adrian Morejon,1.6666666666666665,0,0,0,0,2,17
823313,2026-04-16,SEA,away,677961,Cole Wilcox,1.6666666666666665,2,1,1,0,3,21
823313,2026-04-16,SEA,away,622491,Luis Castillo,5.333333333333333,7,4,1,3,3,98
823313,2026-04-16,SEA,away,681867,Cooper Criswell,1.0,1,0,0,0,0,16
823396,2026-04-16,PIT,home,681895,Evan Sisk,0.3333333333333333,2,1,1,0,1,14
823396,2026-04-16,PIT,home,670990,Yohan Ramírez,1.0,1,1,1,1,2,17
823396,2026-04-16,PIT,home,676755,Isaac Mattson,1.0,0,0,0,1,0,18
823396,2026-04-16,PIT,home,642701,Dennis Santana,1.0,1,1,0,0,0,11
823396,2026-04-16,PIT,home,664875,Justin Lawrence,1.0,1,0,0,0,0,12
823396,2026-04-16,PIT,home,677952,Braxton Ashcraft,5.666666666666667,5,5,2,2,7,90
823396,2026-04-16,WSH,away,676571,PJ Poulin,0.6666666666666666,2,0,0,0,0,7
823396,2026-04-16,WSH,away,690925,Clayton Beeter,1.0,1,1,1,2,1,32
823396,2026-04-16,WSH,away,672335,Cionel Pérez,1.0,1,0,0,0,2,16
823396,2026-04-16,WSH,away,687377,Orlando Ribalta,1.0,1,0,0,0,1,14
823396,2026-04-16,WSH,away,681402,Gus Varland,0.6666666666666666,0,0,0,0,0,10
823396,2026-04-16,WSH,away,687606,Paxton Schultz,0.3333333333333333,2,2,2,0,0,5
823396,2026-04-16,WSH,away,656492,Foster Griffin,5.333333333333333,8,4,4,1,7,89
823560,2026-04-16,NYY,home,642232,Ryan Yarbrough,2.3333333333333335,3,4,4,1,0,38
823560,2026-04-16,NYY,home,518585,Fernando Cruz,0.6666666666666666,2,1,1,1,2,25
823560,2026-04-16,NYY,home,608331,Max Fried,5.333333333333333,3,5,5,3,3,93
823560,2026-04-16,NYY,home,683409,Angel Chivilli,0.6666666666666666,1,1,1,2,2,26
823560,2026-04-16,LAA,away,680704,Nick Sandlin,1.3333333333333333,1,2,2,1,1,24
823560,2026-04-16,LAA,away,681217,Chase Silseth,1.0,1,0,0,0,1,17
823560,2026-04-16,LAA,away,691951,Sam Aldegheri,1.6666666666666665,2,1,1,1,2,33
823560,2026-04-16,LAA,away,696147,Sam Bachman,3.0,1,0,0,0,2,27
823560,2026-04-16,LAA,away,608718,Brent Suter,2.0,3,1,1,2,2,49
823801,2026-04-16,MIL,home,676879,Aaron Ashby,0.3333333333333333,1,0,0,0,0,7
823801,2026-04-16,MIL,home,687075,Brandon Sproat,6.666666666666667,4,1,1,1,6,75
823801,2026-04-16,MIL,home,672582,Angel Zerpa,1.0,1,0,0,0,0,10
823801,2026-04-16,MIL,home,656730,Trevor Megill,1.0,0,0,0,0,2,16
823801,2026-04-16,TOR,away,667297,Tommy Nance,0.6666666666666666,1,1,1,2,0,16
823801,2026-04-16,TOR,away,686973,Louis Varland,0.6666666666666666,1,0,0,0,1,13
823801,2026-04-16,TOR,away,573009,Joe Mantiply,1.0,1,0,0,0,1,10
823801,2026-04-16,TOR,away,571578,Patrick Corbin,5.666666666666667,4,1,1,1,6,79
824208,2026-04-16,HOU,home,678906,Kai-Wei Teng,2.0,1,0,0,0,0,21
824208,2026-04-16,HOU,home,680802,Ryan Weiss,3.6666666666666665,3,2,2,4,3,76
824208,2026-04-16,HOU,home,685005,Christian Roa,1.3333333333333333,3,1,1,0,0,26
824208,2026-04-16,HOU,home,805123,AJ Blubaugh,2.0,2,0,0,2,2,39
824208,2026-04-16,COL,away,680767,Victor Vodnik,1.0,0,0,0,1,0,14
824208,2026-04-16,COL,away,623474,Jimmy Herget,1.0,0,0,0,1,1,23
824208,2026-04-16,COL,away,801403,Chase Dollander,5.333333333333333,1,0,0,2,9,86
824208,2026-04-16,COL,away,675848,Juan Mejia,0.6666666666666666,3,2,2,0,2,30
824208,2026-04-16,COL,away,677955,Jaden Hill,1.0,1,0,0,2,1,21
824289,2026-04-16,DET,home,646241,Enmanuel De Jesus,1.0,2,0,0,0,1,19
824289,2026-04-16,DET,home,623454,Drew Anderson,0.3333333333333333,2,3,3,1,0,12
824289,2026-04-16,DET,home,663947,Tyler Holton,0.3333333333333333,1,1,1,0,0,13
824289,2026-04-16,DET,home,657756,Connor Seabold,1.3333333333333333,1,1,1,0,2,15
824289,2026-04-16,DET,home,672456,Keider Montero,6.0,7,4,4,0,5,83
824289,2026-04-16,KC,away,668674,Lucas Erceg,0.6666666666666666,3,3,3,1,1,24
824289,2026-04-16,KC,away,663460,Kris Bubic,4.666666666666667,6,5,5,3,3,82
824289,2026-04-16,KC,away,683232,Nick Mears,1.0,2,1,1,0,0,20
824289,2026-04-16,KC,away,663738,Daniel Lynch IV,1.0,0,0,0,0,1,7
824289,2026-04-16,KC,away,656638,Alex Lange,1.0,2,0,0,0,2,20
824289,2026-04-16,KC,away,670167,John Schreiber,0.3333333333333333,1,1,1,0,1,8
824453,2026-04-16,CLE,home,671922,Cade Smith,1.0,2,0,0,0,0,19
824453,2026-04-16,CLE,home,800048,Parker Messick,8.0,2,2,2,2,9,112
824453,2026-04-16,BAL,away,669330,Tyler Wells,0.3333333333333333,0,0,0,0,1,6
824453,2026-04-16,BAL,away,669358,Shane Baz,6.0,6,4,4,3,6,99
824453,2026-04-16,BAL,away,671382,Cameron Foster,1.6666666666666665,2,0,0,1,3,42
824530,2026-04-16,CIN,home,693312,Kyle Nicolas,0.6666666666666666,0,0,0,0,0,10
824530,2026-04-16,CIN,home,683175,Connor Phillips,1.0,1,0,0,1,2,23
824530,2026-04-16,CIN,home,594580,Sam Moll,0.6666666666666666,1,0,0,0,1,11
824530,2026-04-16,CIN,home,656271,Brock Burke,0.6666666666666666,2,3,0,0,2,15
824530,2026-04-16,CIN,home,695505,Chase Burns,6.0,2,0,0,1,4,87
824530,2026-04-16,SF,away,676254,Ryan Walker,1.0,0,0,0,0,1,17
824530,2026-04-16,SF,away,676775,Keaton Winn,1.0,0,0,0,0,2,12
824530,2026-04-16,SF,away,669062,Erik Miller,1.0,0,0,0,1,3,24
824530,2026-04-16,SF,away,694738,Landen Roupp,6.0,1,0,0,2,6,87
824614,2026-04-16,CWS,home,641743,Anthony Kay,2.6666666666666665,4,1,1,1,1,71
824614,2026-04-16,CWS,home,691799,Grant Taylor,1.3333333333333333,1,1,1,1,3,35
824614,2026-04-16,CWS,home,622554,Seranthony Domínguez,0.3333333333333333,2,3,3,1,1,32
824614,2026-04-16,CWS,home,673929,Jordan Leasure,1.3333333333333333,0,0,0,1,0,21
824614,2026-04-16,CWS,home,608371,Lucas Sims,0.6666666666666666,0,0,0,2,1,23
824614,2026-04-16,CWS,home,656794,Sean Newcomb,1.6666666666666665,1,0,0,0,3,21
824614,2026-04-16,CWS,home,663855,Jordan Hicks,1.0,1,0,0,1,1,19
824614,2026-04-16,TB,away,571927,Steven Matz,5.333333333333333,6,2,2,1,4,74
824614,2026-04-16,TB,away,687330,Kevin Kelly,2.0,1,1,1,1,2,26
824614,2026-04-16,TB,away,643377,Griffin Jax,0.6666666666666666,1,0,0,1,1,22
824614,2026-04-16,TB,away,641329,Bryan Baker,1.0,0,0,0,1,0,20
825023,2026-04-16,OAK,home,686993,Justin Sterner,1.0,4,4,3,1,1,20
825023,2026-04-16,OAK,home,605130,Scott Barlow,0.6666666666666666,1,1,1,2,0,24
825023,2026-04-16,OAK,home,682052,Jacob Lopez,5.0,3,2,2,4,5,85
825023,2026-04-16,OAK,home,665622,Luis Medina,1.3333333333333333,2,2,2,1,1,32
825023,2026-04-16,OAK,home,678022,Jack Perkins,1.0,0,0,0,0,0,11
825023,2026-04-16,TEX,away,641302,Tyler Alexander,0.3333333333333333,2,0,0,0,0,11
825023,2026-04-16,TEX,away,683004,Jack Leiter,5.666666666666667,7,3,3,3,3,105
825023,2026-04-16,TEX,away,656641,Jacob Latz,0.3333333333333333,1,0,0,0,0,7
825023,2026-04-16,TEX,away,676395,Robert Garcia,0.3333333333333333,0,0,0,0,0,10
825023,2026-04-16,TEX,away,615698,Cal Quantrill,1.0,1,0,0,0,0,12
825023,2026-04-16,TEX,away,596001,Jakob Junis,1.3333333333333333,2,3,3,1,0,24
822752,2026-04-17,WSH,home,663992,Richard Lovelady,1.0,2,1,1,2,1,28
822752,2026-04-17,WSH,home,676571,PJ Poulin,1.0,0,0,0,0,1,13
822752,2026-04-17,WSH,home,641793,Zack Littell,4.0,11,8,8,1,4,77
822752,2026-04-17,WSH,home,687606,Paxton Schultz,3.0,2,1,1,0,1,48
822752,2026-04-17,SF,away,657277,Logan Webb,6.0,7,4,3,2,6,99
822752,2026-04-17,SF,away,668873,Caleb Kilian,1.0,0,0,0,1,2,18
822752,2026-04-17,SF,away,694918,Blade Tidwell,1.0,0,0,0,0,0,10
822752,2026-04-17,SF,away,657424,Matt Gage,1.0,1,1,1,0,1,15
823152,2026-04-17,SEA,home,678606,José A. Ferrer,0.6666666666666666,3,1,1,0,1,20
823152,2026-04-17,SEA,home,668984,Casey Legumina,2.3333333333333335,4,2,2,1,2,47
823152,2026-04-17,SEA,home,669302,Logan Gilbert,5.333333333333333,7,2,2,1,7,99
823152,2026-04-17,SEA,home,660825,Eduard Bazardo,0.6666666666666666,1,0,0,0,2,11
823152,2026-04-17,TEX,away,641302,Tyler Alexander,0.6666666666666666,1,0,0,0,0,7
823152,2026-04-17,TEX,away,656641,Jacob Latz,1.0,0,0,0,0,0,11
823152,2026-04-17,TEX,away,656222,Jalen Beeks,1.0,0,0,0,1,1,13
823152,2026-04-17,TEX,away,686560,Gavin Collyer,1.3333333333333333,1,0,0,1,2,29
823152,2026-04-17,TEX,away,594798,Jacob deGrom,4.0,4,0,0,2,3,88
823152,2026-04-17,TEX,away,668390,Cole Winn,1.0,0,0,0,1,1,12
823397,2026-04-17,PIT,home,642397,Gregory Soto,1.0,0,0,0,0,0,10
823397,2026-04-17,PIT,home,682254,Mason Montgomery,1.0,1,0,0,0,2,16
823397,2026-04-17,PIT,home,696149,Bubba Chandler,6.0,3,1,1,1,3,90
823397,2026-04-17,PIT,home,642701,Dennis Santana,1.0,1,0,0,1,1,17
823397,2026-04-17,TB,away,607259,Nick Martinez,5.333333333333333,8,2,2,3,3,88
823397,2026-04-17,TB,away,643377,Griffin Jax,0.6666666666666666,1,1,1,0,0,14
823397,2026-04-17,TB,away,672782,Yoendrys Gómez,2.0,2,2,2,2,3,44
823476,2026-04-17,PHI,home,689147,Orion Kerkering,1.0,2,1,1,0,0,21
823476,2026-04-17,PHI,home,663767,Chase Shugart,1.0,1,1,1,0,0,11
823476,2026-04-17,PHI,home,641835,Tim Mayza,2.0,1,0,0,0,0,23
823476,2026-04-17,PHI,home,592836,Taijuan Walker,4.0,7,7,7,3,4,89
823476,2026-04-17,PHI,home,621383,Tanner Banks,1.0,1,0,0,1,1,20
823476,2026-04-17,ATL,away,660761,José Suarez,3.0,2,0,0,1,1,52
823476,2026-04-17,ATL,away,527048,Martín Pérez,6.0,4,0,0,2,4,94
823559,2026-04-17,NYY,home,687396,Brent Headrick,1.0,0,0,0,0,1,11
823559,2026-04-17,NYY,home,666808,Camilo Doval,1.0,1,1,1,0,1,16
823559,2026-04-17,NYY,home,670280,David Bednar,1.0,0,0,0,1,2,17
823559,2026-04-17,NYY,home,693645,Cam Schlittler,6.0,3,1,0,2,6,93
823559,2026-04-17,KC,away,669212,Eli Morgan,1.0,0,0,0,2,0,27
823559,2026-04-17,KC,away,608379,Michael Wacha,6.0,3,2,2,3,6,97
823559,2026-04-17,KC,away,656638,Alex Lange,1.0,2,2,2,0,2,18
823720,2026-04-17,MIN,home,623437,Justin Topa,1.0,1,0,0,0,0,11
823720,2026-04-17,MIN,home,663485,Cole Sands,1.0,0,0,0,1,2,20
823720,2026-04-17,MIN,home,681892,Kody Funderburk,1.0,0,0,0,0,0,8
823720,2026-04-17,MIN,home,657746,Joe Ryan,6.0,3,2,1,0,6,94
823720,2026-04-17,CIN,away,641941,Emilio Pagán,1.0,0,0,0,0,1,13
823720,2026-04-17,CIN,away,682227,Brandon Williamson,5.333333333333333,3,1,1,4,2,93
823720,2026-04-17,CIN,away,663574,Tony Santillan,1.0,1,0,0,0,0,12
823720,2026-04-17,CIN,away,683175,Connor Phillips,0.6666666666666666,0,0,0,0,1,10
823720,2026-04-17,CIN,away,668933,Graham Ashcraft,1.0,1,0,0,1,0,16
823883,2026-04-17,MIA,home,664126,Pete Fairbanks,1.0,0,0,0,0,1,12
823883,2026-04-17,MIA,home,663969,Tyler Phillips,1.3333333333333333,1,0,0,3,3,42
823883,2026-04-17,MIA,home,676534,Calvin Faucher,1.0,2,3,1,1,1,22
823883,2026-04-17,MIA,home,667463,John King,1.3333333333333333,0,0,0,0,2,17
823883,2026-04-17,MIA,home,676083,Janson Junk,5.333333333333333,6,4,3,2,3,93
823883,2026-04-17,MIL,away,689441,Coleman Crow,5.333333333333333,4,2,2,1,4,77
823883,2026-04-17,MIL,away,682842,Abner Uribe,1.0,0,0,0,2,1,18
823883,2026-04-17,MIL,away,681982,Grant Anderson,1.0,0,0,0,1,0,17
823883,2026-04-17,MIL,away,669084,DL Hall,0.6666666666666666,1,1,1,0,1,8
823883,2026-04-17,MIL,away,672582,Angel Zerpa,1.0,2,1,1,1,1,33
823883,2026-04-17,MIL,away,656730,Trevor Megill,1.0,1,1,0,0,2,18
824048,2026-04-17,LAA,home,681217,Chase Silseth,0.3333333333333333,0,0,0,0,0,1
824048,2026-04-17,LAA,home,667755,José Soriano,5.666666666666667,2,0,0,4,8,99
824048,2026-04-17,LAA,home,641312,Shaun Anderson,2.0,0,0,0,0,2,30
824048,2026-04-17,LAA,home,605447,Jordan Romano,1.0,1,0,0,0,3,19
824048,2026-04-17,SD,away,688158,David Morgan,0.6666666666666666,3,2,2,2,1,38
824048,2026-04-17,SD,away,593974,Wandy Peralta,1.6666666666666665,2,0,0,0,3,25
824048,2026-04-17,SD,away,699134,Bradgley Rodriguez,1.0,0,0,0,0,0,15
824048,2026-04-17,SD,away,663362,Matt Waldron,3.6666666666666665,8,6,6,1,4,81
824048,2026-04-17,SD,away,606996,Kyle Hart,1.0,0,0,0,0,1,13
824207,2026-04-17,HOU,home,650556,Bryan Abreu,1.0,2,3,3,1,0,16
824207,2026-04-17,HOU,home,641585,J.P. France,2.0,1,2,2,1,1,35
824207,2026-04-17,HOU,home,595345,Steven Okert,1.0,0,0,0,1,0,19
824207,2026-04-17,HOU,home,663567,Peter Lambert,5.0,7,4,4,1,8,90
824207,2026-04-17,STL,away,681517,Kyle Leahy,5.0,5,3,3,0,6,83
824207,2026-04-17,STL,away,668941,JoJo Romero,1.0,1,0,0,0,0,12
824207,2026-04-17,STL,away,677865,Justin Bruihl,1.0,0,0,0,0,0,9
824207,2026-04-17,STL,away,666277,George Soriano,1.0,0,0,0,0,1,12
824207,2026-04-17,STL,away,592773,Ryne Stanek,1.0,2,1,1,2,3,29
824373,2026-04-17,COL,home,657514,Brennan Bernardino,1.0,1,0,0,0,1,20
824373,2026-04-17,COL,home,608372,Tomoyuki Sugano,4.0,9,5,5,2,3,91
824373,2026-04-17,COL,home,688642,Zach Agnos,4.0,3,2,2,1,4,46
824373,2026-04-17,LAD,away,607192,Tyler Glasnow,7.0,2,1,1,2,7,92
824373,2026-04-17,LAD,away,676263,Jack Dreyer,2.0,0,0,0,1,3,31
824454,2026-04-17,CLE,home,542888,Shawn Armstrong,0.0,0,3,3,2,0,13
824454,2026-04-17,CLE,home,641401,Connor Brogdon,1.3333333333333333,2,1,1,0,2,23
824454,2026-04-17,CLE,home,681870,Erik Sabrowski,0.6666666666666666,1,2,2,1,1,17
824454,2026-04-17,CLE,home,683769,Hunter Gaddis,1.0,0,0,0,0,3,12
824454,2026-04-17,CLE,home,676440,Tanner Bibee,6.0,4,0,0,3,5,96
824454,2026-04-17,BAL,away,670329,Rico Garcia,1.0,0,0,0,0,0,12
824454,2026-04-17,BAL,away,605135,Chris Bassitt,5.0,4,0,0,4,2,100
824454,2026-04-17,BAL,away,689296,Anthony Nunez,0.6666666666666666,1,1,1,0,1,8
824454,2026-04-17,BAL,away,664854,Ryan Helsley,1.0,0,0,0,1,1,15
824454,2026-04-17,BAL,away,664991,Grant Wolfram,0.6666666666666666,1,3,0,1,2,13
824454,2026-04-17,BAL,away,666974,Yennier Cano,0.6666666666666666,1,0,0,1,1,15
824693,2026-04-17,CHC,home,571948,Hoby Milner,1.0,1,0,0,0,0,10
824693,2026-04-17,CHC,home,702303,Riley Martin,1.0,1,0,0,0,1,12
824693,2026-04-17,CHC,home,665795,Edward Cabrera,6.0,8,3,3,2,4,91
824693,2026-04-17,CHC,home,657097,Jacob Webb,1.0,4,1,1,0,1,25
824693,2026-04-17,NYM,away,640455,Sean Manaea,4.0,6,5,5,1,2,72
824693,2026-04-17,NYM,away,623211,Huascar Brazobán,0.6666666666666666,2,0,0,0,1,15
824693,2026-04-17,NYM,away,673540,Kodai Senga,3.3333333333333335,6,7,6,3,3,65
824778,2026-04-17,BOS,home,676477,Garrett Whitlock,1.0,0,0,0,0,1,10
824778,2026-04-17,BOS,home,624133,Ranger Suarez,8.0,2,0,0,1,4,93
824778,2026-04-17,BOS,home,547973,Aroldis Chapman,1.0,2,0,0,1,1,16
824778,2026-04-17,DET,away,676428,Brant Hurter,0.3333333333333333,0,0,0,0,0,3
824778,2026-04-17,DET,away,663554,Casey Mize,6.666666666666667,3,0,0,1,7,94
824778,2026-04-17,DET,away,640448,Kyle Finnegan,1.0,0,0,0,1,0,21
824778,2026-04-17,DET,away,676684,Will Vest,1.3333333333333333,1,1,0,1,2,23
825019,2026-04-17,OAK,home,686993,Justin Sterner,2.3333333333333335,1,0,0,0,4,46
825019,2026-04-17,OAK,home,665660,Elvis Alvarado,2.0,3,4,4,3,3,45
825019,2026-04-17,OAK,home,650644,Aaron Civale,4.666666666666667,11,5,5,1,4,103
825019,2026-04-17,CWS,away,663436,Davis Martin,7.0,3,1,1,2,4,89
825019,2026-04-17,CWS,away,680951,Doug Nikhazy,2.0,1,1,1,2,1,39
825101,2026-04-17,ARI,home,642528,Jonathan Loáisiga,1.0,3,1,1,0,1,15
825101,2026-04-17,ARI,home,623149,Paul Sewald,1.0,0,0,0,0,1,10
825101,2026-04-17,ARI,home,647336,Michael Soroka,7.0,5,2,2,0,5,94
825101,2026-04-17,TOR,away,693686,Spencer Miles,1.0,2,2,0,1,1,29
825101,2026-04-17,TOR,away,573009,Joe Mantiply,1.0,2,1,1,0,1,15
825101,2026-04-17,TOR,away,641778,Eric Lauer,5.0,5,3,3,1,4,83
825101,2026-04-17,TOR,away,680755,Braydon Fisher,1.0,1,0,0,0,0,11
822751,2026-04-18,WSH,home,663992,Richard Lovelady,2.0,0,0,0,1,2,23
822751,2026-04-18,WSH,home,672335,Cionel Pérez,2.0,2,1,0,0,0,22
822751,2026-04-18,WSH,home,676917,Cade Cavalli,4.0,7,3,1,0,5,92
822751,2026-04-18,WSH,home,681402,Gus Varland,1.0,2,0,0,0,2,23
822751,2026-04-18,WSH,home,680730,Mitchell Parker,3.0,5,3,3,0,2,53
822751,2026-04-18,SF,away,676254,Ryan Walker,2.0,3,1,1,2,2,26
822751,2026-04-18,SF,away,668873,Caleb Kilian,2.0,0,0,0,1,2,17
822751,2026-04-18,SF,away,621366,Ryan Borucki,0.3333333333333333,0,0,0,0,1,6
822751,2026-04-18,SF,away,605288,Adrian Houser,5.666666666666667,7,5,4,2,1,88
822751,2026-04-18,SF,away,669062,Erik Miller,1.0,0,0,0,0,2,15
822751,2026-04-18,SF,away,657424,Matt Gage,1.0,0,0,0,0,0,6
823151,2026-04-18,SEA,home,678606,José A. Ferrer,0.3333333333333333,1,0,0,0,0,4
823151,2026-04-18,SEA,home,677961,Cole Wilcox,0.6666666666666666,3,2,2,2,1,26
823151,2026-04-18,SEA,home,666374,Matt Brash,0.3333333333333333,0,0,0,0,0,6
823151,2026-04-18,SEA,home,669923,George Kirby,5.666666666666667,7,1,1,2,5,96
823151,2026-04-18,SEA,home,662253,Andrés Muñoz,0.3333333333333333,0,0,0,0,1,4
823151,2026-04-18,SEA,home,642100,Gabe Speier,0.6666666666666666,0,0,0,2,1,24
823151,2026-04-18,SEA,home,660825,Eduard Bazardo,1.0,0,0,0,2,0,21
823151,2026-04-18,TEX,away,615698,Cal Quantrill,3.0,3,3,3,2,5,65
823151,2026-04-18,TEX,away,543135,Nathan Eovaldi,5.0,8,4,2,1,3,95
823394,2026-04-18,PIT,home,694973,Paul Skenes,4.0,3,0,0,0,5,64
823394,2026-04-18,PIT,home,681895,Evan Sisk,1.6666666666666665,4,1,1,0,2,38
823394,2026-04-18,PIT,home,642397,Gregory Soto,1.0,0,0,0,1,1,17
823394,2026-04-18,PIT,home,670990,Yohan Ramírez,3.0,4,3,1,2,1,44
823394,2026-04-18,PIT,home,676755,Isaac Mattson,1.0,0,0,0,0,0,13
823394,2026-04-18,PIT,home,664875,Justin Lawrence,1.6666666666666665,1,0,0,0,1,23
823394,2026-04-18,PIT,home,676742,Cam Sanders,0.6666666666666666,3,4,4,1,2,20
823394,2026-04-18,TB,away,669438,Mason Englert,0.6666666666666666,0,0,0,1,0,15
823394,2026-04-18,TB,away,693855,Ian Seymour,1.6666666666666665,2,0,0,0,3,23
823394,2026-04-18,TB,away,642121,Cole Sulser,1.3333333333333333,0,0,0,1,1,22
823394,2026-04-18,TB,away,687330,Kevin Kelly,1.6666666666666665,0,1,0,1,2,20
823394,2026-04-18,TB,away,643377,Griffin Jax,1.0,0,0,0,1,2,13
823394,2026-04-18,TB,away,685801,Hunter Bigge,1.0,0,0,0,0,0,9
823394,2026-04-18,TB,away,641329,Bryan Baker,1.0,2,1,1,1,2,31
823394,2026-04-18,TB,away,672782,Yoendrys Gómez,1.0,1,1,0,1,1,16
823394,2026-04-18,TB,away,656876,Drew Rasmussen,3.6666666666666665,2,4,4,2,3,64
823474,2026-04-18,PHI,home,621237,José Alvarado,1.0,1,0,0,0,1,14
823474,2026-04-18,PHI,home,650911,Cristopher Sánchez,6.0,8,3,0,1,8,93
823474,2026-04-18,PHI,home,621383,Tanner Banks,1.0,1,0,0,2,2,29
823474,2026-04-18,PHI,home,641745,Brad Keller,1.0,0,0,0,1,1,21
823474,2026-04-18,ATL,away,669276,Dylan Lee,1.0,0,0,0,0,1,15
823474,2026-04-18,ATL,away,663158,Robert Suarez,1.0,0,0,0,0,2,14
823474,2026-04-18,ATL,away,519242,Chris Sale,7.0,5,1,1,1,7,101
823558,2026-04-18,NYY,home,621112,Paul Blackburn,2.0,2,2,2,1,1,32
823558,2026-04-18,NYY,home,701542,Will Warren,7.0,5,2,2,0,11,93
823558,2026-04-18,KC,away,687765,Mitch Spence,4.0,4,6,6,5,3,84
823558,2026-04-18,KC,away,702070,Noah Cameron,4.0,7,7,5,2,3,74
823721,2026-04-18,MIN,home,671737,Taj Bradley,6.0,5,2,2,2,5,99
823721,2026-04-18,MIN,home,623437,Justin Topa,0.6666666666666666,1,1,1,0,1,10
823721,2026-04-18,MIN,home,663485,Cole Sands,1.0,2,1,1,0,0,12
823721,2026-04-18,MIN,home,681892,Kody Funderburk,0.3333333333333333,1,0,0,0,0,10
823721,2026-04-18,MIN,home,679358,Eric Orze,1.0,2,1,1,0,1,15
823721,2026-04-18,CIN,away,572955,Pierce Johnson,1.0,1,0,0,0,2,11
823721,2026-04-18,CIN,away,663574,Tony Santillan,1.0,0,0,0,0,2,12
823721,2026-04-18,CIN,away,693312,Kyle Nicolas,1.0,0,0,0,0,3,15
823721,2026-04-18,CIN,away,594580,Sam Moll,0.3333333333333333,1,0,0,1,1,15
823721,2026-04-18,CIN,away,656271,Brock Burke,1.0,1,0,0,1,1,28
823721,2026-04-18,CIN,away,671096,Andrew Abbott,4.666666666666667,6,4,3,3,3,97
823882,2026-04-18,MIA,home,669199,Lake Bachar,2.3333333333333335,0,0,0,2,1,40
823882,2026-04-18,MIA,home,645261,Sandy Alcantara,5.0,4,3,2,6,1,97
823882,2026-04-18,MIA,home,667463,John King,1.0,0,0,0,1,1,10
823882,2026-04-18,MIA,home,669622,Anthony Bender,0.6666666666666666,1,2,2,2,2,26
823882,2026-04-18,MIL,away,682842,Abner Uribe,0.6666666666666666,0,0,0,0,0,4
823882,2026-04-18,MIL,away,663765,Jake Woodford,1.3333333333333333,5,1,1,0,0,33
823882,2026-04-18,MIL,away,605540,Brandon Woodruff,7.0,3,1,1,1,4,92
824049,2026-04-18,LAA,home,680704,Nick Sandlin,1.6666666666666665,2,2,2,2,2,35
824049,2026-04-18,LAA,home,666171,Ryan Zeferjahn,1.0,3,2,2,2,0,23
824049,2026-04-18,LAA,home,641312,Shaun Anderson,0.3333333333333333,0,0,0,0,0,2
824049,2026-04-18,LAA,home,579328,Yusei Kikuchi,6.0,4,0,0,1,8,86
824049,2026-04-18,SD,away,695243,Mason Miller,1.0,1,0,0,1,2,20
824049,2026-04-18,SD,away,592094,Jason Adam,1.0,3,1,1,0,1,30
824049,2026-04-18,SD,away,608566,Germán Márquez,5.666666666666667,2,0,0,2,5,88
824049,2026-04-18,SD,away,670970,Adrian Morejon,1.3333333333333333,0,0,0,1,2,22
824206,2026-04-18,HOU,home,621121,Lance McCullers Jr.,5.0,5,4,4,3,4,91
824206,2026-04-18,HOU,home,676467,Colton Gordon,2.6666666666666665,4,3,3,1,5,64
824206,2026-04-18,HOU,home,805123,AJ Blubaugh,1.3333333333333333,1,0,0,0,2,16
824206,2026-04-18,STL,away,694335,Matt Svanson,1.0,0,1,1,3,1,24
824206,2026-04-18,STL,away,700669,Gordon Graceffo,2.0,0,0,0,0,1,26
824206,2026-04-18,STL,away,676617,Riley O'Brien,0.6666666666666666,0,0,0,0,1,7
824206,2026-04-18,STL,away,669467,Andre Pallante,5.0,3,1,1,3,5,87
824206,2026-04-18,STL,away,666277,George Soriano,0.3333333333333333,1,3,3,2,1,17
824372,2026-04-18,COL,home,663372,Ryan Feltner,5.666666666666667,5,3,2,1,5,87
824372,2026-04-18,COL,home,680767,Victor Vodnik,1.0,2,0,0,0,0,15
824372,2026-04-18,COL,home,657514,Brennan Bernardino,1.3333333333333333,0,0,0,0,2,14
824372,2026-04-18,COL,home,677955,Jaden Hill,1.0,1,0,0,1,1,22
824372,2026-04-18,LAD,away,681911,Alex Vesia,1.0,0,0,0,0,1,15
824372,2026-04-18,LAD,away,683618,Edgardo Henriquez,1.0,0,0,0,0,2,12
824372,2026-04-18,LAD,away,694361,Will Klein,1.0,3,2,2,0,0,23
824372,2026-04-18,LAD,away,686218,Emmet Sheehan,5.0,4,2,2,2,4,77
824451,2026-04-18,CLE,home,671922,Cade Smith,1.0,0,0,0,0,3,15
824451,2026-04-18,CLE,home,668909,Gavin Williams,7.0,3,1,1,1,11,100
824451,2026-04-18,CLE,home,683769,Hunter Gaddis,1.0,1,1,1,0,2,24
824451,2026-04-18,BAL,away,665152,Dean Kremer,6.0,2,3,3,2,7,95
824451,2026-04-18,BAL,away,544150,Albert Suárez,2.0,1,1,1,0,1,33
824694,2026-04-18,CHC,home,573204,Caleb Thielbar,1.0,0,0,0,0,2,14
824694,2026-04-18,CHC,home,592791,Jameson Taillon,6.0,5,1,1,3,4,100
824694,2026-04-18,CHC,home,676962,Ben Brown,2.0,2,1,0,1,1,38
824694,2026-04-18,NYM,away,596133,Luke Weaver,0.6666666666666666,0,0,0,0,0,9
824694,2026-04-18,NYM,away,642547,Freddy Peralta,5.666666666666667,3,3,3,2,3,93
824694,2026-04-18,NYM,away,518886,Craig Kimbrel,1.0,1,0,0,1,0,14
824694,2026-04-18,NYM,away,548384,Brooks Raley,0.6666666666666666,1,1,1,0,0,8
824775,2026-04-18,BOS,home,669711,Greg Weissert,1.0,1,0,0,0,0,12
824775,2026-04-18,BOS,home,677161,Zack Kelly,1.0,1,0,0,0,0,19
824775,2026-04-18,BOS,home,678394,Brayan Bello,4.0,5,4,4,3,4,84
824775,2026-04-18,BOS,home,663558,Jovani Morán,3.0,1,0,0,1,3,41
824775,2026-04-18,DET,away,669373,Tarik Skubal,6.0,4,1,1,2,10,89
824775,2026-04-18,DET,away,663947,Tyler Holton,2.0,0,0,0,0,2,28
824775,2026-04-18,DET,away,445276,Kenley Jansen,1.0,1,0,0,0,0,14
825020,2026-04-18,OAK,home,622663,Luis Severino,5.333333333333333,5,5,5,4,3,96
825020,2026-04-18,OAK,home,669270,Joel Kuhnel,1.3333333333333333,1,0,0,0,0,14
825020,2026-04-18,OAK,home,663687,Hogan Harris,1.3333333333333333,1,1,1,0,0,21
825020,2026-04-18,OAK,home,643410,Mark Leiter Jr.,0.6666666666666666,0,0,0,2,1,12
825020,2026-04-18,OAK,home,678022,Jack Perkins,2.3333333333333335,1,0,0,2,3,44
825020,2026-04-18,CWS,away,622554,Seranthony Domínguez,1.0,0,0,0,2,1,16
825020,2026-04-18,CWS,away,673929,Jordan Leasure,1.0,2,2,2,1,0,15
825020,2026-04-18,CWS,away,608371,Lucas Sims,0.6666666666666666,0,1,0,0,0,7
825020,2026-04-18,CWS,away,663542,Bryan Hudson,1.0,2,0,0,2,2,28
825020,2026-04-18,CWS,away,607200,Erick Fedde,4.666666666666667,2,3,3,4,3,75
825020,2026-04-18,CWS,away,656794,Sean Newcomb,1.3333333333333333,3,1,1,0,0,19
825020,2026-04-18,CWS,away,663855,Jordan Hicks,1.0,1,0,0,1,0,17
825098,2026-04-18,ARI,home,666661,Juan Morillo,1.3333333333333333,1,0,0,0,2,20
825098,2026-04-18,ARI,home,656464,Kevin Ginkel,1.0,1,0,0,0,2,10
825098,2026-04-18,ARI,home,668678,Zac Gallen,5.666666666666667,9,2,2,0,3,88
825098,2026-04-18,ARI,home,657044,Ryan Thompson,1.0,1,0,0,0,0,11
825098,2026-04-18,TOR,away,656546,Jeff Hoffman,1.0,3,4,4,1,2,26
825098,2026-04-18,TOR,away,453286,Max Scherzer,6.0,5,2,2,1,1,74
825098,2026-04-18,TOR,away,643511,Tyler Rogers,1.0,0,0,0,0,0,9
822750,2026-04-19,WSH,home,571945,Miles Mikolas,4.0,4,0,0,1,4,61
822750,2026-04-19,WSH,home,676571,PJ Poulin,0.6666666666666666,1,0,0,0,0,16
822750,2026-04-19,WSH,home,674841,Andrew Alvarez,4.333333333333333,4,0,0,0,5,62
822750,2026-04-19,SF,away,664141,JT Brubaker,1.0,0,0,0,0,0,12
822750,2026-04-19,SF,away,676775,Keaton Winn,1.0,0,0,0,0,1,16
822750,2026-04-19,SF,away,592662,Robbie Ray,6.0,7,3,3,1,7,93
823150,2026-04-19,SEA,home,693433,Bryan Woo,7.0,4,2,2,1,6,85
823150,2026-04-19,SEA,home,662253,Andrés Muñoz,1.0,0,0,0,0,3,17
823150,2026-04-19,SEA,home,642100,Gabe Speier,1.0,1,0,0,0,2,18
823150,2026-04-19,TEX,away,641302,Tyler Alexander,1.0,0,0,0,0,1,12
823150,2026-04-19,TEX,away,656222,Jalen Beeks,0.6666666666666666,1,0,0,0,1,15
823150,2026-04-19,TEX,away,669022,MacKenzie Gore,5.0,7,5,5,1,5,90
823150,2026-04-19,TEX,away,686560,Gavin Collyer,0.3333333333333333,0,0,0,1,0,7
823150,2026-04-19,TEX,away,596001,Jakob Junis,1.0,0,0,0,2,0,21
823393,2026-04-19,PIT,home,656605,Mitch Keller,7.0,5,2,2,0,5,89
823393,2026-04-19,PIT,home,676755,Isaac Mattson,1.0,0,0,0,0,1,8
823393,2026-04-19,PIT,home,696062,Wilber Dotel,1.0,1,1,1,0,1,12
823393,2026-04-19,TB,away,663556,Shane McClanahan,4.333333333333333,8,4,4,0,5,90
823393,2026-04-19,TB,away,669438,Mason Englert,2.3333333333333335,2,1,1,1,3,38
823393,2026-04-19,TB,away,693855,Ian Seymour,1.3333333333333333,2,1,1,0,1,22
823475,2026-04-19,PHI,home,686751,Seth Johnson,1.0,0,0,0,0,1,8
823475,2026-04-19,PHI,home,689147,Orion Kerkering,1.0,0,0,0,1,0,13
823475,2026-04-19,PHI,home,663767,Chase Shugart,0.6666666666666666,1,0,0,1,1,20
823475,2026-04-19,PHI,home,641835,Tim Mayza,1.0,2,1,1,1,2,26
823475,2026-04-19,PHI,home,691725,Andrew Painter,4.0,5,3,3,1,4,84
823475,2026-04-19,PHI,home,679775,Kyle Backhus,1.3333333333333333,0,0,0,0,1,14
823475,2026-04-19,ATL,away,669276,Dylan Lee,1.0,0,0,0,1,0,16
823475,2026-04-19,ATL,away,663158,Robert Suarez,1.0,0,0,0,0,1,14
823475,2026-04-19,ATL,away,641755,Tyler Kinley,1.0,0,0,0,1,1,18
823475,2026-04-19,ATL,away,607481,Aaron Bummer,0.3333333333333333,1,0,0,0,0,5
823475,2026-04-19,ATL,away,628452,Raisel Iglesias,1.0,1,0,0,1,1,21
823475,2026-04-19,ATL,away,656550,Grant Holmes,4.666666666666667,4,2,2,1,4,81
823556,2026-04-19,NYY,home,677960,Ryan Weathers,7.333333333333333,5,0,0,1,8,95
823556,2026-04-19,NYY,home,683409,Angel Chivilli,1.6666666666666665,1,0,0,1,1,34
823556,2026-04-19,KC,away,666142,Cole Ragans,4.333333333333333,4,7,7,8,6,97
823556,2026-04-19,KC,away,669212,Eli Morgan,1.0,0,0,0,1,1,15
823556,2026-04-19,KC,away,696131,Mason Black,1.6666666666666665,3,0,0,1,2,38
823556,2026-04-19,KC,away,670167,John Schreiber,1.0,0,0,0,0,0,5
823718,2026-04-19,MIN,home,573124,Taylor Rogers,0.6666666666666666,0,0,0,0,0,8
823718,2026-04-19,MIN,home,641927,Bailey Ober,6.333333333333333,3,1,0,4,10,102
823718,2026-04-19,MIN,home,670183,Garrett Acton,1.6666666666666665,1,3,0,1,2,29
823718,2026-04-19,MIN,home,702193,Andrew Morris,1.3333333333333333,3,3,3,2,2,47
823718,2026-04-19,CIN,away,641941,Emilio Pagán,1.0,2,1,1,0,0,16
823718,2026-04-19,CIN,away,663903,Brady Singer,6.0,5,3,3,4,2,104
823718,2026-04-19,CIN,away,693312,Kyle Nicolas,1.0,2,0,0,0,1,19
823718,2026-04-19,CIN,away,683175,Connor Phillips,1.0,0,0,0,1,1,16
823718,2026-04-19,CIN,away,668933,Graham Ashcraft,1.0,0,0,0,1,1,21
823881,2026-04-19,MIA,home,664126,Pete Fairbanks,1.0,0,0,0,0,2,13
823881,2026-04-19,MIA,home,676534,Calvin Faucher,0.3333333333333333,0,0,0,0,0,2
823881,2026-04-19,MIA,home,656848,Michael Petersen,1.6666666666666665,1,1,1,0,1,23
823881,2026-04-19,MIA,home,677053,Andrew Nardi,0.0,1,1,1,2,0,15
823881,2026-04-19,MIA,home,691587,Eury Pérez,6.0,3,1,0,1,7,84
823881,2026-04-19,MIL,away,692230,Carlos Rodriguez,2.0,2,0,0,0,3,32
823881,2026-04-19,MIL,away,681982,Grant Anderson,0.6666666666666666,0,0,0,0,0,6
823881,2026-04-19,MIL,away,694819,Jacob Misiorowski,5.0,4,3,1,3,9,97
823881,2026-04-19,MIL,away,669084,DL Hall,0.3333333333333333,2,2,2,2,1,19
824047,2026-04-19,LAA,home,696147,Sam Bachman,2.0,1,0,0,0,3,27
824047,2026-04-19,LAA,home,700712,Walbert Ureña,6.0,4,2,2,2,8,92
824047,2026-04-19,LAA,home,608718,Brent Suter,1.0,0,0,0,1,0,12
824047,2026-04-19,SD,away,650633,Michael King,5.0,1,0,0,4,6,105
824047,2026-04-19,SD,away,695243,Mason Miller,1.0,0,0,0,0,2,13
824047,2026-04-19,SD,away,699134,Bradgley Rodriguez,1.6666666666666665,0,0,0,1,2,24
824047,2026-04-19,SD,away,606996,Kyle Hart,0.3333333333333333,1,1,1,0,0,10
824047,2026-04-19,SD,away,676760,Ron Marinaccio,1.0,0,0,0,2,1,26
824205,2026-04-19,HOU,home,678906,Kai-Wei Teng,2.0,1,0,0,1,3,35
824205,2026-04-19,HOU,home,660853,Enyel De Los Santos,1.0,1,0,0,0,1,19
824205,2026-04-19,HOU,home,595345,Steven Okert,0.3333333333333333,1,0,0,0,1,9
824205,2026-04-19,HOU,home,681347,Mike Burrows,4.666666666666667,3,4,4,2,7,87
824205,2026-04-19,HOU,home,687911,Bryan King,2.0,2,3,1,0,1,40
824205,2026-04-19,STL,away,700669,Gordon Graceffo,0.3333333333333333,1,0,0,0,0,7
824205,2026-04-19,STL,away,668941,JoJo Romero,0.6666666666666666,2,3,3,1,0,25
824205,2026-04-19,STL,away,677865,Justin Bruihl,0.6666666666666666,1,1,0,0,0,16
824205,2026-04-19,STL,away,676617,Riley O'Brien,1.3333333333333333,1,0,0,0,2,19
824205,2026-04-19,STL,away,669461,Matthew Liberatore,6.0,3,1,1,2,4,82
824205,2026-04-19,STL,away,592773,Ryne Stanek,1.0,0,0,0,0,0,10
824371,2026-04-19,COL,home,680767,Victor Vodnik,1.0,3,2,2,1,1,34
824371,2026-04-19,COL,home,623474,Jimmy Herget,1.0,2,0,0,0,1,20
824371,2026-04-19,COL,home,547179,Michael Lorenzen,5.0,7,3,3,1,3,88
824371,2026-04-19,COL,home,622608,Antonio Senzatela,2.0,3,1,1,0,2,31
824371,2026-04-19,LAD,away,681911,Alex Vesia,0.3333333333333333,0,0,0,0,0,5
824371,2026-04-19,LAD,away,669165,Kyle Hurt,1.0,0,0,0,0,1,8
824371,2026-04-19,LAD,away,694361,Will Klein,1.0,1,0,0,0,1,21
824371,2026-04-19,LAD,away,621242,Edwin Díaz,0.0,3,3,3,1,0,13
824371,2026-04-19,LAD,away,676263,Jack Dreyer,1.0,0,0,0,0,1,9
824371,2026-04-19,LAD,away,595014,Blake Treinen,0.0,4,3,3,0,0,14
824371,2026-04-19,LAD,away,808963,Roki Sasaki,4.666666666666667,7,3,3,2,2,78
824452,2026-04-19,CLE,home,542888,Shawn Armstrong,1.0,0,0,0,0,1,11
824452,2026-04-19,CLE,home,670036,Matt Festa,0.3333333333333333,0,0,0,0,0,9
824452,2026-04-19,CLE,home,688883,Peyton Pallette,2.0,0,0,0,0,2,30
824452,2026-04-19,CLE,home,676282,Joey Cantillo,4.666666666666667,5,4,3,3,6,89
824452,2026-04-19,CLE,home,681870,Erik Sabrowski,1.0,0,0,0,1,3,17
824452,2026-04-19,BAL,away,669432,Trevor Rogers,5.0,6,6,5,2,5,95
824452,2026-04-19,BAL,away,669330,Tyler Wells,2.0,0,0,0,0,5,23
824452,2026-04-19,BAL,away,671382,Cameron Foster,1.0,2,2,2,2,2,33
824691,2026-04-19,CHC,home,702303,Riley Martin,1.0,1,0,0,0,2,14
824691,2026-04-19,CHC,home,573204,Caleb Thielbar,1.0,1,0,0,0,1,16
824691,2026-04-19,CHC,home,665871,Javier Assad,5.666666666666667,3,1,1,0,3,82
824691,2026-04-19,CHC,home,657097,Jacob Webb,1.3333333333333333,0,0,0,0,2,21
824691,2026-04-19,CHC,home,656686,Corbin Martin,1.0,1,0,0,0,1,11
824691,2026-04-19,NYM,away,668964,Tobias Myers,2.0,1,0,0,1,2,28
824691,2026-04-19,NYM,away,623211,Huascar Brazobán,0.3333333333333333,0,0,0,2,1,13
824691,2026-04-19,NYM,away,596133,Luke Weaver,1.3333333333333333,0,0,0,0,0,13
824691,2026-04-19,NYM,away,642207,Devin Williams,1.0,2,1,1,0,3,20
824691,2026-04-19,NYM,away,656849,David Peterson,3.6666666666666665,3,0,0,0,1,47
824691,2026-04-19,NYM,away,518886,Craig Kimbrel,0.6666666666666666,0,1,0,0,1,8
824691,2026-04-19,NYM,away,548384,Brooks Raley,0.6666666666666666,1,0,0,0,0,12
824777,2026-04-19,BOS,home,676979,Garrett Crochet,5.0,7,5,5,2,8,93
824777,2026-04-19,BOS,home,681252,Jack Anderson,3.0,3,1,1,1,0,41
824777,2026-04-19,BOS,home,670245,Ryan Watson,1.0,2,0,0,0,0,16
824777,2026-04-19,DET,away,664285,Framber Valdez,6.0,3,1,1,2,7,98
824777,2026-04-19,DET,away,640448,Kyle Finnegan,1.0,1,0,0,0,1,19
824777,2026-04-19,DET,away,657756,Connor Seabold,1.0,2,1,1,0,2,15
824777,2026-04-19,DET,away,676684,Will Vest,1.0,0,0,0,1,0,19
825018,2026-04-19,OAK,home,686930,Mason Barnett,2.0,1,0,0,2,1,43
825018,2026-04-19,OAK,home,605130,Scott Barlow,1.0,0,0,0,0,2,15
825018,2026-04-19,OAK,home,665622,Luis Medina,1.0,0,0,0,0,1,8
825018,2026-04-19,OAK,home,605488,Jeffrey Springs,5.0,9,7,7,1,7,85
825018,2026-04-19,CWS,away,691799,Grant Taylor,1.6666666666666665,3,3,3,1,3,39
825018,2026-04-19,CWS,away,622554,Seranthony Domínguez,1.0,0,0,0,1,1,19
825018,2026-04-19,CWS,away,702273,Noah Schultz,5.0,1,1,1,1,6,82
825018,2026-04-19,CWS,away,673929,Jordan Leasure,0.3333333333333333,0,0,0,0,0,11
825018,2026-04-19,CWS,away,663542,Bryan Hudson,1.0,1,0,0,0,1,17
825100,2026-04-19,ARI,home,694851,Andrew Hoffmann,2.3333333333333335,2,1,1,1,3,33
825100,2026-04-19,ARI,home,694297,Brandon Pfaadt,6.333333333333333,4,1,1,2,3,84
825100,2026-04-19,ARI,home,669194,Ryne Nelson,0.3333333333333333,8,8,8,1,1,30
825100,2026-04-19,TOR,away,667297,Tommy Nance,1.0,0,0,0,0,0,8
825100,2026-04-19,TOR,away,592332,Kevin Gausman,6.0,7,2,2,1,4,86
825100,2026-04-19,TOR,away,689254,Mason Fluharty,1.0,2,2,2,0,1,18
825100,2026-04-19,TOR,away,680755,Braydon Fisher,1.0,1,0,0,0,0,11
822749,2026-04-20,WSH,home,676571,PJ Poulin,0.3333333333333333,1,2,2,1,0,11
822749,2026-04-20,WSH,home,695418,Brad Lord,2.6666666666666665,2,1,1,0,1,37
822749,2026-04-20,WSH,home,663623,Jake Irvin,5.0,3,4,3,0,4,68
822749,2026-04-20,WSH,home,642759,Julian Fernández,1.0,1,2,0,2,1,29
822749,2026-04-20,ATL,away,606303,Joel Payamps,1.0,0,0,0,0,1,10
822749,2026-04-20,ATL,away,641755,Tyler Kinley,1.0,0,0,0,0,2,15
822749,2026-04-20,ATL,away,607481,Aaron Bummer,0.3333333333333333,0,0,0,0,0,3
822749,2026-04-20,ATL,away,693821,Bryce Elder,6.666666666666667,3,4,3,2,6,98
822994,2026-04-20,TB,home,642121,Cole Sulser,1.0,0,0,0,0,0,7
822994,2026-04-20,TB,home,694680,Trevor Martin,2.3333333333333335,2,1,1,0,2,33
822994,2026-04-20,TB,home,669947,Jesse Scholtens,5.666666666666667,8,5,5,0,6,95
822994,2026-04-20,CIN,away,572955,Pierce Johnson,1.0,0,0,0,1,0,16
822994,2026-04-20,CIN,away,695076,Rhett Lowder,6.0,5,1,1,2,3,93
822994,2026-04-20,CIN,away,683175,Connor Phillips,1.0,1,0,0,2,0,19
822994,2026-04-20,CIN,away,656271,Brock Burke,1.0,0,0,0,0,2,14
823149,2026-04-20,SEA,home,678606,José A. Ferrer,1.0,2,0,0,0,0,19
823149,2026-04-20,SEA,home,668984,Casey Legumina,1.0,3,3,3,1,0,23
823149,2026-04-20,SEA,home,666374,Matt Brash,1.0,0,0,0,1,1,15
823149,2026-04-20,SEA,home,681867,Cooper Criswell,1.0,1,0,0,0,0,9
823149,2026-04-20,SEA,home,676106,Emerson Hancock,5.0,7,3,3,0,3,85
823149,2026-04-20,OAK,away,669372,J.T. Ginn,5.333333333333333,6,3,3,1,6,92
823149,2026-04-20,OAK,away,669270,Joel Kuhnel,1.0,2,1,1,0,0,10
823149,2026-04-20,OAK,away,663687,Hogan Harris,1.6666666666666665,0,0,0,0,2,25
823149,2026-04-20,OAK,away,643410,Mark Leiter Jr.,1.0,2,0,0,0,1,19
823879,2026-04-20,MIA,home,664126,Pete Fairbanks,1.0,1,1,1,0,2,19
823879,2026-04-20,MIA,home,676534,Calvin Faucher,0.6666666666666666,1,0,0,0,1,7
823879,2026-04-20,MIA,home,676974,Max Meyer,5.333333333333333,3,2,2,2,8,91
823879,2026-04-20,MIA,home,669622,Anthony Bender,0.6666666666666666,0,0,0,0,2,9
823879,2026-04-20,MIA,home,677053,Andrew Nardi,1.3333333333333333,0,0,0,0,0,21
823879,2026-04-20,STL,away,700241,Michael McGreevy,5.666666666666667,5,4,4,2,3,80
823879,2026-04-20,STL,away,694335,Matt Svanson,1.3333333333333333,0,0,0,2,0,25
823879,2026-04-20,STL,away,681676,Ryan Fernandez,1.0,1,1,1,2,1,20
824046,2026-04-20,LAA,home,681217,Chase Silseth,1.0,1,0,0,0,1,12
824046,2026-04-20,LAA,home,641312,Shaun Anderson,2.0,2,1,1,1,0,26
824046,2026-04-20,LAA,home,672282,Reid Detmers,6.0,5,4,4,2,5,90
824046,2026-04-20,TOR,away,686973,Louis Varland,1.3333333333333333,0,0,0,0,3,20
824046,2026-04-20,TOR,away,656546,Jeff Hoffman,1.0,1,0,0,0,3,17
824046,2026-04-20,TOR,away,656302,Dylan Cease,5.0,5,2,2,2,12,110
824046,2026-04-20,TOR,away,680755,Braydon Fisher,1.0,0,0,0,1,0,12
824046,2026-04-20,TOR,away,643511,Tyler Rogers,0.6666666666666666,0,0,0,0,0,9
824125,2026-04-20,KC,home,668674,Lucas Erceg,1.0,1,1,1,3,0,32
824125,2026-04-20,KC,home,621381,Matt Strahm,1.0,0,0,0,0,3,20
824125,2026-04-20,KC,home,663738,Daniel Lynch IV,1.3333333333333333,0,1,0,0,2,12
824125,2026-04-20,KC,home,607625,Seth Lugo,7.0,1,0,0,4,7,93
824125,2026-04-20,KC,home,656638,Alex Lange,1.0,3,5,4,1,2,31
824125,2026-04-20,KC,home,670167,John Schreiber,0.6666666666666666,1,0,0,0,0,12
824125,2026-04-20,BAL,away,670329,Rico Garcia,1.0,0,0,0,1,1,16
824125,2026-04-20,BAL,away,680694,Kyle Bradish,5.333333333333333,10,1,1,3,7,104
824125,2026-04-20,BAL,away,671382,Cameron Foster,1.0,2,3,2,1,1,20
824125,2026-04-20,BAL,away,689296,Anthony Nunez,2.0,1,1,0,1,1,25
824125,2026-04-20,BAL,away,664854,Ryan Helsley,1.0,0,0,0,0,2,12
824125,2026-04-20,BAL,away,664991,Grant Wolfram,0.6666666666666666,1,0,0,0,1,17
824125,2026-04-20,BAL,away,666974,Yennier Cano,1.0,0,0,0,0,0,17
824370,2026-04-20,COL,home,500779,Jose Quintana,5.0,8,6,4,1,1,90
824370,2026-04-20,COL,home,685299,Tanner Gordon,4.0,7,6,6,3,6,84
824370,2026-04-20,LAD,away,683618,Edgardo Henriquez,1.0,2,1,1,0,2,14
824370,2026-04-20,LAD,away,671109,Jake Eder,1.0,1,1,1,1,0,26
824370,2026-04-20,LAD,away,680736,Justin Wrobleski,7.0,8,1,1,0,3,97
824450,2026-04-20,CLE,home,641401,Connor Brogdon,1.0,1,1,1,0,1,19
824450,2026-04-20,CLE,home,677944,Slade Cecconi,5.0,10,7,6,2,2,94
824450,2026-04-20,CLE,home,670036,Matt Festa,2.0,1,1,1,0,1,22
824450,2026-04-20,CLE,home,682120,Tim Herrin,1.0,1,0,0,1,0,19
824450,2026-04-20,HOU,away,595345,Steven Okert,1.0,1,0,0,0,0,15
824450,2026-04-20,HOU,away,805123,AJ Blubaugh,1.0,0,0,0,1,1,15
824450,2026-04-20,HOU,away,681151,Jayden Murray,2.0,2,0,0,1,2,39
824450,2026-04-20,HOU,away,681293,Spencer Arrighetti,5.0,5,2,2,4,3,96
824692,2026-04-20,CHC,home,571948,Hoby Milner,1.3333333333333333,0,0,0,2,0,26
824692,2026-04-20,CHC,home,656686,Corbin Martin,1.0,0,0,0,1,0,18
824692,2026-04-20,CHC,home,607067,Colin Rea,6.666666666666667,6,1,1,2,5,92
824692,2026-04-20,PHI,away,686751,Seth Johnson,1.0,1,0,0,1,2,32
824692,2026-04-20,PHI,away,663767,Chase Shugart,2.0,1,0,0,0,2,28
824692,2026-04-20,PHI,away,605400,Aaron Nola,4.333333333333333,6,5,5,4,5,88
824692,2026-04-20,PHI,away,679775,Kyle Backhus,0.6666666666666666,0,0,0,0,1,5
824776,2026-04-20,BOS,home,669711,Greg Weissert,1.0,0,0,0,0,3,10
824776,2026-04-20,BOS,home,677161,Zack Kelly,1.6666666666666665,1,0,0,0,1,27
824776,2026-04-20,BOS,home,676477,Garrett Whitlock,1.0,0,0,0,0,0,12
824776,2026-04-20,BOS,home,543243,Sonny Gray,2.6666666666666665,3,1,1,1,2,40
824776,2026-04-20,BOS,home,663558,Jovani Morán,0.0,1,1,1,2,0,14
824776,2026-04-20,BOS,home,543056,Danny Coulombe,0.6666666666666666,0,1,1,1,0,15
824776,2026-04-20,BOS,home,547973,Aroldis Chapman,0.6666666666666666,1,0,0,0,1,13
824776,2026-04-20,BOS,home,670245,Ryan Watson,1.3333333333333333,4,3,3,0,0,29
824776,2026-04-20,DET,away,676428,Brant Hurter,2.6666666666666665,2,1,1,0,2,41
824776,2026-04-20,DET,away,623454,Drew Anderson,1.3333333333333333,3,2,2,0,1,21
824776,2026-04-20,DET,away,663947,Tyler Holton,0.6666666666666666,4,3,3,2,1,26
824776,2026-04-20,DET,away,656427,Jack Flaherty,3.3333333333333335,3,2,0,6,3,73
822747,2026-04-21,WSH,home,690925,Clayton Beeter,1.0,1,0,0,0,2,19
822747,2026-04-21,WSH,home,672335,Cionel Pérez,1.0,1,1,1,2,0,25
822747,2026-04-21,WSH,home,681402,Gus Varland,1.0,1,0,0,0,1,13
822747,2026-04-21,WSH,home,656492,Foster Griffin,6.0,5,3,3,1,3,96
822747,2026-04-21,ATL,away,689266,Dylan Dodd,1.0,2,1,1,1,2,17
822747,2026-04-21,ATL,away,660761,José Suarez,3.0,0,0,0,4,4,59
822747,2026-04-21,ATL,away,606303,Joel Payamps,1.0,1,3,3,2,1,26
822747,2026-04-21,ATL,away,641656,Ian Hamilton,1.0,2,3,3,2,1,31
822747,2026-04-21,ATL,away,607481,Aaron Bummer,1.0,0,0,0,0,1,10
822747,2026-04-21,ATL,away,625643,Reynaldo López,1.0,5,4,4,3,1,58
822914,2026-04-21,TEX,home,677958,Kumar Rocker,6.0,4,1,1,1,5,88
822914,2026-04-21,TEX,home,656641,Jacob Latz,1.0,0,0,0,0,2,14
822914,2026-04-21,TEX,home,596001,Jakob Junis,1.0,1,0,0,0,0,13
822914,2026-04-21,TEX,home,668390,Cole Winn,1.0,1,0,0,0,2,12
822914,2026-04-21,PIT,away,681895,Evan Sisk,1.0,1,0,0,0,2,20
822914,2026-04-21,PIT,away,669387,Carmen Mlodzinski,4.333333333333333,6,5,5,2,6,93
822914,2026-04-21,PIT,away,664875,Justin Lawrence,1.0,0,0,0,0,2,15
822914,2026-04-21,PIT,away,696062,Wilber Dotel,1.6666666666666665,1,0,0,3,0,33
822995,2026-04-21,TB,home,571927,Steven Matz,3.0,4,4,4,4,4,77
822995,2026-04-21,TB,home,693855,Ian Seymour,1.0,0,0,0,1,1,15
822995,2026-04-21,TB,home,643377,Griffin Jax,1.3333333333333333,1,2,2,1,3,29
822995,2026-04-21,TB,home,685801,Hunter Bigge,0.6666666666666666,2,3,3,2,1,33
822995,2026-04-21,TB,home,810938,Ben Williamson,1.0,1,1,1,0,0,7
822995,2026-04-21,TB,home,672782,Yoendrys Gómez,2.0,2,2,2,2,2,40
822995,2026-04-21,CIN,away,572955,Pierce Johnson,1.0,1,0,0,0,2,17
822995,2026-04-21,CIN,away,693312,Kyle Nicolas,1.0,1,4,4,5,2,42
822995,2026-04-21,CIN,away,594580,Sam Moll,1.3333333333333333,2,0,0,0,0,28
822995,2026-04-21,CIN,away,695505,Chase Burns,5.666666666666667,4,2,2,2,8,97
823148,2026-04-21,SEA,home,677961,Cole Wilcox,2.0,4,1,1,2,3,45
823148,2026-04-21,SEA,home,622491,Luis Castillo,5.0,5,2,2,2,6,95
823148,2026-04-21,SEA,home,642100,Gabe Speier,1.0,2,1,1,0,0,9
823148,2026-04-21,SEA,home,660825,Eduard Bazardo,1.0,2,1,1,0,1,27
823148,2026-04-21,OAK,away,605130,Scott Barlow,1.3333333333333333,1,0,0,1,2,26
823148,2026-04-21,OAK,away,682052,Jacob Lopez,5.333333333333333,7,2,2,2,1,86
823148,2026-04-21,OAK,away,663687,Hogan Harris,0.3333333333333333,0,0,0,0,0,8
823148,2026-04-21,OAK,away,678022,Jack Perkins,2.0,0,0,0,0,2,26
823236,2026-04-21,SF,home,676254,Ryan Walker,1.0,0,0,0,0,2,15
823236,2026-04-21,SF,home,676775,Keaton Winn,0.3333333333333333,0,0,0,0,1,5
823236,2026-04-21,SF,home,621366,Ryan Borucki,1.0,1,0,0,0,1,10
823236,2026-04-21,SF,home,669062,Erik Miller,1.0,1,0,0,1,1,26
823236,2026-04-21,SF,home,694738,Landen Roupp,5.0,1,1,1,5,7,106
823236,2026-04-21,SF,home,657424,Matt Gage,0.6666666666666666,0,0,0,1,0,14
823236,2026-04-21,LAD,away,656945,Tanner Scott,1.0,0,0,0,1,1,16
823236,2026-04-21,LAD,away,808967,Yoshinobu Yamamoto,7.0,6,3,3,2,7,101
823640,2026-04-21,NYM,home,681810,Austin Warren,1.0,0,0,0,0,3,12
823640,2026-04-21,NYM,home,623211,Huascar Brazobán,1.3333333333333333,0,0,0,0,2,16
823640,2026-04-21,NYM,home,642207,Devin Williams,0.0,1,2,2,3,0,21
823640,2026-04-21,NYM,home,690997,Nolan McLean,6.666666666666667,5,3,3,0,10,99
823640,2026-04-21,MIN,away,623437,Justin Topa,1.0,0,0,0,0,1,17
823640,2026-04-21,MIN,away,680573,Simeon Woods Richardson,5.0,4,3,3,3,2,95
823640,2026-04-21,MIN,away,607455,Anthony Banda,1.0,0,0,0,0,2,18
823640,2026-04-21,MIN,away,663485,Cole Sands,2.0,0,0,0,0,3,23
823880,2026-04-21,MIA,home,663969,Tyler Phillips,3.0,2,0,0,1,3,40
823880,2026-04-21,MIA,home,667463,John King,1.3333333333333333,0,0,0,0,2,19
823880,2026-04-21,MIA,home,663978,Chris Paddack,4.666666666666667,8,5,5,1,7,90
823880,2026-04-21,STL,away,677865,Justin Bruihl,1.6666666666666665,0,0,0,0,0,27
823880,2026-04-21,STL,away,676617,Riley O'Brien,1.0,1,0,0,0,1,17
823880,2026-04-21,STL,away,666277,George Soriano,0.3333333333333333,0,0,0,0,1,6
823880,2026-04-21,STL,away,592773,Ryne Stanek,0.6666666666666666,1,2,2,3,2,32
823880,2026-04-21,STL,away,669160,Dustin May,5.333333333333333,6,1,1,1,5,97
824045,2026-04-21,LAA,home,680704,Nick Sandlin,1.0,0,0,0,0,1,9
824045,2026-04-21,LAA,home,686799,Jack Kochanowicz,5.666666666666667,5,1,1,2,1,88
824045,2026-04-21,LAA,home,519141,Drew Pomeranz,1.0,3,3,3,1,1,18
824045,2026-04-21,LAA,home,696147,Sam Bachman,1.3333333333333333,0,0,0,0,1,13
824045,2026-04-21,TOR,away,693686,Spencer Miles,1.3333333333333333,1,0,0,0,1,22
824045,2026-04-21,TOR,away,686973,Louis Varland,0.6666666666666666,0,0,0,0,0,1
824045,2026-04-21,TOR,away,656546,Jeff Hoffman,0.3333333333333333,2,1,1,0,1,18
824045,2026-04-21,TOR,away,689254,Mason Fluharty,0.6666666666666666,0,0,0,0,1,7
824045,2026-04-21,TOR,away,643511,Tyler Rogers,1.0,0,0,0,0,0,12
824045,2026-04-21,TOR,away,571578,Patrick Corbin,5.0,2,1,1,2,3,65
824127,2026-04-21,KC,home,668674,Lucas Erceg,1.0,0,0,0,1,0,14
824127,2026-04-21,KC,home,663460,Kris Bubic,6.0,5,3,3,3,3,100
824127,2026-04-21,KC,home,621381,Matt Strahm,1.0,3,2,2,1,1,31
824127,2026-04-21,KC,home,683232,Nick Mears,1.0,0,0,0,0,0,14
824127,2026-04-21,BAL,away,670329,Rico Garcia,1.0,1,1,1,0,2,18
824127,2026-04-21,BAL,away,669358,Shane Baz,6.333333333333333,8,4,4,2,4,98
824127,2026-04-21,BAL,away,664854,Ryan Helsley,0.3333333333333333,0,1,1,2,1,22
824127,2026-04-21,BAL,away,664991,Grant Wolfram,0.6666666666666666,1,0,0,0,0,12
824290,2026-04-21,DET,home,657756,Connor Seabold,1.0,2,2,2,0,0,22
824290,2026-04-21,DET,home,672456,Keider Montero,5.666666666666667,5,3,3,1,3,88
824290,2026-04-21,DET,home,668670,Jake Rogers,1.0,2,0,0,0,1,14
824290,2026-04-21,DET,home,646241,Enmanuel De Jesus,1.3333333333333333,7,7,5,2,1,49
824290,2026-04-21,MIL,away,681982,Grant Anderson,2.0,1,0,0,0,1,17
824290,2026-04-21,MIL,away,690986,Kyle Harrison,3.0,4,1,1,3,3,72
824290,2026-04-21,MIL,away,676879,Aaron Ashby,1.0,0,0,0,2,2,27
824290,2026-04-21,MIL,away,663765,Jake Woodford,2.0,4,3,3,0,2,42
824290,2026-04-21,MIL,away,656730,Trevor Megill,1.0,0,0,0,0,1,14
824369,2026-04-21,COL,home,623474,Jimmy Herget,1.0,0,0,0,0,3,14
824369,2026-04-21,COL,home,801403,Chase Dollander,6.0,3,1,1,1,9,102
824369,2026-04-21,COL,home,657514,Brennan Bernardino,1.0,2,0,0,0,2,21
824369,2026-04-21,COL,home,675848,Juan Mejia,1.0,1,0,0,0,1,20
824369,2026-04-21,SD,away,592094,Jason Adam,1.0,0,0,0,0,1,12
824369,2026-04-21,SD,away,670970,Adrian Morejon,1.0,0,0,0,0,2,8
824369,2026-04-21,SD,away,681190,Randy Vásquez,7.0,3,0,0,0,5,84
824448,2026-04-21,CLE,home,542888,Shawn Armstrong,1.0,0,0,0,0,0,11
824448,2026-04-21,CLE,home,641401,Connor Brogdon,0.3333333333333333,1,1,0,0,0,11
824448,2026-04-21,CLE,home,671922,Cade Smith,1.0,2,1,1,1,1,18
824448,2026-04-21,CLE,home,688883,Peyton Pallette,1.0,0,0,0,1,0,21
824448,2026-04-21,CLE,home,800048,Parker Messick,5.0,6,3,3,1,4,85
824448,2026-04-21,CLE,home,682120,Tim Herrin,0.6666666666666666,1,0,0,0,0,16
824448,2026-04-21,HOU,away,678906,Kai-Wei Teng,2.6666666666666665,0,0,0,1,2,31
824448,2026-04-21,HOU,away,680802,Ryan Weiss,3.3333333333333335,5,2,2,4,4,86
824448,2026-04-21,HOU,away,660853,Enyel De Los Santos,0.3333333333333333,2,3,3,1,0,15
824448,2026-04-21,HOU,away,687911,Bryan King,0.6666666666666666,2,3,3,2,0,15
824448,2026-04-21,HOU,away,676467,Colton Gordon,1.0,2,0,0,0,1,17
824690,2026-04-21,CHC,home,702303,Riley Martin,1.0,1,2,2,1,2,17
824690,2026-04-21,CHC,home,573204,Caleb Thielbar,0.6666666666666666,0,0,0,0,0,6
824690,2026-04-21,CHC,home,684007,Shota Imanaga,7.0,3,1,1,1,1,87
824690,2026-04-21,CHC,home,657097,Jacob Webb,0.3333333333333333,2,1,0,0,0,7
824690,2026-04-21,PHI,away,666200,Jesús Luzardo,4.666666666666667,5,1,1,4,3,100
824690,2026-04-21,PHI,away,621237,José Alvarado,0.3333333333333333,2,1,1,1,1,23
824690,2026-04-21,PHI,away,689147,Orion Kerkering,0.3333333333333333,0,0,0,2,0,15
824690,2026-04-21,PHI,away,641835,Tim Mayza,1.0,2,3,3,1,1,23
824690,2026-04-21,PHI,away,621383,Tanner Banks,1.0,3,2,2,2,1,30
824690,2026-04-21,PHI,away,641745,Brad Keller,0.6666666666666666,0,0,0,0,0,3
824773,2026-04-21,BOS,home,813349,Connelly Early,5.333333333333333,5,3,3,3,4,92
824773,2026-04-21,BOS,home,701719,Tyler Samaniego,1.6666666666666665,1,0,0,1,3,20
824773,2026-04-21,BOS,home,681252,Jack Anderson,2.0,4,1,1,0,2,31
824773,2026-04-21,NYY,away,657612,Tim Hill,1.0,0,0,0,0,0,10
824773,2026-04-21,NYY,away,687396,Brent Headrick,0.6666666666666666,1,0,0,0,1,13
824773,2026-04-21,NYY,away,661563,Luis Gil,6.333333333333333,2,0,0,3,2,83
824773,2026-04-21,NYY,away,670280,David Bednar,1.0,1,0,0,0,1,19
825099,2026-04-21,ARI,home,518876,Merrill Kelly,4.333333333333333,10,8,8,3,5,101
825099,2026-04-21,ARI,home,656464,Kevin Ginkel,1.0,0,0,0,0,1,15
825099,2026-04-21,ARI,home,642528,Jonathan Loáisiga,1.3333333333333333,1,0,0,1,2,27
825099,2026-04-21,ARI,home,664199,Taylor Clarke,1.3333333333333333,1,0,0,0,0,16
825099,2026-04-21,ARI,home,657044,Ryan Thompson,0.0,1,3,3,1,0,10
825099,2026-04-21,ARI,home,543510,James McCann,1.0,1,0,0,1,0,13
825099,2026-04-21,CWS,away,674370,Osvaldo Bido,2.0,3,3,3,4,2,53
825099,2026-04-21,CWS,away,608371,Lucas Sims,1.0,0,0,0,2,1,16
825099,2026-04-21,CWS,away,680732,Sean Burke,6.0,5,2,2,1,3,101
822748,2026-04-22,WSH,home,641793,Zack Littell,6.0,7,8,6,2,1,96
822748,2026-04-22,WSH,home,680730,Mitchell Parker,2.0,1,0,0,1,0,23
822748,2026-04-22,WSH,home,642759,Julian Fernández,1.0,0,0,0,0,0,12
822748,2026-04-22,ATL,away,669276,Dylan Lee,1.0,0,0,0,0,0,13
822748,2026-04-22,ATL,away,663158,Robert Suarez,1.0,1,0,0,0,0,8
822748,2026-04-22,ATL,away,800311,Didier Fuentes,3.0,7,4,4,1,7,74
822748,2026-04-22,ATL,away,641755,Tyler Kinley,1.0,0,0,0,2,1,19
822748,2026-04-22,ATL,away,527048,Martín Pérez,3.0,3,2,2,0,4,52
822913,2026-04-22,TEX,home,641302,Tyler Alexander,2.0,1,0,0,0,2,29
822913,2026-04-22,TEX,home,683004,Jack Leiter,5.0,5,4,3,2,5,84
822913,2026-04-22,TEX,home,656222,Jalen Beeks,0.6666666666666666,1,1,1,0,1,9
822913,2026-04-22,TEX,home,686560,Gavin Collyer,1.0,0,0,0,0,0,7
822913,2026-04-22,TEX,home,668390,Cole Winn,0.3333333333333333,2,3,3,0,1,19
822913,2026-04-22,PIT,away,642397,Gregory Soto,1.0,3,2,2,0,3,27
822913,2026-04-22,PIT,away,642701,Dennis Santana,1.0,0,0,0,0,2,9
822913,2026-04-22,PIT,away,677952,Braxton Ashcraft,7.0,4,2,2,2,5,94
822993,2026-04-22,TB,home,607259,Nick Martinez,8.0,5,1,1,1,6,95
822993,2026-04-22,TB,home,687330,Kevin Kelly,1.0,0,0,0,0,1,13
822993,2026-04-22,CIN,away,682227,Brandon Williamson,4.333333333333333,7,5,5,3,3,87
822993,2026-04-22,CIN,away,663574,Tony Santillan,0.6666666666666666,0,0,0,0,0,6
822993,2026-04-22,CIN,away,683175,Connor Phillips,2.0,2,1,1,0,1,29
822993,2026-04-22,CIN,away,656271,Brock Burke,1.0,0,0,0,0,0,9
823147,2026-04-22,SEA,home,678606,José A. Ferrer,2.0,2,0,0,1,2,26
823147,2026-04-22,SEA,home,666374,Matt Brash,1.0,0,0,0,0,0,10
823147,2026-04-22,SEA,home,669302,Logan Gilbert,4.0,6,3,3,2,3,89
823147,2026-04-22,SEA,home,681867,Cooper Criswell,1.0,0,0,0,0,1,9
823147,2026-04-22,SEA,home,662253,Andrés Muñoz,1.0,1,1,1,0,1,17
823147,2026-04-22,OAK,away,686993,Justin Sterner,1.0,1,0,0,0,2,13
823147,2026-04-22,OAK,away,669270,Joel Kuhnel,0.6666666666666666,4,1,1,0,0,11
823147,2026-04-22,OAK,away,669620,Brady Basso,0.6666666666666666,1,0,0,0,0,6
823147,2026-04-22,OAK,away,650644,Aaron Civale,5.333333333333333,6,3,3,1,5,85
823147,2026-04-22,OAK,away,643410,Mark Leiter Jr.,1.0,2,1,1,0,1,18
823231,2026-04-22,SF,home,641816,Tyler Mahle,7.0,3,0,0,2,5,91
823231,2026-04-22,SF,home,676254,Ryan Walker,1.0,0,0,0,1,0,16
823231,2026-04-22,SF,home,668873,Caleb Kilian,1.0,1,0,0,0,0,13
823231,2026-04-22,LAD,away,669165,Kyle Hurt,1.0,0,0,0,0,1,11
823231,2026-04-22,LAD,away,660271,Shohei Ohtani,6.0,5,0,0,0,7,91
823231,2026-04-22,LAD,away,676263,Jack Dreyer,1.0,3,3,3,0,0,18
823641,2026-04-22,NYM,home,596133,Luke Weaver,1.3333333333333333,1,0,0,1,3,30
823641,2026-04-22,NYM,home,605280,Clay Holmes,7.0,5,2,2,1,3,88
823641,2026-04-22,NYM,home,548384,Brooks Raley,0.6666666666666666,1,0,0,1,1,16
823641,2026-04-22,MIN,away,623437,Justin Topa,0.3333333333333333,1,0,0,1,0,17
823641,2026-04-22,MIN,away,696070,Kendry Rojas,2.0,2,0,0,3,0,35
823641,2026-04-22,MIN,away,687570,Connor Prielipp,4.0,4,2,2,0,6,82
823641,2026-04-22,MIN,away,573124,Taylor Rogers,0.6666666666666666,1,1,1,1,0,12
823641,2026-04-22,MIN,away,679358,Eric Orze,1.0,0,0,0,0,2,11
823878,2026-04-22,MIA,home,669199,Lake Bachar,0.3333333333333333,1,1,1,1,0,9
823878,2026-04-22,MIA,home,664126,Pete Fairbanks,0.6666666666666666,0,0,0,0,1,12
823878,2026-04-22,MIA,home,656848,Michael Petersen,1.0,0,0,0,0,3,13
823878,2026-04-22,MIA,home,669622,Anthony Bender,1.0,1,0,0,0,1,9
823878,2026-04-22,MIA,home,676083,Janson Junk,5.0,1,0,0,1,2,56
823878,2026-04-22,MIA,home,677053,Andrew Nardi,1.0,1,0,0,0,2,13
823878,2026-04-22,STL,away,694335,Matt Svanson,1.0,0,0,0,0,1,8
823878,2026-04-22,STL,away,681517,Kyle Leahy,5.0,8,4,4,3,2,89
823878,2026-04-22,STL,away,681676,Ryan Fernandez,1.0,2,0,0,0,2,17
823878,2026-04-22,STL,away,700669,Gordon Graceffo,1.0,2,0,0,0,0,18
824044,2026-04-22,LAA,home,681217,Chase Silseth,0.6666666666666666,2,1,1,0,0,17
824044,2026-04-22,LAA,home,667755,José Soriano,5.0,7,0,0,0,4,84
824044,2026-04-22,LAA,home,666171,Ryan Zeferjahn,1.3333333333333333,1,2,2,1,1,21
824044,2026-04-22,LAA,home,605447,Jordan Romano,1.0,2,0,0,0,2,20
824044,2026-04-22,LAA,home,608718,Brent Suter,1.0,0,0,0,0,2,12
824044,2026-04-22,TOR,away,667297,Tommy Nance,1.3333333333333333,1,2,2,1,2,24
824044,2026-04-22,TOR,away,573009,Joe Mantiply,1.3333333333333333,1,0,0,1,2,23
824044,2026-04-22,TOR,away,641778,Eric Lauer,5.0,7,3,3,2,3,79
824044,2026-04-22,TOR,away,680755,Braydon Fisher,0.3333333333333333,2,2,2,1,1,20
824123,2026-04-22,KC,home,669212,Eli Morgan,1.6666666666666665,3,2,2,0,1,22
824123,2026-04-22,KC,home,696131,Mason Black,1.0,1,0,0,1,1,24
824123,2026-04-22,KC,home,608379,Michael Wacha,5.333333333333333,7,6,6,2,5,89
824123,2026-04-22,KC,home,656638,Alex Lange,1.0,0,0,0,0,1,18
824123,2026-04-22,BAL,away,669330,Tyler Wells,1.6666666666666665,1,0,0,0,0,10
824123,2026-04-22,BAL,away,605135,Chris Bassitt,5.333333333333333,8,5,5,2,3,88
824123,2026-04-22,BAL,away,689296,Anthony Nunez,1.0,0,0,0,0,2,22
824123,2026-04-22,BAL,away,666974,Yennier Cano,1.0,1,1,1,0,0,11
824286,2026-04-22,DET,home,663554,Casey Mize,6.0,3,1,1,3,7,88
824286,2026-04-22,DET,home,640448,Kyle Finnegan,1.0,0,0,0,0,1,7
824286,2026-04-22,DET,home,445276,Kenley Jansen,1.0,1,0,0,2,1,36
824286,2026-04-22,DET,home,676684,Will Vest,1.0,2,1,1,0,0,22
824286,2026-04-22,MIL,away,694477,Chad Patrick,4.0,6,4,4,1,2,80
824286,2026-04-22,MIL,away,692230,Carlos Rodriguez,2.0,3,1,1,0,2,35
824286,2026-04-22,MIL,away,669084,DL Hall,2.0,0,0,0,2,2,32
824367,2026-04-22,COL,home,608372,Tomoyuki Sugano,5.666666666666667,5,1,1,1,4,101
824367,2026-04-22,COL,home,622608,Antonio Senzatela,2.0,1,1,0,1,0,32
824367,2026-04-22,COL,home,677955,Jaden Hill,1.3333333333333333,1,1,1,1,3,29
824367,2026-04-22,SD,away,688158,David Morgan,1.3333333333333333,4,2,2,1,3,38
824367,2026-04-22,SD,away,593974,Wandy Peralta,1.6666666666666665,1,1,1,0,1,17
824367,2026-04-22,SD,away,621111,Walker Buehler,2.6666666666666665,8,4,4,3,2,82
824367,2026-04-22,SD,away,606996,Kyle Hart,2.3333333333333335,2,1,1,0,0,42
824449,2026-04-22,CLE,home,670036,Matt Festa,1.0,0,0,0,1,2,18
824449,2026-04-22,CLE,home,681870,Erik Sabrowski,1.0,1,0,0,0,1,17
824449,2026-04-22,CLE,home,683769,Hunter Gaddis,1.0,0,0,0,0,0,5
824449,2026-04-22,CLE,home,676440,Tanner Bibee,6.0,5,2,2,2,3,95
824449,2026-04-22,HOU,away,660853,Enyel De Los Santos,1.3333333333333333,1,0,0,1,1,24
824449,2026-04-22,HOU,away,595345,Steven Okert,0.6666666666666666,1,0,0,0,0,16
824449,2026-04-22,HOU,away,805123,AJ Blubaugh,1.0,0,0,0,0,1,17
824449,2026-04-22,HOU,away,663567,Peter Lambert,6.0,3,0,0,3,8,96
824688,2026-04-22,CHC,home,571948,Hoby Milner,1.0,1,0,0,0,2,20
824688,2026-04-22,CHC,home,656686,Corbin Martin,1.0,0,0,0,0,0,12
824688,2026-04-22,CHC,home,571510,Matthew Boyd,4.666666666666667,5,2,2,0,5,84
824688,2026-04-22,CHC,home,676962,Ben Brown,2.3333333333333335,3,0,0,0,5,37
824688,2026-04-22,PHI,away,592836,Taijuan Walker,4.0,8,5,4,1,1,64
824688,2026-04-22,PHI,away,660604,Alan Rangel,3.0,3,1,1,0,5,44
824688,2026-04-22,PHI,away,679775,Kyle Backhus,1.0,2,1,1,0,1,15
824774,2026-04-22,BOS,home,700842,Eduardo Rivera,3.3333333333333335,1,0,0,0,3,41
824774,2026-04-22,BOS,home,677161,Zack Kelly,1.0,0,0,0,0,2,11
824774,2026-04-22,BOS,home,624133,Ranger Suarez,4.666666666666667,5,4,4,2,4,71
824774,2026-04-22,NYY,away,687396,Brent Headrick,1.0,2,1,1,0,0,26
824774,2026-04-22,NYY,away,608331,Max Fried,8.0,3,0,0,2,9,100
825097,2026-04-22,ARI,home,593958,Eduardo Rodriguez,5.0,6,4,4,3,4,96
825097,2026-04-22,ARI,home,666661,Juan Morillo,1.0,1,0,0,0,2,14
825097,2026-04-22,ARI,home,623149,Paul Sewald,1.0,1,0,0,1,1,16
825097,2026-04-22,ARI,home,664199,Taylor Clarke,1.0,1,1,1,0,0,13
825097,2026-04-22,ARI,home,657044,Ryan Thompson,1.0,2,2,2,1,1,19
825097,2026-04-22,CWS,away,641743,Anthony Kay,3.6666666666666665,8,8,8,3,1,92
825097,2026-04-22,CWS,away,608371,Lucas Sims,1.0,2,2,2,0,2,24
825097,2026-04-22,CWS,away,663542,Bryan Hudson,1.0,1,0,0,1,2,32
825097,2026-04-22,CWS,away,656794,Sean Newcomb,2.0,4,1,1,1,0,44
825097,2026-04-22,CWS,away,663855,Jordan Hicks,0.3333333333333333,1,0,0,1,0,12
822745,2026-04-23,WSH,home,663992,Richard Lovelady,1.0,1,0,0,0,1,11
822745,2026-04-23,WSH,home,672335,Cionel Pérez,0.3333333333333333,1,3,3,2,1,20
822745,2026-04-23,WSH,home,676917,Cade Cavalli,5.0,7,2,2,0,10,85
822745,2026-04-23,WSH,home,681402,Gus Varland,0.6666666666666666,3,1,1,0,1,13
822745,2026-04-23,WSH,home,642759,Julian Fernández,2.0,2,1,1,0,2,30
822745,2026-04-23,ATL,away,669276,Dylan Lee,1.0,0,0,0,0,2,13
822745,2026-04-23,ATL,away,471911,Carlos Carrasco,1.0,0,0,0,0,1,10
822745,2026-04-23,ATL,away,702275,JR Ritchie,7.0,5,2,2,2,7,89
822912,2026-04-23,TEX,home,682608,Peyton Gray,1.0,0,0,0,0,1,10
822912,2026-04-23,TEX,home,656222,Jalen Beeks,1.0,0,0,0,0,2,13
822912,2026-04-23,TEX,home,686560,Gavin Collyer,0.3333333333333333,0,0,0,1,0,15
822912,2026-04-23,TEX,home,594798,Jacob deGrom,5.666666666666667,5,1,1,1,10,89
822912,2026-04-23,TEX,home,596001,Jakob Junis,1.0,0,0,0,0,0,9
822912,2026-04-23,PIT,away,681895,Evan Sisk,2.0,0,0,0,2,2,32
822912,2026-04-23,PIT,away,670990,Yohan Ramírez,1.0,1,0,0,0,1,10
822912,2026-04-23,PIT,away,696149,Bubba Chandler,4.0,7,6,6,3,4,78
822912,2026-04-23,PIT,away,664875,Justin Lawrence,1.0,1,0,0,0,0,17
823233,2026-04-23,SF,home,657277,Logan Webb,7.0,7,3,3,2,5,98
823233,2026-04-23,SF,home,694918,Blade Tidwell,2.0,1,0,0,1,2,25
823233,2026-04-23,LAD,away,607192,Tyler Glasnow,8.0,1,0,0,1,9,105
823233,2026-04-23,LAD,away,656945,Tanner Scott,1.0,0,0,0,0,0,13
823639,2026-04-23,NYM,home,668964,Tobias Myers,2.3333333333333335,2,1,0,0,3,40
823639,2026-04-23,NYM,home,623211,Huascar Brazobán,0.6666666666666666,1,1,1,0,0,10
823639,2026-04-23,NYM,home,642207,Devin Williams,0.6666666666666666,3,1,1,0,2,22
823639,2026-04-23,NYM,home,656849,David Peterson,3.3333333333333335,4,1,1,1,2,45
823639,2026-04-23,NYM,home,518886,Craig Kimbrel,0.6666666666666666,2,3,3,1,1,19
823639,2026-04-23,NYM,home,681035,Christian Scott,1.3333333333333333,0,1,1,5,1,43
823639,2026-04-23,MIN,away,607455,Anthony Banda,0.3333333333333333,1,1,1,1,0,9
823639,2026-04-23,MIN,away,657746,Joe Ryan,5.0,7,7,4,2,5,92
823639,2026-04-23,MIN,away,702193,Andrew Morris,2.6666666666666665,2,2,2,0,4,37
824288,2026-04-23,DET,home,676428,Brant Hurter,0.6666666666666666,0,0,0,0,0,4
824288,2026-04-23,DET,home,669373,Tarik Skubal,6.0,7,4,4,0,5,94
824288,2026-04-23,DET,home,663947,Tyler Holton,1.0,2,0,0,1,0,18
824288,2026-04-23,DET,home,572143,Burch Smith,1.3333333333333333,1,0,0,1,1,24
824288,2026-04-23,MIL,away,682842,Abner Uribe,0.3333333333333333,1,1,1,0,1,8
824288,2026-04-23,MIL,away,681982,Grant Anderson,0.3333333333333333,0,0,0,0,1,4
824288,2026-04-23,MIL,away,676879,Aaron Ashby,0.3333333333333333,1,0,0,1,0,15
824288,2026-04-23,MIL,away,687075,Brandon Sproat,5.333333333333333,4,3,3,2,4,76
824288,2026-04-23,MIL,away,672582,Angel Zerpa,1.0,1,1,1,0,2,25
824288,2026-04-23,MIL,away,656730,Trevor Megill,1.0,0,0,0,0,0,8
824368,2026-04-23,COL,home,663372,Ryan Feltner,2.0,2,2,2,1,3,40
824368,2026-04-23,COL,home,680767,Victor Vodnik,0.6666666666666666,4,5,5,1,2,22
824368,2026-04-23,COL,home,657514,Brennan Bernardino,0.6666666666666666,0,0,0,0,0,6
824368,2026-04-23,COL,home,675848,Juan Mejia,1.6666666666666665,3,1,1,1,3,45
824368,2026-04-23,COL,home,688642,Zach Agnos,3.0,4,2,2,1,3,67
824368,2026-04-23,COL,home,678020,Seth Halvorsen,1.0,0,0,0,1,2,19
824368,2026-04-23,SD,away,695243,Mason Miller,1.0,1,0,0,0,0,7
824368,2026-04-23,SD,away,670970,Adrian Morejon,1.0,1,1,1,0,1,14
824368,2026-04-23,SD,away,663362,Matt Waldron,5.0,8,6,6,3,3,82
824368,2026-04-23,SD,away,676760,Ron Marinaccio,2.0,4,1,1,0,0,30
824689,2026-04-23,CHC,home,571948,Hoby Milner,0.6666666666666666,0,1,1,2,0,25
824689,2026-04-23,CHC,home,702303,Riley Martin,1.0,0,0,0,1,1,27
824689,2026-04-23,CHC,home,665795,Edward Cabrera,7.0,6,5,3,0,5,83
824689,2026-04-23,CHC,home,665871,Javier Assad,1.0,0,0,0,0,0,7
824689,2026-04-23,CHC,home,573204,Caleb Thielbar,0.0,1,1,1,1,0,9
824689,2026-04-23,CHC,home,657097,Jacob Webb,0.3333333333333333,1,0,0,1,1,11
824689,2026-04-23,PHI,away,621237,José Alvarado,1.0,1,0,0,1,1,10
824689,2026-04-23,PHI,away,650911,Cristopher Sánchez,5.333333333333333,12,6,6,2,4,99
824689,2026-04-23,PHI,away,689147,Orion Kerkering,1.0,1,0,0,1,1,19
824689,2026-04-23,PHI,away,663767,Chase Shugart,0.6666666666666666,1,0,0,0,0,7
824689,2026-04-23,PHI,away,621383,Tanner Banks,0.3333333333333333,2,1,0,1,1,11
824689,2026-04-23,PHI,away,641745,Brad Keller,1.0,1,1,1,0,0,9
824770,2026-04-23,BOS,home,669711,Greg Weissert,0.3333333333333333,2,0,0,1,1,12
824770,2026-04-23,BOS,home,701719,Tyler Samaniego,1.3333333333333333,2,0,0,0,1,23
824770,2026-04-23,BOS,home,801139,Payton Tolle,6.0,3,1,1,1,11,93
824770,2026-04-23,BOS,home,543056,Danny Coulombe,0.6666666666666666,3,3,3,0,2,18
824770,2026-04-23,BOS,home,670245,Ryan Watson,0.6666666666666666,0,0,0,0,2,12
824770,2026-04-23,NYY,away,670280,David Bednar,1.0,0,0,0,0,0,11
824770,2026-04-23,NYY,away,693645,Cam Schlittler,8.0,4,2,1,1,5,96
825096,2026-04-23,ARI,home,666661,Juan Morillo,1.3333333333333333,1,0,0,0,2,14
825096,2026-04-23,ARI,home,656464,Kevin Ginkel,1.6666666666666665,1,0,0,0,2,18
825096,2026-04-23,ARI,home,642528,Jonathan Loáisiga,0.3333333333333333,0,0,0,0,0,4
825096,2026-04-23,ARI,home,623149,Paul Sewald,0.6666666666666666,1,3,3,2,0,19
825096,2026-04-23,ARI,home,647336,Michael Soroka,5.0,7,1,1,1,6,101
825096,2026-04-23,CWS,away,663436,Davis Martin,6.333333333333333,6,1,1,1,7,97
825096,2026-04-23,CWS,away,691799,Grant Taylor,1.6666666666666665,2,0,0,0,3,26
825096,2026-04-23,CWS,away,622554,Seranthony Domínguez,1.0,0,0,0,0,2,12
822827,2026-04-24,TOR,home,693686,Spencer Miles,2.0,2,1,1,0,2,28
822827,2026-04-24,TOR,home,667297,Tommy Nance,1.0,0,0,0,0,3,13
822827,2026-04-24,TOR,home,573009,Joe Mantiply,1.6666666666666665,2,0,0,0,1,19
822827,2026-04-24,TOR,home,453286,Max Scherzer,2.3333333333333335,6,7,7,3,0,82
822827,2026-04-24,TOR,home,689254,Mason Fluharty,1.0,0,0,0,0,2,13
822827,2026-04-24,TOR,home,680755,Braydon Fisher,1.0,0,0,0,1,0,14
822827,2026-04-24,CLE,away,671922,Cade Smith,1.0,2,0,0,0,0,16
822827,2026-04-24,CLE,away,681870,Erik Sabrowski,1.0,0,0,0,0,1,13
822827,2026-04-24,CLE,away,668909,Gavin Williams,6.0,7,6,6,2,4,96
822827,2026-04-24,CLE,away,683769,Hunter Gaddis,1.0,0,0,0,0,0,8
822909,2026-04-24,TEX,home,615698,Cal Quantrill,3.0,3,2,2,0,2,45
822909,2026-04-24,TEX,home,543135,Nathan Eovaldi,6.0,6,6,6,1,3,86
822909,2026-04-24,OAK,away,622663,Luis Severino,6.666666666666667,6,1,1,1,5,98
822909,2026-04-24,OAK,away,686993,Justin Sterner,0.6666666666666666,0,0,0,0,0,9
822909,2026-04-24,OAK,away,663687,Hogan Harris,0.6666666666666666,2,0,0,0,2,16
822909,2026-04-24,OAK,away,665622,Luis Medina,1.0,0,0,0,0,0,12
822992,2026-04-24,TB,home,642121,Cole Sulser,1.0,1,0,0,0,0,16
822992,2026-04-24,TB,home,694680,Trevor Martin,1.0,3,1,1,1,1,21
822992,2026-04-24,TB,home,641329,Bryan Baker,1.0,0,0,0,0,1,18
822992,2026-04-24,TB,home,656876,Drew Rasmussen,6.0,5,1,1,1,6,98
822992,2026-04-24,MIN,away,671737,Taj Bradley,6.333333333333333,7,6,6,3,3,93
822992,2026-04-24,MIN,away,607455,Anthony Banda,0.6666666666666666,0,0,0,0,0,7
822992,2026-04-24,MIN,away,679358,Eric Orze,1.0,0,0,0,0,2,10
823069,2026-04-24,STL,home,700669,Gordon Graceffo,2.0,0,0,0,0,2,23
823069,2026-04-24,STL,home,677865,Justin Bruihl,1.0,0,0,0,2,0,20
823069,2026-04-24,STL,home,669467,Andre Pallante,5.333333333333333,4,3,3,3,8,90
823069,2026-04-24,STL,home,666277,George Soriano,0.6666666666666666,0,0,0,0,0,11
823069,2026-04-24,SEA,away,666374,Matt Brash,1.0,0,0,0,0,0,13
823069,2026-04-24,SEA,away,669923,George Kirby,6.0,5,2,2,1,2,81
823069,2026-04-24,SEA,away,662253,Andrés Muñoz,1.0,1,0,0,0,2,14
823069,2026-04-24,SEA,away,642100,Gabe Speier,0.3333333333333333,2,0,0,0,1,11
823069,2026-04-24,SEA,away,660825,Eduard Bazardo,0.6666666666666666,0,0,0,0,0,4
823232,2026-04-24,SF,home,664141,JT Brubaker,3.0,3,1,1,1,3,54
823232,2026-04-24,SF,home,668873,Caleb Kilian,1.0,1,0,0,1,0,18
823232,2026-04-24,SF,home,621366,Ryan Borucki,1.0,1,0,0,1,0,24
823232,2026-04-24,SF,home,605288,Adrian Houser,4.0,11,8,8,1,3,77
823232,2026-04-24,MIA,away,669199,Lake Bachar,2.0,2,1,1,0,1,31
823232,2026-04-24,MIA,away,645261,Sandy Alcantara,6.0,9,3,3,1,4,108
823232,2026-04-24,MIA,away,667463,John King,1.0,0,0,0,1,1,14
823638,2026-04-24,NYM,home,640455,Sean Manaea,3.3333333333333335,3,2,2,1,7,61
823638,2026-04-24,NYM,home,642547,Freddy Peralta,5.666666666666667,7,2,2,3,8,95
823638,2026-04-24,COL,away,547179,Michael Lorenzen,7.0,7,1,1,0,3,90
823638,2026-04-24,COL,away,622608,Antonio Senzatela,1.6666666666666665,0,0,0,0,1,10
823638,2026-04-24,COL,away,677955,Jaden Hill,0.3333333333333333,4,2,2,0,0,12
823800,2026-04-24,MIL,home,675660,Shane Drohan,4.0,4,3,1,1,2,71
823800,2026-04-24,MIL,home,605540,Brandon Woodruff,5.0,5,3,3,2,3,71
823800,2026-04-24,PIT,away,694973,Paul Skenes,7.0,1,0,0,0,7,93
823800,2026-04-24,PIT,away,682254,Mason Montgomery,1.0,0,0,0,0,1,9
823800,2026-04-24,PIT,away,676755,Isaac Mattson,1.0,0,0,0,1,1,14
823962,2026-04-24,LAD,home,681911,Alex Vesia,0.6666666666666666,2,2,2,1,1,20
823962,2026-04-24,LAD,home,683618,Edgardo Henriquez,0.3333333333333333,0,0,0,0,0,1
823962,2026-04-24,LAD,home,656945,Tanner Scott,0.6666666666666666,2,2,2,0,0,17
823962,2026-04-24,LAD,home,686218,Emmet Sheehan,6.333333333333333,4,1,1,1,10,101
823962,2026-04-24,LAD,home,595014,Blake Treinen,1.0,3,1,1,0,2,17
823962,2026-04-24,CHC,away,592791,Jameson Taillon,5.0,4,4,4,3,4,85
823962,2026-04-24,CHC,away,656686,Corbin Martin,1.0,0,0,0,0,1,14
823962,2026-04-24,CHC,away,669020,Ryan Rolison,3.0,2,0,0,0,1,35
824124,2026-04-24,KC,home,668674,Lucas Erceg,1.0,0,0,0,1,2,18
824124,2026-04-24,KC,home,621381,Matt Strahm,1.0,0,0,0,0,0,8
824124,2026-04-24,KC,home,683232,Nick Mears,0.3333333333333333,0,0,0,2,0,14
824124,2026-04-24,KC,home,663738,Daniel Lynch IV,0.3333333333333333,0,0,0,0,1,5
824124,2026-04-24,KC,home,702070,Noah Cameron,6.333333333333333,8,3,3,3,6,88
824124,2026-04-24,LAA,away,519141,Drew Pomeranz,1.0,2,1,1,1,1,30
824124,2026-04-24,LAA,away,666171,Ryan Zeferjahn,1.0,0,0,0,0,2,13
824124,2026-04-24,LAA,away,641312,Shaun Anderson,1.0,1,0,0,1,2,20
824124,2026-04-24,LAA,away,579328,Yusei Kikuchi,5.0,5,5,5,2,5,90
824204,2026-04-24,HOU,home,650556,Bryan Abreu,1.0,0,0,0,0,1,14
824204,2026-04-24,HOU,home,621121,Lance McCullers Jr.,5.0,6,7,5,4,3,92
824204,2026-04-24,HOU,home,681151,Jayden Murray,1.0,0,0,0,0,0,13
824204,2026-04-24,HOU,home,676467,Colton Gordon,2.0,7,5,5,2,0,53
824204,2026-04-24,NYY,away,642232,Ryan Yarbrough,2.0,1,0,0,1,2,37
824204,2026-04-24,NYY,away,701542,Will Warren,6.0,7,2,2,1,6,95
824204,2026-04-24,NYY,away,518585,Fernando Cruz,1.0,3,2,2,0,3,20
824529,2026-04-24,CIN,home,572955,Pierce Johnson,1.0,0,0,0,0,0,6
824529,2026-04-24,CIN,home,663574,Tony Santillan,1.0,3,3,3,0,1,18
824529,2026-04-24,CIN,home,693312,Kyle Nicolas,1.0,2,0,0,3,0,43
824529,2026-04-24,CIN,home,668933,Graham Ashcraft,1.0,0,0,0,1,0,17
824529,2026-04-24,CIN,home,656271,Brock Burke,1.0,0,0,0,0,1,20
824529,2026-04-24,CIN,home,671096,Andrew Abbott,4.0,6,5,5,2,4,89
824529,2026-04-24,DET,away,664285,Framber Valdez,4.333333333333333,4,2,2,5,4,89
824529,2026-04-24,DET,away,676428,Brant Hurter,0.3333333333333333,1,1,0,0,1,11
824529,2026-04-24,DET,away,623454,Drew Anderson,1.0,0,0,0,0,2,14
824529,2026-04-24,DET,away,640448,Kyle Finnegan,1.6666666666666665,2,1,1,0,4,28
824529,2026-04-24,DET,away,445276,Kenley Jansen,0.6666666666666666,2,2,2,0,1,14
824529,2026-04-24,DET,away,676684,Will Vest,0.6666666666666666,2,3,2,1,1,22
824611,2026-04-24,CWS,home,622554,Seranthony Domínguez,1.0,1,0,0,0,2,18
824611,2026-04-24,CWS,home,673929,Jordan Leasure,1.0,1,1,1,0,1,14
824611,2026-04-24,CWS,home,663542,Bryan Hudson,1.0,1,0,0,1,1,17
824611,2026-04-24,CWS,home,607200,Erick Fedde,5.666666666666667,3,3,1,4,1,91
824611,2026-04-24,CWS,home,656794,Sean Newcomb,0.3333333333333333,0,0,0,0,1,4
824611,2026-04-24,WSH,away,683000,Riley Cornelio,2.0,2,3,2,4,1,42
824611,2026-04-24,WSH,away,571945,Miles Mikolas,3.6666666666666665,4,2,2,0,1,51
824611,2026-04-24,WSH,away,663992,Richard Lovelady,0.6666666666666666,1,0,0,1,0,10
824611,2026-04-24,WSH,away,676571,PJ Poulin,1.6666666666666665,1,0,0,0,1,28
824854,2026-04-24,BAL,home,687064,Brandon Young,5.666666666666667,7,3,3,1,5,93
824854,2026-04-24,BAL,home,671382,Cameron Foster,2.0,3,0,0,1,1,27
824854,2026-04-24,BAL,home,552640,Andrew Kittredge,1.0,0,0,0,0,0,16
824854,2026-04-24,BAL,home,666974,Yennier Cano,0.3333333333333333,0,0,0,0,0,3
824854,2026-04-24,BOS,away,678394,Brayan Bello,3.3333333333333335,13,8,8,1,2,85
824854,2026-04-24,BOS,away,663558,Jovani Morán,2.6666666666666665,3,1,1,1,1,36
824854,2026-04-24,BOS,away,670245,Ryan Watson,2.0,4,1,1,0,2,43
824932,2026-04-24,ATL,home,663158,Robert Suarez,1.0,1,0,0,1,1,17
824932,2026-04-24,ATL,home,606303,Joel Payamps,1.0,1,0,0,0,0,22
824932,2026-04-24,ATL,home,607481,Aaron Bummer,1.0,1,0,0,0,0,22
824932,2026-04-24,ATL,home,656550,Grant Holmes,6.0,7,3,3,3,4,89
824932,2026-04-24,PHI,away,663767,Chase Shugart,0.3333333333333333,0,0,0,0,0,6
824932,2026-04-24,PHI,away,641835,Tim Mayza,1.0,1,0,0,1,1,21
824932,2026-04-24,PHI,away,691725,Andrew Painter,5.666666666666667,9,5,5,2,1,96
824932,2026-04-24,PHI,away,679775,Kyle Backhus,1.0,0,0,0,0,0,7
822826,2026-04-25,TOR,home,686973,Louis Varland,1.0,3,1,1,1,2,30
822826,2026-04-25,TOR,home,592332,Kevin Gausman,6.666666666666667,6,2,2,0,3,91
822826,2026-04-25,TOR,home,689254,Mason Fluharty,0.3333333333333333,0,0,0,0,1,8
822826,2026-04-25,TOR,home,643511,Tyler Rogers,1.0,0,0,0,0,1,14
822826,2026-04-25,CLE,away,641401,Connor Brogdon,1.0,0,0,0,0,2,12
822826,2026-04-25,CLE,away,670036,Matt Festa,1.0,1,1,0,0,3,17
822826,2026-04-25,CLE,away,688883,Peyton Pallette,1.0,2,1,1,2,1,35
822826,2026-04-25,CLE,away,676282,Joey Cantillo,5.0,6,3,1,1,4,89
822910,2026-04-25,TEX,home,656641,Jacob Latz,1.0,0,0,0,0,1,14
822910,2026-04-25,TEX,home,656222,Jalen Beeks,1.0,0,0,0,0,1,10
822910,2026-04-25,TEX,home,669022,MacKenzie Gore,5.0,6,3,3,3,7,106
822910,2026-04-25,TEX,home,596001,Jakob Junis,1.0,1,0,0,0,0,12
822910,2026-04-25,TEX,home,668390,Cole Winn,1.0,0,0,0,0,1,10
822910,2026-04-25,OAK,away,605130,Scott Barlow,1.0,0,0,0,0,0,11
822910,2026-04-25,OAK,away,643410,Mark Leiter Jr.,1.0,0,0,0,0,1,13
822910,2026-04-25,OAK,away,605488,Jeffrey Springs,6.0,5,4,4,2,4,91
822989,2026-04-25,TB,home,663556,Shane McClanahan,5.0,3,0,0,2,7,86
822989,2026-04-25,TB,home,687330,Kevin Kelly,2.0,1,0,0,0,1,32
822989,2026-04-25,TB,home,694680,Trevor Martin,1.0,1,1,1,0,1,17
822989,2026-04-25,TB,home,685801,Hunter Bigge,1.0,0,0,0,0,2,11
822989,2026-04-25,MIN,away,573124,Taylor Rogers,0.0,2,3,3,1,0,15
822989,2026-04-25,MIN,away,641927,Bailey Ober,6.0,3,2,2,2,3,83
822989,2026-04-25,MIN,away,670183,Garrett Acton,1.0,2,1,1,0,2,18
822989,2026-04-25,MIN,away,679358,Eric Orze,1.0,1,0,0,0,1,9
823070,2026-04-25,STL,home,694335,Matt Svanson,0.6666666666666666,0,0,0,1,1,18
823070,2026-04-25,STL,home,700669,Gordon Graceffo,0.6666666666666666,2,1,1,0,0,6
823070,2026-04-25,STL,home,668941,JoJo Romero,0.6666666666666666,2,2,2,0,0,12
823070,2026-04-25,STL,home,677865,Justin Bruihl,1.0,0,0,0,0,0,13
823070,2026-04-25,STL,home,676617,Riley O'Brien,1.0,4,2,2,1,1,39
823070,2026-04-25,STL,home,666277,George Soriano,1.0,2,1,1,0,1,15
823070,2026-04-25,STL,home,669461,Matthew Liberatore,3.3333333333333335,8,5,5,1,3,64
823070,2026-04-25,STL,home,592773,Ryne Stanek,0.6666666666666666,1,0,0,0,0,10
823070,2026-04-25,SEA,away,678606,José A. Ferrer,2.0,2,0,0,1,1,29
823070,2026-04-25,SEA,away,666374,Matt Brash,1.0,0,0,0,0,1,13
823070,2026-04-25,SEA,away,693433,Bryan Woo,3.0,9,7,7,0,1,53
823070,2026-04-25,SEA,away,681867,Cooper Criswell,2.0,3,2,2,0,3,36
823070,2026-04-25,SEA,away,662253,Andrés Muñoz,1.0,0,0,0,1,1,14
823229,2026-04-25,SF,home,676254,Ryan Walker,1.0,1,1,0,0,0,12
823229,2026-04-25,SF,home,676775,Keaton Winn,1.0,0,0,0,0,0,11
823229,2026-04-25,SF,home,592662,Robbie Ray,5.0,4,1,1,3,4,97
823229,2026-04-25,SF,home,669062,Erik Miller,1.0,0,0,0,1,2,21
823229,2026-04-25,SF,home,657424,Matt Gage,1.0,1,0,0,1,0,23
823229,2026-04-25,MIA,away,663969,Tyler Phillips,2.0,2,2,2,3,0,46
823229,2026-04-25,MIA,away,669622,Anthony Bender,0.6666666666666666,2,0,0,0,1,7
823229,2026-04-25,MIA,away,691587,Eury Pérez,5.333333333333333,7,4,4,2,6,94
823799,2026-04-25,MIL,home,682842,Abner Uribe,1.0,0,0,0,0,1,8
823799,2026-04-25,MIL,home,681982,Grant Anderson,0.3333333333333333,1,0,0,0,0,4
823799,2026-04-25,MIL,home,676879,Aaron Ashby,2.0,1,0,0,0,4,21
823799,2026-04-25,MIL,home,694819,Jacob Misiorowski,6.0,6,3,3,1,9,91
823799,2026-04-25,MIL,home,672582,Angel Zerpa,0.6666666666666666,1,3,1,1,1,16
823799,2026-04-25,PIT,away,642397,Gregory Soto,1.0,0,0,0,0,1,14
823799,2026-04-25,PIT,away,682254,Mason Montgomery,1.0,0,0,0,1,1,20
823799,2026-04-25,PIT,away,656605,Mitch Keller,5.0,5,3,3,2,6,93
823799,2026-04-25,PIT,away,670990,Yohan Ramírez,1.0,0,0,0,0,2,15
823799,2026-04-25,PIT,away,676755,Isaac Mattson,1.0,0,0,0,0,0,4
823799,2026-04-25,PIT,away,642701,Dennis Santana,1.0,1,0,0,1,1,17
823960,2026-04-25,LAD,home,671109,Jake Eder,1.0,0,0,0,0,1,13
823960,2026-04-25,LAD,home,669165,Kyle Hurt,1.0,1,0,0,0,1,10
823960,2026-04-25,LAD,home,694361,Will Klein,1.3333333333333333,1,0,0,0,2,21
823960,2026-04-25,LAD,home,676263,Jack Dreyer,0.6666666666666666,0,0,0,1,2,19
823960,2026-04-25,LAD,home,808963,Roki Sasaki,5.0,7,4,4,1,5,99
823960,2026-04-25,CHC,away,592826,Vince Velasquez,2.3333333333333335,1,0,0,0,1,31
823960,2026-04-25,CHC,away,665871,Javier Assad,2.3333333333333335,7,6,6,2,2,70
823960,2026-04-25,CHC,away,607067,Colin Rea,3.3333333333333335,6,6,6,4,4,92
824121,2026-04-25,KC,home,666142,Cole Ragans,6.0,5,1,1,0,11,99
824121,2026-04-25,KC,home,696131,Mason Black,1.0,2,0,0,0,2,18
824121,2026-04-25,KC,home,663738,Daniel Lynch IV,1.0,0,0,0,0,0,9
824121,2026-04-25,KC,home,670167,John Schreiber,1.0,1,0,0,0,1,18
824121,2026-04-25,LAA,away,624428,Adam Frazier,0.3333333333333333,1,0,0,1,0,11
824121,2026-04-25,LAA,away,680704,Nick Sandlin,1.3333333333333333,0,0,0,0,2,19
824121,2026-04-25,LAA,away,681217,Chase Silseth,1.0,2,1,1,2,0,23
824121,2026-04-25,LAA,away,641312,Shaun Anderson,1.0,3,3,2,1,1,28
824121,2026-04-25,LAA,away,700712,Walbert Ureña,3.6666666666666665,6,4,4,5,3,81
824121,2026-04-25,LAA,away,605447,Jordan Romano,0.6666666666666666,3,4,4,1,0,36
824203,2026-04-25,HOU,home,678906,Kai-Wei Teng,0.3333333333333333,2,1,1,0,0,9
824203,2026-04-25,HOU,home,595345,Steven Okert,1.0,0,0,0,0,0,13
824203,2026-04-25,HOU,home,805123,AJ Blubaugh,1.3333333333333333,1,1,1,2,0,29
824203,2026-04-25,HOU,home,656986,Bennett Sousa,0.3333333333333333,1,2,2,4,0,27
824203,2026-04-25,HOU,home,681347,Mike Burrows,5.0,5,2,2,3,8,92
824203,2026-04-25,HOU,home,681151,Jayden Murray,1.0,3,2,2,1,0,19
824203,2026-04-25,NYY,away,677960,Ryan Weathers,5.333333333333333,6,2,2,0,4,86
824203,2026-04-25,NYY,away,657612,Tim Hill,1.0,1,1,1,0,1,11
824203,2026-04-25,NYY,away,518585,Fernando Cruz,0.6666666666666666,0,0,0,1,2,12
824203,2026-04-25,NYY,away,656234,Jake Bird,1.0,0,0,0,0,1,9
824203,2026-04-25,NYY,away,666808,Camilo Doval,1.0,0,0,0,1,1,13
824527,2026-04-25,CIN,home,641941,Emilio Pagán,1.0,1,0,0,0,0,11
824527,2026-04-25,CIN,home,663903,Brady Singer,5.333333333333333,8,2,2,0,3,94
824527,2026-04-25,CIN,home,683175,Connor Phillips,0.6666666666666666,0,0,0,0,1,7
824527,2026-04-25,CIN,home,668933,Graham Ashcraft,1.0,1,0,0,1,1,13
824527,2026-04-25,CIN,home,594580,Sam Moll,1.0,0,0,0,1,1,12
824527,2026-04-25,DET,away,623454,Drew Anderson,2.6666666666666665,1,1,1,1,5,42
824527,2026-04-25,DET,away,663947,Tyler Holton,1.0,2,2,2,1,0,28
824527,2026-04-25,DET,away,572143,Burch Smith,2.0,1,0,0,1,3,26
824527,2026-04-25,DET,away,656427,Jack Flaherty,2.0,5,6,6,2,4,68
824527,2026-04-25,DET,away,657756,Connor Seabold,0.3333333333333333,1,0,0,2,0,17
824613,2026-04-25,CWS,home,674370,Osvaldo Bido,0.3333333333333333,0,0,0,0,0,8
824613,2026-04-25,CWS,home,691799,Grant Taylor,1.0,0,0,0,0,2,9
824613,2026-04-25,CWS,home,702273,Noah Schultz,6.0,4,2,2,4,8,85
824613,2026-04-25,CWS,home,673929,Jordan Leasure,0.6666666666666666,2,4,3,3,2,30
824613,2026-04-25,CWS,home,663855,Jordan Hicks,1.0,0,0,0,2,1,19
824613,2026-04-25,CWS,home,699823,Tyler Davis,1.0,0,0,0,1,2,14
824613,2026-04-25,WSH,away,695418,Brad Lord,1.0,1,1,0,0,0,18
824613,2026-04-25,WSH,away,672335,Cionel Pérez,1.0,0,0,0,2,1,22
824613,2026-04-25,WSH,away,663623,Jake Irvin,5.666666666666667,4,0,0,0,9,88
824613,2026-04-25,WSH,away,681402,Gus Varland,1.0,1,0,0,0,1,8
824613,2026-04-25,WSH,away,680730,Mitchell Parker,1.3333333333333333,1,2,2,2,3,23
824851,2026-04-25,BAL,home,669211,Keegan Akin,1.0,6,6,6,0,2,32
824851,2026-04-25,BAL,home,669432,Trevor Rogers,1.6666666666666665,4,3,3,2,2,62
824851,2026-04-25,BAL,home,669330,Tyler Wells,1.3333333333333333,1,0,0,0,1,23
824851,2026-04-25,BAL,home,642215,Weston Wilson,1.0,4,4,4,0,0,25
824851,2026-04-25,BAL,home,544150,Albert Suárez,4.0,2,4,0,3,2,59
824851,2026-04-25,BOS,away,669711,Greg Weissert,1.0,2,1,0,0,1,21
824851,2026-04-25,BOS,away,676979,Garrett Crochet,6.0,3,0,0,2,7,90
824851,2026-04-25,BOS,away,701719,Tyler Samaniego,1.0,0,0,0,0,0,12
824851,2026-04-25,BOS,away,543056,Danny Coulombe,1.0,1,0,0,0,1,15
824933,2026-04-25,ATL,home,669276,Dylan Lee,1.0,1,1,1,0,2,16
824933,2026-04-25,ATL,home,660761,José Suarez,1.0,3,2,2,1,3,31
824933,2026-04-25,ATL,home,641755,Tyler Kinley,1.0,1,2,1,1,1,24
824933,2026-04-25,ATL,home,693821,Bryce Elder,7.0,6,3,3,1,2,92
824933,2026-04-25,PHI,away,621237,José Alvarado,1.3333333333333333,1,0,0,0,0,17
824933,2026-04-25,PHI,away,554430,Zack Wheeler,5.0,3,2,2,3,6,84
824933,2026-04-25,PHI,away,689147,Orion Kerkering,1.3333333333333333,0,0,0,1,1,18
824933,2026-04-25,PHI,away,621383,Tanner Banks,0.0,3,2,2,0,0,11
824933,2026-04-25,PHI,away,641745,Brad Keller,1.3333333333333333,0,0,0,0,1,16
824933,2026-04-25,PHI,away,679775,Kyle Backhus,1.0,2,1,0,0,0,17
825093,2026-04-25,ARI,home,694851,Andrew Hoffmann,1.0,2,1,1,1,1,24
825093,2026-04-25,ARI,home,694297,Brandon Pfaadt,3.0,2,4,4,3,5,56
825093,2026-04-25,ARI,home,642528,Jonathan Loáisiga,1.0,0,0,0,0,1,18
825093,2026-04-25,ARI,home,664199,Taylor Clarke,1.0,1,1,0,1,0,14
825093,2026-04-25,ARI,home,668678,Zac Gallen,3.0,1,0,0,0,3,49
825093,2026-04-25,SD,away,695243,Mason Miller,1.0,0,0,0,0,0,13
825093,2026-04-25,SD,away,592094,Jason Adam,1.0,0,0,0,0,0,15
825093,2026-04-25,SD,away,608566,Germán Márquez,6.0,6,4,4,1,2,75
825093,2026-04-25,SD,away,670970,Adrian Morejon,1.0,1,0,0,1,2,29
822824,2026-04-26,TOR,home,686973,Louis Varland,1.0,1,0,0,0,2,20
822824,2026-04-26,TOR,home,656546,Jeff Hoffman,1.0,0,0,0,1,1,24
822824,2026-04-26,TOR,home,680755,Braydon Fisher,1.3333333333333333,1,0,0,2,2,19
822824,2026-04-26,TOR,home,643511,Tyler Rogers,1.0,0,0,0,0,1,11
822824,2026-04-26,TOR,home,571578,Patrick Corbin,4.666666666666667,6,2,2,2,4,84
822824,2026-04-26,CLE,away,677944,Slade Cecconi,5.666666666666667,6,4,4,1,5,90
822824,2026-04-26,CLE,away,670059,Colin Holderman,1.3333333333333333,0,0,0,0,2,12
822824,2026-04-26,CLE,away,682120,Tim Herrin,1.0,0,0,0,0,1,15
822911,2026-04-26,TEX,home,677958,Kumar Rocker,6.0,6,2,2,2,3,84
822911,2026-04-26,TEX,home,682608,Peyton Gray,1.0,1,0,0,2,1,21
822911,2026-04-26,TEX,home,641302,Tyler Alexander,1.0,2,0,0,0,0,11
822911,2026-04-26,TEX,home,686560,Gavin Collyer,1.0,1,0,0,0,1,16
822911,2026-04-26,OAK,away,669372,J.T. Ginn,3.3333333333333335,3,0,0,1,2,46
822911,2026-04-26,OAK,away,686993,Justin Sterner,1.0,1,0,0,0,2,13
822911,2026-04-26,OAK,away,682052,Jacob Lopez,1.0,1,1,1,2,1,25
822911,2026-04-26,OAK,away,669270,Joel Kuhnel,0.6666666666666666,0,0,0,1,1,9
822911,2026-04-26,OAK,away,663687,Hogan Harris,1.0,0,0,0,1,1,19
822911,2026-04-26,OAK,away,678022,Jack Perkins,2.0,1,0,0,0,3,26
822991,2026-04-26,TB,home,642121,Cole Sulser,1.3333333333333333,1,0,0,0,2,26
822991,2026-04-26,TB,home,669947,Jesse Scholtens,4.333333333333333,3,2,2,3,1,72
822991,2026-04-26,TB,home,643377,Griffin Jax,2.3333333333333335,1,0,0,1,2,31
822991,2026-04-26,TB,home,641329,Bryan Baker,1.0,0,0,0,0,1,16
822991,2026-04-26,MIN,away,623437,Justin Topa,1.0,1,0,0,0,1,10
822991,2026-04-26,MIN,away,680573,Simeon Woods Richardson,4.333333333333333,8,4,4,3,2,78
822991,2026-04-26,MIN,away,607455,Anthony Banda,0.6666666666666666,0,0,0,0,1,9
822991,2026-04-26,MIN,away,663485,Cole Sands,0.6666666666666666,0,0,0,0,0,7
822991,2026-04-26,MIN,away,681892,Kody Funderburk,1.3333333333333333,0,0,0,1,0,20
823068,2026-04-26,STL,home,700241,Michael McGreevy,6.0,5,1,1,0,6,98
823068,2026-04-26,STL,home,694335,Matt Svanson,1.0,2,1,1,0,1,16
823068,2026-04-26,STL,home,668941,JoJo Romero,1.0,1,1,1,0,2,21
823068,2026-04-26,STL,home,592773,Ryne Stanek,1.0,0,0,0,0,3,22
823068,2026-04-26,SEA,away,678606,José A. Ferrer,1.0,0,0,0,0,0,11
823068,2026-04-26,SEA,away,642100,Gabe Speier,0.6666666666666666,0,0,0,1,0,15
823068,2026-04-26,SEA,away,660825,Eduard Bazardo,1.3333333333333333,0,0,0,0,1,12
823068,2026-04-26,SEA,away,676106,Emerson Hancock,6.0,7,2,2,2,4,94
823230,2026-04-26,SF,home,669062,Erik Miller,1.3333333333333333,0,0,0,0,1,12
823230,2026-04-26,SF,home,694738,Landen Roupp,7.666666666666667,2,3,3,2,6,103
823230,2026-04-26,MIA,away,676534,Calvin Faucher,1.0,2,2,2,1,0,18
823230,2026-04-26,MIA,away,676974,Max Meyer,5.0,4,1,0,1,5,77
823230,2026-04-26,MIA,away,669622,Anthony Bender,1.0,0,0,0,0,0,12
823230,2026-04-26,MIA,away,677053,Andrew Nardi,1.0,2,3,3,2,1,20
823635,2026-04-26,NYM,home,681810,Austin Warren,2.0,0,0,0,0,1,20
823635,2026-04-26,NYM,home,623211,Huascar Brazobán,2.0,2,1,1,1,1,31
823635,2026-04-26,NYM,home,690997,Nolan McLean,5.0,5,2,1,2,7,91
823635,2026-04-26,COL,away,680767,Victor Vodnik,1.0,0,0,0,0,2,15
823635,2026-04-26,COL,away,500779,Jose Quintana,5.333333333333333,2,1,1,2,5,85
823635,2026-04-26,COL,away,675848,Juan Mejia,1.6666666666666665,0,0,0,0,2,30
823635,2026-04-26,COL,away,677955,Jaden Hill,1.0,2,0,0,1,1,25
823637,2026-04-26,NYM,home,596133,Luke Weaver,1.0,1,0,0,0,0,9
823637,2026-04-26,NYM,home,642207,Devin Williams,1.0,0,0,0,0,2,14
823637,2026-04-26,NYM,home,673540,Kodai Senga,2.6666666666666665,3,3,3,3,1,50
823637,2026-04-26,NYM,home,605218,Carl Edwards Jr.,3.3333333333333335,0,0,0,3,5,49
823637,2026-04-26,NYM,home,548384,Brooks Raley,1.0,0,0,0,0,1,11
823637,2026-04-26,COL,away,801403,Chase Dollander,7.0,5,0,0,2,7,105
823637,2026-04-26,COL,away,688642,Zach Agnos,1.0,1,0,0,0,0,11
823637,2026-04-26,COL,away,678020,Seth Halvorsen,1.0,0,0,0,1,0,15
823797,2026-04-26,MIL,home,682842,Abner Uribe,1.0,0,0,0,0,2,13
823797,2026-04-26,MIL,home,690986,Kyle Harrison,6.0,1,0,0,1,12,101
823797,2026-04-26,MIL,home,676879,Aaron Ashby,1.0,0,0,0,2,2,28
823797,2026-04-26,MIL,home,656730,Trevor Megill,1.0,1,0,0,1,2,26
823797,2026-04-26,PIT,away,681895,Evan Sisk,1.3333333333333333,1,0,0,0,2,23
823797,2026-04-26,PIT,away,669387,Carmen Mlodzinski,3.6666666666666665,5,5,4,1,4,81
823797,2026-04-26,PIT,away,664875,Justin Lawrence,1.0,0,0,0,0,0,9
823797,2026-04-26,PIT,away,676742,Cam Sanders,2.0,1,0,0,1,1,32
823959,2026-04-26,LAD,home,683618,Edgardo Henriquez,1.0,0,0,0,2,1,24
823959,2026-04-26,LAD,home,669165,Kyle Hurt,1.0,0,0,0,0,0,5
823959,2026-04-26,LAD,home,680736,Justin Wrobleski,6.0,4,0,0,4,6,109
823959,2026-04-26,LAD,home,676263,Jack Dreyer,1.0,0,0,0,0,1,15
823959,2026-04-26,CHC,away,571948,Hoby Milner,1.0,1,1,1,0,0,14
823959,2026-04-26,CHC,away,684007,Shota Imanaga,5.333333333333333,6,5,4,3,6,100
823959,2026-04-26,CHC,away,605441,Yacksel Ríos,1.6666666666666665,0,0,0,0,2,13
824122,2026-04-26,KC,home,669212,Eli Morgan,0.6666666666666666,1,0,0,0,0,14
824122,2026-04-26,KC,home,668674,Lucas Erceg,1.0,0,1,0,1,2,21
824122,2026-04-26,KC,home,683232,Nick Mears,1.0,0,0,0,0,1,12
824122,2026-04-26,KC,home,607625,Seth Lugo,6.333333333333333,14,7,7,1,3,97
824122,2026-04-26,KC,home,656638,Alex Lange,1.0,1,1,1,3,2,34
824122,2026-04-26,LAA,away,519141,Drew Pomeranz,0.3333333333333333,1,1,1,0,0,6
824122,2026-04-26,LAA,away,696147,Sam Bachman,1.0,3,2,2,2,0,23
824122,2026-04-26,LAA,away,664192,Joey Lucchesi,0.6666666666666666,1,3,2,1,1,22
824122,2026-04-26,LAA,away,666171,Ryan Zeferjahn,1.6666666666666665,0,0,0,1,1,20
824122,2026-04-26,LAA,away,672282,Reid Detmers,5.0,5,3,3,1,5,93
824122,2026-04-26,LAA,away,608718,Brent Suter,1.0,2,2,2,1,0,29
824202,2026-04-26,HOU,home,660853,Enyel De Los Santos,1.0,4,3,3,0,0,24
824202,2026-04-26,HOU,home,687911,Bryan King,1.0,0,0,0,0,1,11
824202,2026-04-26,HOU,home,681293,Spencer Arrighetti,7.0,3,1,1,1,8,96
824202,2026-04-26,NYY,away,621112,Paul Blackburn,3.0,2,1,1,0,2,43
824202,2026-04-26,NYY,away,642232,Ryan Yarbrough,1.0,0,0,0,0,2,11
824202,2026-04-26,NYY,away,661563,Luis Gil,4.0,5,6,6,3,0,83
824528,2026-04-26,CIN,home,572955,Pierce Johnson,0.6666666666666666,2,2,2,0,1,14
824528,2026-04-26,CIN,home,683742,Jose Franco,2.0,2,2,2,2,2,34
824528,2026-04-26,CIN,home,695076,Rhett Lowder,5.0,6,2,2,1,7,94
824528,2026-04-26,CIN,home,594580,Sam Moll,0.3333333333333333,1,2,1,0,1,10
824528,2026-04-26,CIN,home,656271,Brock Burke,1.0,1,0,0,2,1,23
824528,2026-04-26,DET,away,676428,Brant Hurter,1.0,0,0,0,0,0,13
824528,2026-04-26,DET,away,640448,Kyle Finnegan,1.0,1,0,0,0,1,16
824528,2026-04-26,DET,away,672456,Keider Montero,5.0,5,3,3,2,5,86
824528,2026-04-26,DET,away,669724,Brenan Hanifee,1.0,1,0,0,0,0,18
824528,2026-04-26,DET,away,676684,Will Vest,1.0,0,0,0,0,1,8
824612,2026-04-26,CWS,home,622554,Seranthony Domínguez,1.0,1,2,1,0,0,18
824612,2026-04-26,CWS,home,680732,Sean Burke,7.333333333333333,3,0,0,0,4,76
824612,2026-04-26,CWS,home,663542,Bryan Hudson,1.0,0,0,0,0,1,8
824612,2026-04-26,CWS,home,656794,Sean Newcomb,0.6666666666666666,0,0,0,1,0,10
824612,2026-04-26,WSH,away,663992,Richard Lovelady,1.0,1,0,0,1,2,14
824612,2026-04-26,WSH,away,681402,Gus Varland,1.0,0,0,0,0,1,10
824612,2026-04-26,WSH,away,687606,Paxton Schultz,1.0,1,1,0,0,2,17
824612,2026-04-26,WSH,away,656492,Foster Griffin,7.0,2,0,0,2,8,95
824852,2026-04-26,BAL,home,670329,Rico Garcia,1.0,0,0,0,0,1,10
824852,2026-04-26,BAL,home,680694,Kyle Bradish,5.0,4,3,3,4,3,88
824852,2026-04-26,BAL,home,689296,Anthony Nunez,1.0,0,0,0,1,1,16
824852,2026-04-26,BAL,home,552640,Andrew Kittredge,1.0,0,0,0,0,1,16
824852,2026-04-26,BAL,home,664991,Grant Wolfram,0.0,3,2,2,0,0,10
824852,2026-04-26,BAL,home,666974,Yennier Cano,1.0,0,0,0,0,0,17
824852,2026-04-26,BOS,away,813349,Connelly Early,6.666666666666667,4,2,2,1,4,92
824852,2026-04-26,BOS,away,677161,Zack Kelly,0.3333333333333333,0,0,0,0,0,4
824852,2026-04-26,BOS,away,676477,Garrett Whitlock,1.0,2,1,1,0,1,19
824852,2026-04-26,BOS,away,547973,Aroldis Chapman,1.0,0,0,0,0,2,7
824934,2026-04-26,ATL,home,663158,Robert Suarez,1.0,0,0,0,0,1,10
824934,2026-04-26,ATL,home,606303,Joel Payamps,1.0,0,0,0,0,1,14
824934,2026-04-26,ATL,home,519242,Chris Sale,6.0,1,0,0,2,9,100
824934,2026-04-26,ATL,home,607481,Aaron Bummer,1.0,1,2,0,0,1,25
824934,2026-04-26,PHI,away,663767,Chase Shugart,1.0,1,0,0,0,1,7
824934,2026-04-26,PHI,away,641835,Tim Mayza,1.0,1,0,0,0,0,17
824934,2026-04-26,PHI,away,676510,Nolan Hoffman,1.3333333333333333,1,0,0,0,1,15
824934,2026-04-26,PHI,away,605400,Aaron Nola,4.666666666666667,7,6,6,3,6,101
825094,2026-04-26,ARI,home,666661,Juan Morillo,1.0,0,0,0,0,2,21
825094,2026-04-26,ARI,home,656464,Kevin Ginkel,1.0,1,1,1,0,0,10
825094,2026-04-26,ARI,home,642528,Jonathan Loáisiga,1.0,1,0,0,0,0,16
825094,2026-04-26,ARI,home,669194,Ryne Nelson,5.0,7,6,6,2,4,93
825094,2026-04-26,ARI,home,657044,Ryan Thompson,1.0,2,0,0,0,0,6
825094,2026-04-26,SD,away,650633,Michael King,6.0,3,2,2,1,8,106
825094,2026-04-26,SD,away,688158,David Morgan,0.3333333333333333,4,4,4,0,0,10
825094,2026-04-26,SD,away,593974,Wandy Peralta,0.6666666666666666,1,0,0,1,0,16
825094,2026-04-26,SD,away,699134,Bradgley Rodriguez,0.6666666666666666,2,2,2,1,0,20
825094,2026-04-26,SD,away,676760,Ron Marinaccio,0.3333333333333333,5,4,4,0,0,24
822825,2026-04-27,TOR,home,695445,Chase Lee,1.3333333333333333,1,1,1,0,1,21
822825,2026-04-27,TOR,home,667297,Tommy Nance,1.0,0,0,0,1,0,16
822825,2026-04-27,TOR,home,573009,Joe Mantiply,1.0,1,0,0,0,2,12
822825,2026-04-27,TOR,home,656302,Dylan Cease,5.666666666666667,7,4,4,3,5,107
822825,2026-04-27,BOS,away,669711,Greg Weissert,1.0,1,0,0,0,0,10
822825,2026-04-27,BOS,away,624133,Ranger Suarez,8.0,1,0,0,1,10,105
822906,2026-04-27,TEX,home,682608,Peyton Gray,2.0,1,0,0,2,1,41
822906,2026-04-27,TEX,home,683004,Jack Leiter,6.0,8,4,4,1,4,93
822906,2026-04-27,TEX,home,686560,Gavin Collyer,1.0,0,0,0,0,0,15
822906,2026-04-27,NYY,away,657612,Tim Hill,1.0,0,0,0,2,0,24
822906,2026-04-27,NYY,away,608331,Max Fried,6.0,4,0,0,2,5,89
822906,2026-04-27,NYY,away,666808,Camilo Doval,1.0,1,1,1,0,2,16
822906,2026-04-27,NYY,away,670280,David Bednar,1.0,2,1,0,0,1,18
823311,2026-04-27,SD,home,695243,Mason Miller,1.0,3,2,2,0,1,21
823311,2026-04-27,SD,home,592094,Jason Adam,1.3333333333333333,0,0,0,0,1,17
823311,2026-04-27,SD,home,670970,Adrian Morejon,1.6666666666666665,0,0,0,1,2,27
823311,2026-04-27,SD,home,681190,Randy Vásquez,5.0,5,5,5,3,4,106
823311,2026-04-27,CHC,away,657097,Jacob Webb,1.0,1,1,1,0,1,15
823311,2026-04-27,CHC,away,571510,Matthew Boyd,4.0,8,5,5,2,4,91
823311,2026-04-27,CHC,away,664208,Phil Maton,1.0,3,2,2,0,2,28
823311,2026-04-27,CHC,away,676962,Ben Brown,2.0,2,1,0,1,1,43
823395,2026-04-27,PIT,home,681895,Evan Sisk,0.6666666666666666,1,0,0,0,0,16
823395,2026-04-27,PIT,home,642397,Gregory Soto,1.0,1,0,0,0,0,18
823395,2026-04-27,PIT,home,682254,Mason Montgomery,1.0,0,0,0,0,1,7
823395,2026-04-27,PIT,home,676755,Isaac Mattson,0.3333333333333333,0,0,0,0,1,3
823395,2026-04-27,PIT,home,642701,Dennis Santana,0.6666666666666666,4,4,4,2,0,27
823395,2026-04-27,PIT,home,664875,Justin Lawrence,1.0,0,0,0,0,1,9
823395,2026-04-27,PIT,home,696062,Wilber Dotel,4.0,0,0,0,0,3,44
823395,2026-04-27,PIT,home,676742,Cam Sanders,0.3333333333333333,0,0,0,0,1,5
823395,2026-04-27,STL,away,681676,Ryan Fernandez,2.0,0,0,0,0,4,23
823395,2026-04-27,STL,away,666277,George Soriano,1.0,1,0,0,0,1,21
823395,2026-04-27,STL,away,669160,Dustin May,6.0,7,2,2,2,2,95
823719,2026-04-27,MIN,home,687570,Connor Prielipp,5.0,1,2,2,3,5,84
823719,2026-04-27,MIN,home,573124,Taylor Rogers,1.0,0,0,0,1,0,14
823719,2026-04-27,MIN,home,702193,Andrew Morris,3.0,4,2,2,1,2,40
823719,2026-04-27,SEA,away,695380,Alex Hoppe,1.6666666666666665,2,3,3,3,3,42
823719,2026-04-27,SEA,away,677961,Cole Wilcox,1.3333333333333333,3,1,1,2,1,40
823719,2026-04-27,SEA,away,622491,Luis Castillo,5.0,7,7,7,2,3,97
823961,2026-04-27,LAD,home,681911,Alex Vesia,1.0,0,0,0,1,3,23
823961,2026-04-27,LAD,home,683618,Edgardo Henriquez,1.0,0,0,0,0,1,9
823961,2026-04-27,LAD,home,656945,Tanner Scott,1.0,0,0,0,1,3,17
823961,2026-04-27,LAD,home,671109,Jake Eder,1.0,1,0,0,0,0,4
823961,2026-04-27,LAD,home,808967,Yoshinobu Yamamoto,5.0,5,4,3,4,4,87
823961,2026-04-27,MIA,away,664126,Pete Fairbanks,0.3333333333333333,1,3,3,3,0,23
823961,2026-04-27,MIA,away,663969,Tyler Phillips,0.3333333333333333,1,0,0,0,1,6
823961,2026-04-27,MIA,away,676534,Calvin Faucher,1.0,0,0,0,0,1,10
823961,2026-04-27,MIA,away,667463,John King,1.0,0,0,0,0,0,7
823961,2026-04-27,MIA,away,656848,Michael Petersen,1.3333333333333333,0,0,0,1,2,26
823961,2026-04-27,MIA,away,663978,Chris Paddack,4.0,4,2,2,1,1,67
823961,2026-04-27,MIA,away,677053,Andrew Nardi,0.6666666666666666,2,0,0,1,1,24
824446,2026-04-27,CLE,home,670036,Matt Festa,0.3333333333333333,0,0,0,0,0,3
824446,2026-04-27,CLE,home,670059,Colin Holderman,2.0,0,0,0,0,1,23
824446,2026-04-27,CLE,home,800048,Parker Messick,5.666666666666667,3,1,1,2,9,95
824446,2026-04-27,CLE,home,681870,Erik Sabrowski,0.6666666666666666,1,0,0,1,1,20
824446,2026-04-27,CLE,home,683769,Hunter Gaddis,0.3333333333333333,3,2,2,0,0,13
824446,2026-04-27,TB,away,571927,Steven Matz,7.0,4,2,2,1,2,95
824446,2026-04-27,TB,away,693855,Ian Seymour,1.0,0,0,0,1,2,18
824446,2026-04-27,TB,away,641329,Bryan Baker,1.0,2,0,0,0,2,23
824609,2026-04-27,CWS,home,641743,Anthony Kay,4.0,7,4,4,2,2,90
824609,2026-04-27,CWS,home,674370,Osvaldo Bido,3.0,2,1,1,0,2,43
824609,2026-04-27,CWS,home,691799,Grant Taylor,1.3333333333333333,3,2,0,0,2,35
824609,2026-04-27,CWS,home,663542,Bryan Hudson,0.3333333333333333,0,0,0,0,0,4
824609,2026-04-27,CWS,home,663855,Jordan Hicks,0.3333333333333333,2,0,0,0,0,8
824609,2026-04-27,LAA,away,680704,Nick Sandlin,0.0,2,3,3,0,0,7
824609,2026-04-27,LAA,away,686799,Jack Kochanowicz,6.0,5,3,2,1,5,90
824609,2026-04-27,LAA,away,519141,Drew Pomeranz,1.0,2,2,2,0,2,21
824609,2026-04-27,LAA,away,820862,José Fermin,1.0,0,0,0,0,2,14
822823,2026-04-28,TOR,home,686973,Louis Varland,1.0,0,0,0,0,3,15
822823,2026-04-28,TOR,home,656546,Jeff Hoffman,1.0,0,0,0,0,2,10
822823,2026-04-28,TOR,home,702056,Trey Yesavage,5.333333333333333,4,0,0,0,3,74
822823,2026-04-28,TOR,home,689254,Mason Fluharty,0.6666666666666666,0,0,0,1,0,13
822823,2026-04-28,TOR,home,643511,Tyler Rogers,1.0,0,0,0,0,1,14
822823,2026-04-28,BOS,away,677161,Zack Kelly,1.0,1,0,0,1,2,20
822823,2026-04-28,BOS,away,701719,Tyler Samaniego,0.6666666666666666,1,0,0,0,0,8
822823,2026-04-28,BOS,away,801139,Payton Tolle,4.666666666666667,3,3,3,4,4,68
822823,2026-04-28,BOS,away,670245,Ryan Watson,1.6666666666666665,1,0,0,0,1,18
822908,2026-04-28,TEX,home,656222,Jalen Beeks,1.0,1,1,1,0,1,15
822908,2026-04-28,TEX,home,594798,Jacob deGrom,6.0,3,1,1,0,5,93
822908,2026-04-28,TEX,home,596001,Jakob Junis,1.0,0,0,0,0,0,11
822908,2026-04-28,TEX,home,668390,Cole Winn,1.0,1,1,1,0,1,20
822908,2026-04-28,NYY,away,687396,Brent Headrick,1.0,1,0,0,1,1,19
822908,2026-04-28,NYY,away,518585,Fernando Cruz,1.0,1,0,0,1,2,17
822908,2026-04-28,NYY,away,670280,David Bednar,1.0,2,2,1,0,0,22
822908,2026-04-28,NYY,away,693645,Cam Schlittler,6.0,3,0,0,2,8,92
823310,2026-04-28,SD,home,688158,David Morgan,0.6666666666666666,1,1,1,1,1,20
823310,2026-04-28,SD,home,593974,Wandy Peralta,1.0,2,3,3,0,0,26
823310,2026-04-28,SD,home,621111,Walker Buehler,4.666666666666667,3,2,2,3,4,92
823310,2026-04-28,SD,home,606996,Kyle Hart,0.6666666666666666,1,2,2,1,1,14
823310,2026-04-28,SD,home,676760,Ron Marinaccio,2.0,1,0,0,1,1,30
823310,2026-04-28,CHC,away,571948,Hoby Milner,1.3333333333333333,0,0,0,0,1,22
823310,2026-04-28,CHC,away,665795,Edward Cabrera,5.666666666666667,6,3,3,1,7,99
823310,2026-04-28,CHC,away,669020,Ryan Rolison,2.0,0,0,0,0,2,22
823390,2026-04-28,PIT,home,682995,Hunter Barco,4.666666666666667,6,5,5,2,3,84
823390,2026-04-28,PIT,home,677952,Braxton Ashcraft,4.333333333333333,6,6,6,3,7,87
823390,2026-04-28,STL,away,694335,Matt Svanson,1.0,1,1,1,0,3,18
823390,2026-04-28,STL,away,681517,Kyle Leahy,5.333333333333333,9,3,3,0,7,82
823390,2026-04-28,STL,away,700669,Gordon Graceffo,1.6666666666666665,0,0,0,0,0,11
823390,2026-04-28,STL,away,677865,Justin Bruihl,1.0,3,3,2,1,1,25
823473,2026-04-28,PHI,home,666200,Jesús Luzardo,7.0,2,0,0,0,8,88
823473,2026-04-28,PHI,home,689147,Orion Kerkering,1.0,0,0,0,0,2,20
823473,2026-04-28,PHI,home,641835,Tim Mayza,1.0,0,0,0,0,2,17
823473,2026-04-28,SF,away,641816,Tyler Mahle,5.0,6,5,5,3,3,82
823473,2026-04-28,SF,away,694918,Blade Tidwell,2.0,4,2,2,1,2,47
823473,2026-04-28,SF,away,657424,Matt Gage,1.0,1,0,0,1,1,20
823636,2026-04-28,NYM,home,668964,Tobias Myers,2.0,0,0,0,1,2,25
823636,2026-04-28,NYM,home,605280,Clay Holmes,6.0,3,0,0,1,6,94
823636,2026-04-28,NYM,home,518886,Craig Kimbrel,1.0,0,0,0,0,3,14
823636,2026-04-28,WSH,away,701552,Andre Granillo,2.0,0,0,0,2,1,32
823636,2026-04-28,WSH,away,695418,Brad Lord,2.3333333333333335,1,0,0,0,1,27
823636,2026-04-28,WSH,away,641793,Zack Littell,3.6666666666666665,5,8,4,3,1,84
823716,2026-04-28,MIN,home,663485,Cole Sands,0.6666666666666666,3,2,2,0,1,13
823716,2026-04-28,MIN,home,681892,Kody Funderburk,1.3333333333333333,1,1,1,1,0,15
823716,2026-04-28,MIN,home,472610,Luis García,1.0,2,2,2,0,0,23
823716,2026-04-28,MIN,home,657746,Joe Ryan,6.0,6,2,2,1,6,88
823716,2026-04-28,SEA,away,666374,Matt Brash,1.0,0,0,0,0,2,13
823716,2026-04-28,SEA,away,669302,Logan Gilbert,5.0,6,1,1,1,4,93
823716,2026-04-28,SEA,away,681867,Cooper Criswell,1.0,0,0,0,0,1,13
823716,2026-04-28,SEA,away,642100,Gabe Speier,1.0,0,0,0,0,0,17
823716,2026-04-28,SEA,away,660825,Eduard Bazardo,1.0,1,0,0,0,0,12
823798,2026-04-28,MIL,home,694477,Chad Patrick,5.0,1,2,2,5,5,98
823798,2026-04-28,MIL,home,675660,Shane Drohan,1.0,0,0,0,0,1,10
823798,2026-04-28,MIL,home,663765,Jake Woodford,3.0,2,0,0,0,2,35
823798,2026-04-28,ARI,away,694851,Andrew Hoffmann,0.3333333333333333,8,8,7,1,0,38
823798,2026-04-28,ARI,away,518876,Merrill Kelly,5.0,6,5,5,5,1,104
823798,2026-04-28,ARI,away,664199,Taylor Clarke,1.0,1,0,0,0,0,12
823798,2026-04-28,ARI,away,657044,Ryan Thompson,0.6666666666666666,0,0,0,0,1,8
823798,2026-04-28,ARI,away,543510,James McCann,1.0,0,0,0,0,0,6
823956,2026-04-28,LAD,home,656945,Tanner Scott,1.0,1,0,0,0,1,16
823956,2026-04-28,LAD,home,660271,Shohei Ohtani,6.0,5,2,1,3,9,104
823956,2026-04-28,LAD,home,676263,Jack Dreyer,1.0,1,0,0,0,2,23
823956,2026-04-28,LAD,home,595014,Blake Treinen,1.0,1,0,0,0,1,21
823956,2026-04-28,MIA,away,663969,Tyler Phillips,1.0,1,0,0,0,0,16
823956,2026-04-28,MIA,away,667463,John King,0.6666666666666666,0,0,0,0,0,3
823956,2026-04-28,MIA,away,656848,Michael Petersen,0.3333333333333333,3,1,1,0,0,9
823956,2026-04-28,MIA,away,669622,Anthony Bender,1.0,0,0,0,0,0,8
823956,2026-04-28,MIA,away,676083,Janson Junk,6.0,3,0,0,1,4,76
824447,2026-04-28,CLE,home,641401,Connor Brogdon,1.3333333333333333,1,0,0,0,0,19
824447,2026-04-28,CLE,home,688883,Peyton Pallette,1.0,0,0,0,1,1,17
824447,2026-04-28,CLE,home,676440,Tanner Bibee,5.0,4,1,1,3,6,93
824447,2026-04-28,CLE,home,682120,Tim Herrin,1.6666666666666665,0,0,0,1,0,22
824447,2026-04-28,TB,away,607259,Nick Martinez,7.0,3,0,0,1,4,78
824447,2026-04-28,TB,away,693855,Ian Seymour,0.6666666666666666,0,0,0,2,1,10
824447,2026-04-28,TB,away,642121,Cole Sulser,1.0,1,0,0,1,2,16
824447,2026-04-28,TB,away,687330,Kevin Kelly,0.3333333333333333,0,0,0,0,0,2
824526,2026-04-28,CIN,home,663574,Tony Santillan,1.0,1,0,0,1,1,19
824526,2026-04-28,CIN,home,668933,Graham Ashcraft,1.0,2,0,0,0,0,16
824526,2026-04-28,CIN,home,656271,Brock Burke,1.0,1,0,0,0,2,11
824526,2026-04-28,CIN,home,695505,Chase Burns,6.0,7,2,2,1,9,97
824526,2026-04-28,COL,away,607536,Kyle Freeland,5.0,5,4,4,1,4,79
824526,2026-04-28,COL,away,685299,Tanner Gordon,3.0,6,3,3,0,3,50
824610,2026-04-28,CWS,home,663436,Davis Martin,5.666666666666667,7,1,1,1,7,98
824610,2026-04-28,CWS,home,622554,Seranthony Domínguez,1.0,0,0,0,1,1,12
824610,2026-04-28,CWS,home,673929,Jordan Leasure,1.0,1,1,1,0,2,12
824610,2026-04-28,CWS,home,656794,Sean Newcomb,1.3333333333333333,1,0,0,1,3,29
824610,2026-04-28,LAA,away,667755,José Soriano,5.0,6,3,3,3,6,97
824610,2026-04-28,LAA,away,820862,José Fermin,1.6666666666666665,0,0,0,0,1,20
824610,2026-04-28,LAA,away,664192,Joey Lucchesi,0.3333333333333333,2,1,1,1,1,24
824610,2026-04-28,LAA,away,608718,Brent Suter,1.0,1,1,1,0,1,17
824849,2026-04-28,BAL,home,670329,Rico Garcia,0.3333333333333333,0,0,0,0,1,5
824849,2026-04-28,BAL,home,669358,Shane Baz,5.666666666666667,6,1,1,1,6,98
824849,2026-04-28,BAL,home,689296,Anthony Nunez,1.0,3,2,2,0,2,19
824849,2026-04-28,BAL,home,664854,Ryan Helsley,1.0,0,0,0,0,0,12
824849,2026-04-28,BAL,home,552640,Andrew Kittredge,1.0,2,0,0,1,3,22
824849,2026-04-28,HOU,away,678906,Kai-Wei Teng,3.0,5,2,2,0,2,42
824849,2026-04-28,HOU,away,680802,Ryan Weiss,3.6666666666666665,2,3,3,2,3,54
824849,2026-04-28,HOU,away,595345,Steven Okert,0.3333333333333333,2,0,0,0,0,10
824849,2026-04-28,HOU,away,656986,Bennett Sousa,1.0,0,0,0,0,3,13
824931,2026-04-28,ATL,home,800311,Didier Fuentes,2.0,0,0,0,1,1,22
824931,2026-04-28,ATL,home,641755,Tyler Kinley,1.0,2,0,0,0,2,23
824931,2026-04-28,ATL,home,607481,Aaron Bummer,1.0,2,2,2,0,0,12
824931,2026-04-28,ATL,home,527048,Martín Pérez,5.0,2,0,0,4,5,91
824931,2026-04-28,DET,away,676428,Brant Hurter,2.6666666666666665,0,0,0,0,1,30
824931,2026-04-28,DET,away,663554,Casey Mize,2.3333333333333335,3,2,2,1,3,34
824931,2026-04-28,DET,away,663947,Tyler Holton,1.0,4,2,2,0,1,20
824931,2026-04-28,DET,away,572143,Burch Smith,2.0,2,1,1,1,4,33
825017,2026-04-28,OAK,home,686993,Justin Sterner,1.0,2,3,2,0,0,12
825017,2026-04-28,OAK,home,605130,Scott Barlow,1.3333333333333333,0,0,0,0,1,11
825017,2026-04-28,OAK,home,650644,Aaron Civale,5.0,5,0,0,1,3,87
825017,2026-04-28,OAK,home,663687,Hogan Harris,0.6666666666666666,1,1,1,2,1,22
825017,2026-04-28,OAK,home,643410,Mark Leiter Jr.,1.0,0,0,0,0,1,9
825017,2026-04-28,OAK,home,678022,Jack Perkins,1.0,0,0,0,0,1,12
825017,2026-04-28,KC,away,668674,Lucas Erceg,1.0,1,0,0,1,1,23
825017,2026-04-28,KC,away,663460,Kris Bubic,5.0,4,1,1,4,6,96
825017,2026-04-28,KC,away,621381,Matt Strahm,1.0,2,0,0,1,2,26
825017,2026-04-28,KC,away,683232,Nick Mears,1.0,0,0,0,0,2,14
825017,2026-04-28,KC,away,663738,Daniel Lynch IV,1.0,1,0,0,0,0,20
825017,2026-04-28,KC,away,670167,John Schreiber,1.0,0,0,0,0,0,13
822821,2026-04-29,TOR,home,693686,Spencer Miles,2.0,0,0,0,1,3,26
822821,2026-04-29,TOR,home,667297,Tommy Nance,0.6666666666666666,1,0,0,0,0,7
822821,2026-04-29,TOR,home,573009,Joe Mantiply,0.3333333333333333,2,0,0,0,1,10
822821,2026-04-29,TOR,home,641778,Eric Lauer,4.333333333333333,5,1,1,1,1,68
822821,2026-04-29,TOR,home,680755,Braydon Fisher,1.6666666666666665,1,0,0,0,1,17
822821,2026-04-29,BOS,away,669711,Greg Weissert,0.6666666666666666,2,2,2,0,1,13
822821,2026-04-29,BOS,away,678394,Brayan Bello,3.6666666666666665,6,4,4,2,2,63
822821,2026-04-29,BOS,away,676477,Garrett Whitlock,1.0,1,1,1,0,0,15
822821,2026-04-29,BOS,away,663558,Jovani Morán,2.6666666666666665,1,1,1,1,0,39
822907,2026-04-29,TEX,home,656641,Jacob Latz,2.0,1,0,0,0,1,27
822907,2026-04-29,TEX,home,543135,Nathan Eovaldi,7.0,4,0,0,1,7,102
822907,2026-04-29,NYY,away,695684,Elmer Rodríguez,4.0,4,2,2,4,3,80
822907,2026-04-29,NYY,away,657612,Tim Hill,0.6666666666666666,0,0,0,0,0,3
822907,2026-04-29,NYY,away,687396,Brent Headrick,1.3333333333333333,0,0,0,0,1,22
822907,2026-04-29,NYY,away,518585,Fernando Cruz,1.0,1,0,0,0,2,21
822907,2026-04-29,NYY,away,656234,Jake Bird,1.0,2,1,1,0,0,15
823312,2026-04-29,SD,home,695243,Mason Miller,1.0,0,0,0,1,1,19
823312,2026-04-29,SD,home,592094,Jason Adam,1.0,1,1,1,1,1,25
823312,2026-04-29,SD,home,699134,Bradgley Rodriguez,1.3333333333333333,1,0,0,1,0,22
823312,2026-04-29,SD,home,670970,Adrian Morejon,0.6666666666666666,1,1,1,1,0,16
823312,2026-04-29,SD,home,663362,Matt Waldron,5.0,6,3,3,1,1,83
823312,2026-04-29,CHC,away,571948,Hoby Milner,0.3333333333333333,0,0,0,0,1,3
823312,2026-04-29,CHC,away,592791,Jameson Taillon,7.0,3,3,3,1,6,95
823312,2026-04-29,CHC,away,656686,Corbin Martin,0.0,0,1,1,3,0,19
823312,2026-04-29,CHC,away,676962,Ben Brown,1.6666666666666665,0,0,0,0,1,11
823392,2026-04-29,PIT,home,681895,Evan Sisk,1.3333333333333333,0,1,1,1,2,27
823392,2026-04-29,PIT,home,606965,Chris Devenski,0.6666666666666666,2,1,1,0,1,14
823392,2026-04-29,PIT,home,670990,Yohan Ramírez,1.0,1,0,0,1,2,16
823392,2026-04-29,PIT,home,696149,Bubba Chandler,5.0,3,3,3,4,6,85
823392,2026-04-29,PIT,home,642701,Dennis Santana,1.0,0,0,0,0,0,9
823392,2026-04-29,STL,away,668941,JoJo Romero,0.6666666666666666,1,0,0,1,1,17
823392,2026-04-29,STL,away,676617,Riley O'Brien,1.0,1,0,0,0,1,11
823392,2026-04-29,STL,away,669467,Andre Pallante,6.0,5,1,1,0,6,91
823392,2026-04-29,STL,away,666277,George Soriano,1.0,1,1,0,1,1,29
823392,2026-04-29,STL,away,592773,Ryne Stanek,0.3333333333333333,1,2,2,2,0,22
823633,2026-04-29,NYM,home,640455,Sean Manaea,2.6666666666666665,7,6,6,2,4,73
823633,2026-04-29,NYM,home,605218,Carl Edwards Jr.,2.6666666666666665,3,1,1,1,6,50
823633,2026-04-29,NYM,home,656849,David Peterson,3.6666666666666665,5,7,7,3,5,80
823633,2026-04-29,WSH,away,676571,PJ Poulin,1.0,0,0,0,0,1,10
823633,2026-04-29,WSH,away,672335,Cionel Pérez,1.0,0,0,0,0,0,16
823633,2026-04-29,WSH,away,676917,Cade Cavalli,6.0,8,2,2,2,10,97
823633,2026-04-29,WSH,away,687606,Paxton Schultz,1.0,2,0,0,0,1,14
823717,2026-04-29,MIN,home,671737,Taj Bradley,7.0,4,2,2,2,7,114
823717,2026-04-29,MIN,home,607455,Anthony Banda,1.0,0,0,0,1,2,22
823717,2026-04-29,MIN,home,573124,Taylor Rogers,0.6666666666666666,1,0,0,0,0,13
823717,2026-04-29,MIN,home,679358,Eric Orze,0.3333333333333333,2,3,3,2,1,28
823717,2026-04-29,SEA,away,678606,José A. Ferrer,0.6666666666666666,0,0,0,0,1,11
823717,2026-04-29,SEA,away,666374,Matt Brash,0.0,0,0,0,0,0,2
823717,2026-04-29,SEA,away,681867,Cooper Criswell,0.3333333333333333,0,0,0,0,0,3
823717,2026-04-29,SEA,away,669923,George Kirby,5.666666666666667,8,2,2,2,5,97
823717,2026-04-29,SEA,away,662253,Andrés Muñoz,1.0,0,0,0,0,2,15
823717,2026-04-29,SEA,away,642100,Gabe Speier,0.6666666666666666,3,1,1,1,2,30
823717,2026-04-29,SEA,away,660825,Eduard Bazardo,0.6666666666666666,1,0,0,0,0,10
823796,2026-04-29,MIL,home,681982,Grant Anderson,1.0,2,2,2,0,2,25
823796,2026-04-29,MIL,home,702153,Brian Fitzpatrick,1.3333333333333333,2,0,0,1,0,24
823796,2026-04-29,MIL,home,687075,Brandon Sproat,4.333333333333333,6,4,4,2,5,82
823796,2026-04-29,MIL,home,669084,DL Hall,2.3333333333333335,1,0,0,1,3,42
823796,2026-04-29,ARI,away,593958,Eduardo Rodriguez,4.666666666666667,5,2,2,4,4,87
823796,2026-04-29,ARI,away,666661,Juan Morillo,1.0,0,0,0,0,1,14
823796,2026-04-29,ARI,away,656464,Kevin Ginkel,1.3333333333333333,1,0,0,0,3,26
823796,2026-04-29,ARI,away,623149,Paul Sewald,1.0,0,0,0,0,1,13
823796,2026-04-29,ARI,away,664199,Taylor Clarke,1.0,0,0,0,0,1,14
823958,2026-04-29,LAD,home,607192,Tyler Glasnow,5.666666666666667,3,2,2,6,9,92
823958,2026-04-29,LAD,home,681911,Alex Vesia,0.3333333333333333,0,0,0,0,0,5
823958,2026-04-29,LAD,home,669165,Kyle Hurt,1.0,0,0,0,0,1,5
823958,2026-04-29,LAD,home,694361,Will Klein,2.0,3,1,1,1,3,26
823958,2026-04-29,MIA,away,645261,Sandy Alcantara,6.0,7,2,2,2,4,104
823958,2026-04-29,MIA,away,676534,Calvin Faucher,1.0,0,0,0,3,0,16
823958,2026-04-29,MIA,away,667463,John King,1.0,0,0,0,0,1,15
823958,2026-04-29,MIA,away,677053,Andrew Nardi,1.0,0,0,0,1,1,12
824445,2026-04-29,CLE,home,671922,Cade Smith,1.0,1,0,0,0,2,12
824445,2026-04-29,CLE,home,681870,Erik Sabrowski,0.3333333333333333,0,0,0,0,1,5
824445,2026-04-29,CLE,home,668909,Gavin Williams,7.666666666666667,5,1,0,0,9,95
824445,2026-04-29,TB,away,668984,Casey Legumina,1.0,1,0,0,1,0,18
824445,2026-04-29,TB,away,672782,Yoendrys Gómez,2.0,2,0,0,0,1,29
824445,2026-04-29,TB,away,656876,Drew Rasmussen,5.0,6,3,2,1,6,91
824525,2026-04-29,CIN,home,682825,Luis Mey,2.0,1,1,1,1,4,32
824525,2026-04-29,CIN,home,682227,Brandon Williamson,3.0,4,4,4,4,4,58
824525,2026-04-29,CIN,home,683742,Jose Franco,3.0,4,3,3,1,3,41
824525,2026-04-29,CIN,home,624431,Jose Trevino,1.0,6,5,5,0,0,20
824525,2026-04-29,COL,away,623474,Jimmy Herget,1.0,4,2,2,0,3,26
824525,2026-04-29,COL,away,657514,Brennan Bernardino,1.6666666666666665,1,0,0,0,1,21
824525,2026-04-29,COL,away,675848,Juan Mejia,1.0,1,0,0,0,3,15
824525,2026-04-29,COL,away,608372,Tomoyuki Sugano,5.333333333333333,4,0,0,3,2,91
824608,2026-04-29,CWS,home,622554,Seranthony Domínguez,1.0,0,0,0,0,1,16
824608,2026-04-29,CWS,home,663542,Bryan Hudson,1.0,1,0,0,0,2,20
824608,2026-04-29,CWS,home,607200,Erick Fedde,7.0,5,2,2,0,6,103
824608,2026-04-29,CWS,home,699823,Tyler Davis,1.0,0,0,0,0,0,3
824608,2026-04-29,LAA,away,681217,Chase Silseth,0.6666666666666666,0,0,0,2,0,13
824608,2026-04-29,LAA,away,815083,Mitch Farris,3.6666666666666665,3,1,1,2,3,62
824608,2026-04-29,LAA,away,519141,Drew Pomeranz,0.3333333333333333,1,1,1,2,0,6
824608,2026-04-29,LAA,away,696147,Sam Bachman,0.6666666666666666,0,0,0,0,0,14
824608,2026-04-29,LAA,away,666171,Ryan Zeferjahn,2.0,1,1,1,0,4,36
824608,2026-04-29,LAA,away,579328,Yusei Kikuchi,2.0,2,0,0,1,1,35
824930,2026-04-29,ATL,home,669276,Dylan Lee,1.6666666666666665,0,0,0,0,4,28
824930,2026-04-29,ATL,home,702275,JR Ritchie,5.333333333333333,5,3,2,4,4,97
824930,2026-04-29,ATL,home,625643,Reynaldo López,2.0,0,0,0,0,2,17
824930,2026-04-29,DET,away,669373,Tarik Skubal,7.0,5,2,2,0,7,91
824930,2026-04-29,DET,away,640448,Kyle Finnegan,1.0,0,0,0,2,1,29
824930,2026-04-29,DET,away,445276,Kenley Jansen,0.0,1,2,2,1,0,11
825015,2026-04-29,OAK,home,622663,Luis Severino,7.0,4,1,1,2,8,103
825015,2026-04-29,OAK,home,669270,Joel Kuhnel,1.6666666666666665,2,1,1,1,0,31
825015,2026-04-29,OAK,home,643410,Mark Leiter Jr.,0.3333333333333333,0,0,0,1,1,11
825015,2026-04-29,KC,away,696131,Mason Black,1.0,1,0,0,0,0,20
825015,2026-04-29,KC,away,679883,Luinder Avila,1.0,2,1,1,0,2,20
825015,2026-04-29,KC,away,608379,Michael Wacha,5.0,8,4,4,4,5,105
825015,2026-04-29,KC,away,656638,Alex Lange,1.0,0,0,0,1,0,15
823391,2026-04-30,PIT,home,694973,Paul Skenes,5.0,7,5,3,0,9,102
823391,2026-04-30,PIT,home,682254,Mason Montgomery,1.0,0,0,0,1,0,12
823391,2026-04-30,PIT,home,606965,Chris Devenski,1.3333333333333333,2,0,0,0,2,19
823391,2026-04-30,PIT,home,670990,Yohan Ramírez,1.0,1,0,0,0,1,16
823391,2026-04-30,PIT,home,676755,Isaac Mattson,0.6666666666666666,3,5,5,2,0,31
823391,2026-04-30,STL,away,694335,Matt Svanson,1.0,2,1,1,0,0,17
823391,2026-04-30,STL,away,700669,Gordon Graceffo,1.3333333333333333,0,0,0,0,1,24
823391,2026-04-30,STL,away,668941,JoJo Romero,0.6666666666666666,1,1,1,1,2,21
823391,2026-04-30,STL,away,690928,Hunter Dobbins,4.333333333333333,2,3,3,5,4,79
823391,2026-04-30,STL,away,677865,Justin Bruihl,0.6666666666666666,1,0,0,0,0,18
823391,2026-04-30,STL,away,592773,Ryne Stanek,1.0,1,0,0,0,1,15
823471,2026-04-30,PHI,home,621237,José Alvarado,0.6666666666666666,2,0,0,1,1,17
823471,2026-04-30,PHI,home,680742,Jonathan Bowlan,1.0,1,2,2,1,1,22
823471,2026-04-30,PHI,home,663767,Chase Shugart,1.0,1,0,0,0,1,16
823471,2026-04-30,PHI,home,641835,Tim Mayza,2.0,2,0,0,1,2,33
823471,2026-04-30,PHI,home,676510,Nolan Hoffman,2.0,4,1,1,1,1,40
823471,2026-04-30,PHI,home,670950,Trevor Richards,2.3333333333333335,3,1,1,1,3,45
823471,2026-04-30,PHI,home,641745,Brad Keller,1.0,0,1,1,0,3,20
823471,2026-04-30,SF,away,676775,Keaton Winn,2.0,2,1,1,3,0,39
823471,2026-04-30,SF,away,668873,Caleb Kilian,2.0,1,0,0,0,2,22
823471,2026-04-30,SF,away,621366,Ryan Borucki,0.3333333333333333,2,1,1,1,0,16
823471,2026-04-30,SF,away,605288,Adrian Houser,4.666666666666667,4,3,3,2,2,68
823471,2026-04-30,SF,away,657424,Matt Gage,0.6666666666666666,0,1,0,0,0,3
823472,2026-04-30,PHI,home,650911,Cristopher Sánchez,6.666666666666667,4,2,2,3,7,85
823472,2026-04-30,PHI,home,689147,Orion Kerkering,0.6666666666666666,2,0,0,0,0,17
823472,2026-04-30,PHI,home,663767,Chase Shugart,0.3333333333333333,0,0,0,0,1,4
823472,2026-04-30,PHI,home,621383,Tanner Banks,1.3333333333333333,2,0,0,0,2,27
823472,2026-04-30,SF,away,657277,Logan Webb,7.0,7,1,1,2,6,92
823472,2026-04-30,SF,away,676254,Ryan Walker,0.6666666666666666,3,2,2,0,1,21
823472,2026-04-30,SF,away,669062,Erik Miller,1.0,0,0,0,0,1,19
823634,2026-04-30,NYM,home,596133,Luke Weaver,1.0,2,2,2,0,1,13
823634,2026-04-30,NYM,home,642207,Devin Williams,1.0,1,0,0,0,0,14
823634,2026-04-30,NYM,home,642547,Freddy Peralta,6.0,4,3,1,3,6,90
823634,2026-04-30,NYM,home,548384,Brooks Raley,1.0,0,0,0,0,2,12
823634,2026-04-30,WSH,away,571945,Miles Mikolas,4.0,3,3,3,1,3,79
823634,2026-04-30,WSH,away,663992,Richard Lovelady,0.6666666666666666,1,0,0,0,0,12
823634,2026-04-30,WSH,away,681402,Gus Varland,1.3333333333333333,1,0,0,0,1,22
823634,2026-04-30,WSH,away,680730,Mitchell Parker,3.0,2,1,1,1,0,34
823714,2026-04-30,MIN,home,623437,Justin Topa,1.0,0,0,0,1,0,12
823714,2026-04-30,MIN,home,607455,Anthony Banda,0.6666666666666666,1,0,0,0,0,14
823714,2026-04-30,MIN,home,641927,Bailey Ober,6.0,4,1,1,2,2,88
823714,2026-04-30,MIN,home,702193,Andrew Morris,1.3333333333333333,1,0,0,0,0,19
823714,2026-04-30,TOR,away,667297,Tommy Nance,1.3333333333333333,0,0,0,0,3,18
823714,2026-04-30,TOR,away,573009,Joe Mantiply,0.6666666666666666,0,0,0,0,0,5
823714,2026-04-30,TOR,away,592332,Kevin Gausman,5.666666666666667,4,4,4,2,2,94
823714,2026-04-30,TOR,away,689254,Mason Fluharty,0.3333333333333333,3,3,3,2,1,27
823795,2026-04-30,MIL,home,681982,Grant Anderson,0.6666666666666666,0,0,0,0,2,8
823795,2026-04-30,MIL,home,675660,Shane Drohan,4.0,5,1,1,0,4,60
823795,2026-04-30,MIL,home,702153,Brian Fitzpatrick,1.0,0,0,0,1,2,20
823795,2026-04-30,MIL,home,663765,Jake Woodford,1.0,0,0,0,0,2,10
823795,2026-04-30,MIL,home,605540,Brandon Woodruff,1.3333333333333333,1,0,0,1,2,21
823795,2026-04-30,MIL,home,656730,Trevor Megill,1.0,0,0,0,0,1,12
823795,2026-04-30,ARI,away,694297,Brandon Pfaadt,1.0,1,1,1,0,2,15
823795,2026-04-30,ARI,away,642528,Jonathan Loáisiga,0.6666666666666666,1,1,1,1,1,17
823795,2026-04-30,ARI,away,647336,Michael Soroka,3.0,10,8,8,2,2,79
823795,2026-04-30,ARI,away,543510,James McCann,1.0,1,1,0,2,0,24
823795,2026-04-30,ARI,away,691769,Philip Abner,2.3333333333333335,1,2,2,1,1,34
824524,2026-04-30,CIN,home,641941,Emilio Pagán,1.0,3,2,2,0,0,11
824524,2026-04-30,CIN,home,663574,Tony Santillan,1.0,1,0,0,0,1,5
824524,2026-04-30,CIN,home,683175,Connor Phillips,1.0,0,0,0,1,3,23
824524,2026-04-30,CIN,home,671096,Andrew Abbott,6.0,5,2,2,2,5,86
824524,2026-04-30,COL,away,680767,Victor Vodnik,1.0,2,2,2,1,1,25
824524,2026-04-30,COL,away,547179,Michael Lorenzen,5.333333333333333,4,4,4,3,5,85
824524,2026-04-30,COL,away,622608,Antonio Senzatela,1.6666666666666665,1,0,0,1,1,16
824848,2026-04-30,BAL,home,670329,Rico Garcia,0.3333333333333333,0,0,0,0,0,2
824848,2026-04-30,BAL,home,664744,Jose Espada,1.0,2,0,0,0,0,15
824848,2026-04-30,BAL,home,605135,Chris Bassitt,6.666666666666667,7,1,1,1,7,94
824848,2026-04-30,BAL,home,689296,Anthony Nunez,1.0,3,2,0,0,0,13
824848,2026-04-30,HOU,away,595345,Steven Okert,0.6666666666666666,2,3,3,1,0,16
824848,2026-04-30,HOU,away,805123,AJ Blubaugh,1.0,0,0,0,0,1,13
824848,2026-04-30,HOU,away,663567,Peter Lambert,4.333333333333333,2,2,2,3,3,91
824848,2026-04-30,HOU,away,669920,Jason Alexander,2.0,2,5,5,3,1,31
824850,2026-04-30,BAL,home,669211,Keegan Akin,1.0,1,0,0,0,1,14
824850,2026-04-30,BAL,home,669330,Tyler Wells,1.0,1,0,0,0,0,16
824850,2026-04-30,BAL,home,687064,Brandon Young,4.0,9,10,4,2,2,82
824850,2026-04-30,BAL,home,671382,Cameron Foster,2.0,3,1,1,1,2,32
824850,2026-04-30,BAL,home,666974,Yennier Cano,1.0,0,0,0,0,2,10
824850,2026-04-30,HOU,away,650556,Bryan Abreu,1.0,2,1,1,2,3,27
824850,2026-04-30,HOU,away,660853,Enyel De Los Santos,1.0,1,0,0,1,2,25
824850,2026-04-30,HOU,away,675989,Cody Bolton,1.0,1,1,1,1,0,18
824850,2026-04-30,HOU,away,621121,Lance McCullers Jr.,6.0,2,3,3,4,9,99
824929,2026-04-30,ATL,home,660761,José Suarez,1.0,2,2,2,2,2,31
824929,2026-04-30,ATL,home,606303,Joel Payamps,0.3333333333333333,2,2,2,1,1,17
824929,2026-04-30,ATL,home,641755,Tyler Kinley,1.0,2,0,0,1,1,27
824929,2026-04-30,ATL,home,607481,Aaron Bummer,0.6666666666666666,0,0,0,1,1,12
824929,2026-04-30,ATL,home,693821,Bryce Elder,6.0,6,1,1,3,5,90
824929,2026-04-30,DET,away,664285,Framber Valdez,6.0,6,2,2,0,8,99
824929,2026-04-30,DET,away,623454,Drew Anderson,2.0,1,0,0,1,2,31
824929,2026-04-30,DET,away,640448,Kyle Finnegan,1.0,1,0,0,0,1,17
825016,2026-04-30,OAK,home,605130,Scott Barlow,1.0,0,0,0,1,0,21
825016,2026-04-30,OAK,home,669620,Brady Basso,1.3333333333333333,1,1,1,0,0,12
825016,2026-04-30,OAK,home,665622,Luis Medina,2.6666666666666665,3,0,0,2,1,52
825016,2026-04-30,OAK,home,678022,Jack Perkins,1.0,1,0,0,0,1,16
825016,2026-04-30,OAK,home,605488,Jeffrey Springs,3.0,5,2,2,1,4,67
825016,2026-04-30,KC,away,702070,Noah Cameron,5.333333333333333,9,5,4,2,5,93
825016,2026-04-30,KC,away,656638,Alex Lange,1.0,0,0,0,0,0,5
825016,2026-04-30,KC,away,670167,John Schreiber,1.6666666666666665,2,1,1,1,0,20
822744,2026-05-01,WSH,home,701552,Andre Granillo,1.0,3,2,0,1,1,40
822744,2026-05-01,WSH,home,672335,Cionel Pérez,2.0,2,0,0,0,0,27
822744,2026-05-01,WSH,home,663623,Jake Irvin,5.0,6,4,3,4,5,98
822744,2026-05-01,WSH,home,687606,Paxton Schultz,1.0,1,0,0,0,1,17
822744,2026-05-01,MIL,away,676879,Aaron Ashby,2.6666666666666665,2,1,1,2,4,45
822744,2026-05-01,MIL,away,668834,Easton McGee,1.0,0,0,0,1,1,15
822744,2026-05-01,MIL,away,694819,Jacob Misiorowski,5.333333333333333,0,0,0,2,8,85
822990,2026-05-01,TB,home,663556,Shane McClanahan,6.0,5,0,0,0,5,73
822990,2026-05-01,TB,home,693855,Ian Seymour,1.0,1,0,0,0,0,14
822990,2026-05-01,TB,home,642121,Cole Sulser,1.0,0,0,0,0,1,10
822990,2026-05-01,TB,home,641329,Bryan Baker,1.0,0,0,0,0,1,12
822990,2026-05-01,SF,away,664141,JT Brubaker,1.6666666666666665,1,0,0,0,1,21
822990,2026-05-01,SF,away,592662,Robbie Ray,6.333333333333333,4,3,3,0,5,102
823066,2026-05-01,STL,home,694335,Matt Svanson,1.0,1,0,0,0,0,16
823066,2026-05-01,STL,home,700669,Gordon Graceffo,1.0,1,0,0,1,1,17
823066,2026-05-01,STL,home,666277,George Soriano,1.3333333333333333,0,0,0,1,1,25
823066,2026-05-01,STL,home,669461,Matthew Liberatore,5.666666666666667,5,2,2,2,4,96
823066,2026-05-01,LAD,away,683618,Edgardo Henriquez,1.0,2,3,2,1,0,24
823066,2026-05-01,LAD,away,669165,Kyle Hurt,1.0,0,0,0,0,2,12
823066,2026-05-01,LAD,away,686218,Emmet Sheehan,4.666666666666667,8,4,4,0,8,97
823066,2026-05-01,LAD,away,676263,Jack Dreyer,1.3333333333333333,2,0,0,0,1,21
823146,2026-05-01,SEA,home,678606,José A. Ferrer,1.0,3,1,1,0,1,15
823146,2026-05-01,SEA,home,695380,Alex Hoppe,1.0,0,0,0,0,3,15
823146,2026-05-01,SEA,home,677961,Cole Wilcox,1.0,0,0,0,2,1,20
823146,2026-05-01,SEA,home,693433,Bryan Woo,6.0,7,6,6,0,2,84
823146,2026-05-01,KC,away,666142,Cole Ragans,5.333333333333333,4,4,4,3,8,95
823146,2026-05-01,KC,away,668674,Lucas Erceg,1.0,0,0,0,0,1,12
823146,2026-05-01,KC,away,621381,Matt Strahm,1.0,0,0,0,1,2,14
823146,2026-05-01,KC,away,683232,Nick Mears,0.6666666666666666,0,0,0,1,0,15
823146,2026-05-01,KC,away,663738,Daniel Lynch IV,1.0,2,2,2,0,2,25
823309,2026-05-01,SD,home,593974,Wandy Peralta,2.0,0,0,0,1,2,34
823309,2026-05-01,SD,home,608566,Germán Márquez,5.0,5,7,7,5,2,95
823309,2026-05-01,SD,home,676760,Ron Marinaccio,2.0,3,1,1,1,1,41
823309,2026-05-01,CWS,away,674370,Osvaldo Bido,1.0,3,2,2,1,1,31
823309,2026-05-01,CWS,away,702273,Noah Schultz,6.0,2,0,0,3,2,87
823309,2026-05-01,CWS,away,663855,Jordan Hicks,1.0,1,0,0,0,1,12
823309,2026-05-01,CWS,away,699823,Tyler Davis,1.0,0,0,0,0,1,9
823389,2026-05-01,PIT,home,681895,Evan Sisk,1.0,0,0,0,0,2,15
823389,2026-05-01,PIT,home,656605,Mitch Keller,7.0,3,1,1,1,6,104
823389,2026-05-01,PIT,home,664875,Justin Lawrence,1.0,0,0,0,0,0,13
823389,2026-05-01,CIN,away,572955,Pierce Johnson,1.0,2,1,1,2,0,29
823389,2026-05-01,CIN,away,682825,Luis Mey,1.0,0,0,0,1,1,27
823389,2026-05-01,CIN,away,663903,Brady Singer,3.3333333333333335,7,4,4,2,1,56
823389,2026-05-01,CIN,away,624431,Jose Trevino,1.0,0,0,0,1,1,11
823389,2026-05-01,CIN,away,594580,Sam Moll,0.6666666666666666,0,0,0,0,1,10
823389,2026-05-01,CIN,away,687209,Zach Maxwell,1.0,3,4,4,2,1,42
823557,2026-05-01,NYY,home,701542,Will Warren,6.333333333333333,3,2,1,1,9,94
823557,2026-05-01,NYY,home,518585,Fernando Cruz,0.6666666666666666,0,0,0,0,0,6
823557,2026-05-01,NYY,home,656234,Jake Bird,1.0,0,0,0,1,1,19
823557,2026-05-01,NYY,home,666808,Camilo Doval,1.0,0,0,0,0,2,11
823557,2026-05-01,BAL,away,669330,Tyler Wells,1.3333333333333333,3,1,1,0,1,25
823557,2026-05-01,BAL,away,700249,Cade Povich,4.0,7,5,5,2,4,77
823557,2026-05-01,BAL,away,544150,Albert Suárez,2.6666666666666665,1,1,1,4,3,65
823713,2026-05-01,MIN,home,680573,Simeon Woods Richardson,4.666666666666667,9,6,4,1,2,88
823713,2026-05-01,MIN,home,573124,Taylor Rogers,1.0,1,0,0,0,0,8
823713,2026-05-01,MIN,home,472610,Luis García,1.0,0,0,0,0,0,9
823713,2026-05-01,MIN,home,679358,Eric Orze,2.3333333333333335,1,1,1,1,1,33
823713,2026-05-01,TOR,away,686973,Louis Varland,1.0,1,0,0,1,2,27
823713,2026-05-01,TOR,away,656546,Jeff Hoffman,1.0,3,1,1,0,1,16
823713,2026-05-01,TOR,away,680755,Braydon Fisher,0.6666666666666666,0,0,0,0,1,9
823713,2026-05-01,TOR,away,643511,Tyler Rogers,1.0,0,0,0,0,2,9
823713,2026-05-01,TOR,away,571578,Patrick Corbin,5.333333333333333,6,2,2,1,4,79
823877,2026-05-01,MIA,home,669199,Lake Bachar,2.3333333333333335,0,0,0,0,3,28
823877,2026-05-01,MIA,home,806188,Cade Gibson,1.6666666666666665,5,4,4,1,1,50
823877,2026-05-01,MIA,home,691587,Eury Pérez,5.0,4,2,2,2,6,96
823877,2026-05-01,PHI,away,621237,José Alvarado,0.3333333333333333,2,0,0,0,1,10
823877,2026-05-01,PHI,away,554430,Zack Wheeler,6.0,3,1,1,2,8,94
823877,2026-05-01,PHI,away,689147,Orion Kerkering,1.0,0,0,0,0,1,13
823877,2026-05-01,PHI,away,680742,Jonathan Bowlan,0.6666666666666666,2,3,3,1,0,31
823877,2026-05-01,PHI,away,641745,Brad Keller,1.0,1,1,1,1,2,26
824041,2026-05-01,LAA,home,680704,Nick Sandlin,2.0,1,0,0,1,0,23
824041,2026-05-01,LAA,home,681217,Chase Silseth,0.3333333333333333,1,0,0,0,0,6
824041,2026-05-01,LAA,home,820862,José Fermin,1.0,1,1,1,0,1,21
824041,2026-05-01,LAA,home,700712,Walbert Ureña,5.0,2,1,1,3,4,68
824041,2026-05-01,LAA,home,608718,Brent Suter,0.6666666666666666,2,2,2,0,1,17
824041,2026-05-01,NYM,away,623211,Huascar Brazobán,1.0,0,0,0,0,1,11
824041,2026-05-01,NYM,away,596133,Luke Weaver,1.0,0,0,0,0,2,17
824041,2026-05-01,NYM,away,642207,Devin Williams,1.0,0,0,0,0,2,14
824041,2026-05-01,NYM,away,681035,Christian Scott,5.0,3,3,2,0,8,74
824041,2026-05-01,NYM,away,548384,Brooks Raley,1.0,0,0,0,0,1,8
824287,2026-05-01,DET,home,676428,Brant Hurter,1.0,0,0,0,0,2,13
824287,2026-05-01,DET,home,572143,Burch Smith,2.0,3,1,1,0,3,32
824287,2026-05-01,DET,home,656427,Jack Flaherty,3.6666666666666665,5,4,4,3,4,91
824287,2026-05-01,DET,home,646241,Enmanuel De Jesus,1.3333333333333333,0,0,0,1,1,17
824287,2026-05-01,DET,home,669724,Brenan Hanifee,1.0,1,0,0,0,1,13
824287,2026-05-01,TEX,away,641302,Tyler Alexander,1.0,1,0,0,0,0,14
824287,2026-05-01,TEX,away,656641,Jacob Latz,1.0,0,0,0,0,1,15
824287,2026-05-01,TEX,away,656222,Jalen Beeks,1.6666666666666665,1,0,0,0,1,22
824287,2026-05-01,TEX,away,669022,MacKenzie Gore,3.6666666666666665,4,3,3,3,3,94
824287,2026-05-01,TEX,away,596001,Jakob Junis,1.0,0,0,0,0,0,9
824287,2026-05-01,TEX,away,668390,Cole Winn,0.6666666666666666,1,1,1,1,1,25
824366,2026-05-01,COL,home,500779,Jose Quintana,6.0,5,1,1,0,3,85
824366,2026-05-01,COL,home,675848,Juan Mejia,1.0,2,2,2,2,1,20
824366,2026-05-01,COL,home,688642,Zach Agnos,1.3333333333333333,1,3,2,2,1,25
824366,2026-05-01,COL,home,677955,Jaden Hill,0.6666666666666666,1,2,2,1,1,19
824366,2026-05-01,ATL,away,663158,Robert Suarez,1.0,1,0,0,0,1,17
824366,2026-05-01,ATL,away,800311,Didier Fuentes,1.0,0,0,0,0,0,15
824366,2026-05-01,ATL,away,656550,Grant Holmes,5.0,7,6,5,3,4,87
824366,2026-05-01,ATL,away,683627,Anthony Molina,2.0,0,0,0,1,0,26
824686,2026-05-01,CHC,home,657097,Jacob Webb,2.0,0,0,0,1,3,36
824686,2026-05-01,CHC,home,669020,Ryan Rolison,0.6666666666666666,3,3,3,1,2,25
824686,2026-05-01,CHC,home,607067,Colin Rea,5.333333333333333,8,2,2,0,6,102
824686,2026-05-01,CHC,home,664208,Phil Maton,1.0,0,0,0,0,2,11
824686,2026-05-01,ARI,away,656464,Kevin Ginkel,1.0,0,0,0,0,0,14
824686,2026-05-01,ARI,away,668678,Zac Gallen,3.6666666666666665,7,6,6,3,3,95
824686,2026-05-01,ARI,away,657044,Ryan Thompson,1.3333333333333333,1,0,0,1,0,19
824686,2026-05-01,ARI,away,805299,Brandyn Garcia,2.0,0,0,0,0,2,20
824772,2026-05-01,BOS,home,687562,Jake Bennett,5.0,5,1,1,2,3,85
824772,2026-05-01,BOS,home,677161,Zack Kelly,1.3333333333333333,2,0,0,0,2,19
824772,2026-05-01,BOS,home,676477,Garrett Whitlock,1.0,2,0,0,0,0,16
824772,2026-05-01,BOS,home,543056,Danny Coulombe,0.6666666666666666,1,0,0,0,0,8
824772,2026-05-01,BOS,home,547973,Aroldis Chapman,1.0,1,0,0,0,1,16
824772,2026-05-01,HOU,away,656986,Bennett Sousa,1.0,0,0,0,0,1,12
824772,2026-05-01,HOU,away,681347,Mike Burrows,6.0,8,3,3,1,3,94
824772,2026-05-01,HOU,away,687911,Bryan King,1.0,2,0,0,0,0,14
825012,2026-05-01,OAK,home,669372,J.T. Ginn,4.333333333333333,5,5,5,5,4,88
825012,2026-05-01,OAK,home,686993,Justin Sterner,1.0,1,2,2,1,1,21
825012,2026-05-01,OAK,home,669270,Joel Kuhnel,1.6666666666666665,0,0,0,1,1,20
825012,2026-05-01,OAK,home,669620,Brady Basso,0.6666666666666666,3,1,1,1,1,27
825012,2026-05-01,OAK,home,663687,Hogan Harris,1.3333333333333333,2,0,0,0,2,23
825012,2026-05-01,CLE,away,641401,Connor Brogdon,0.6666666666666666,1,0,0,0,1,15
825012,2026-05-01,CLE,away,670036,Matt Festa,1.0,0,0,0,0,0,10
825012,2026-05-01,CLE,away,671922,Cade Smith,1.3333333333333333,0,0,0,0,1,22
825012,2026-05-01,CLE,away,676282,Joey Cantillo,4.0,5,4,4,3,2,69
825012,2026-05-01,CLE,away,681870,Erik Sabrowski,1.0,0,0,0,0,2,8
825012,2026-05-01,CLE,away,683769,Hunter Gaddis,0.0,2,1,1,2,0,16
825012,2026-05-01,CLE,away,682120,Tim Herrin,1.0,1,0,0,1,0,20
822746,2026-05-02,WSH,home,695418,Brad Lord,2.0,4,1,1,2,2,50
822746,2026-05-02,WSH,home,687377,Orlando Ribalta,1.0,0,0,0,0,1,14
822746,2026-05-02,WSH,home,656492,Foster Griffin,6.0,3,3,0,4,3,97
822746,2026-05-02,MIL,away,682842,Abner Uribe,1.0,1,0,0,0,1,24
822746,2026-05-02,MIL,away,681982,Grant Anderson,0.6666666666666666,1,0,0,0,0,9
822746,2026-05-02,MIL,away,690986,Kyle Harrison,6.0,7,1,1,1,5,93
822746,2026-05-02,MIL,away,669084,DL Hall,0.3333333333333333,0,0,0,0,0,6
822746,2026-05-02,MIL,away,656730,Trevor Megill,1.0,0,0,0,0,0,13
822988,2026-05-02,TB,home,668984,Casey Legumina,1.0,0,0,0,0,1,12
822988,2026-05-02,TB,home,664076,Garrett Cleavinger,1.0,1,0,0,0,1,12
822988,2026-05-02,TB,home,687330,Kevin Kelly,1.3333333333333333,1,0,0,0,1,15
822988,2026-05-02,TB,home,669947,Jesse Scholtens,3.0,4,1,1,0,3,47
822988,2026-05-02,TB,home,643377,Griffin Jax,2.6666666666666665,1,0,0,1,2,45
822988,2026-05-02,SF,away,666619,Gregory Santos,1.6666666666666665,1,1,0,2,1,26
822988,2026-05-02,SF,away,621366,Ryan Borucki,1.3333333333333333,0,0,0,0,1,16
822988,2026-05-02,SF,away,694738,Landen Roupp,4.333333333333333,8,4,4,2,6,88
822988,2026-05-02,SF,away,657424,Matt Gage,0.6666666666666666,0,0,0,1,0,8
823067,2026-05-02,STL,home,700241,Michael McGreevy,6.0,3,0,0,3,3,88
823067,2026-05-02,STL,home,668941,JoJo Romero,1.0,0,0,0,0,2,17
823067,2026-05-02,STL,home,676617,Riley O'Brien,1.0,4,2,2,0,2,26
823067,2026-05-02,STL,home,592773,Ryne Stanek,1.0,1,0,0,1,1,22
823067,2026-05-02,LAD,away,681911,Alex Vesia,1.0,0,0,0,1,1,18
823067,2026-05-02,LAD,away,671109,Jake Eder,1.0,1,0,0,0,0,13
823067,2026-05-02,LAD,away,808963,Roki Sasaki,6.0,5,3,3,2,4,104
823144,2026-05-02,SEA,home,681867,Cooper Criswell,1.0,0,1,0,0,1,14
823144,2026-05-02,SEA,home,662253,Andrés Muñoz,1.0,2,1,1,0,1,10
823144,2026-05-02,SEA,home,660825,Eduard Bazardo,1.0,0,0,0,0,1,12
823144,2026-05-02,SEA,home,676106,Emerson Hancock,7.0,6,1,1,0,14,103
823144,2026-05-02,KC,away,679883,Luinder Avila,2.0,0,0,0,0,1,23
823144,2026-05-02,KC,away,668674,Lucas Erceg,1.0,0,0,0,0,2,17
823144,2026-05-02,KC,away,621381,Matt Strahm,1.0,0,0,0,0,0,8
823144,2026-05-02,KC,away,607625,Seth Lugo,6.0,8,2,2,2,6,103
823308,2026-05-02,SD,home,650633,Michael King,6.0,7,4,4,3,5,92
823308,2026-05-02,SD,home,699134,Bradgley Rodriguez,1.0,0,0,0,0,0,9
823308,2026-05-02,SD,home,669093,Jeremiah Estrada,1.0,0,0,0,0,3,13
823308,2026-05-02,SD,home,606996,Kyle Hart,1.0,0,0,0,0,1,14
823308,2026-05-02,CWS,away,691799,Grant Taylor,1.3333333333333333,2,0,0,2,2,30
823308,2026-05-02,CWS,away,622554,Seranthony Domínguez,0.6666666666666666,0,0,0,0,1,6
823308,2026-05-02,CWS,away,680732,Sean Burke,6.0,4,0,0,1,8,88
823308,2026-05-02,CWS,away,663542,Bryan Hudson,1.0,0,0,0,0,0,6
823388,2026-05-02,PIT,home,642397,Gregory Soto,1.0,0,0,0,0,1,7
823388,2026-05-02,PIT,home,606965,Chris Devenski,0.3333333333333333,1,1,1,0,0,6
823388,2026-05-02,PIT,home,670990,Yohan Ramírez,2.0,2,1,1,0,2,15
823388,2026-05-02,PIT,home,669387,Carmen Mlodzinski,5.666666666666667,8,5,5,2,10,101
823388,2026-05-02,CIN,away,683742,Jose Franco,1.0,1,0,0,0,2,17
823388,2026-05-02,CIN,away,695076,Rhett Lowder,1.3333333333333333,5,8,8,4,1,52
823388,2026-05-02,CIN,away,683175,Connor Phillips,0.0,0,2,2,4,0,21
823388,2026-05-02,CIN,away,624431,Jose Trevino,2.0,5,2,2,0,0,28
823388,2026-05-02,CIN,away,668933,Graham Ashcraft,1.0,0,0,0,1,2,14
823388,2026-05-02,CIN,away,594580,Sam Moll,1.6666666666666665,2,0,0,1,2,40
823388,2026-05-02,CIN,away,656271,Brock Burke,1.0,6,5,5,1,2,39
823554,2026-05-02,NYY,home,621112,Paul Blackburn,2.0,0,0,0,1,2,29
823554,2026-05-02,NYY,home,677960,Ryan Weathers,5.0,3,3,1,2,5,90
823554,2026-05-02,NYY,home,657612,Tim Hill,0.3333333333333333,0,0,0,0,0,1
823554,2026-05-02,NYY,home,656234,Jake Bird,1.0,1,0,0,1,0,20
823554,2026-05-02,NYY,home,666808,Camilo Doval,0.6666666666666666,0,1,1,1,1,15
823554,2026-05-02,BAL,away,669211,Keegan Akin,1.0,2,1,1,0,0,17
823554,2026-05-02,BAL,away,675919,Nick Raquet,1.0,0,0,0,1,1,20
823554,2026-05-02,BAL,away,680694,Kyle Bradish,4.0,6,5,5,4,4,89
823554,2026-05-02,BAL,away,689296,Anthony Nunez,0.0,2,3,3,2,0,17
823554,2026-05-02,BAL,away,664991,Grant Wolfram,1.0,0,0,0,0,2,14
823554,2026-05-02,BAL,away,608650,Dietrich Enns,1.0,1,0,0,0,1,14
823715,2026-05-02,MIN,home,623437,Justin Topa,0.6666666666666666,1,1,1,0,1,10
823715,2026-05-02,MIN,home,607455,Anthony Banda,1.0,2,4,3,1,0,18
823715,2026-05-02,MIN,home,804619,John Klein,1.0,0,0,0,0,0,12
823715,2026-05-02,MIN,home,687570,Connor Prielipp,5.0,3,2,2,2,4,91
823715,2026-05-02,MIN,home,681892,Kody Funderburk,1.3333333333333333,0,0,0,1,0,14
823715,2026-05-02,MIN,home,472610,Luis García,0.0,3,4,4,1,0,18
823715,2026-05-02,TOR,away,693686,Spencer Miles,1.0,0,0,0,0,0,15
823715,2026-05-02,TOR,away,656302,Dylan Cease,7.0,7,4,3,1,7,106
823715,2026-05-02,TOR,away,689254,Mason Fluharty,1.0,0,0,0,0,0,12
823876,2026-05-02,MIA,home,676974,Max Meyer,7.0,1,0,0,1,7,83
823876,2026-05-02,MIA,home,669622,Anthony Bender,1.0,0,0,0,0,2,18
823876,2026-05-02,MIA,home,677053,Andrew Nardi,1.0,0,0,0,0,1,10
823876,2026-05-02,PHI,away,670950,Trevor Richards,2.0,1,0,0,2,2,24
823876,2026-05-02,PHI,away,621383,Tanner Banks,1.0,2,1,1,1,1,20
823876,2026-05-02,PHI,away,691725,Andrew Painter,5.0,7,3,3,3,7,99
824042,2026-05-02,LAA,home,696147,Sam Bachman,1.6666666666666665,0,0,0,0,3,18
824042,2026-05-02,LAA,home,666171,Ryan Zeferjahn,2.0,0,0,0,1,1,23
824042,2026-05-02,LAA,home,672282,Reid Detmers,6.333333333333333,9,3,3,0,8,95
824042,2026-05-02,NYM,away,668964,Tobias Myers,2.6666666666666665,3,0,0,1,0,36
824042,2026-05-02,NYM,away,681810,Austin Warren,0.6666666666666666,2,1,0,1,0,20
824042,2026-05-02,NYM,away,623211,Huascar Brazobán,1.3333333333333333,0,0,0,0,1,18
824042,2026-05-02,NYM,away,518886,Craig Kimbrel,1.0,1,0,0,1,1,12
824042,2026-05-02,NYM,away,690997,Nolan McLean,4.0,6,3,3,1,6,78
824284,2026-05-02,DET,home,623454,Drew Anderson,2.3333333333333335,2,0,0,0,3,28
824284,2026-05-02,DET,home,672456,Keider Montero,6.666666666666667,5,1,1,2,2,85
824284,2026-05-02,TEX,away,677958,Kumar Rocker,2.0,7,5,5,0,2,43
824284,2026-05-02,TEX,away,682608,Peyton Gray,2.0,2,0,0,1,2,35
824284,2026-05-02,TEX,away,615698,Cal Quantrill,3.0,2,0,0,2,2,56
824284,2026-05-02,TEX,away,686560,Gavin Collyer,1.0,1,0,0,0,1,16
824365,2026-05-02,COL,home,801403,Chase Dollander,5.333333333333333,8,6,6,3,3,97
824365,2026-05-02,COL,home,657514,Brennan Bernardino,0.6666666666666666,3,2,2,0,1,23
824365,2026-05-02,COL,home,685299,Tanner Gordon,3.0,1,1,1,0,4,41
824365,2026-05-02,ATL,away,669276,Dylan Lee,1.0,0,0,0,0,1,14
824365,2026-05-02,ATL,away,519242,Chris Sale,7.0,3,1,1,3,11,102
824365,2026-05-02,ATL,away,676702,Hunter Stratton,1.0,1,0,0,0,1,12
824685,2026-05-02,CHC,home,684007,Shota Imanaga,7.0,4,0,0,1,5,87
824685,2026-05-02,CHC,home,676962,Ben Brown,2.0,0,0,0,0,1,24
824685,2026-05-02,ARI,away,666661,Juan Morillo,1.0,1,1,1,0,2,19
824685,2026-05-02,ARI,away,656464,Kevin Ginkel,0.3333333333333333,0,0,0,1,0,12
824685,2026-05-02,ARI,away,642528,Jonathan Loáisiga,0.3333333333333333,0,0,0,0,0,3
824685,2026-05-02,ARI,away,669194,Ryne Nelson,5.666666666666667,4,1,1,2,4,84
824685,2026-05-02,ARI,away,664199,Taylor Clarke,0.6666666666666666,0,0,0,1,1,18
824771,2026-05-02,BOS,home,813349,Connelly Early,4.0,6,5,5,3,3,77
824771,2026-05-02,BOS,home,701719,Tyler Samaniego,2.0,3,0,0,0,0,26
824771,2026-05-02,BOS,home,670245,Ryan Watson,3.0,3,1,1,1,4,39
824771,2026-05-02,HOU,away,678906,Kai-Wei Teng,1.3333333333333333,0,0,0,1,2,23
824771,2026-05-02,HOU,away,660853,Enyel De Los Santos,1.6666666666666665,1,1,1,0,1,18
824771,2026-05-02,HOU,away,656986,Bennett Sousa,0.0,2,1,1,1,0,13
824771,2026-05-02,HOU,away,687911,Bryan King,1.0,0,0,0,0,0,6
824771,2026-05-02,HOU,away,681293,Spencer Arrighetti,5.0,5,1,1,5,4,87
825014,2026-05-02,OAK,home,605130,Scott Barlow,1.3333333333333333,0,2,2,0,1,19
825014,2026-05-02,OAK,home,682052,Jacob Lopez,5.333333333333333,8,6,6,1,5,96
825014,2026-05-02,OAK,home,663687,Hogan Harris,0.3333333333333333,2,1,1,1,0,20
825014,2026-05-02,OAK,home,806960,Luis Morales,2.0,4,5,5,4,2,64
825014,2026-05-02,CLE,away,677944,Slade Cecconi,5.333333333333333,10,5,5,0,3,69
825014,2026-05-02,CLE,away,670036,Matt Festa,0.6666666666666666,0,0,0,1,0,10
825014,2026-05-02,CLE,away,670059,Colin Holderman,1.6666666666666665,1,0,0,0,0,14
825014,2026-05-02,CLE,away,683769,Hunter Gaddis,0.3333333333333333,2,1,1,1,1,22
825014,2026-05-02,CLE,away,682120,Tim Herrin,1.0,1,0,0,0,1,15
822742,2026-05-03,WSH,home,663992,Richard Lovelady,0.6666666666666666,1,0,0,0,1,12
822742,2026-05-03,WSH,home,676571,PJ Poulin,2.0,1,0,0,1,2,36
822742,2026-05-03,WSH,home,681402,Gus Varland,0.6666666666666666,1,1,1,0,0,9
822742,2026-05-03,WSH,home,641793,Zack Littell,3.6666666666666665,1,1,1,1,1,41
822742,2026-05-03,WSH,home,680730,Mitchell Parker,2.0,0,0,0,0,2,23
822742,2026-05-03,MIL,away,701656,Logan Henderson,6.0,3,2,2,0,8,76
822742,2026-05-03,MIL,away,702153,Brian Fitzpatrick,1.3333333333333333,4,1,1,0,0,16
822742,2026-05-03,MIL,away,663765,Jake Woodford,0.6666666666666666,0,0,0,1,1,12
822987,2026-05-03,TB,home,571927,Steven Matz,6.0,4,1,1,2,1,89
822987,2026-05-03,TB,home,693855,Ian Seymour,1.0,0,0,0,0,0,8
822987,2026-05-03,TB,home,685801,Hunter Bigge,2.0,2,0,0,0,3,26
822987,2026-05-03,TB,home,641329,Bryan Baker,1.0,0,0,0,0,1,11
822987,2026-05-03,SF,away,641816,Tyler Mahle,5.333333333333333,4,0,0,1,5,92
822987,2026-05-03,SF,away,676254,Ryan Walker,1.0,1,1,1,1,0,14
822987,2026-05-03,SF,away,676775,Keaton Winn,1.0,1,0,0,0,0,9
822987,2026-05-03,SF,away,668873,Caleb Kilian,1.0,2,1,0,1,0,15
822987,2026-05-03,SF,away,657424,Matt Gage,0.6666666666666666,0,0,0,1,1,15
823065,2026-05-03,STL,home,677865,Justin Bruihl,1.0,0,0,0,1,2,16
823065,2026-05-03,STL,home,694363,Jared Shuster,2.0,3,1,0,1,0,23
823065,2026-05-03,STL,home,669160,Dustin May,6.0,7,3,3,2,3,95
823065,2026-05-03,LAD,away,656945,Tanner Scott,1.0,0,0,0,0,2,13
823065,2026-05-03,LAD,away,694361,Will Klein,1.6666666666666665,1,1,1,1,0,25
823065,2026-05-03,LAD,away,680736,Justin Wrobleski,6.0,6,0,0,1,0,83
823065,2026-05-03,LAD,away,595014,Blake Treinen,0.3333333333333333,0,0,0,0,0,1
823145,2026-05-03,SEA,home,689546,Nick Davila,1.0,1,0,0,1,1,16
823145,2026-05-03,SEA,home,695380,Alex Hoppe,1.0,1,0,0,0,1,18
823145,2026-05-03,SEA,home,677961,Cole Wilcox,1.0,0,0,0,2,0,20
823145,2026-05-03,SEA,home,622491,Luis Castillo,6.0,6,4,4,2,5,101
823145,2026-05-03,KC,away,663460,Kris Bubic,7.0,4,1,1,2,7,94
823145,2026-05-03,KC,away,663738,Daniel Lynch IV,1.3333333333333333,0,0,0,0,3,17
823145,2026-05-03,KC,away,670167,John Schreiber,0.6666666666666666,0,0,0,1,0,12
823307,2026-05-03,SD,home,695243,Mason Miller,1.0,1,0,0,0,3,15
823307,2026-05-03,SD,home,592094,Jason Adam,1.0,1,0,0,0,1,17
823307,2026-05-03,SD,home,656288,Griffin Canning,5.0,3,1,1,3,7,73
823307,2026-05-03,SD,home,670970,Adrian Morejon,2.0,2,2,2,0,4,31
823307,2026-05-03,CWS,away,641743,Anthony Kay,5.0,7,3,2,1,5,86
823307,2026-05-03,CWS,away,673929,Jordan Leasure,1.0,0,0,0,0,1,10
823307,2026-05-03,CWS,away,663542,Bryan Hudson,1.0,2,0,0,0,2,26
823307,2026-05-03,CWS,away,699823,Tyler Davis,1.0,0,1,1,1,0,18
823387,2026-05-03,PIT,home,642397,Gregory Soto,1.3333333333333333,0,0,0,0,2,17
823387,2026-05-03,PIT,home,677952,Braxton Ashcraft,7.666666666666667,4,0,0,2,6,82
823387,2026-05-03,CIN,away,663574,Tony Santillan,1.0,2,1,1,2,0,21
823387,2026-05-03,CIN,away,695505,Chase Burns,7.0,3,0,0,1,7,94
823555,2026-05-03,NYY,home,687396,Brent Headrick,1.6666666666666665,1,0,0,0,1,16
823555,2026-05-03,NYY,home,518585,Fernando Cruz,1.0,1,0,0,0,0,17
823555,2026-05-03,NYY,home,608331,Max Fried,5.333333333333333,6,3,3,3,6,107
823555,2026-05-03,NYY,home,670280,David Bednar,1.0,1,0,0,0,2,18
823555,2026-05-03,BAL,away,670329,Rico Garcia,1.0,0,0,0,0,1,17
823555,2026-05-03,BAL,away,694346,Trey Gibson,4.666666666666667,4,3,3,2,2,87
823555,2026-05-03,BAL,away,552640,Andrew Kittredge,0.3333333333333333,7,7,7,0,0,22
823555,2026-05-03,BAL,away,664991,Grant Wolfram,0.6666666666666666,3,1,1,0,0,15
823555,2026-05-03,BAL,away,666974,Yennier Cano,0.6666666666666666,0,0,0,0,0,8
823555,2026-05-03,BAL,away,608650,Dietrich Enns,0.6666666666666666,1,0,0,1,0,13
823711,2026-05-03,MIN,home,623437,Justin Topa,1.0,4,2,2,0,0,17
823711,2026-05-03,MIN,home,573124,Taylor Rogers,2.3333333333333335,4,1,1,0,3,32
823711,2026-05-03,MIN,home,681892,Kody Funderburk,0.3333333333333333,0,0,0,0,0,3
823711,2026-05-03,MIN,home,657746,Joe Ryan,0.3333333333333333,0,0,0,1,1,9
823711,2026-05-03,MIN,home,679358,Eric Orze,1.3333333333333333,1,0,0,1,2,24
823711,2026-05-03,MIN,home,702193,Andrew Morris,3.6666666666666665,2,0,0,1,3,57
823711,2026-05-03,TOR,away,667297,Tommy Nance,1.3333333333333333,0,0,0,0,2,14
823711,2026-05-03,TOR,away,573009,Joe Mantiply,1.0,1,0,0,0,0,14
823711,2026-05-03,TOR,away,656546,Jeff Hoffman,1.0,1,0,0,0,0,12
823711,2026-05-03,TOR,away,702056,Trey Yesavage,4.0,5,1,1,3,6,82
823711,2026-05-03,TOR,away,680755,Braydon Fisher,0.6666666666666666,2,3,3,1,1,18
823875,2026-05-03,MIA,home,694795,Josh Ekness,1.0,0,0,0,0,0,7
823875,2026-05-03,MIA,home,663969,Tyler Phillips,3.0,4,0,0,0,3,47
823875,2026-05-03,MIA,home,676534,Calvin Faucher,1.0,0,0,0,0,1,14
823875,2026-05-03,MIA,home,667463,John King,1.3333333333333333,1,0,0,0,1,15
823875,2026-05-03,MIA,home,663978,Chris Paddack,2.6666666666666665,6,7,7,3,1,73
823875,2026-05-03,PHI,away,666200,Jesús Luzardo,6.333333333333333,8,2,2,0,10,102
823875,2026-05-03,PHI,away,689147,Orion Kerkering,1.0,0,0,0,0,0,9
823875,2026-05-03,PHI,away,663767,Chase Shugart,1.6666666666666665,1,0,0,0,0,15
824043,2026-05-03,LAA,home,680704,Nick Sandlin,1.0,2,2,2,1,0,23
824043,2026-05-03,LAA,home,686799,Jack Kochanowicz,6.333333333333333,5,2,2,3,6,110
824043,2026-05-03,LAA,home,519141,Drew Pomeranz,1.0,0,0,0,0,1,9
824043,2026-05-03,LAA,home,642048,Tayler Saucedo,0.6666666666666666,0,1,1,0,2,11
824043,2026-05-03,NYM,away,596133,Luke Weaver,1.3333333333333333,1,0,0,0,3,17
824043,2026-05-03,NYM,away,605280,Clay Holmes,6.666666666666667,4,1,1,3,6,99
824043,2026-05-03,NYM,away,548384,Brooks Raley,1.0,1,0,0,0,2,15
824285,2026-05-03,DET,home,676428,Brant Hurter,3.3333333333333335,2,0,0,1,2,38
824285,2026-05-03,DET,home,663947,Tyler Holton,0.6666666666666666,1,0,0,0,1,17
824285,2026-05-03,DET,home,640448,Kyle Finnegan,1.0,1,0,0,0,1,10
824285,2026-05-03,DET,home,572143,Burch Smith,1.0,1,0,0,0,0,18
824285,2026-05-03,DET,home,669724,Brenan Hanifee,1.6666666666666665,1,0,0,0,1,24
824285,2026-05-03,DET,home,676568,Ricky Vanasco,1.3333333333333333,1,1,1,1,2,28
824285,2026-05-03,TEX,away,641302,Tyler Alexander,0.3333333333333333,3,2,2,0,0,6
824285,2026-05-03,TEX,away,683004,Jack Leiter,6.666666666666667,5,5,5,1,10,100
824285,2026-05-03,TEX,away,686560,Gavin Collyer,1.0,0,0,0,0,2,21
824364,2026-05-03,COL,home,680767,Victor Vodnik,1.0,0,0,0,1,1,17
824364,2026-05-03,COL,home,623474,Jimmy Herget,1.0,3,3,3,1,0,28
824364,2026-05-03,COL,home,607536,Kyle Freeland,4.333333333333333,8,6,6,3,7,98
824364,2026-05-03,COL,home,622608,Antonio Senzatela,2.6666666666666665,3,2,2,1,1,42
824364,2026-05-03,ATL,away,675911,Spencer Strider,3.3333333333333335,4,3,3,5,6,87
824364,2026-05-03,ATL,away,669276,Dylan Lee,1.0,0,0,0,0,2,9
824364,2026-05-03,ATL,away,663158,Robert Suarez,1.0,2,0,0,0,0,16
824364,2026-05-03,ATL,away,800311,Didier Fuentes,0.6666666666666666,0,0,0,0,0,8
824364,2026-05-03,ATL,away,641755,Tyler Kinley,1.0,1,1,1,0,2,11
824364,2026-05-03,ATL,away,607481,Aaron Bummer,1.0,3,2,2,0,2,16
824364,2026-05-03,ATL,away,625643,Reynaldo López,1.0,1,0,0,1,1,12
824687,2026-05-03,CHC,home,571948,Hoby Milner,1.0,1,0,0,0,0,15
824687,2026-05-03,CHC,home,656686,Corbin Martin,1.0,1,2,2,1,2,26
824687,2026-05-03,CHC,home,571510,Matthew Boyd,6.0,4,2,2,1,5,94
824687,2026-05-03,CHC,home,664208,Phil Maton,1.0,1,0,0,1,1,25
824687,2026-05-03,ARI,away,694297,Brandon Pfaadt,2.3333333333333335,4,2,2,3,1,52
824687,2026-05-03,ARI,away,518876,Merrill Kelly,4.333333333333333,8,6,6,3,5,92
824687,2026-05-03,ARI,away,623149,Paul Sewald,0.6666666666666666,0,0,0,0,2,8
824687,2026-05-03,ARI,away,657044,Ryan Thompson,0.6666666666666666,0,0,0,0,0,4
824769,2026-05-03,BOS,home,669711,Greg Weissert,1.3333333333333333,3,1,1,0,1,22
824769,2026-05-03,BOS,home,677161,Zack Kelly,1.0,1,2,1,2,0,19
824769,2026-05-03,BOS,home,676477,Garrett Whitlock,1.3333333333333333,1,0,0,0,2,19
824769,2026-05-03,BOS,home,624133,Ranger Suarez,4.0,3,0,0,1,3,70
824769,2026-05-03,BOS,home,701719,Tyler Samaniego,0.6666666666666666,1,0,0,1,0,13
824769,2026-05-03,BOS,home,663558,Jovani Morán,0.6666666666666666,0,0,0,1,1,11
824769,2026-05-03,BOS,home,547973,Aroldis Chapman,1.0,1,0,0,0,2,17
824769,2026-05-03,HOU,away,650556,Bryan Abreu,2.0,1,0,0,1,1,22
824769,2026-05-03,HOU,away,660853,Enyel De Los Santos,1.0,1,0,0,0,1,20
824769,2026-05-03,HOU,away,595345,Steven Okert,1.0,1,0,0,0,1,12
824769,2026-05-03,HOU,away,805123,AJ Blubaugh,3.6666666666666665,2,1,1,2,5,59
824769,2026-05-03,HOU,away,675989,Cody Bolton,2.3333333333333335,4,0,0,1,3,61
825013,2026-05-03,OAK,home,686993,Justin Sterner,1.0,0,0,0,0,1,12
825013,2026-05-03,OAK,home,669270,Joel Kuhnel,1.0,0,0,0,1,0,12
825013,2026-05-03,OAK,home,650644,Aaron Civale,6.0,7,1,1,2,3,93
825013,2026-05-03,OAK,home,643410,Mark Leiter Jr.,1.0,0,0,0,0,1,10
825013,2026-05-03,CLE,away,670059,Colin Holderman,2.0,3,0,0,0,2,27
825013,2026-05-03,CLE,away,688883,Peyton Pallette,1.0,2,3,3,3,1,36
825013,2026-05-03,CLE,away,800048,Parker Messick,5.0,6,4,4,0,6,78
822984,2026-05-04,TB,home,668984,Casey Legumina,0.6666666666666666,3,0,0,0,0,17
822984,2026-05-04,TB,home,607259,Nick Martinez,5.0,5,1,1,1,4,71
822984,2026-05-04,TB,home,693855,Ian Seymour,1.3333333333333333,2,0,0,1,2,28
822984,2026-05-04,TB,home,642121,Cole Sulser,1.0,0,0,0,0,1,10
822984,2026-05-04,TB,home,687330,Kevin Kelly,0.6666666666666666,0,0,0,0,1,7
822984,2026-05-04,TB,home,641329,Bryan Baker,0.3333333333333333,0,0,0,0,0,3
822984,2026-05-04,TOR,away,693686,Spencer Miles,1.3333333333333333,3,2,2,0,1,27
822984,2026-05-04,TOR,away,667297,Tommy Nance,1.0,1,0,0,0,1,13
822984,2026-05-04,TOR,away,573009,Joe Mantiply,1.0,1,0,0,0,0,17
822984,2026-05-04,TOR,away,641778,Eric Lauer,4.333333333333333,5,3,3,1,2,61
822984,2026-05-04,TOR,away,689254,Mason Fluharty,0.3333333333333333,1,0,0,0,1,6
823064,2026-05-04,STL,home,681517,Kyle Leahy,5.333333333333333,6,1,1,2,5,94
823064,2026-05-04,STL,home,700669,Gordon Graceffo,0.3333333333333333,3,2,2,0,0,11
823064,2026-05-04,STL,home,668941,JoJo Romero,1.0,1,0,0,1,0,16
823064,2026-05-04,STL,home,676617,Riley O'Brien,0.6666666666666666,0,0,0,0,0,3
823064,2026-05-04,STL,home,666277,George Soriano,0.6666666666666666,1,0,0,1,1,18
823064,2026-05-04,STL,home,592773,Ryne Stanek,1.0,0,0,0,0,1,7
823064,2026-05-04,MIL,away,694477,Chad Patrick,3.3333333333333335,7,4,4,3,4,64
823064,2026-05-04,MIL,away,681982,Grant Anderson,0.6666666666666666,1,0,0,0,0,9
823064,2026-05-04,MIL,away,675660,Shane Drohan,1.3333333333333333,1,1,1,1,1,23
823064,2026-05-04,MIL,away,663765,Jake Woodford,1.0,2,1,1,0,2,25
823064,2026-05-04,MIL,away,669084,DL Hall,1.6666666666666665,0,0,0,0,2,24
823143,2026-05-04,SEA,home,678606,José A. Ferrer,1.3333333333333333,1,0,0,0,1,16
823143,2026-05-04,SEA,home,669302,Logan Gilbert,6.0,6,4,4,2,4,89
823143,2026-05-04,SEA,home,662253,Andrés Muñoz,1.0,1,0,0,0,2,14
823143,2026-05-04,SEA,home,660825,Eduard Bazardo,0.6666666666666666,1,0,0,0,1,11
823143,2026-05-04,ATL,away,471911,Carlos Carrasco,1.3333333333333333,1,0,0,0,1,19
823143,2026-05-04,ATL,away,702275,JR Ritchie,5.0,4,3,3,6,2,93
823143,2026-05-04,ATL,away,641755,Tyler Kinley,1.0,1,2,2,1,2,23
823143,2026-05-04,ATL,away,607481,Aaron Bummer,0.6666666666666666,2,0,0,1,1,14
823228,2026-05-04,SF,home,686790,Trevor McDonald,7.0,2,1,1,0,8,81
823228,2026-05-04,SF,home,676775,Keaton Winn,1.0,0,0,0,0,0,8
823228,2026-05-04,SF,home,668873,Caleb Kilian,1.0,1,1,1,0,2,18
823228,2026-05-04,SD,away,593974,Wandy Peralta,0.6666666666666666,1,0,0,1,1,13
823228,2026-05-04,SD,away,699134,Bradgley Rodriguez,1.3333333333333333,0,0,0,0,0,16
823228,2026-05-04,SD,away,606996,Kyle Hart,0.3333333333333333,0,0,0,0,1,5
823228,2026-05-04,SD,away,681190,Randy Vásquez,5.666666666666667,5,3,3,2,2,88
823552,2026-05-04,NYY,home,621112,Paul Blackburn,1.0,1,0,0,0,0,17
823552,2026-05-04,NYY,home,657612,Tim Hill,1.0,1,0,0,0,2,12
823552,2026-05-04,NYY,home,656234,Jake Bird,0.3333333333333333,0,0,0,0,1,4
823552,2026-05-04,NYY,home,666808,Camilo Doval,1.0,1,0,0,0,1,8
823552,2026-05-04,NYY,home,693645,Cam Schlittler,5.666666666666667,7,1,1,3,4,95
823552,2026-05-04,BAL,away,669211,Keegan Akin,0.6666666666666666,0,0,0,0,0,7
823552,2026-05-04,BAL,away,642152,Lou Trivino,0.6666666666666666,4,6,6,3,0,31
823552,2026-05-04,BAL,away,642215,Weston Wilson,0.3333333333333333,0,0,0,0,0,2
823552,2026-05-04,BAL,away,669358,Shane Baz,5.666666666666667,5,6,5,5,4,96
823552,2026-05-04,BAL,away,666974,Yennier Cano,0.6666666666666666,1,0,0,0,0,9
823874,2026-05-04,MIA,home,669199,Lake Bachar,2.0,1,0,0,0,1,29
823874,2026-05-04,MIA,home,676534,Calvin Faucher,1.0,1,0,0,0,1,15
823874,2026-05-04,MIA,home,667463,John King,0.6666666666666666,0,0,0,0,0,10
823874,2026-05-04,MIA,home,676083,Janson Junk,5.333333333333333,5,1,1,0,6,92
823874,2026-05-04,PHI,away,621237,José Alvarado,1.0,0,0,0,0,1,8
823874,2026-05-04,PHI,away,621383,Tanner Banks,1.0,0,0,0,0,1,18
823874,2026-05-04,PHI,away,605400,Aaron Nola,6.0,5,0,0,0,5,94
823874,2026-05-04,PHI,away,641745,Brad Keller,1.0,2,0,0,0,0,10
824039,2026-05-04,LAA,home,667755,José Soriano,4.0,8,5,5,3,5,88
824039,2026-05-04,LAA,home,815083,Mitch Farris,4.0,7,1,1,0,3,58
824039,2026-05-04,LAA,home,608718,Brent Suter,1.0,1,0,0,0,1,15
824039,2026-05-04,CWS,away,663436,Davis Martin,7.0,5,0,0,0,10,85
824039,2026-05-04,CWS,away,656794,Sean Newcomb,2.0,0,0,0,0,4,28
824120,2026-05-04,KC,home,621381,Matt Strahm,1.0,0,0,0,0,0,7
824120,2026-05-04,KC,home,608379,Michael Wacha,7.0,4,2,2,1,3,79
824120,2026-05-04,KC,home,656638,Alex Lange,1.0,1,0,0,0,0,9
824120,2026-05-04,CLE,away,641401,Connor Brogdon,1.3333333333333333,1,1,0,0,1,24
824120,2026-05-04,CLE,away,670036,Matt Festa,1.6666666666666665,1,1,1,1,1,28
824120,2026-05-04,CLE,away,688883,Peyton Pallette,1.0,0,0,0,1,1,21
824120,2026-05-04,CLE,away,676440,Tanner Bibee,4.0,5,4,4,2,4,77
824201,2026-05-04,HOU,home,650556,Bryan Abreu,1.0,1,0,0,0,3,18
824201,2026-05-04,HOU,home,678906,Kai-Wei Teng,2.0,1,0,0,0,2,31
824201,2026-05-04,HOU,home,680802,Ryan Weiss,4.333333333333333,8,7,6,4,5,95
824201,2026-05-04,HOU,home,595345,Steven Okert,0.6666666666666666,3,1,1,1,1,20
824201,2026-05-04,HOU,home,656986,Bennett Sousa,1.0,0,0,0,0,0,8
824201,2026-05-04,LAD,away,669165,Kyle Hurt,1.0,0,0,0,1,2,17
824201,2026-05-04,LAD,away,676263,Jack Dreyer,1.0,1,0,0,0,2,15
824201,2026-05-04,LAD,away,595014,Blake Treinen,1.0,0,0,0,0,3,17
824201,2026-05-04,LAD,away,808967,Yoshinobu Yamamoto,6.0,5,3,3,1,8,95
824283,2026-05-04,DET,home,680744,Ty Madden,5.0,4,0,0,0,7,81
824283,2026-05-04,DET,home,663947,Tyler Holton,1.0,2,0,0,0,1,22
824283,2026-05-04,DET,home,445276,Kenley Jansen,1.0,0,0,0,1,1,10
824283,2026-05-04,DET,home,646241,Enmanuel De Jesus,1.3333333333333333,3,1,1,1,2,32
824283,2026-05-04,DET,home,676568,Ricky Vanasco,0.6666666666666666,3,4,4,1,0,25
824283,2026-05-04,BOS,away,676477,Garrett Whitlock,1.0,2,2,2,1,2,26
824283,2026-05-04,BOS,away,801139,Payton Tolle,7.0,1,2,0,1,8,83
824283,2026-05-04,BOS,away,547973,Aroldis Chapman,1.0,0,0,0,0,1,13
824363,2026-05-04,COL,home,657514,Brennan Bernardino,1.0,0,0,0,0,0,10
824363,2026-05-04,COL,home,675848,Juan Mejia,2.0,0,0,0,0,5,23
824363,2026-05-04,COL,home,608372,Tomoyuki Sugano,5.333333333333333,3,4,4,2,1,61
824363,2026-05-04,COL,home,677955,Jaden Hill,0.6666666666666666,1,0,0,0,2,11
824363,2026-05-04,NYM,away,681810,Austin Warren,2.0,1,0,0,0,3,24
824363,2026-05-04,NYM,away,623211,Huascar Brazobán,1.0,0,0,0,0,0,11
824363,2026-05-04,NYM,away,642207,Devin Williams,1.0,0,0,0,0,1,8
824363,2026-05-04,NYM,away,656849,David Peterson,4.0,3,2,2,0,6,69
824363,2026-05-04,NYM,away,518886,Craig Kimbrel,1.0,1,0,0,0,1,15
824684,2026-05-04,CHC,home,571948,Hoby Milner,0.6666666666666666,0,0,0,1,0,12
824684,2026-05-04,CHC,home,665795,Edward Cabrera,6.0,9,3,3,2,8,89
824684,2026-05-04,CHC,home,669020,Ryan Rolison,1.0,0,0,0,0,3,14
824684,2026-05-04,CHC,home,664208,Phil Maton,0.3333333333333333,0,0,0,0,0,4
824684,2026-05-04,CHC,home,676962,Ben Brown,1.0,1,1,1,1,1,25
824684,2026-05-04,CIN,away,641941,Emilio Pagán,0.6666666666666666,2,2,2,0,1,16
824684,2026-05-04,CIN,away,695534,Chase Petty,5.666666666666667,4,3,3,2,1,75
824684,2026-05-04,CIN,away,668933,Graham Ashcraft,1.6666666666666665,0,0,0,3,2,28
824684,2026-05-04,CIN,away,656271,Brock Burke,0.6666666666666666,0,0,0,1,1,9
822743,2026-05-05,WSH,home,701552,Andre Granillo,2.0,4,4,4,0,0,33
822743,2026-05-05,WSH,home,676917,Cade Cavalli,4.0,5,6,3,3,2,76
822743,2026-05-05,WSH,home,687377,Orlando Ribalta,1.0,1,1,1,2,1,34
822743,2026-05-05,WSH,home,687606,Paxton Schultz,2.0,0,0,0,1,1,25
822743,2026-05-05,MIN,away,671737,Taj Bradley,6.0,4,2,2,2,8,96
822743,2026-05-05,MIN,away,607455,Anthony Banda,1.0,0,0,0,0,1,19
822743,2026-05-05,MIN,away,472610,Luis García,1.0,0,0,0,1,0,13
822743,2026-05-05,MIN,away,679358,Eric Orze,1.0,2,1,1,0,1,16
822986,2026-05-05,TB,home,668984,Casey Legumina,1.0,1,0,0,1,0,9
822986,2026-05-05,TB,home,642121,Cole Sulser,1.0,0,0,0,0,0,12
822986,2026-05-05,TB,home,685801,Hunter Bigge,1.0,0,0,0,1,2,18
822986,2026-05-05,TB,home,656876,Drew Rasmussen,6.0,7,3,3,1,5,85
822986,2026-05-05,TOR,away,686973,Louis Varland,0.6666666666666666,0,0,0,0,1,7
822986,2026-05-05,TOR,away,592332,Kevin Gausman,6.0,6,2,2,1,3,96
822986,2026-05-05,TOR,away,656546,Jeff Hoffman,1.0,1,0,0,0,1,17
822986,2026-05-05,TOR,away,643511,Tyler Rogers,0.3333333333333333,4,2,2,0,0,22
823142,2026-05-05,SEA,home,678606,José A. Ferrer,1.0,0,0,0,0,2,10
823142,2026-05-05,SEA,home,669923,George Kirby,7.0,5,2,2,1,5,88
823142,2026-05-05,SEA,home,662253,Andrés Muñoz,1.0,1,1,1,1,2,23
823142,2026-05-05,ATL,away,669276,Dylan Lee,1.0,0,0,0,0,3,16
823142,2026-05-05,ATL,away,663158,Robert Suarez,1.0,0,0,0,0,2,16
823142,2026-05-05,ATL,away,628452,Raisel Iglesias,1.0,1,0,0,0,2,19
823142,2026-05-05,ATL,away,693821,Bryce Elder,6.0,2,2,2,3,9,93
823227,2026-05-05,SF,home,664141,JT Brubaker,1.0,2,1,1,2,1,38
823227,2026-05-05,SF,home,657277,Logan Webb,4.0,7,6,6,0,4,62
823227,2026-05-05,SF,home,666619,Gregory Santos,2.0,2,2,2,0,0,28
823227,2026-05-05,SF,home,621366,Ryan Borucki,1.0,2,1,1,0,0,20
823227,2026-05-05,SF,home,666711,Joel Peguero,1.0,1,0,0,0,0,8
823227,2026-05-05,SD,away,621111,Walker Buehler,5.333333333333333,7,4,4,0,5,82
823227,2026-05-05,SD,away,592094,Jason Adam,1.0,0,0,0,0,0,9
823227,2026-05-05,SD,away,669093,Jeremiah Estrada,1.6666666666666665,1,1,1,0,2,21
823227,2026-05-05,SD,away,676760,Ron Marinaccio,1.0,0,0,0,0,1,9
823469,2026-05-05,PHI,home,650911,Cristopher Sánchez,8.0,3,0,0,1,10,97
823469,2026-05-05,PHI,home,661395,Jhoan Duran,1.0,1,1,1,3,2,27
823469,2026-05-05,OAK,away,622663,Luis Severino,5.0,7,1,1,2,3,102
823469,2026-05-05,OAK,away,605130,Scott Barlow,1.0,0,0,0,0,1,8
823469,2026-05-05,OAK,away,621053,Tyler Ferguson,1.3333333333333333,4,4,4,0,1,26
823469,2026-05-05,OAK,away,643410,Mark Leiter Jr.,0.6666666666666666,3,4,4,1,1,22
823553,2026-05-05,NYY,home,695684,Elmer Rodríguez,4.666666666666667,6,3,3,4,2,94
823553,2026-05-05,NYY,home,657612,Tim Hill,0.3333333333333333,2,0,0,0,0,6
823553,2026-05-05,NYY,home,687396,Brent Headrick,1.3333333333333333,0,0,0,0,3,14
823553,2026-05-05,NYY,home,518585,Fernando Cruz,1.0,1,0,0,1,1,26
823553,2026-05-05,NYY,home,670280,David Bednar,1.6666666666666665,1,1,1,0,2,26
823553,2026-05-05,TEX,away,641302,Tyler Alexander,1.0,1,1,1,1,0,27
823553,2026-05-05,TEX,away,656222,Jalen Beeks,0.6666666666666666,1,0,0,1,0,5
823553,2026-05-05,TEX,away,594798,Jacob deGrom,6.333333333333333,7,6,6,1,7,94
823873,2026-05-05,MIA,home,694795,Josh Ekness,1.0,0,0,0,0,2,15
823873,2026-05-05,MIA,home,645261,Sandy Alcantara,4.333333333333333,8,7,7,3,5,106
823873,2026-05-05,MIA,home,656848,Michael Petersen,1.0,0,0,0,0,2,17
823873,2026-05-05,MIA,home,687531,William Kempner,1.0,0,0,0,0,1,8
823873,2026-05-05,MIA,home,669622,Anthony Bender,0.6666666666666666,0,0,0,0,0,6
823873,2026-05-05,MIA,home,677053,Andrew Nardi,1.0,2,2,2,2,0,22
823873,2026-05-05,BAL,away,669211,Keegan Akin,1.0,0,0,0,0,1,8
823873,2026-05-05,BAL,away,670329,Rico Garcia,1.3333333333333333,0,0,0,1,2,19
823873,2026-05-05,BAL,away,605135,Chris Bassitt,4.0,6,4,4,3,3,76
823873,2026-05-05,BAL,away,689296,Anthony Nunez,1.3333333333333333,2,2,2,0,1,20
823873,2026-05-05,BAL,away,552640,Andrew Kittredge,0.6666666666666666,1,1,0,1,1,20
823873,2026-05-05,BAL,away,664991,Grant Wolfram,0.6666666666666666,0,0,0,0,2,8
824040,2026-05-05,LAA,home,519141,Drew Pomeranz,1.0,2,0,0,0,1,19
824040,2026-05-05,LAA,home,820862,José Fermin,1.0,1,0,0,0,2,11
824040,2026-05-05,LAA,home,691951,Sam Aldegheri,4.0,4,2,2,2,0,69
824040,2026-05-05,LAA,home,696147,Sam Bachman,1.6666666666666665,1,1,1,0,3,20
824040,2026-05-05,LAA,home,666171,Ryan Zeferjahn,1.3333333333333333,0,0,0,2,3,33
824040,2026-05-05,CWS,away,673929,Jordan Leasure,1.0,0,0,0,0,2,20
824040,2026-05-05,CWS,away,663542,Bryan Hudson,1.0,1,0,0,0,0,7
824040,2026-05-05,CWS,away,607200,Erick Fedde,4.666666666666667,6,4,4,2,2,75
824040,2026-05-05,CWS,away,699823,Tyler Davis,1.3333333333333333,0,0,0,0,1,14
824119,2026-05-05,KC,home,668674,Lucas Erceg,1.0,0,0,0,1,1,15
824119,2026-05-05,KC,home,663568,Stephen Kolek,6.0,4,3,3,0,3,83
824119,2026-05-05,KC,home,683232,Nick Mears,1.0,0,0,0,0,1,8
824119,2026-05-05,KC,home,663738,Daniel Lynch IV,1.0,0,0,0,1,0,14
824119,2026-05-05,CLE,away,670059,Colin Holderman,2.0,0,0,0,0,3,26
824119,2026-05-05,CLE,away,668909,Gavin Williams,6.0,8,5,5,2,7,97
824200,2026-05-05,HOU,home,663567,Peter Lambert,7.0,3,0,0,4,4,104
824200,2026-05-05,HOU,home,687911,Bryan King,2.0,3,1,1,0,2,37
824200,2026-05-05,LAD,away,681911,Alex Vesia,1.0,0,0,0,0,1,11
824200,2026-05-05,LAD,away,660271,Shohei Ohtani,7.0,4,2,2,0,8,89
824281,2026-05-05,DET,home,664285,Framber Valdez,3.0,9,10,7,1,3,60
824281,2026-05-05,DET,home,572143,Burch Smith,2.0,1,0,0,0,4,20
824281,2026-05-05,DET,home,646241,Enmanuel De Jesus,1.0,0,0,0,0,2,14
824281,2026-05-05,DET,home,669724,Brenan Hanifee,3.0,2,0,0,1,2,33
824281,2026-05-05,BOS,away,687941,Alec Gamboa,1.0,0,0,0,0,2,14
824281,2026-05-05,BOS,away,678394,Brayan Bello,7.0,4,1,1,1,7,94
824281,2026-05-05,BOS,away,663558,Jovani Morán,1.0,3,2,2,2,3,38
824682,2026-05-05,CHC,home,694037,Daniel Palencia,1.0,1,0,0,0,0,15
824682,2026-05-05,CHC,home,665871,Javier Assad,1.3333333333333333,0,0,0,0,1,17
824682,2026-05-05,CHC,home,592791,Jameson Taillon,5.666666666666667,5,2,2,1,5,100
824682,2026-05-05,CHC,home,657097,Jacob Webb,1.0,0,0,0,0,1,17
824682,2026-05-05,CHC,home,669020,Ryan Rolison,1.0,0,0,0,1,2,18
824682,2026-05-05,CIN,away,641941,Emilio Pagán,0.0,0,0,0,0,0,1
824682,2026-05-05,CIN,away,663574,Tony Santillan,1.0,1,1,1,0,1,17
824682,2026-05-05,CIN,away,683742,Jose Franco,1.0,0,0,0,2,0,22
824682,2026-05-05,CIN,away,683175,Connor Phillips,1.3333333333333333,2,1,1,1,2,28
824682,2026-05-05,CIN,away,594580,Sam Moll,0.0,1,1,0,0,0,2
824682,2026-05-05,CIN,away,671096,Andrew Abbott,5.666666666666667,4,0,0,4,4,98
825092,2026-05-05,ARI,home,593958,Eduardo Rodriguez,7.0,2,0,0,3,7,103
825092,2026-05-05,ARI,home,642528,Jonathan Loáisiga,1.0,0,0,0,0,0,15
825092,2026-05-05,ARI,home,805299,Brandyn Garcia,1.0,0,0,0,0,2,11
825092,2026-05-05,PIT,away,681895,Evan Sisk,1.6666666666666665,2,0,0,0,0,25
825092,2026-05-05,PIT,away,670990,Yohan Ramírez,0.3333333333333333,2,5,5,1,0,29
825092,2026-05-05,PIT,away,696149,Bubba Chandler,5.0,2,2,2,6,4,92
825092,2026-05-05,PIT,away,642701,Dennis Santana,1.0,3,2,2,0,0,15
822740,2026-05-06,WSH,home,571945,Miles Mikolas,5.333333333333333,3,2,2,0,3,74
822740,2026-05-06,WSH,home,680730,Mitchell Parker,2.6666666666666665,0,0,0,0,2,27
822740,2026-05-06,WSH,home,687849,Zak Kent,1.0,0,0,0,0,0,10
822740,2026-05-06,MIN,away,623437,Justin Topa,0.6666666666666666,4,6,6,2,1,32
822740,2026-05-06,MIN,away,641927,Bailey Ober,5.0,6,5,5,2,3,82
822740,2026-05-06,MIN,away,681892,Kody Funderburk,1.0,0,1,1,1,2,17
822740,2026-05-06,MIN,away,472610,Luis García,0.6666666666666666,2,2,2,0,0,14
822740,2026-05-06,MIN,away,702193,Andrew Morris,0.6666666666666666,2,1,1,0,1,14
822985,2026-05-06,TB,home,663556,Shane McClanahan,5.666666666666667,2,0,0,1,4,69
822985,2026-05-06,TB,home,693855,Ian Seymour,1.0,0,0,0,0,1,11
822985,2026-05-06,TB,home,664076,Garrett Cleavinger,0.3333333333333333,0,0,0,0,1,5
822985,2026-05-06,TB,home,687330,Kevin Kelly,1.0,2,0,0,0,0,14
822985,2026-05-06,TB,home,641329,Bryan Baker,1.0,0,0,0,0,1,17
822985,2026-05-06,TOR,away,686973,Louis Varland,1.0,1,1,0,2,0,22
822985,2026-05-06,TOR,away,689254,Mason Fluharty,0.3333333333333333,0,0,0,0,0,11
822985,2026-05-06,TOR,away,680755,Braydon Fisher,1.3333333333333333,0,0,0,1,2,23
822985,2026-05-06,TOR,away,571578,Patrick Corbin,5.333333333333333,5,2,2,2,1,61
823063,2026-05-06,STL,home,694335,Matt Svanson,1.0,2,1,1,1,2,27
823063,2026-05-06,STL,home,669467,Andre Pallante,6.0,8,5,5,2,3,104
823063,2026-05-06,STL,home,694363,Jared Shuster,2.0,1,0,0,0,1,33
823063,2026-05-06,MIL,away,682842,Abner Uribe,1.0,1,1,1,0,0,16
823063,2026-05-06,MIL,away,676879,Aaron Ashby,2.0,0,0,0,1,1,28
823063,2026-05-06,MIL,away,687075,Brandon Sproat,4.0,1,0,0,3,5,76
823063,2026-05-06,MIL,away,669084,DL Hall,1.0,0,0,0,0,1,11
823063,2026-05-06,MIL,away,656730,Trevor Megill,1.0,2,1,1,0,2,21
823141,2026-05-06,SEA,home,678606,José A. Ferrer,1.0,0,0,0,0,1,11
823141,2026-05-06,SEA,home,693433,Bryan Woo,6.0,1,0,0,2,9,98
823141,2026-05-06,SEA,home,681867,Cooper Criswell,1.0,0,0,0,0,1,13
823141,2026-05-06,SEA,home,660825,Eduard Bazardo,1.0,3,1,1,0,1,21
823141,2026-05-06,ATL,away,800311,Didier Fuentes,2.0,2,1,1,1,4,47
823141,2026-05-06,ATL,away,641755,Tyler Kinley,0.3333333333333333,2,0,0,0,0,9
823141,2026-05-06,ATL,away,527048,Martín Pérez,5.666666666666667,5,2,2,1,5,84
823226,2026-05-06,SF,home,676254,Ryan Walker,1.0,2,2,2,2,0,29
823226,2026-05-06,SF,home,676775,Keaton Winn,0.6666666666666666,0,1,1,1,0,16
823226,2026-05-06,SF,home,666711,Joel Peguero,1.0,0,0,0,0,1,8
823226,2026-05-06,SF,home,605288,Adrian Houser,6.0,3,2,1,1,3,74
823226,2026-05-06,SF,home,657424,Matt Gage,0.3333333333333333,1,0,0,0,0,10
823226,2026-05-06,SD,away,695243,Mason Miller,1.0,0,0,0,0,2,13
823226,2026-05-06,SD,away,699134,Bradgley Rodriguez,1.0,0,0,0,0,0,7
823226,2026-05-06,SD,away,670970,Adrian Morejon,2.0,1,0,0,0,4,26
823226,2026-05-06,SD,away,663362,Matt Waldron,5.0,2,1,1,0,7,67
823470,2026-05-06,PHI,home,621237,José Alvarado,0.6666666666666666,1,0,0,1,2,16
823470,2026-05-06,PHI,home,554430,Zack Wheeler,6.333333333333333,5,3,3,1,4,98
823470,2026-05-06,PHI,home,689147,Orion Kerkering,0.3333333333333333,0,0,0,0,0,5
823470,2026-05-06,PHI,home,641835,Tim Mayza,0.6666666666666666,0,0,0,0,1,7
823470,2026-05-06,PHI,home,641745,Brad Keller,1.0,1,0,0,2,1,22
823470,2026-05-06,OAK,away,686993,Justin Sterner,0.6666666666666666,0,0,0,0,0,7
823470,2026-05-06,OAK,away,663687,Hogan Harris,0.6666666666666666,2,0,0,0,0,9
823470,2026-05-06,OAK,away,678022,Jack Perkins,1.3333333333333333,2,4,2,1,2,33
823470,2026-05-06,OAK,away,605488,Jeffrey Springs,5.333333333333333,8,2,2,0,4,75
823550,2026-05-06,NYY,home,642232,Ryan Yarbrough,1.6666666666666665,0,0,0,1,2,29
823550,2026-05-06,NYY,home,701542,Will Warren,4.0,7,6,6,3,7,90
823550,2026-05-06,NYY,home,660787,Yerry De los Santos,3.3333333333333335,1,0,0,1,5,54
823550,2026-05-06,TEX,away,656641,Jacob Latz,1.0,0,0,0,1,1,21
823550,2026-05-06,TEX,away,543135,Nathan Eovaldi,8.0,3,1,1,0,8,101
823872,2026-05-06,MIA,home,690978,Dax Fulton,4.0,3,2,2,2,3,64
823872,2026-05-06,MIA,home,691587,Eury Pérez,5.0,4,5,5,5,6,93
823872,2026-05-06,BAL,away,670329,Rico Garcia,1.0,0,0,0,1,1,15
823872,2026-05-06,BAL,away,687064,Brandon Young,6.0,4,3,3,3,5,93
823872,2026-05-06,BAL,away,689296,Anthony Nunez,1.3333333333333333,0,0,0,0,1,16
823872,2026-05-06,BAL,away,664991,Grant Wolfram,0.6666666666666666,2,1,1,0,0,15
824036,2026-05-06,LAA,home,681217,Chase Silseth,2.0,1,0,0,0,4,28
824036,2026-05-06,LAA,home,519141,Drew Pomeranz,0.3333333333333333,0,0,0,0,1,11
824036,2026-05-06,LAA,home,700712,Walbert Ureña,6.0,2,1,1,3,5,90
824036,2026-05-06,LAA,home,608718,Brent Suter,0.6666666666666666,1,1,1,2,0,20
824036,2026-05-06,CWS,away,674370,Osvaldo Bido,2.3333333333333335,0,0,0,0,0,27
824036,2026-05-06,CWS,away,691799,Grant Taylor,1.0,1,1,0,1,1,20
824036,2026-05-06,CWS,away,702273,Noah Schultz,3.6666666666666665,7,7,7,4,3,79
824036,2026-05-06,CWS,away,663855,Jordan Hicks,1.0,0,0,0,1,1,11
824118,2026-05-06,KC,home,666142,Cole Ragans,3.0,1,0,0,2,4,58
824118,2026-05-06,KC,home,679883,Luinder Avila,2.0,2,2,2,2,2,49
824118,2026-05-06,KC,home,672021,Eric Cerantola,1.0,1,0,0,1,2,19
824118,2026-05-06,KC,home,656638,Alex Lange,1.3333333333333333,0,1,1,1,0,23
824118,2026-05-06,KC,home,670167,John Schreiber,1.6666666666666665,2,0,0,0,0,30
824118,2026-05-06,CLE,away,670036,Matt Festa,1.0,0,0,0,0,2,13
824118,2026-05-06,CLE,away,671922,Cade Smith,1.0,1,0,0,0,3,16
824118,2026-05-06,CLE,away,676282,Joey Cantillo,5.0,3,1,1,3,1,70
824118,2026-05-06,CLE,away,681870,Erik Sabrowski,1.3333333333333333,0,0,0,1,2,20
824118,2026-05-06,CLE,away,683769,Hunter Gaddis,0.6666666666666666,0,0,0,1,0,9
824198,2026-05-06,HOU,home,660853,Enyel De Los Santos,1.0,0,0,0,0,0,13
824198,2026-05-06,HOU,home,663967,César Salazar,1.0,1,1,1,0,0,10
824198,2026-05-06,HOU,home,621121,Lance McCullers Jr.,2.6666666666666665,4,6,6,3,4,70
824198,2026-05-06,HOU,home,669920,Jason Alexander,4.333333333333333,9,5,5,2,5,88
824198,2026-05-06,LAD,away,607192,Tyler Glasnow,1.0,1,1,1,0,2,19
824198,2026-05-06,LAD,away,683618,Edgardo Henriquez,2.0,1,0,0,0,1,23
824198,2026-05-06,LAD,away,656945,Tanner Scott,1.0,0,0,0,0,0,9
824198,2026-05-06,LAD,away,669165,Kyle Hurt,1.0,0,0,0,0,2,11
824198,2026-05-06,LAD,away,592779,Brock Stewart,1.0,0,0,0,0,2,10
824198,2026-05-06,LAD,away,676263,Jack Dreyer,2.0,1,0,0,0,1,27
824198,2026-05-06,LAD,away,595014,Blake Treinen,1.0,2,1,1,0,0,15
824282,2026-05-06,DET,home,676428,Brant Hurter,0.6666666666666666,0,0,0,0,1,12
824282,2026-05-06,DET,home,623454,Drew Anderson,1.3333333333333333,1,0,0,3,3,39
824282,2026-05-06,DET,home,640448,Kyle Finnegan,1.0,0,0,0,2,0,14
824282,2026-05-06,DET,home,572143,Burch Smith,1.0,0,0,0,1,1,17
824282,2026-05-06,DET,home,656427,Jack Flaherty,5.0,3,4,2,1,10,96
824282,2026-05-06,BOS,away,669711,Greg Weissert,1.0,0,0,0,0,0,11
824282,2026-05-06,BOS,away,677161,Zack Kelly,1.0,0,0,0,2,2,25
824282,2026-05-06,BOS,away,543243,Sonny Gray,5.0,4,0,0,2,2,70
824282,2026-05-06,BOS,away,701719,Tyler Samaniego,2.0,0,0,0,1,3,31
824361,2026-05-06,COL,home,688642,Zach Agnos,4.0,4,3,3,1,1,59
824361,2026-05-06,COL,home,547179,Michael Lorenzen,5.0,11,7,7,3,2,87
824361,2026-05-06,NYM,away,640455,Sean Manaea,0.3333333333333333,3,1,1,0,1,17
824361,2026-05-06,NYM,away,668964,Tobias Myers,0.6666666666666666,5,4,4,0,0,21
824361,2026-05-06,NYM,away,596133,Luke Weaver,1.0,1,0,0,0,2,20
824361,2026-05-06,NYM,away,642207,Devin Williams,0.6666666666666666,0,0,0,0,2,9
824361,2026-05-06,NYM,away,642547,Freddy Peralta,5.0,4,0,0,2,1,91
824361,2026-05-06,NYM,away,548384,Brooks Raley,1.3333333333333333,0,0,0,1,2,14
824683,2026-05-06,CHC,home,571948,Hoby Milner,1.0,1,1,1,1,1,25
824683,2026-05-06,CHC,home,657097,Jacob Webb,1.6666666666666665,0,0,0,0,1,14
824683,2026-05-06,CHC,home,656686,Corbin Martin,0.0,3,3,3,0,0,11
824683,2026-05-06,CHC,home,663423,Trent Thornton,1.0,0,0,0,0,0,6
824683,2026-05-06,CHC,home,607067,Colin Rea,5.333333333333333,6,2,1,3,5,98
824683,2026-05-06,CHC,home,664208,Phil Maton,1.0,0,0,0,0,1,12
824683,2026-05-06,CIN,away,572955,Pierce Johnson,0.3333333333333333,0,0,0,0,0,5
824683,2026-05-06,CIN,away,622088,Tejay Antone,1.0,0,0,0,0,2,12
824683,2026-05-06,CIN,away,663903,Brady Singer,6.0,6,4,4,1,6,96
824683,2026-05-06,CIN,away,668933,Graham Ashcraft,1.0,2,2,2,0,1,27
824683,2026-05-06,CIN,away,594580,Sam Moll,0.6666666666666666,2,0,0,0,0,11
824683,2026-05-06,CIN,away,656271,Brock Burke,0.6666666666666666,0,1,0,3,1,11
825091,2026-05-06,ARI,home,666661,Juan Morillo,1.0,0,0,0,0,0,12
825091,2026-05-06,ARI,home,656464,Kevin Ginkel,0.6666666666666666,0,0,0,0,0,9
825091,2026-05-06,ARI,home,647336,Michael Soroka,6.333333333333333,7,1,1,2,6,93
825091,2026-05-06,ARI,home,664199,Taylor Clarke,1.0,0,0,0,0,1,15
825091,2026-05-06,PIT,away,694973,Paul Skenes,8.0,2,0,0,0,7,97
825091,2026-05-06,PIT,away,642397,Gregory Soto,1.0,0,0,0,1,1,15
822741,2026-05-07,WSH,home,663992,Richard Lovelady,0.6666666666666666,0,0,0,2,1,16
822741,2026-05-07,WSH,home,676571,PJ Poulin,1.0,1,0,0,1,2,23
822741,2026-05-07,WSH,home,663623,Jake Irvin,5.0,8,4,4,1,2,92
822741,2026-05-07,WSH,home,687377,Orlando Ribalta,1.0,1,1,1,0,1,21
822741,2026-05-07,WSH,home,681402,Gus Varland,1.3333333333333333,1,0,0,0,2,16
822741,2026-05-07,MIN,away,680573,Simeon Woods Richardson,4.333333333333333,4,5,5,2,2,61
822741,2026-05-07,MIN,away,607455,Anthony Banda,0.6666666666666666,0,0,0,1,0,20
822741,2026-05-07,MIN,away,804619,John Klein,1.3333333333333333,2,2,2,1,1,31
822741,2026-05-07,MIN,away,573124,Taylor Rogers,1.6666666666666665,2,0,0,0,2,26
823306,2026-05-07,SD,home,650633,Michael King,6.0,1,1,1,2,6,86
823306,2026-05-07,SD,home,593974,Wandy Peralta,1.0,1,0,0,2,0,14
823306,2026-05-07,SD,home,592094,Jason Adam,1.0,1,0,0,1,0,23
823306,2026-05-07,SD,home,699134,Bradgley Rodriguez,1.0,2,1,1,0,2,17
823306,2026-05-07,STL,away,668941,JoJo Romero,1.0,0,0,0,0,1,7
823306,2026-05-07,STL,away,676617,Riley O'Brien,1.0,0,0,0,0,1,10
823306,2026-05-07,STL,away,666277,George Soriano,1.0,1,0,0,0,1,12
823306,2026-05-07,STL,away,669461,Matthew Liberatore,6.0,3,1,1,3,6,81
823467,2026-05-07,PHI,home,680742,Jonathan Bowlan,1.0,0,0,0,0,1,11
823467,2026-05-07,PHI,home,663767,Chase Shugart,2.0,2,2,2,1,2,44
823467,2026-05-07,PHI,home,596117,Garrett Stubbs,1.0,0,0,0,0,0,5
823467,2026-05-07,PHI,home,621383,Tanner Banks,1.3333333333333333,4,2,2,1,2,35
823467,2026-05-07,PHI,home,691725,Andrew Painter,3.6666666666666665,7,8,8,3,2,88
823467,2026-05-07,OAK,away,669372,J.T. Ginn,8.0,4,1,1,1,8,96
823467,2026-05-07,OAK,away,621139,Brooks Kriske,1.0,2,0,0,0,1,14
823551,2026-05-07,NYY,home,621112,Paul Blackburn,1.0,0,0,0,2,0,24
823551,2026-05-07,NYY,home,657612,Tim Hill,1.6666666666666665,2,0,0,0,1,17
823551,2026-05-07,NYY,home,694341,Brendan Beck,3.0,2,2,2,3,1,52
823551,2026-05-07,NYY,home,687396,Brent Headrick,1.3333333333333333,0,0,0,1,1,18
823551,2026-05-07,NYY,home,656234,Jake Bird,1.0,0,0,0,1,0,15
823551,2026-05-07,NYY,home,666808,Camilo Doval,1.0,2,0,0,0,1,23
823551,2026-05-07,TEX,away,682608,Peyton Gray,1.0,2,1,1,1,1,33
823551,2026-05-07,TEX,away,641302,Tyler Alexander,0.6666666666666666,3,1,1,1,1,18
823551,2026-05-07,TEX,away,656222,Jalen Beeks,0.3333333333333333,1,2,2,1,1,12
823551,2026-05-07,TEX,away,669022,MacKenzie Gore,5.333333333333333,6,5,5,3,3,96
823551,2026-05-07,TEX,away,686560,Gavin Collyer,0.3333333333333333,0,0,0,0,0,4
823551,2026-05-07,TEX,away,668390,Cole Winn,0.3333333333333333,2,0,0,0,0,7
823870,2026-05-07,MIA,home,694795,Josh Ekness,1.0,2,1,1,1,0,24
823870,2026-05-07,MIA,home,676534,Calvin Faucher,1.0,1,0,0,0,1,13
823870,2026-05-07,MIA,home,676974,Max Meyer,5.0,6,2,2,2,5,94
823870,2026-05-07,MIA,home,656848,Michael Petersen,1.0,0,0,0,0,1,10
823870,2026-05-07,MIA,home,677053,Andrew Nardi,1.0,0,0,0,0,1,12
823870,2026-05-07,BAL,away,669211,Keegan Akin,1.0,2,0,0,0,1,24
823870,2026-05-07,BAL,away,700249,Cade Povich,3.0,3,3,3,2,1,43
823870,2026-05-07,BAL,away,552640,Andrew Kittredge,0.6666666666666666,1,1,0,0,1,11
823870,2026-05-07,BAL,away,666974,Yennier Cano,2.0,0,0,0,0,0,23
823870,2026-05-07,BAL,away,608650,Dietrich Enns,2.0,0,0,0,1,1,19
824117,2026-05-07,KC,home,683232,Nick Mears,1.0,2,0,0,0,0,23
824117,2026-05-07,KC,home,663738,Daniel Lynch IV,1.0,0,0,0,0,2,15
824117,2026-05-07,KC,home,607625,Seth Lugo,4.0,7,4,4,4,5,102
824117,2026-05-07,KC,home,672021,Eric Cerantola,2.0,1,3,3,3,3,44
824117,2026-05-07,KC,home,656638,Alex Lange,1.0,1,1,1,1,1,20
824117,2026-05-07,CLE,away,641401,Connor Brogdon,1.3333333333333333,2,2,2,1,1,36
824117,2026-05-07,CLE,away,677944,Slade Cecconi,5.333333333333333,6,2,2,3,3,82
824117,2026-05-07,CLE,away,671922,Cade Smith,1.0,0,0,0,0,2,16
824117,2026-05-07,CLE,away,681870,Erik Sabrowski,0.3333333333333333,0,0,0,0,1,6
824117,2026-05-07,CLE,away,683769,Hunter Gaddis,0.6666666666666666,3,1,1,0,0,10
824117,2026-05-07,CLE,away,682120,Tim Herrin,0.3333333333333333,1,0,0,1,0,12
824362,2026-05-07,COL,home,500779,Jose Quintana,5.666666666666667,5,2,2,2,2,74
824362,2026-05-07,COL,home,657514,Brennan Bernardino,0.3333333333333333,0,0,0,0,0,4
824362,2026-05-07,COL,home,675848,Juan Mejia,1.0,0,0,0,2,2,21
824362,2026-05-07,COL,home,622608,Antonio Senzatela,2.0,1,0,0,1,2,23
824362,2026-05-07,NYM,away,681810,Austin Warren,1.3333333333333333,0,0,0,2,1,21
824362,2026-05-07,NYM,away,623211,Huascar Brazobán,1.0,1,1,1,2,1,25
824362,2026-05-07,NYM,away,518886,Craig Kimbrel,1.0,3,4,4,1,2,29
824362,2026-05-07,NYM,away,681035,Christian Scott,4.666666666666667,3,1,1,2,6,82
824681,2026-05-07,CHC,home,694037,Daniel Palencia,0.3333333333333333,0,0,0,0,1,7
824681,2026-05-07,CHC,home,684007,Shota Imanaga,6.0,6,1,1,3,10,99
824681,2026-05-07,CHC,home,668970,Gavin Hollowell,1.6666666666666665,2,2,2,4,1,49
824681,2026-05-07,CHC,home,663423,Trent Thornton,1.0,1,0,0,1,0,26
824681,2026-05-07,CIN,away,682825,Luis Mey,2.0,1,0,0,1,1,39
824681,2026-05-07,CIN,away,683742,Jose Franco,2.0,1,0,0,1,1,23
824681,2026-05-07,CIN,away,695076,Rhett Lowder,3.0,1,3,3,4,1,59
824681,2026-05-07,CIN,away,683175,Connor Phillips,1.0,4,5,5,1,0,27
824767,2026-05-07,BOS,home,687562,Jake Bennett,5.333333333333333,6,4,4,2,1,86
824767,2026-05-07,BOS,home,669711,Greg Weissert,0.0,2,1,1,1,0,11
824767,2026-05-07,BOS,home,701719,Tyler Samaniego,0.6666666666666666,0,0,0,0,0,6
824767,2026-05-07,BOS,home,670245,Ryan Watson,3.0,5,3,3,1,2,51
824767,2026-05-07,TB,away,642121,Cole Sulser,1.0,0,0,0,0,1,17
824767,2026-05-07,TB,away,664076,Garrett Cleavinger,1.0,2,1,1,0,1,14
824767,2026-05-07,TB,away,687330,Kevin Kelly,1.0,1,0,0,0,0,12
824767,2026-05-07,TB,away,643377,Griffin Jax,4.0,4,3,2,1,3,59
824767,2026-05-07,TB,away,685801,Hunter Bigge,2.0,0,0,0,0,1,26
825090,2026-05-07,ARI,home,623149,Paul Sewald,1.0,0,0,0,1,0,19
825090,2026-05-07,ARI,home,668678,Zac Gallen,6.0,6,4,4,2,5,100
825090,2026-05-07,ARI,home,657044,Ryan Thompson,1.0,0,0,0,0,2,9
825090,2026-05-07,ARI,home,805299,Brandyn Garcia,1.0,1,0,0,0,1,12
825090,2026-05-07,PIT,away,642397,Gregory Soto,1.0,0,0,0,0,1,14
825090,2026-05-07,PIT,away,682254,Mason Montgomery,0.6666666666666666,1,0,0,1,0,16
825090,2026-05-07,PIT,away,656605,Mitch Keller,6.0,4,2,2,2,4,84
825090,2026-05-07,PIT,away,676755,Isaac Mattson,0.3333333333333333,0,0,0,0,1,6
825090,2026-05-07,PIT,away,642701,Dennis Santana,1.0,0,0,0,1,0,13
822822,2026-05-08,TOR,home,686973,Louis Varland,1.0,0,0,0,0,0,11
822822,2026-05-08,TOR,home,656546,Jeff Hoffman,1.0,1,0,0,0,1,13
822822,2026-05-08,TOR,home,656302,Dylan Cease,7.0,5,0,0,0,10,97
822822,2026-05-08,LAA,away,666201,Alek Manoah,1.0,0,0,0,0,1,11
822822,2026-05-08,LAA,away,820862,José Fermin,1.3333333333333333,0,0,0,0,2,18
822822,2026-05-08,LAA,away,489446,Kirby Yates,1.0,1,0,0,0,1,24
822822,2026-05-08,LAA,away,672282,Reid Detmers,3.6666666666666665,2,2,2,6,3,99
822822,2026-05-08,LAA,away,608718,Brent Suter,1.0,0,0,0,0,2,16
822904,2026-05-08,TEX,home,677958,Kumar Rocker,3.6666666666666665,4,3,3,3,3,87
822904,2026-05-08,TEX,home,641302,Tyler Alexander,1.0,1,0,0,0,0,5
822904,2026-05-08,TEX,home,615698,Cal Quantrill,3.3333333333333335,3,4,1,2,2,70
822904,2026-05-08,TEX,home,596001,Jakob Junis,1.0,1,0,0,1,1,25
822904,2026-05-08,CHC,away,681799,Ethan Roberts,1.0,0,0,0,1,0,15
822904,2026-05-08,CHC,away,665871,Javier Assad,3.6666666666666665,1,0,0,1,1,41
822904,2026-05-08,CHC,away,669020,Ryan Rolison,0.3333333333333333,1,1,1,2,0,14
822904,2026-05-08,CHC,away,676962,Ben Brown,4.0,0,0,0,1,3,46
823225,2026-05-08,SF,home,676775,Keaton Winn,1.0,0,0,0,0,1,13
823225,2026-05-08,SF,home,668873,Caleb Kilian,1.0,1,1,1,2,0,35
823225,2026-05-08,SF,home,592662,Robbie Ray,6.0,4,1,1,4,7,93
823225,2026-05-08,SF,home,657424,Matt Gage,1.0,0,0,0,1,0,11
823225,2026-05-08,PIT,away,681895,Evan Sisk,1.0,1,0,0,0,1,11
823225,2026-05-08,PIT,away,669387,Carmen Mlodzinski,6.0,7,2,2,0,1,74
823225,2026-05-08,PIT,away,664875,Justin Lawrence,0.0,3,3,3,0,0,13
823225,2026-05-08,PIT,away,676742,Cam Sanders,1.0,1,0,0,0,3,17
823303,2026-05-08,SD,home,673513,Yuki Matsui,2.6666666666666665,3,0,0,1,2,38
823303,2026-05-08,SD,home,593974,Wandy Peralta,1.0,1,0,0,0,0,7
823303,2026-05-08,SD,home,656288,Griffin Canning,4.333333333333333,7,6,6,2,5,83
823303,2026-05-08,SD,home,676760,Ron Marinaccio,1.0,0,0,0,0,2,14
823303,2026-05-08,STL,away,700241,Michael McGreevy,6.0,1,0,0,2,9,94
823303,2026-05-08,STL,away,700669,Gordon Graceffo,2.0,0,0,0,0,0,17
823303,2026-05-08,STL,away,592773,Ryne Stanek,1.0,0,0,0,0,1,15
823466,2026-05-08,PHI,home,666200,Jesús Luzardo,3.0,6,6,5,3,6,95
823466,2026-05-08,PHI,home,621237,José Alvarado,1.0,0,0,0,0,2,20
823466,2026-05-08,PHI,home,661395,Jhoan Duran,1.0,1,0,0,0,2,16
823466,2026-05-08,PHI,home,689147,Orion Kerkering,1.0,1,0,0,0,1,16
823466,2026-05-08,PHI,home,680742,Jonathan Bowlan,2.0,1,0,0,0,1,20
823466,2026-05-08,PHI,home,641835,Tim Mayza,2.0,1,1,1,0,2,20
823466,2026-05-08,PHI,home,641745,Brad Keller,1.0,3,2,1,0,2,20
823466,2026-05-08,COL,away,680767,Victor Vodnik,2.0,0,0,0,1,2,20
823466,2026-05-08,COL,away,623474,Jimmy Herget,1.0,2,2,2,0,2,20
823466,2026-05-08,COL,away,801403,Chase Dollander,5.666666666666667,3,2,2,5,5,89
823466,2026-05-08,COL,away,657514,Brennan Bernardino,0.3333333333333333,2,3,3,1,1,14
823466,2026-05-08,COL,away,675848,Juan Mejia,1.0,1,0,0,0,1,18
823466,2026-05-08,COL,away,677955,Jaden Hill,1.0,1,0,0,0,0,16
823794,2026-05-08,MIL,home,675660,Shane Drohan,3.0,1,0,0,0,3,40
823794,2026-05-08,MIL,home,694819,Jacob Misiorowski,6.0,2,0,0,2,11,95
823794,2026-05-08,NYY,away,665645,Kervin Castro,2.0,2,1,1,0,2,29
823794,2026-05-08,NYY,away,608331,Max Fried,6.0,6,5,5,3,5,94
823871,2026-05-08,MIA,home,663969,Tyler Phillips,2.3333333333333335,1,0,0,1,2,29
823871,2026-05-08,MIA,home,702281,Robby Snelling,5.0,5,3,3,4,2,86
823871,2026-05-08,MIA,home,667463,John King,0.6666666666666666,0,0,0,1,1,13
823871,2026-05-08,MIA,home,669622,Anthony Bender,1.0,0,0,0,0,1,12
823871,2026-05-08,WSH,away,676571,PJ Poulin,0.3333333333333333,0,0,0,1,0,13
823871,2026-05-08,WSH,away,695418,Brad Lord,1.6666666666666665,1,0,0,0,2,31
823871,2026-05-08,WSH,away,656492,Foster Griffin,7.0,4,2,1,1,9,103
823957,2026-05-08,LAD,home,681911,Alex Vesia,0.3333333333333333,0,0,0,0,0,5
823957,2026-05-08,LAD,home,656945,Tanner Scott,1.0,0,0,0,0,1,11
823957,2026-05-08,LAD,home,669165,Kyle Hurt,1.0,2,0,0,0,1,19
823957,2026-05-08,LAD,home,694361,Will Klein,1.0,1,0,0,1,1,23
823957,2026-05-08,LAD,home,592779,Brock Stewart,1.0,0,0,0,1,1,18
823957,2026-05-08,LAD,home,686218,Emmet Sheehan,4.666666666666667,6,1,1,1,7,88
823957,2026-05-08,ATL,away,519242,Chris Sale,7.0,5,3,2,0,7,102
823957,2026-05-08,ATL,away,607481,Aaron Bummer,1.0,0,0,0,0,0,9
824116,2026-05-08,KC,home,679883,Luinder Avila,1.0,1,0,0,0,1,18
824116,2026-05-08,KC,home,668674,Lucas Erceg,1.0,1,0,0,1,0,14
824116,2026-05-08,KC,home,663460,Kris Bubic,5.666666666666667,4,3,3,4,5,96
824116,2026-05-08,KC,home,683232,Nick Mears,0.3333333333333333,1,0,0,0,0,7
824116,2026-05-08,KC,home,670167,John Schreiber,1.0,1,0,0,0,0,12
824116,2026-05-08,DET,away,676428,Brant Hurter,1.6666666666666665,2,1,1,1,1,30
824116,2026-05-08,DET,away,663947,Tyler Holton,1.0,0,0,0,0,1,14
824116,2026-05-08,DET,away,640448,Kyle Finnegan,0.0,3,2,2,1,0,12
824116,2026-05-08,DET,away,672456,Keider Montero,6.0,3,1,1,1,4,71
824443,2026-05-08,CLE,home,670036,Matt Festa,0.6666666666666666,3,2,2,0,2,17
824443,2026-05-08,CLE,home,670059,Colin Holderman,0.6666666666666666,0,0,0,1,1,14
824443,2026-05-08,CLE,home,671922,Cade Smith,1.0,2,1,1,0,1,15
824443,2026-05-08,CLE,home,800048,Parker Messick,5.666666666666667,7,1,1,1,7,95
824443,2026-05-08,CLE,home,682120,Tim Herrin,1.0,1,0,0,0,0,11
824443,2026-05-08,MIN,away,607455,Anthony Banda,0.6666666666666666,2,1,1,1,0,22
824443,2026-05-08,MIN,away,687570,Connor Prielipp,5.0,4,4,1,2,6,93
824443,2026-05-08,MIN,away,681892,Kody Funderburk,1.3333333333333333,1,1,1,0,0,22
824443,2026-05-08,MIN,away,672782,Yoendrys Gómez,0.3333333333333333,0,0,0,0,0,2
824443,2026-05-08,MIN,away,679358,Eric Orze,0.6666666666666666,1,0,0,0,0,16
824522,2026-05-08,CIN,home,572955,Pierce Johnson,1.6666666666666665,0,0,0,1,2,21
824522,2026-05-08,CIN,home,622088,Tejay Antone,1.0,1,1,1,0,0,16
824522,2026-05-08,CIN,home,663574,Tony Santillan,0.0,4,4,4,0,0,13
824522,2026-05-08,CIN,home,624431,Jose Trevino,1.0,3,1,1,0,0,13
824522,2026-05-08,CIN,home,666157,Nick Lodolo,5.333333333333333,5,4,4,1,2,78
824522,2026-05-08,HOU,away,805123,AJ Blubaugh,1.0,1,0,0,0,1,21
824522,2026-05-08,HOU,away,701121,Logan VanWey,1.0,1,0,0,0,2,20
824522,2026-05-08,HOU,away,681347,Mike Burrows,7.0,3,0,0,1,6,98
824607,2026-05-08,CWS,home,670950,Trevor Richards,1.0,3,3,3,0,1,22
824607,2026-05-08,CWS,home,622554,Seranthony Domínguez,1.0,0,0,0,0,2,14
824607,2026-05-08,CWS,home,680732,Sean Burke,4.333333333333333,6,6,6,2,4,74
824607,2026-05-08,CWS,home,656794,Sean Newcomb,1.6666666666666665,1,0,0,0,0,23
824607,2026-05-08,CWS,home,699823,Tyler Davis,1.0,2,3,3,1,0,23
824607,2026-05-08,SEA,away,695380,Alex Hoppe,1.0,3,2,2,0,1,22
824607,2026-05-08,SEA,away,681006,Josh Simpson,1.0,1,1,1,0,2,14
824607,2026-05-08,SEA,away,660825,Eduard Bazardo,1.0,1,0,0,0,0,13
824607,2026-05-08,SEA,away,676106,Emerson Hancock,6.0,5,5,5,3,4,94
824768,2026-05-08,BOS,home,813349,Connelly Early,7.0,4,0,0,1,8,96
824768,2026-05-08,BOS,home,676477,Garrett Whitlock,1.0,0,0,0,0,2,10
824768,2026-05-08,BOS,home,547973,Aroldis Chapman,1.0,0,0,0,0,2,18
824768,2026-05-08,TB,away,669438,Mason Englert,3.3333333333333335,3,0,0,0,3,46
824768,2026-05-08,TB,away,669947,Jesse Scholtens,4.666666666666667,2,2,2,4,4,91
824846,2026-05-08,BAL,home,680694,Kyle Bradish,7.0,5,3,3,1,10,96
824846,2026-05-08,BAL,home,694346,Trey Gibson,2.0,3,1,1,1,2,30
824846,2026-05-08,OAK,away,686993,Justin Sterner,0.6666666666666666,0,0,0,0,0,7
824846,2026-05-08,OAK,away,605130,Scott Barlow,1.0,0,0,0,0,1,14
824846,2026-05-08,OAK,away,682052,Jacob Lopez,5.333333333333333,3,2,2,2,5,91
824846,2026-05-08,OAK,away,669270,Joel Kuhnel,1.0,0,0,0,0,0,10
824846,2026-05-08,OAK,away,663687,Hogan Harris,0.3333333333333333,0,0,0,1,1,11
824846,2026-05-08,OAK,away,678022,Jack Perkins,0.6666666666666666,1,1,1,1,2,25
825088,2026-05-08,ARI,home,666661,Juan Morillo,1.3333333333333333,0,0,0,0,2,14
825088,2026-05-08,ARI,home,656464,Kevin Ginkel,0.3333333333333333,3,2,1,0,1,13
825088,2026-05-08,ARI,home,642528,Jonathan Loáisiga,0.6666666666666666,0,0,0,0,0,4
825088,2026-05-08,ARI,home,669194,Ryne Nelson,6.666666666666667,2,1,1,1,7,95
825088,2026-05-08,ARI,home,805299,Brandyn Garcia,1.0,0,0,0,0,0,6
825088,2026-05-08,NYM,away,668964,Tobias Myers,1.0,0,0,0,0,2,10
825088,2026-05-08,NYM,away,596133,Luke Weaver,1.0,1,0,0,2,1,24
825088,2026-05-08,NYM,away,642207,Devin Williams,1.0,0,0,0,0,1,8
825088,2026-05-08,NYM,away,548384,Brooks Raley,1.0,1,0,0,0,0,11
825088,2026-05-08,NYM,away,690997,Nolan McLean,6.0,3,1,1,1,6,100
822820,2026-05-09,TOR,home,667297,Tommy Nance,1.0,3,0,0,0,1,9
822820,2026-05-09,TOR,home,573009,Joe Mantiply,1.0,0,0,0,0,0,10
822820,2026-05-09,TOR,home,702056,Trey Yesavage,4.0,4,0,0,2,6,87
822820,2026-05-09,TOR,home,689254,Mason Fluharty,1.0,0,0,0,0,2,12
822820,2026-05-09,TOR,home,680755,Braydon Fisher,1.0,0,0,0,0,0,12
822820,2026-05-09,TOR,home,643511,Tyler Rogers,1.0,3,1,1,0,0,25
822820,2026-05-09,LAA,away,624428,Adam Frazier,1.0,5,4,4,1,0,29
822820,2026-05-09,LAA,away,686799,Jack Kochanowicz,4.0,9,7,6,2,0,84
822820,2026-05-09,LAA,away,815083,Mitch Farris,3.0,6,3,3,0,2,58
822905,2026-05-09,TEX,home,683004,Jack Leiter,4.666666666666667,4,0,0,5,6,97
822905,2026-05-09,TEX,home,656222,Jalen Beeks,1.3333333333333333,0,0,0,0,1,13
822905,2026-05-09,TEX,home,686560,Gavin Collyer,2.0,1,0,0,1,1,35
822905,2026-05-09,TEX,home,668390,Cole Winn,1.0,0,0,0,0,1,11
822905,2026-05-09,CHC,away,665795,Edward Cabrera,5.0,7,5,5,1,6,88
822905,2026-05-09,CHC,away,681799,Ethan Roberts,2.0,0,0,0,2,0,29
822905,2026-05-09,CHC,away,657097,Jacob Webb,1.0,2,1,1,1,1,26
823224,2026-05-09,SF,home,664141,JT Brubaker,0.6666666666666666,4,4,3,0,1,30
823224,2026-05-09,SF,home,676254,Ryan Walker,0.6666666666666666,3,2,2,1,1,26
823224,2026-05-09,SF,home,666619,Gregory Santos,1.3333333333333333,2,2,0,1,0,32
823224,2026-05-09,SF,home,621366,Ryan Borucki,0.6666666666666666,2,1,1,0,0,16
823224,2026-05-09,SF,home,683766,Christian Koss,1.0,5,3,3,0,0,19
823224,2026-05-09,SF,home,694738,Landen Roupp,4.0,3,1,1,3,8,94
823224,2026-05-09,SF,home,657424,Matt Gage,0.6666666666666666,1,0,0,0,1,15
823224,2026-05-09,PIT,away,681895,Evan Sisk,1.0,0,0,0,0,1,10
823224,2026-05-09,PIT,away,676742,Cam Sanders,1.0,1,2,2,3,0,34
823224,2026-05-09,PIT,away,677952,Braxton Ashcraft,7.0,6,1,1,0,6,80
823304,2026-05-09,SD,home,695243,Mason Miller,1.3333333333333333,0,0,0,2,4,29
823304,2026-05-09,SD,home,592094,Jason Adam,1.0,0,0,0,0,0,11
823304,2026-05-09,SD,home,669093,Jeremiah Estrada,1.0,0,0,0,0,1,15
823304,2026-05-09,SD,home,670970,Adrian Morejon,0.6666666666666666,1,1,1,0,1,14
823304,2026-05-09,SD,home,681190,Randy Vásquez,5.0,6,1,1,0,6,94
823304,2026-05-09,STL,away,694335,Matt Svanson,1.0,1,1,1,0,1,16
823304,2026-05-09,STL,away,677865,Justin Bruihl,1.0,1,0,0,0,2,15
823304,2026-05-09,STL,away,669160,Dustin May,6.0,3,3,2,2,7,97
823468,2026-05-09,PHI,home,689147,Orion Kerkering,1.0,0,0,0,0,1,14
823468,2026-05-09,PHI,home,663767,Chase Shugart,1.0,0,0,0,0,3,18
823468,2026-05-09,PHI,home,641835,Tim Mayza,0.3333333333333333,0,0,0,0,0,3
823468,2026-05-09,PHI,home,621383,Tanner Banks,2.0,0,0,0,0,3,18
823468,2026-05-09,PHI,home,605400,Aaron Nola,4.666666666666667,6,3,3,2,4,94
823468,2026-05-09,COL,away,607536,Kyle Freeland,5.0,10,7,6,0,4,87
823468,2026-05-09,COL,away,685299,Tanner Gordon,3.0,4,2,2,0,3,52
823792,2026-05-09,MIL,home,694477,Chad Patrick,3.0,2,0,0,1,5,48
823792,2026-05-09,MIL,home,690986,Kyle Harrison,4.0,4,2,2,4,6,77
823792,2026-05-09,MIL,home,676879,Aaron Ashby,2.0,1,1,0,1,3,27
823792,2026-05-09,MIL,home,669084,DL Hall,1.0,0,0,0,1,1,16
823792,2026-05-09,NYY,away,657612,Tim Hill,0.3333333333333333,0,0,0,0,0,7
823792,2026-05-09,NYY,away,687396,Brent Headrick,1.3333333333333333,1,1,1,1,1,20
823792,2026-05-09,NYY,away,518585,Fernando Cruz,0.3333333333333333,1,2,1,1,0,10
823792,2026-05-09,NYY,away,666808,Camilo Doval,0.6666666666666666,2,1,1,0,0,17
823792,2026-05-09,NYY,away,670280,David Bednar,1.0,0,0,0,0,1,12
823792,2026-05-09,NYY,away,693645,Cam Schlittler,6.0,2,0,0,0,6,97
823869,2026-05-09,MIA,home,669199,Lake Bachar,1.0,0,0,0,0,2,13
823869,2026-05-09,MIA,home,667463,John King,0.3333333333333333,0,0,0,0,0,3
823869,2026-05-09,MIA,home,656848,Michael Petersen,0.6666666666666666,4,3,3,0,0,16
823869,2026-05-09,MIA,home,676083,Janson Junk,6.0,7,4,4,2,6,94
823869,2026-05-09,MIA,home,677053,Andrew Nardi,1.0,0,0,0,0,0,9
823869,2026-05-09,WSH,away,663992,Richard Lovelady,2.0,1,0,0,1,3,30
823869,2026-05-09,WSH,away,641793,Zack Littell,4.0,5,3,2,1,0,69
823869,2026-05-09,WSH,away,680730,Mitchell Parker,1.0,5,5,5,1,1,39
823869,2026-05-09,WSH,away,687849,Zak Kent,1.0,1,0,0,0,1,14
823955,2026-05-09,LAD,home,683618,Edgardo Henriquez,1.6666666666666665,1,1,1,1,1,34
823955,2026-05-09,LAD,home,605483,Blake Snell,3.0,6,5,4,2,5,77
823955,2026-05-09,LAD,home,676263,Jack Dreyer,1.3333333333333333,1,0,0,0,0,11
823955,2026-05-09,LAD,home,801434,Paul Gervase,3.0,4,1,1,1,5,50
823955,2026-05-09,ATL,away,675911,Spencer Strider,6.0,1,0,0,2,8,91
823955,2026-05-09,ATL,away,669276,Dylan Lee,1.0,1,0,0,0,0,18
823955,2026-05-09,ATL,away,625643,Reynaldo López,2.0,4,2,2,1,1,42
824115,2026-05-09,KC,home,621381,Matt Strahm,1.0,2,1,1,0,1,18
824115,2026-05-09,KC,home,608379,Michael Wacha,7.0,2,0,0,2,6,89
824115,2026-05-09,KC,home,674444,Steven Cruz,1.0,0,0,0,0,2,15
824115,2026-05-09,DET,away,680744,Ty Madden,6.0,2,3,3,2,5,87
824115,2026-05-09,DET,away,663947,Tyler Holton,1.6666666666666665,1,0,0,0,0,13
824115,2026-05-09,DET,away,572143,Burch Smith,0.3333333333333333,3,2,2,0,0,11
824444,2026-05-09,CLE,home,670059,Colin Holderman,1.0,0,0,0,0,2,16
824444,2026-05-09,CLE,home,688883,Peyton Pallette,2.0,1,1,0,1,3,37
824444,2026-05-09,CLE,home,681870,Erik Sabrowski,1.0,0,0,0,0,2,14
824444,2026-05-09,CLE,home,683769,Hunter Gaddis,1.0,0,0,0,0,1,13
824444,2026-05-09,CLE,home,676440,Tanner Bibee,6.0,1,1,1,2,9,98
824444,2026-05-09,MIN,away,573124,Taylor Rogers,1.0,0,0,0,0,1,17
824444,2026-05-09,MIN,away,681892,Kody Funderburk,0.3333333333333333,0,0,0,2,0,10
824444,2026-05-09,MIN,away,472610,Luis García,1.0,0,0,0,0,0,13
824444,2026-05-09,MIN,away,672782,Yoendrys Gómez,0.3333333333333333,0,0,0,0,0,5
824444,2026-05-09,MIN,away,657746,Joe Ryan,6.0,2,1,1,3,5,107
824444,2026-05-09,MIN,away,679358,Eric Orze,1.6666666666666665,0,0,0,3,0,15
824444,2026-05-09,MIN,away,702193,Andrew Morris,0.6666666666666666,0,0,0,1,1,11
824523,2026-05-09,CIN,home,572955,Pierce Johnson,1.0,0,0,0,0,0,12
824523,2026-05-09,CIN,home,668933,Graham Ashcraft,1.0,0,0,0,0,2,19
824523,2026-05-09,CIN,home,656271,Brock Burke,1.0,0,0,0,0,1,8
824523,2026-05-09,CIN,home,695505,Chase Burns,6.0,4,1,1,3,2,87
824523,2026-05-09,HOU,away,650556,Bryan Abreu,0.3333333333333333,0,0,0,0,0,5
824523,2026-05-09,HOU,away,660853,Enyel De Los Santos,1.0,0,0,0,0,2,9
824523,2026-05-09,HOU,away,595345,Steven Okert,1.0,0,0,0,0,0,10
824523,2026-05-09,HOU,away,681293,Spencer Arrighetti,5.666666666666667,5,3,1,3,5,93
824606,2026-05-09,CWS,home,641743,Anthony Kay,5.0,3,1,0,2,5,88
824606,2026-05-09,CWS,home,691799,Grant Taylor,2.0,0,0,0,1,3,35
824606,2026-05-09,CWS,home,805326,Tyler Schweitzer,1.0,0,0,0,0,0,8
824606,2026-05-09,CWS,home,663542,Bryan Hudson,1.0,1,0,0,1,1,19
824606,2026-05-09,SEA,away,689546,Nick Davila,1.0,1,0,0,0,0,13
824606,2026-05-09,SEA,away,660761,José Suarez,2.0,2,1,1,2,3,42
824606,2026-05-09,SEA,away,622491,Luis Castillo,4.0,5,4,4,0,6,84
824606,2026-05-09,SEA,away,681006,Josh Simpson,1.0,1,1,1,0,1,19
824847,2026-05-09,BAL,home,642152,Lou Trivino,2.3333333333333335,2,0,0,0,3,31
824847,2026-05-09,BAL,home,669358,Shane Baz,4.666666666666667,5,5,5,3,5,100
824847,2026-05-09,BAL,home,552640,Andrew Kittredge,1.0,2,1,1,1,1,16
824847,2026-05-09,BAL,home,608650,Dietrich Enns,1.0,2,0,0,0,1,20
824847,2026-05-09,OAK,away,605130,Scott Barlow,1.0,0,0,0,1,2,16
824847,2026-05-09,OAK,away,669270,Joel Kuhnel,1.0,0,0,0,0,0,13
824847,2026-05-09,OAK,away,650644,Aaron Civale,5.0,6,0,0,3,6,97
824847,2026-05-09,OAK,away,663687,Hogan Harris,1.0,0,0,0,0,2,14
824847,2026-05-09,OAK,away,643410,Mark Leiter Jr.,1.0,3,2,2,0,1,19
825089,2026-05-09,ARI,home,518876,Merrill Kelly,7.0,3,1,1,3,6,96
825089,2026-05-09,ARI,home,623149,Paul Sewald,1.0,0,0,0,0,2,17
825089,2026-05-09,ARI,home,664199,Taylor Clarke,1.0,0,0,0,0,0,12
825089,2026-05-09,NYM,away,681810,Austin Warren,1.3333333333333333,1,0,0,0,1,17
825089,2026-05-09,NYM,away,605280,Clay Holmes,5.666666666666667,5,2,2,2,6,103
825089,2026-05-09,NYM,away,518886,Craig Kimbrel,1.0,0,0,0,2,1,19
822819,2026-05-10,TOR,home,693686,Spencer Miles,3.0,2,0,0,0,2,38
822819,2026-05-10,TOR,home,667297,Tommy Nance,1.0,0,0,0,0,0,8
822819,2026-05-10,TOR,home,641778,Eric Lauer,5.0,5,6,6,2,4,80
822819,2026-05-10,LAA,away,667755,José Soriano,7.666666666666667,5,1,1,1,7,103
822819,2026-05-10,LAA,away,696147,Sam Bachman,0.3333333333333333,0,0,0,0,0,5
822819,2026-05-10,LAA,away,666171,Ryan Zeferjahn,1.0,0,0,0,0,2,15
822902,2026-05-10,TEX,home,656641,Jacob Latz,2.0,0,0,0,0,1,20
822902,2026-05-10,TEX,home,594798,Jacob deGrom,7.0,3,0,0,0,10,94
822902,2026-05-10,CHC,away,694037,Daniel Palencia,0.6666666666666666,2,2,2,0,1,15
822902,2026-05-10,CHC,away,571948,Hoby Milner,0.6666666666666666,1,0,0,0,0,11
822902,2026-05-10,CHC,away,592791,Jameson Taillon,5.333333333333333,4,1,1,2,4,90
822902,2026-05-10,CHC,away,664208,Phil Maton,1.3333333333333333,0,0,0,0,2,13
823221,2026-05-10,SF,home,681916,Dylan Smith,0.6666666666666666,0,0,0,1,0,9
823221,2026-05-10,SF,home,641816,Tyler Mahle,5.666666666666667,5,4,4,2,8,97
823221,2026-05-10,SF,home,676775,Keaton Winn,1.0,1,0,0,0,0,7
823221,2026-05-10,SF,home,668873,Caleb Kilian,1.0,0,0,0,2,0,19
823221,2026-05-10,SF,home,621366,Ryan Borucki,2.0,0,0,0,2,1,24
823221,2026-05-10,SF,home,656529,Sam Hentges,0.3333333333333333,0,0,0,1,0,9
823221,2026-05-10,SF,home,666711,Joel Peguero,1.3333333333333333,1,2,1,1,0,30
823221,2026-05-10,PIT,away,642397,Gregory Soto,1.3333333333333333,0,0,0,0,1,15
823221,2026-05-10,PIT,away,682254,Mason Montgomery,1.6666666666666665,0,0,0,0,1,19
823221,2026-05-10,PIT,away,670990,Yohan Ramírez,2.0,1,2,1,3,2,34
823221,2026-05-10,PIT,away,676755,Isaac Mattson,0.3333333333333333,3,2,2,0,0,18
823221,2026-05-10,PIT,away,696149,Bubba Chandler,5.0,5,2,2,1,3,77
823221,2026-05-10,PIT,away,642701,Dennis Santana,0.6666666666666666,2,0,0,0,0,19
823221,2026-05-10,PIT,away,664875,Justin Lawrence,0.3333333333333333,2,1,0,1,1,14
823305,2026-05-10,SD,home,621111,Walker Buehler,6.0,3,2,2,0,2,89
823305,2026-05-10,SD,home,699134,Bradgley Rodriguez,1.0,0,0,0,0,0,5
823305,2026-05-10,SD,home,669093,Jeremiah Estrada,0.6666666666666666,0,0,0,1,2,17
823305,2026-05-10,SD,home,670970,Adrian Morejon,0.3333333333333333,0,0,0,0,0,1
823305,2026-05-10,SD,home,676760,Ron Marinaccio,2.0,0,0,0,0,3,32
823305,2026-05-10,STL,away,681517,Kyle Leahy,5.0,2,0,0,4,5,95
823305,2026-05-10,STL,away,700669,Gordon Graceffo,0.3333333333333333,0,1,0,2,0,7
823305,2026-05-10,STL,away,668941,JoJo Romero,1.3333333333333333,0,0,0,0,2,20
823305,2026-05-10,STL,away,676617,Riley O'Brien,1.0,2,2,2,0,3,31
823305,2026-05-10,STL,away,666277,George Soriano,0.6666666666666666,0,0,0,1,1,10
823305,2026-05-10,STL,away,592773,Ryne Stanek,1.0,0,0,0,0,2,10
823463,2026-05-10,PHI,home,650911,Cristopher Sánchez,7.0,6,0,0,0,7,103
823463,2026-05-10,PHI,home,661395,Jhoan Duran,1.0,0,0,0,0,2,15
823463,2026-05-10,PHI,home,680742,Jonathan Bowlan,1.0,0,0,0,0,1,9
823463,2026-05-10,COL,away,608372,Tomoyuki Sugano,5.0,7,5,5,1,2,81
823463,2026-05-10,COL,away,688642,Zach Agnos,2.0,1,0,0,0,1,28
823463,2026-05-10,COL,away,678020,Seth Halvorsen,1.0,2,1,1,1,0,22
823793,2026-05-10,MIL,home,701656,Logan Henderson,5.0,4,2,2,1,5,74
823793,2026-05-10,MIL,home,682842,Abner Uribe,1.0,0,0,0,1,1,14
823793,2026-05-10,MIL,home,676879,Aaron Ashby,1.0,1,0,0,0,3,18
823793,2026-05-10,MIL,home,669084,DL Hall,1.0,1,1,1,2,0,20
823793,2026-05-10,MIL,home,656730,Trevor Megill,1.0,0,0,0,1,1,13
823793,2026-05-10,NYY,away,621112,Paul Blackburn,0.6666666666666666,1,0,0,1,1,18
823793,2026-05-10,NYY,away,607074,Carlos Rodón,4.333333333333333,2,3,3,5,4,78
823793,2026-05-10,NYY,away,657612,Tim Hill,1.0,1,0,0,0,0,7
823793,2026-05-10,NYY,away,518585,Fernando Cruz,1.3333333333333333,1,0,0,0,3,20
823793,2026-05-10,NYY,away,656234,Jake Bird,0.6666666666666666,0,0,0,0,2,9
823793,2026-05-10,NYY,away,670280,David Bednar,0.6666666666666666,1,1,1,0,2,8
823868,2026-05-10,MIA,home,694795,Josh Ekness,0.3333333333333333,0,0,0,0,0,3
823868,2026-05-10,MIA,home,645261,Sandy Alcantara,6.0,5,2,2,2,3,89
823868,2026-05-10,MIA,home,676534,Calvin Faucher,2.0,0,0,0,1,0,25
823868,2026-05-10,MIA,home,677053,Andrew Nardi,0.6666666666666666,1,0,0,0,2,16
823868,2026-05-10,WSH,away,676571,PJ Poulin,0.3333333333333333,0,0,0,0,0,6
823868,2026-05-10,WSH,away,676917,Cade Cavalli,5.666666666666667,4,2,2,1,4,95
823868,2026-05-10,WSH,away,687377,Orlando Ribalta,1.0,0,0,0,0,1,10
823868,2026-05-10,WSH,away,681402,Gus Varland,0.3333333333333333,2,3,3,2,1,28
823868,2026-05-10,WSH,away,687606,Paxton Schultz,0.6666666666666666,0,0,0,0,1,7
823954,2026-05-10,LAD,home,670090,Wyatt Mills,0.3333333333333333,2,0,0,0,0,11
823954,2026-05-10,LAD,home,680736,Justin Wrobleski,8.666666666666666,7,7,7,1,7,100
823954,2026-05-10,ATL,away,663158,Robert Suarez,1.3333333333333333,0,0,0,1,0,30
823954,2026-05-10,ATL,away,641755,Tyler Kinley,1.0,1,2,2,1,1,19
823954,2026-05-10,ATL,away,628452,Raisel Iglesias,1.0,0,0,0,0,1,6
823954,2026-05-10,ATL,away,693821,Bryce Elder,5.666666666666667,1,0,0,4,8,83
824113,2026-05-10,KC,home,683232,Nick Mears,0.6666666666666666,2,2,2,0,1,12
824113,2026-05-10,KC,home,663738,Daniel Lynch IV,0.6666666666666666,2,1,1,1,1,24
824113,2026-05-10,KC,home,702070,Noah Cameron,4.0,4,3,3,3,4,95
824113,2026-05-10,KC,home,656638,Alex Lange,1.6666666666666665,0,0,0,1,0,17
824113,2026-05-10,KC,home,674444,Steven Cruz,1.0,1,0,0,1,2,21
824113,2026-05-10,KC,home,670167,John Schreiber,1.0,0,0,0,1,1,21
824113,2026-05-10,DET,away,676428,Brant Hurter,1.3333333333333333,0,0,0,1,1,18
824113,2026-05-10,DET,away,623454,Drew Anderson,2.0,5,3,3,0,4,39
824113,2026-05-10,DET,away,640448,Kyle Finnegan,1.6666666666666665,1,0,0,2,0,19
824113,2026-05-10,DET,away,445276,Kenley Jansen,1.0,0,0,0,0,2,12
824113,2026-05-10,DET,away,646241,Enmanuel De Jesus,2.3333333333333335,0,0,0,0,1,22
824113,2026-05-10,DET,away,669724,Brenan Hanifee,0.6666666666666666,2,0,0,0,0,10
824440,2026-05-10,CLE,home,680916,Franco Aleman,2.0,2,0,0,0,1,28
824440,2026-05-10,CLE,home,668909,Gavin Williams,6.0,10,5,5,1,6,101
824440,2026-05-10,CLE,home,682120,Tim Herrin,1.0,1,0,0,1,1,14
824440,2026-05-10,MIN,away,696070,Kendry Rojas,3.3333333333333335,5,1,1,3,5,60
824440,2026-05-10,MIN,away,607455,Anthony Banda,1.3333333333333333,0,0,0,0,2,19
824440,2026-05-10,MIN,away,701519,Travis Adams,1.3333333333333333,4,2,2,2,2,43
824440,2026-05-10,MIN,away,472610,Luis García,1.0,2,1,1,1,0,20
824440,2026-05-10,MIN,away,672782,Yoendrys Gómez,1.0,0,0,0,0,0,10
824440,2026-05-10,MIN,away,702193,Andrew Morris,1.0,0,0,0,0,0,6
824520,2026-05-10,CIN,home,622088,Tejay Antone,1.0,0,0,0,0,2,13
824520,2026-05-10,CIN,home,668933,Graham Ashcraft,1.0,0,0,0,0,2,12
824520,2026-05-10,CIN,home,594580,Sam Moll,1.0,0,0,0,0,1,17
824520,2026-05-10,CIN,home,671096,Andrew Abbott,6.0,3,0,0,1,5,85
824520,2026-05-10,HOU,away,678906,Kai-Wei Teng,3.0,5,3,3,1,1,63
824520,2026-05-10,HOU,away,805123,AJ Blubaugh,1.0,1,0,0,1,0,21
824520,2026-05-10,HOU,away,701121,Logan VanWey,1.0,0,0,0,0,1,8
824520,2026-05-10,HOU,away,675989,Cody Bolton,2.0,2,2,2,3,4,50
824520,2026-05-10,HOU,away,681151,Jayden Murray,1.0,1,0,0,0,0,11
824605,2026-05-10,CWS,home,663436,Davis Martin,6.0,3,1,1,2,9,105
824605,2026-05-10,CWS,home,622554,Seranthony Domínguez,1.0,2,0,0,1,1,23
824605,2026-05-10,CWS,home,663542,Bryan Hudson,1.0,1,0,0,0,1,9
824605,2026-05-10,CWS,home,656794,Sean Newcomb,1.0,1,0,0,0,1,15
824605,2026-05-10,SEA,away,678606,José A. Ferrer,1.0,2,0,0,0,0,25
824605,2026-05-10,SEA,away,669302,Logan Gilbert,6.0,1,0,0,0,9,87
824605,2026-05-10,SEA,away,660825,Eduard Bazardo,1.0,2,2,2,1,1,15
824765,2026-05-10,BOS,home,669711,Greg Weissert,0.6666666666666666,0,0,0,1,0,10
824765,2026-05-10,BOS,home,677161,Zack Kelly,0.3333333333333333,1,1,1,1,0,16
824765,2026-05-10,BOS,home,686580,Justin Slaten,1.0,0,0,0,0,1,15
824765,2026-05-10,BOS,home,701719,Tyler Samaniego,0.6666666666666666,0,0,0,0,0,5
824765,2026-05-10,BOS,home,801139,Payton Tolle,5.0,6,3,1,0,4,81
824765,2026-05-10,BOS,home,663558,Jovani Morán,1.3333333333333333,0,0,0,1,0,16
824765,2026-05-10,TB,away,607259,Nick Martinez,5.666666666666667,7,1,1,0,3,80
824765,2026-05-10,TB,away,664076,Garrett Cleavinger,1.0,0,0,0,0,3,25
824765,2026-05-10,TB,away,687330,Kevin Kelly,1.3333333333333333,0,0,0,0,1,20
824765,2026-05-10,TB,away,641329,Bryan Baker,1.0,1,0,0,1,1,15
824845,2026-05-10,BAL,home,669211,Keegan Akin,1.0,0,0,0,0,2,13
824845,2026-05-10,BAL,home,670329,Rico Garcia,1.0,0,0,0,1,1,17
824845,2026-05-10,BAL,home,605135,Chris Bassitt,6.0,4,1,1,1,6,94
824845,2026-05-10,BAL,home,689296,Anthony Nunez,1.0,0,0,0,2,1,23
824845,2026-05-10,OAK,away,622663,Luis Severino,5.333333333333333,6,2,2,4,4,102
824845,2026-05-10,OAK,away,686993,Justin Sterner,0.6666666666666666,0,0,0,1,2,12
824845,2026-05-10,OAK,away,665622,Luis Medina,2.0,0,0,0,0,4,23
825085,2026-05-10,ARI,home,593958,Eduardo Rodriguez,8.333333333333334,4,1,1,3,4,100
825085,2026-05-10,ARI,home,666661,Juan Morillo,0.6666666666666666,0,0,0,1,0,9
825085,2026-05-10,NYM,away,640455,Sean Manaea,1.0,0,0,0,1,2,20
825085,2026-05-10,NYM,away,668964,Tobias Myers,1.0,1,0,0,0,2,12
825085,2026-05-10,NYM,away,623211,Huascar Brazobán,1.0,0,2,2,3,0,30
825085,2026-05-10,NYM,away,656849,David Peterson,5.0,4,3,0,0,3,77
822818,2026-05-11,TOR,home,573009,Joe Mantiply,1.3333333333333333,0,0,0,0,0,16
822818,2026-05-11,TOR,home,592332,Kevin Gausman,4.666666666666667,10,7,6,0,5,100
822818,2026-05-11,TOR,home,689254,Mason Fluharty,1.0,1,0,0,0,0,18
822818,2026-05-11,TOR,home,684320,Yariel Rodríguez,1.0,0,0,0,1,2,11
822818,2026-05-11,TOR,home,680755,Braydon Fisher,1.0,1,1,1,0,0,19
822818,2026-05-11,TB,away,693855,Ian Seymour,0.3333333333333333,2,2,2,1,1,23
822818,2026-05-11,TB,away,685801,Hunter Bigge,1.6666666666666665,0,0,0,0,1,15
822818,2026-05-11,TB,away,641329,Bryan Baker,1.0,0,0,0,0,2,11
822818,2026-05-11,TB,away,656876,Drew Rasmussen,6.0,4,3,3,1,6,100
822901,2026-05-11,TEX,home,682608,Peyton Gray,2.6666666666666665,1,0,0,0,2,29
822901,2026-05-11,TEX,home,641302,Tyler Alexander,1.6666666666666665,0,0,0,0,2,17
822901,2026-05-11,TEX,home,656222,Jalen Beeks,1.0,1,0,0,1,1,15
822901,2026-05-11,TEX,home,596001,Jakob Junis,2.6666666666666665,2,1,1,0,2,31
822901,2026-05-11,TEX,home,668390,Cole Winn,1.0,2,0,0,1,1,17
822901,2026-05-11,ARI,away,623149,Paul Sewald,1.0,0,0,0,0,1,15
822901,2026-05-11,ARI,away,647336,Michael Soroka,6.333333333333333,3,0,0,1,5,89
822901,2026-05-11,ARI,away,664199,Taylor Clarke,1.0,1,0,0,0,0,11
822901,2026-05-11,ARI,away,805299,Brandyn Garcia,0.6666666666666666,0,0,0,0,1,7
823953,2026-05-11,LAD,home,681911,Alex Vesia,0.3333333333333333,3,3,3,1,1,23
823953,2026-05-11,LAD,home,670090,Wyatt Mills,1.0,1,3,3,4,0,37
823953,2026-05-11,LAD,home,694361,Will Klein,0.6666666666666666,1,0,0,0,1,8
823953,2026-05-11,LAD,home,676263,Jack Dreyer,1.0,1,0,0,0,0,15
823953,2026-05-11,LAD,home,595014,Blake Treinen,1.0,0,0,0,0,0,9
823953,2026-05-11,LAD,home,808963,Roki Sasaki,5.0,6,3,3,1,5,91
823953,2026-05-11,SF,away,664141,JT Brubaker,1.0,0,0,0,0,1,12
823953,2026-05-11,SF,away,686790,Trevor McDonald,5.333333333333333,9,3,3,2,4,101
823953,2026-05-11,SF,away,676775,Keaton Winn,1.0,1,0,0,0,1,14
823953,2026-05-11,SF,away,657424,Matt Gage,1.6666666666666665,0,0,0,0,1,21
824199,2026-05-11,HOU,home,595345,Steven Okert,1.0,0,0,0,0,1,12
824199,2026-05-11,HOU,home,663567,Peter Lambert,7.0,6,3,3,1,6,96
824199,2026-05-11,HOU,home,687911,Bryan King,1.0,1,0,0,0,0,15
824199,2026-05-11,SEA,away,689546,Nick Davila,1.0,1,0,0,0,1,14
824199,2026-05-11,SEA,away,681867,Cooper Criswell,1.0,0,0,0,0,1,13
824199,2026-05-11,SEA,away,669923,George Kirby,5.0,7,1,1,2,7,99
824199,2026-05-11,SEA,away,662253,Andrés Muñoz,1.0,1,0,0,0,1,14
824199,2026-05-11,SEA,away,660825,Eduard Bazardo,1.0,0,0,0,1,3,17
824441,2026-05-11,CLE,home,670036,Matt Festa,1.0,1,0,0,1,1,28
824441,2026-05-11,CLE,home,670059,Colin Holderman,1.0,1,1,1,1,3,32
824441,2026-05-11,CLE,home,688883,Peyton Pallette,1.0,2,1,1,0,1,17
824441,2026-05-11,CLE,home,676282,Joey Cantillo,6.0,5,0,0,1,4,93
824441,2026-05-11,LAA,away,666201,Alek Manoah,5.0,2,0,0,5,2,91
824441,2026-05-11,LAA,away,820862,José Fermin,0.6666666666666666,1,3,3,3,0,26
824441,2026-05-11,LAA,away,489446,Kirby Yates,0.6666666666666666,2,2,2,1,1,22
824441,2026-05-11,LAA,away,608718,Brent Suter,1.6666666666666665,2,2,2,1,1,37
824844,2026-05-11,BAL,home,670329,Rico Garcia,1.0,0,0,0,0,2,9
824844,2026-05-11,BAL,home,687064,Brandon Young,5.333333333333333,3,2,2,3,5,97
824844,2026-05-11,BAL,home,689296,Anthony Nunez,1.0,1,0,0,0,1,11
824844,2026-05-11,BAL,home,608650,Dietrich Enns,1.6666666666666665,1,0,0,0,1,21
824844,2026-05-11,NYY,away,677960,Ryan Weathers,6.333333333333333,1,2,2,3,9,101
824844,2026-05-11,NYY,away,687396,Brent Headrick,0.6666666666666666,2,1,1,0,1,12
824844,2026-05-11,NYY,away,666808,Camilo Doval,1.0,0,0,0,0,1,17
822817,2026-05-12,TOR,home,667297,Tommy Nance,1.6666666666666665,0,1,1,2,3,32
822817,2026-05-12,TOR,home,686973,Louis Varland,1.0,1,0,0,1,1,27
822817,2026-05-12,TOR,home,656546,Jeff Hoffman,1.0,2,1,1,0,2,27
822817,2026-05-12,TOR,home,680755,Braydon Fisher,1.0,1,2,1,1,0,24
822817,2026-05-12,TOR,home,643511,Tyler Rogers,1.0,0,0,0,1,1,16
822817,2026-05-12,TOR,home,571578,Patrick Corbin,4.333333333333333,9,3,3,1,1,86
822817,2026-05-12,TB,away,663556,Shane McClanahan,5.0,1,0,0,1,7,80
822817,2026-05-12,TB,away,668984,Casey Legumina,1.6666666666666665,3,2,2,0,2,32
822817,2026-05-12,TB,away,693855,Ian Seymour,1.3333333333333333,0,0,0,0,2,11
822817,2026-05-12,TB,away,642121,Cole Sulser,0.0,2,3,3,1,0,13
822817,2026-05-12,TB,away,664076,Garrett Cleavinger,1.0,0,1,0,1,0,12
822817,2026-05-12,TB,away,687330,Kevin Kelly,1.0,1,0,0,0,1,18
822903,2026-05-12,TEX,home,656641,Jacob Latz,1.0,0,0,0,0,0,12
822903,2026-05-12,TEX,home,669022,MacKenzie Gore,8.0,3,1,1,1,5,95
822903,2026-05-12,TEX,home,686560,Gavin Collyer,0.0,1,3,3,3,0,20
822903,2026-05-12,ARI,away,694297,Brandon Pfaadt,3.0,2,0,0,0,5,39
822903,2026-05-12,ARI,away,668678,Zac Gallen,4.666666666666667,6,7,4,2,4,95
822903,2026-05-12,ARI,away,657044,Ryan Thompson,0.3333333333333333,2,0,0,0,1,14
823385,2026-05-12,PIT,home,694973,Paul Skenes,8.0,2,0,0,0,10,98
823385,2026-05-12,PIT,home,642397,Gregory Soto,1.0,2,1,1,0,0,24
823385,2026-05-12,COL,away,680767,Victor Vodnik,0.6666666666666666,3,1,1,1,0,26
823385,2026-05-12,COL,away,623474,Jimmy Herget,1.0,1,0,0,1,1,22
823385,2026-05-12,COL,away,547179,Michael Lorenzen,5.0,5,2,2,2,5,85
823385,2026-05-12,COL,away,678020,Seth Halvorsen,1.0,0,0,0,0,1,12
823385,2026-05-12,COL,away,677955,Jaden Hill,0.3333333333333333,0,0,0,0,0,2
823632,2026-05-12,NYM,home,681810,Austin Warren,2.0,1,0,0,2,3,41
823632,2026-05-12,NYM,home,642547,Freddy Peralta,6.0,7,2,2,1,7,100
823632,2026-05-12,NYM,home,548384,Brooks Raley,1.0,2,0,0,0,1,18
823632,2026-05-12,DET,away,663947,Tyler Holton,1.3333333333333333,0,0,0,0,3,19
823632,2026-05-12,DET,away,572143,Burch Smith,0.3333333333333333,1,3,1,2,1,28
823632,2026-05-12,DET,away,656427,Jack Flaherty,3.6666666666666665,6,3,3,3,2,97
823632,2026-05-12,DET,away,668670,Jake Rogers,0.3333333333333333,0,0,0,0,0,6
823632,2026-05-12,DET,away,646241,Enmanuel De Jesus,1.3333333333333333,2,2,2,0,1,14
823632,2026-05-12,DET,away,676568,Ricky Vanasco,1.0,4,2,1,1,1,38
823712,2026-05-12,MIN,home,641927,Bailey Ober,9.0,2,0,0,0,7,89
823712,2026-05-12,MIA,away,694795,Josh Ekness,1.0,0,0,0,3,1,31
823712,2026-05-12,MIA,away,669199,Lake Bachar,1.0,1,0,0,0,1,14
823712,2026-05-12,MIA,away,691587,Eury Pérez,6.0,3,3,3,3,8,87
823790,2026-05-12,MIL,home,694477,Chad Patrick,1.0,0,0,0,0,1,7
823790,2026-05-12,MIL,home,682842,Abner Uribe,1.0,0,0,0,1,1,18
823790,2026-05-12,MIL,home,675660,Shane Drohan,0.6666666666666666,0,0,0,0,2,14
823790,2026-05-12,MIL,home,687075,Brandon Sproat,5.333333333333333,6,3,3,2,6,85
823790,2026-05-12,MIL,home,656730,Trevor Megill,1.0,2,1,1,0,3,18
823790,2026-05-12,SD,away,673513,Yuki Matsui,2.0,1,0,0,0,3,25
823790,2026-05-12,SD,away,593974,Wandy Peralta,2.3333333333333335,2,0,0,0,2,34
823790,2026-05-12,SD,away,699134,Bradgley Rodriguez,1.0,0,0,0,0,1,11
823790,2026-05-12,SD,away,663362,Matt Waldron,2.6666666666666665,8,6,6,2,3,59
823951,2026-05-12,LAD,home,683618,Edgardo Henriquez,1.0,1,0,0,0,1,14
823951,2026-05-12,LAD,home,676263,Jack Dreyer,1.0,1,0,0,0,2,18
823951,2026-05-12,LAD,home,595014,Blake Treinen,0.6666666666666666,2,1,1,1,0,13
823951,2026-05-12,LAD,home,808967,Yoshinobu Yamamoto,6.333333333333333,6,5,5,0,8,93
823951,2026-05-12,SF,away,668873,Caleb Kilian,1.3333333333333333,0,0,0,0,1,17
823951,2026-05-12,SF,away,656529,Sam Hentges,1.0,1,0,0,2,2,32
823951,2026-05-12,SF,away,666711,Joel Peguero,0.6666666666666666,0,0,0,0,0,8
823951,2026-05-12,SF,away,605288,Adrian Houser,5.666666666666667,3,2,2,3,4,91
823951,2026-05-12,SF,away,657424,Matt Gage,0.3333333333333333,0,0,0,0,1,6
824197,2026-05-12,HOU,home,805123,AJ Blubaugh,2.0,2,2,2,3,1,46
824197,2026-05-12,HOU,home,837227,Tatsuya Imai,4.0,5,6,6,3,3,80
824197,2026-05-12,HOU,home,681151,Jayden Murray,3.0,4,2,2,0,0,49
824197,2026-05-12,SEA,away,695380,Alex Hoppe,2.0,0,0,0,0,2,23
824197,2026-05-12,SEA,away,682445,Domingo Gonzalez,1.0,1,0,0,1,1,16
824197,2026-05-12,SEA,away,693433,Bryan Woo,6.0,4,2,2,2,9,104
824442,2026-05-12,CLE,home,677944,Slade Cecconi,4.0,5,0,0,1,7,89
824442,2026-05-12,CLE,home,680916,Franco Aleman,0.6666666666666666,1,1,1,1,0,24
824442,2026-05-12,CLE,home,671922,Cade Smith,1.3333333333333333,0,0,0,0,2,18
824442,2026-05-12,CLE,home,681870,Erik Sabrowski,1.0,0,0,0,2,3,23
824442,2026-05-12,CLE,home,683769,Hunter Gaddis,1.3333333333333333,1,0,0,0,0,18
824442,2026-05-12,CLE,home,682120,Tim Herrin,0.6666666666666666,1,1,1,0,1,12
824442,2026-05-12,LAA,away,681217,Chase Silseth,1.0,0,0,0,2,0,22
824442,2026-05-12,LAA,away,519141,Drew Pomeranz,1.0,1,1,0,1,0,21
824442,2026-05-12,LAA,away,820862,José Fermin,1.0,0,0,0,0,0,8
824442,2026-05-12,LAA,away,700712,Walbert Ureña,5.0,3,2,2,1,4,91
824521,2026-05-12,CIN,home,572955,Pierce Johnson,1.0,1,1,1,1,0,25
824521,2026-05-12,CIN,home,682825,Luis Mey,2.0,2,1,1,1,5,30
824521,2026-05-12,CIN,home,663574,Tony Santillan,0.3333333333333333,1,1,1,0,1,7
824521,2026-05-12,CIN,home,663903,Brady Singer,3.6666666666666665,6,3,3,1,2,75
824521,2026-05-12,CIN,home,683175,Connor Phillips,1.6666666666666665,1,1,1,1,2,32
824521,2026-05-12,CIN,home,594580,Sam Moll,0.3333333333333333,2,3,3,1,0,13
824521,2026-05-12,WSH,away,571945,Miles Mikolas,3.3333333333333335,3,2,1,2,2,71
824521,2026-05-12,WSH,away,695418,Brad Lord,2.6666666666666665,2,0,0,0,3,36
824521,2026-05-12,WSH,away,687606,Paxton Schultz,2.0,2,0,0,1,3,35
824521,2026-05-12,WSH,away,687849,Zak Kent,1.0,3,2,2,0,2,20
824604,2026-05-12,CWS,home,691799,Grant Taylor,1.6666666666666665,3,0,0,0,3,28
824604,2026-05-12,CWS,home,805326,Tyler Schweitzer,0.3333333333333333,2,3,3,1,0,21
824604,2026-05-12,CWS,home,622554,Seranthony Domínguez,1.0,0,0,0,0,0,10
824604,2026-05-12,CWS,home,663542,Bryan Hudson,1.0,0,0,0,0,0,7
824604,2026-05-12,CWS,home,607200,Erick Fedde,5.0,6,2,2,1,2,80
824604,2026-05-12,KC,away,679883,Luinder Avila,1.3333333333333333,0,0,0,1,2,27
824604,2026-05-12,KC,away,621381,Matt Strahm,1.0,1,1,1,0,1,14
824604,2026-05-12,KC,away,663568,Stephen Kolek,4.666666666666667,5,5,5,3,6,94
824604,2026-05-12,KC,away,663738,Daniel Lynch IV,1.0,1,0,0,0,2,13
824764,2026-05-12,BOS,home,677161,Zack Kelly,1.0,0,0,0,0,1,11
824764,2026-05-12,BOS,home,678394,Brayan Bello,6.333333333333333,4,1,1,1,5,88
824764,2026-05-12,BOS,home,701719,Tyler Samaniego,0.6666666666666666,0,0,0,1,1,16
824764,2026-05-12,BOS,home,663558,Jovani Morán,1.0,1,1,1,0,2,21
824764,2026-05-12,PHI,away,621237,José Alvarado,0.6666666666666666,0,0,0,0,1,6
824764,2026-05-12,PHI,away,554430,Zack Wheeler,7.333333333333333,6,1,1,0,4,87
824764,2026-05-12,PHI,away,661395,Jhoan Duran,1.0,1,0,0,1,2,21
824843,2026-05-12,BAL,home,669432,Trevor Rogers,4.0,6,6,6,3,3,73
824843,2026-05-12,BAL,home,669330,Tyler Wells,1.0,1,0,0,2,1,23
824843,2026-05-12,BAL,home,677020,Josh Walker,2.0,1,0,0,1,3,30
824843,2026-05-12,BAL,home,552640,Andrew Kittredge,1.0,0,0,0,0,0,12
824843,2026-05-12,BAL,home,666974,Yennier Cano,1.0,1,0,0,0,0,10
824843,2026-05-12,NYY,away,657612,Tim Hill,0.6666666666666666,0,0,0,0,0,8
824843,2026-05-12,NYY,away,701542,Will Warren,5.666666666666667,4,2,2,1,6,96
824843,2026-05-12,NYY,away,518585,Fernando Cruz,1.3333333333333333,0,0,0,0,1,11
824843,2026-05-12,NYY,away,656234,Jake Bird,0.3333333333333333,2,0,0,0,0,10
824843,2026-05-12,NYY,away,670280,David Bednar,1.0,0,0,0,0,1,14
824927,2026-05-12,ATL,home,669276,Dylan Lee,1.0,0,0,0,0,0,12
824927,2026-05-12,ATL,home,800311,Didier Fuentes,3.0,0,0,0,1,3,36
824927,2026-05-12,ATL,home,628452,Raisel Iglesias,1.0,0,0,0,0,1,13
824927,2026-05-12,ATL,home,656550,Grant Holmes,4.0,1,2,2,4,5,78
824927,2026-05-12,CHC,away,657097,Jacob Webb,1.0,0,0,0,0,1,13
824927,2026-05-12,CHC,away,669020,Ryan Rolison,1.6666666666666665,2,0,0,1,2,26
824927,2026-05-12,CHC,away,663423,Trent Thornton,1.0,2,0,0,0,1,16
824927,2026-05-12,CHC,away,607067,Colin Rea,4.333333333333333,7,5,5,1,1,80
825011,2026-05-12,OAK,home,621139,Brooks Kriske,1.6666666666666665,0,0,0,1,1,24
825011,2026-05-12,OAK,home,605130,Scott Barlow,0.6666666666666666,1,0,0,0,1,18
825011,2026-05-12,OAK,home,669270,Joel Kuhnel,0.6666666666666666,3,2,2,0,1,21
825011,2026-05-12,OAK,home,643410,Mark Leiter Jr.,1.0,0,0,0,0,1,12
825011,2026-05-12,OAK,home,605488,Jeffrey Springs,5.0,7,4,4,3,5,98
825011,2026-05-12,STL,away,668941,JoJo Romero,1.0,0,0,0,0,2,15
825011,2026-05-12,STL,away,676617,Riley O'Brien,1.0,0,0,0,1,0,13
825011,2026-05-12,STL,away,669467,Andre Pallante,5.0,4,3,3,3,4,85
825011,2026-05-12,STL,away,666277,George Soriano,1.0,2,1,1,0,0,18
825011,2026-05-12,STL,away,592773,Ryne Stanek,1.0,0,0,0,1,1,17
822815,2026-05-13,TOR,home,686973,Louis Varland,1.0,2,0,0,1,2,23
822815,2026-05-13,TOR,home,656546,Jeff Hoffman,1.0,2,2,1,0,0,18
822815,2026-05-13,TOR,home,656302,Dylan Cease,7.0,3,1,1,3,9,99
822815,2026-05-13,TOR,home,689254,Mason Fluharty,0.3333333333333333,0,0,0,0,0,2
822815,2026-05-13,TOR,home,643511,Tyler Rogers,0.6666666666666666,1,0,0,1,1,14
822815,2026-05-13,TB,away,605156,Aaron Brooks,0.3333333333333333,1,4,3,2,0,17
822815,2026-05-13,TB,away,642121,Cole Sulser,1.3333333333333333,0,0,0,0,0,21
822815,2026-05-13,TB,away,664076,Garrett Cleavinger,0.3333333333333333,1,0,0,0,1,6
822815,2026-05-13,TB,away,687330,Kevin Kelly,0.6666666666666666,0,0,0,0,0,2
822815,2026-05-13,TB,away,643377,Griffin Jax,5.0,4,0,0,4,1,66
822815,2026-05-13,TB,away,685801,Hunter Bigge,1.0,0,0,0,0,0,16
822815,2026-05-13,TB,away,641329,Bryan Baker,0.6666666666666666,0,1,1,4,1,27
822900,2026-05-13,TEX,home,677958,Kumar Rocker,5.0,3,0,0,4,3,97
822900,2026-05-13,TEX,home,682608,Peyton Gray,0.6666666666666666,0,0,0,0,0,11
822900,2026-05-13,TEX,home,641302,Tyler Alexander,1.0,0,0,0,1,1,21
822900,2026-05-13,TEX,home,656641,Jacob Latz,0.0,3,3,3,1,0,22
822900,2026-05-13,TEX,home,656222,Jalen Beeks,0.3333333333333333,1,1,1,2,0,23
822900,2026-05-13,TEX,home,615698,Cal Quantrill,1.0,1,0,0,0,1,16
822900,2026-05-13,TEX,home,668390,Cole Winn,1.0,2,1,1,0,1,9
822900,2026-05-13,ARI,away,666661,Juan Morillo,0.0,1,0,0,0,0,1
822900,2026-05-13,ARI,away,656464,Kevin Ginkel,1.0,0,0,0,0,1,14
822900,2026-05-13,ARI,away,669194,Ryne Nelson,7.0,4,3,3,0,8,88
822900,2026-05-13,ARI,away,623149,Paul Sewald,0.6666666666666666,3,3,3,1,1,20
823386,2026-05-13,PIT,home,681895,Evan Sisk,1.3333333333333333,0,0,0,0,2,17
823386,2026-05-13,PIT,home,656605,Mitch Keller,5.666666666666667,7,6,6,1,3,80
823386,2026-05-13,PIT,home,664875,Justin Lawrence,1.0,2,3,0,1,0,22
823386,2026-05-13,PIT,home,684049,Brandan Bidois,1.0,2,1,1,0,0,14
823386,2026-05-13,COL,away,500779,Jose Quintana,4.0,5,3,2,3,2,73
823386,2026-05-13,COL,away,657514,Brennan Bernardino,1.0,0,0,0,0,0,9
823386,2026-05-13,COL,away,622608,Antonio Senzatela,3.0,1,1,1,0,2,26
823386,2026-05-13,COL,away,677955,Jaden Hill,1.0,0,0,0,0,1,12
823631,2026-05-13,NYM,home,623211,Huascar Brazobán,2.3333333333333335,0,0,0,0,2,25
823631,2026-05-13,NYM,home,596133,Luke Weaver,1.0,1,0,0,1,1,23
823631,2026-05-13,NYM,home,642207,Devin Williams,1.0,0,0,0,1,1,13
823631,2026-05-13,NYM,home,681035,Christian Scott,4.666666666666667,7,2,2,2,5,89
823631,2026-05-13,NYM,home,548384,Brooks Raley,1.0,0,0,0,1,1,17
823631,2026-05-13,DET,away,664285,Framber Valdez,6.666666666666667,5,2,2,2,7,106
823631,2026-05-13,DET,away,623454,Drew Anderson,0.3333333333333333,1,1,0,0,1,8
823631,2026-05-13,DET,away,640448,Kyle Finnegan,1.3333333333333333,1,0,0,0,1,16
823631,2026-05-13,DET,away,445276,Kenley Jansen,1.0,0,0,0,0,3,14
823710,2026-05-13,MIN,home,623437,Justin Topa,1.6666666666666665,1,0,0,1,2,35
823710,2026-05-13,MIN,home,680573,Simeon Woods Richardson,3.0,7,8,6,4,1,88
823710,2026-05-13,MIN,home,701519,Travis Adams,2.3333333333333335,2,1,1,0,3,29
823710,2026-05-13,MIN,home,472610,Luis García,2.0,1,0,0,0,1,18
823710,2026-05-13,MIA,away,694795,Josh Ekness,1.0,0,0,0,1,2,18
823710,2026-05-13,MIA,away,663969,Tyler Phillips,1.3333333333333333,0,0,0,0,1,14
823710,2026-05-13,MIA,away,676974,Max Meyer,5.666666666666667,7,4,4,2,9,96
823710,2026-05-13,MIA,away,667463,John King,1.0,1,1,1,0,1,13
823791,2026-05-13,MIL,home,682842,Abner Uribe,1.0,2,3,3,1,1,19
823791,2026-05-13,MIL,home,676879,Aaron Ashby,1.0,0,0,0,0,2,14
823791,2026-05-13,MIL,home,694819,Jacob Misiorowski,7.0,4,0,0,0,10,93
823791,2026-05-13,SD,away,650633,Michael King,5.666666666666667,6,1,1,2,5,99
823791,2026-05-13,SD,away,695243,Mason Miller,1.0,1,0,0,0,2,20
823791,2026-05-13,SD,away,592094,Jason Adam,1.0,1,0,0,0,0,13
823791,2026-05-13,SD,away,669093,Jeremiah Estrada,1.3333333333333333,1,0,0,0,0,15
823952,2026-05-13,LAD,home,656945,Tanner Scott,1.0,1,0,0,0,0,14
823952,2026-05-13,LAD,home,669165,Kyle Hurt,1.0,1,0,0,0,2,15
823952,2026-05-13,LAD,home,660271,Shohei Ohtani,7.0,4,0,0,2,8,105
823952,2026-05-13,SF,away,666711,Joel Peguero,1.3333333333333333,0,0,0,1,0,12
823952,2026-05-13,SF,away,663941,Tristan Beck,2.0,2,0,0,0,0,36
823952,2026-05-13,SF,away,592662,Robbie Ray,4.666666666666667,7,4,3,2,2,95
824195,2026-05-13,HOU,home,650556,Bryan Abreu,1.0,0,0,0,1,1,17
824195,2026-05-13,HOU,home,660853,Enyel De Los Santos,1.3333333333333333,0,0,0,0,2,12
824195,2026-05-13,HOU,home,595345,Steven Okert,1.3333333333333333,0,0,0,0,2,18
824195,2026-05-13,HOU,home,621121,Lance McCullers Jr.,5.333333333333333,7,2,2,2,6,90
824195,2026-05-13,HOU,home,687911,Bryan King,1.0,1,1,1,3,0,34
824195,2026-05-13,SEA,away,689546,Nick Davila,1.0,0,0,0,0,0,11
824195,2026-05-13,SEA,away,695380,Alex Hoppe,0.0,1,1,0,0,0,6
824195,2026-05-13,SEA,away,681867,Cooper Criswell,0.6666666666666666,1,0,0,1,0,17
824195,2026-05-13,SEA,away,662253,Andrés Muñoz,1.0,1,0,0,0,3,14
824195,2026-05-13,SEA,away,681006,Josh Simpson,0.3333333333333333,0,0,0,1,0,7
824195,2026-05-13,SEA,away,682243,Bryce Miller,5.333333333333333,8,2,2,1,3,81
824195,2026-05-13,SEA,away,660825,Eduard Bazardo,0.6666666666666666,1,1,0,0,0,14
824438,2026-05-13,CLE,home,670036,Matt Festa,0.3333333333333333,0,0,0,0,0,4
824438,2026-05-13,CLE,home,671922,Cade Smith,1.0,0,0,0,0,3,14
824438,2026-05-13,CLE,home,800048,Parker Messick,6.666666666666667,4,2,2,3,7,104
824438,2026-05-13,CLE,home,681870,Erik Sabrowski,1.0,0,0,0,1,3,22
824438,2026-05-13,LAA,away,696147,Sam Bachman,1.3333333333333333,0,0,0,0,1,20
824438,2026-05-13,LAA,away,666171,Ryan Zeferjahn,1.0,1,0,0,0,2,19
824438,2026-05-13,LAA,away,672282,Reid Detmers,5.666666666666667,5,4,2,2,6,102
824519,2026-05-13,CIN,home,622088,Tejay Antone,2.0,2,1,1,0,2,28
824519,2026-05-13,CIN,home,663574,Tony Santillan,1.0,1,2,1,0,0,18
824519,2026-05-13,CIN,home,668933,Graham Ashcraft,1.0,0,0,0,1,1,15
824519,2026-05-13,CIN,home,666157,Nick Lodolo,4.0,6,5,5,3,6,87
824519,2026-05-13,CIN,home,656271,Brock Burke,2.0,1,0,0,0,1,19
824519,2026-05-13,WSH,away,663992,Richard Lovelady,1.0,1,0,0,1,0,17
824519,2026-05-13,WSH,away,676571,PJ Poulin,1.0,1,1,0,1,1,26
824519,2026-05-13,WSH,away,663623,Jake Irvin,3.0,4,6,5,4,4,86
824519,2026-05-13,WSH,away,687377,Orlando Ribalta,1.0,0,0,0,0,1,6
824519,2026-05-13,WSH,away,681402,Gus Varland,1.0,1,0,0,0,0,11
824519,2026-05-13,WSH,away,680730,Mitchell Parker,3.0,0,0,0,1,2,44
824603,2026-05-13,CWS,home,622554,Seranthony Domínguez,1.0,2,2,2,0,1,14
824603,2026-05-13,CWS,home,702273,Noah Schultz,4.333333333333333,2,3,3,5,3,76
824603,2026-05-13,CWS,home,656794,Sean Newcomb,1.0,0,0,0,0,1,14
824603,2026-05-13,CWS,home,663855,Jordan Hicks,1.0,1,0,0,0,3,21
824603,2026-05-13,CWS,home,699823,Tyler Davis,1.6666666666666665,0,0,0,1,2,23
824603,2026-05-13,KC,away,607625,Seth Lugo,5.0,8,5,5,2,4,92
824603,2026-05-13,KC,away,656638,Alex Lange,1.0,0,0,0,0,1,13
824603,2026-05-13,KC,away,674444,Steven Cruz,1.0,0,0,0,1,2,22
824603,2026-05-13,KC,away,670167,John Schreiber,1.0,2,1,1,1,1,18
824763,2026-05-13,BOS,home,676477,Garrett Whitlock,1.0,0,0,0,0,1,11
824763,2026-05-13,BOS,home,543243,Sonny Gray,6.0,2,1,1,1,6,78
824763,2026-05-13,BOS,home,686580,Justin Slaten,1.0,1,0,0,0,0,14
824763,2026-05-13,BOS,home,547973,Aroldis Chapman,1.0,0,0,0,2,3,22
824763,2026-05-13,PHI,away,689147,Orion Kerkering,0.3333333333333333,2,1,1,0,0,11
824763,2026-05-13,PHI,away,641835,Tim Mayza,1.0,1,0,0,0,0,10
824763,2026-05-13,PHI,away,621383,Tanner Banks,0.6666666666666666,1,1,1,0,1,12
824763,2026-05-13,PHI,away,641745,Brad Keller,1.0,0,0,0,0,3,17
824763,2026-05-13,PHI,away,691725,Andrew Painter,5.0,4,1,1,0,4,62
824841,2026-05-13,BAL,home,669211,Keegan Akin,1.0,0,0,0,0,0,16
824841,2026-05-13,BAL,home,680694,Kyle Bradish,6.0,1,0,0,3,7,100
824841,2026-05-13,BAL,home,666974,Yennier Cano,1.0,0,0,0,1,0,10
824841,2026-05-13,BAL,home,608650,Dietrich Enns,1.0,0,0,0,1,0,18
824841,2026-05-13,NYY,away,621112,Paul Blackburn,2.0,2,3,3,2,1,36
824841,2026-05-13,NYY,away,642232,Ryan Yarbrough,3.0,3,1,1,0,4,55
824841,2026-05-13,NYY,away,608331,Max Fried,3.0,5,3,3,1,2,61
824928,2026-05-13,ATL,home,669276,Dylan Lee,1.0,0,0,0,0,2,10
824928,2026-05-13,ATL,home,663158,Robert Suarez,1.0,1,0,0,1,2,21
824928,2026-05-13,ATL,home,702275,JR Ritchie,4.333333333333333,2,1,1,3,4,87
824928,2026-05-13,ATL,home,641755,Tyler Kinley,0.6666666666666666,1,0,0,0,0,9
824928,2026-05-13,ATL,home,628452,Raisel Iglesias,1.0,0,0,0,1,0,8
824928,2026-05-13,ATL,home,527048,Martín Pérez,1.0,0,0,0,0,2,12
824928,2026-05-13,CHC,away,684007,Shota Imanaga,7.0,5,2,2,0,6,96
824928,2026-05-13,CHC,away,664208,Phil Maton,1.0,3,2,2,0,1,17
825010,2026-05-13,OAK,home,669372,J.T. Ginn,6.0,9,1,0,1,3,95
825010,2026-05-13,OAK,home,686993,Justin Sterner,0.6666666666666666,2,1,1,0,1,13
825010,2026-05-13,OAK,home,663687,Hogan Harris,0.3333333333333333,1,0,0,0,1,9
825010,2026-05-13,OAK,home,665622,Luis Medina,1.0,0,0,0,0,0,9
825010,2026-05-13,OAK,home,678022,Jack Perkins,1.0,1,0,0,0,1,18
825010,2026-05-13,STL,away,694335,Matt Svanson,1.0,1,0,0,0,1,17
825010,2026-05-13,STL,away,700669,Gordon Graceffo,1.6666666666666665,1,1,1,0,0,14
825010,2026-05-13,STL,away,677865,Justin Bruihl,0.3333333333333333,2,1,1,0,0,11
825010,2026-05-13,STL,away,669461,Matthew Liberatore,5.0,9,4,4,2,5,89
823383,2026-05-14,PIT,home,681895,Evan Sisk,1.0,0,0,0,0,1,15
823383,2026-05-14,PIT,home,682254,Mason Montgomery,1.0,1,0,0,0,3,14
823383,2026-05-14,PIT,home,670990,Yohan Ramírez,1.0,0,0,0,1,1,11
823383,2026-05-14,PIT,home,669387,Carmen Mlodzinski,5.0,4,2,2,3,2,76
823383,2026-05-14,PIT,home,642701,Dennis Santana,1.0,0,0,0,0,0,12
823383,2026-05-14,COL,away,680767,Victor Vodnik,0.6666666666666666,2,1,1,1,1,16
823383,2026-05-14,COL,away,801403,Chase Dollander,1.0,5,3,3,1,0,28
823383,2026-05-14,COL,away,657514,Brennan Bernardino,1.3333333333333333,2,2,2,0,0,15
823383,2026-05-14,COL,away,675848,Juan Mejia,1.0,0,0,0,0,1,9
823383,2026-05-14,COL,away,685299,Tanner Gordon,4.0,3,1,1,1,5,69
823630,2026-05-14,NYM,home,668964,Tobias Myers,1.0,1,1,1,0,1,10
823630,2026-05-14,NYM,home,518886,Craig Kimbrel,1.0,0,0,0,0,1,19
823630,2026-05-14,NYM,home,690997,Nolan McLean,7.0,6,3,3,3,7,93
823630,2026-05-14,DET,away,663947,Tyler Holton,0.3333333333333333,2,2,2,0,0,7
823630,2026-05-14,DET,away,672456,Keider Montero,4.666666666666667,4,4,4,2,2,70
823630,2026-05-14,DET,away,646241,Enmanuel De Jesus,0.6666666666666666,1,1,1,1,0,19
823630,2026-05-14,DET,away,669724,Brenan Hanifee,1.0,1,1,1,0,0,14
823630,2026-05-14,DET,away,676568,Ricky Vanasco,1.3333333333333333,2,1,1,1,0,32
823709,2026-05-14,MIN,home,696070,Kendry Rojas,2.0,1,1,1,2,3,41
823709,2026-05-14,MIN,home,805673,Zebby Matthews,7.0,4,0,0,1,5,83
823709,2026-05-14,MIA,away,669199,Lake Bachar,2.0,0,0,0,0,2,23
823709,2026-05-14,MIA,away,666129,Braxton Garrett,1.3333333333333333,4,5,5,5,3,64
823709,2026-05-14,MIA,away,676534,Calvin Faucher,1.6666666666666665,2,1,0,0,1,24
823709,2026-05-14,MIA,away,667463,John King,1.0,3,3,3,1,0,17
823709,2026-05-14,MIA,away,669622,Anthony Bender,2.0,0,0,0,0,1,19
823789,2026-05-14,MIL,home,681982,Grant Anderson,1.0,1,0,0,1,0,16
823789,2026-05-14,MIL,home,690986,Kyle Harrison,5.0,5,0,0,0,7,99
823789,2026-05-14,MIL,home,702153,Brian Fitzpatrick,2.0,1,1,0,1,2,35
823789,2026-05-14,MIL,home,669084,DL Hall,1.0,0,0,0,1,1,18
823789,2026-05-14,SD,away,673513,Yuki Matsui,2.0,0,0,0,1,3,26
823789,2026-05-14,SD,away,656288,Griffin Canning,1.6666666666666665,5,6,6,4,2,64
823789,2026-05-14,SD,away,663362,Matt Waldron,2.0,1,0,0,0,4,27
823789,2026-05-14,SD,away,676760,Ron Marinaccio,2.3333333333333335,4,1,1,2,2,52
823950,2026-05-14,LAD,home,681911,Alex Vesia,1.0,0,0,0,1,1,21
823950,2026-05-14,LAD,home,683618,Edgardo Henriquez,1.0,0,0,0,0,1,17
823950,2026-05-14,LAD,home,656945,Tanner Scott,1.0,0,0,0,0,2,9
823950,2026-05-14,LAD,home,686218,Emmet Sheehan,6.0,2,2,2,2,6,97
823950,2026-05-14,SF,away,664141,JT Brubaker,1.0,0,0,0,1,1,13
823950,2026-05-14,SF,away,621366,Ryan Borucki,1.3333333333333333,0,0,0,0,0,13
823950,2026-05-14,SF,away,694738,Landen Roupp,5.333333333333333,6,4,4,2,7,105
823950,2026-05-14,SF,away,657424,Matt Gage,0.3333333333333333,2,1,1,1,1,21
824196,2026-05-14,HOU,home,675989,Cody Bolton,3.3333333333333335,3,1,1,2,2,56
824196,2026-05-14,HOU,home,681347,Mike Burrows,5.666666666666667,8,7,7,3,4,102
824196,2026-05-14,SEA,away,689546,Nick Davila,1.3333333333333333,0,0,0,1,0,25
824196,2026-05-14,SEA,away,682445,Domingo Gonzalez,2.0,1,0,0,1,2,35
824196,2026-05-14,SEA,away,622491,Luis Castillo,5.666666666666667,4,3,3,3,6,108
824517,2026-05-14,CIN,home,682825,Luis Mey,1.0,1,1,1,1,2,22
824517,2026-05-14,CIN,home,683175,Connor Phillips,1.0,0,0,0,0,0,12
824517,2026-05-14,CIN,home,594580,Sam Moll,1.0,0,0,0,0,1,13
824517,2026-05-14,CIN,home,695505,Chase Burns,6.0,2,0,0,2,7,95
824517,2026-05-14,WSH,away,686894,Joey Wiemer,1.0,5,4,4,1,0,24
824517,2026-05-14,WSH,away,687849,Zak Kent,2.6666666666666665,2,2,2,0,2,42
824517,2026-05-14,WSH,away,656492,Foster Griffin,4.333333333333333,7,9,9,3,7,92
824602,2026-05-14,CWS,home,641743,Anthony Kay,6.0,6,2,2,2,4,97
824602,2026-05-14,CWS,home,656794,Sean Newcomb,2.0,1,0,0,0,1,26
824602,2026-05-14,CWS,home,699823,Tyler Davis,1.0,0,0,0,0,0,9
824602,2026-05-14,KC,away,679883,Luinder Avila,2.0,0,0,0,2,2,33
824602,2026-05-14,KC,away,668674,Lucas Erceg,1.0,2,1,1,0,1,15
824602,2026-05-14,KC,away,663460,Kris Bubic,4.0,5,5,5,3,4,84
824602,2026-05-14,KC,away,656638,Alex Lange,1.0,1,0,0,0,0,10
824762,2026-05-14,BOS,home,677161,Zack Kelly,0.6666666666666666,2,1,0,0,1,26
824762,2026-05-14,BOS,home,676477,Garrett Whitlock,1.0,0,0,0,0,2,11
824762,2026-05-14,BOS,home,686580,Justin Slaten,0.6666666666666666,1,0,0,0,1,8
824762,2026-05-14,BOS,home,624133,Ranger Suarez,5.333333333333333,4,0,0,1,8,76
824762,2026-05-14,BOS,home,701719,Tyler Samaniego,0.3333333333333333,2,2,2,0,0,8
824762,2026-05-14,BOS,home,670245,Ryan Watson,1.0,0,0,0,0,2,10
824762,2026-05-14,PHI,away,666200,Jesús Luzardo,6.0,4,0,0,1,4,92
824762,2026-05-14,PHI,away,621237,José Alvarado,1.0,2,1,1,0,1,21
824762,2026-05-14,PHI,away,661395,Jhoan Duran,1.0,0,0,0,1,3,17
824762,2026-05-14,PHI,away,641745,Brad Keller,1.0,1,0,0,0,2,15
824926,2026-05-14,ATL,home,519242,Chris Sale,6.0,5,1,0,2,8,100
824926,2026-05-14,ATL,home,607481,Aaron Bummer,1.3333333333333333,0,0,0,0,1,14
824926,2026-05-14,ATL,home,625643,Reynaldo López,1.6666666666666665,1,1,1,1,1,32
824926,2026-05-14,CHC,away,694037,Daniel Palencia,1.0,1,0,0,0,2,16
824926,2026-05-14,CHC,away,571948,Hoby Milner,2.0,1,0,0,0,1,25
824926,2026-05-14,CHC,away,657097,Jacob Webb,1.0,1,0,0,0,1,16
824926,2026-05-14,CHC,away,664208,Phil Maton,1.0,1,0,0,0,2,14
824926,2026-05-14,CHC,away,676962,Ben Brown,4.0,1,0,0,1,7,65
825008,2026-05-14,OAK,home,686993,Justin Sterner,1.0,1,0,0,0,0,11
825008,2026-05-14,OAK,home,605130,Scott Barlow,1.0,1,0,0,0,0,12
825008,2026-05-14,OAK,home,682052,Jacob Lopez,5.0,4,3,2,3,2,86
825008,2026-05-14,OAK,home,669270,Joel Kuhnel,0.3333333333333333,0,0,0,0,0,8
825008,2026-05-14,OAK,home,643410,Mark Leiter Jr.,1.0,0,0,0,0,2,15
825008,2026-05-14,OAK,home,678022,Jack Perkins,0.6666666666666666,3,2,2,0,0,23
825008,2026-05-14,STL,away,700241,Michael McGreevy,6.0,5,1,1,1,3,74
825008,2026-05-14,STL,away,694335,Matt Svanson,1.0,1,0,0,0,2,13
825008,2026-05-14,STL,away,668941,JoJo Romero,0.6666666666666666,3,1,1,1,0,17
825008,2026-05-14,STL,away,676617,Riley O'Brien,1.0,0,0,0,0,2,16
825008,2026-05-14,STL,away,592773,Ryne Stanek,0.3333333333333333,1,2,2,1,1,16
822739,2026-05-15,WSH,home,663992,Richard Lovelady,0.3333333333333333,1,0,0,1,1,11
822739,2026-05-15,WSH,home,681402,Gus Varland,0.6666666666666666,0,0,0,1,1,9
822739,2026-05-15,WSH,home,641793,Zack Littell,5.0,2,0,0,2,3,87
822739,2026-05-15,WSH,home,674841,Andrew Alvarez,3.0,3,2,2,1,5,48
822739,2026-05-15,BAL,away,669358,Shane Baz,7.0,6,3,3,3,4,108
822739,2026-05-15,BAL,away,677020,Josh Walker,1.0,0,0,0,0,1,9
822983,2026-05-15,TB,home,668984,Casey Legumina,2.0,0,0,0,0,0,19
822983,2026-05-15,TB,home,693855,Ian Seymour,2.0,2,1,1,0,2,25
822983,2026-05-15,TB,home,669947,Jesse Scholtens,5.0,5,1,1,0,4,68
822983,2026-05-15,MIA,away,656848,Michael Petersen,1.3333333333333333,0,0,0,0,1,14
822983,2026-05-15,MIA,away,676083,Janson Junk,5.666666666666667,10,7,7,3,4,100
822983,2026-05-15,MIA,away,677053,Andrew Nardi,1.0,1,0,0,0,2,16
823061,2026-05-15,STL,home,700669,Gordon Graceffo,1.0,0,0,0,1,0,14
823061,2026-05-15,STL,home,668941,JoJo Romero,1.3333333333333333,0,0,0,1,1,21
823061,2026-05-15,STL,home,676617,Riley O'Brien,1.0,1,0,0,0,0,10
823061,2026-05-15,STL,home,666277,George Soriano,0.6666666666666666,1,0,0,0,1,9
823061,2026-05-15,STL,home,592773,Ryne Stanek,1.0,1,1,0,1,2,13
823061,2026-05-15,STL,home,669160,Dustin May,6.0,4,3,3,4,3,91
823061,2026-05-15,KC,away,668674,Lucas Erceg,1.0,2,1,0,0,2,12
823061,2026-05-15,KC,away,621381,Matt Strahm,0.6666666666666666,1,0,0,1,1,15
823061,2026-05-15,KC,away,683232,Nick Mears,1.0,2,0,0,1,1,16
823061,2026-05-15,KC,away,663738,Daniel Lynch IV,1.0,1,0,0,1,2,20
823061,2026-05-15,KC,away,608379,Michael Wacha,6.0,5,3,3,1,5,87
823061,2026-05-15,KC,away,674444,Steven Cruz,0.6666666666666666,1,1,0,1,0,5
823061,2026-05-15,KC,away,670167,John Schreiber,0.3333333333333333,0,0,0,0,0,1
823140,2026-05-15,SEA,home,678606,José A. Ferrer,1.0,0,0,0,0,1,11
823140,2026-05-15,SEA,home,695380,Alex Hoppe,1.0,2,0,0,0,0,13
823140,2026-05-15,SEA,home,681867,Cooper Criswell,1.0,2,1,1,0,0,13
823140,2026-05-15,SEA,home,676106,Emerson Hancock,6.0,5,1,1,1,6,91
823140,2026-05-15,SD,away,695243,Mason Miller,1.3333333333333333,2,0,0,1,4,34
823140,2026-05-15,SD,away,592094,Jason Adam,0.6666666666666666,1,0,0,1,1,14
823140,2026-05-15,SD,away,670970,Adrian Morejon,1.0,0,0,0,1,1,16
823140,2026-05-15,SD,away,681190,Randy Vásquez,6.0,4,0,0,0,3,79
823384,2026-05-15,PIT,home,642397,Gregory Soto,1.0,2,3,2,2,0,30
823384,2026-05-15,PIT,home,682254,Mason Montgomery,1.3333333333333333,1,1,1,0,0,15
823384,2026-05-15,PIT,home,642701,Dennis Santana,0.0,4,3,2,0,0,18
823384,2026-05-15,PIT,home,684049,Brandan Bidois,1.0,0,0,0,0,2,17
823384,2026-05-15,PIT,home,677952,Braxton Ashcraft,6.666666666666667,7,4,4,0,5,100
823384,2026-05-15,PHI,away,621237,José Alvarado,1.0,1,0,0,0,3,22
823384,2026-05-15,PHI,away,689147,Orion Kerkering,1.0,0,1,0,1,1,18
823384,2026-05-15,PHI,away,680742,Jonathan Bowlan,1.0,2,1,0,0,2,21
823384,2026-05-15,PHI,away,663767,Chase Shugart,2.0,1,0,0,0,1,35
823384,2026-05-15,PHI,away,641835,Tim Mayza,1.3333333333333333,1,1,1,0,2,17
823384,2026-05-15,PHI,away,605400,Aaron Nola,3.6666666666666665,6,6,6,3,2,80
823629,2026-05-15,NYM,home,668964,Tobias Myers,2.0,0,0,0,1,1,25
823629,2026-05-15,NYM,home,681810,Austin Warren,1.6666666666666665,1,0,0,1,2,33
823629,2026-05-15,NYM,home,605280,Clay Holmes,4.333333333333333,7,4,4,2,8,95
823629,2026-05-15,NYM,home,518886,Craig Kimbrel,1.0,2,1,1,0,0,17
823629,2026-05-15,NYY,away,518585,Fernando Cruz,1.3333333333333333,1,0,0,0,1,15
823629,2026-05-15,NYY,away,670280,David Bednar,1.0,2,1,1,1,0,21
823629,2026-05-15,NYY,away,693645,Cam Schlittler,6.666666666666667,2,1,1,2,9,106
823707,2026-05-15,MIN,home,607455,Anthony Banda,1.0,0,0,0,0,0,8
823707,2026-05-15,MIN,home,573124,Taylor Rogers,1.0,2,0,0,0,0,23
823707,2026-05-15,MIN,home,672782,Yoendrys Gómez,0.3333333333333333,0,0,0,0,1,7
823707,2026-05-15,MIN,home,657746,Joe Ryan,6.0,4,1,1,1,7,90
823707,2026-05-15,MIN,home,702193,Andrew Morris,0.6666666666666666,3,2,1,0,0,24
823707,2026-05-15,MIL,away,689441,Coleman Crow,5.0,3,1,1,0,3,68
823707,2026-05-15,MIL,away,682842,Abner Uribe,1.0,1,0,0,1,1,11
823707,2026-05-15,MIL,away,676879,Aaron Ashby,2.0,4,1,1,0,1,23
823707,2026-05-15,MIL,away,656730,Trevor Megill,1.0,0,0,0,0,1,16
824037,2026-05-15,LAA,home,696270,Ryan Johnson,1.0,1,0,0,1,1,21
824037,2026-05-15,LAA,home,686799,Jack Kochanowicz,6.0,7,6,6,2,4,96
824037,2026-05-15,LAA,home,489446,Kirby Yates,1.0,0,0,0,0,2,11
824037,2026-05-15,LAA,home,608718,Brent Suter,1.0,0,0,0,0,0,8
824037,2026-05-15,LAD,away,681911,Alex Vesia,1.0,1,0,0,0,3,19
824037,2026-05-15,LAD,away,670090,Wyatt Mills,1.0,0,0,0,1,1,15
824037,2026-05-15,LAD,away,683618,Edgardo Henriquez,1.0,0,0,0,0,2,17
824037,2026-05-15,LAD,away,669165,Kyle Hurt,1.0,0,0,0,1,0,17
824037,2026-05-15,LAD,away,694361,Will Klein,2.0,1,0,0,0,2,32
824037,2026-05-15,LAD,away,656212,Charlie Barnes,1.0,0,0,0,1,0,13
824037,2026-05-15,LAD,away,676263,Jack Dreyer,1.0,0,0,0,1,2,22
824037,2026-05-15,LAD,away,595014,Blake Treinen,1.0,0,0,0,0,1,11
824194,2026-05-15,HOU,home,687911,Bryan King,1.6666666666666665,0,0,0,0,1,17
824194,2026-05-15,HOU,home,681293,Spencer Arrighetti,7.333333333333333,1,0,0,4,5,102
824194,2026-05-15,TEX,away,683004,Jack Leiter,7.0,3,1,1,3,6,98
824194,2026-05-15,TEX,away,668390,Cole Winn,1.0,2,1,1,0,3,24
824280,2026-05-15,DET,home,676428,Brant Hurter,0.6666666666666666,1,1,1,2,1,23
824280,2026-05-15,DET,home,680744,Ty Madden,0.3333333333333333,1,0,0,0,0,7
824280,2026-05-15,DET,home,623454,Drew Anderson,4.0,1,0,0,0,1,46
824280,2026-05-15,DET,home,572143,Burch Smith,2.0,1,0,0,0,1,26
824280,2026-05-15,DET,home,445276,Kenley Jansen,1.0,0,0,0,0,2,16
824280,2026-05-15,DET,home,669724,Brenan Hanifee,1.0,1,1,1,0,1,14
824280,2026-05-15,TOR,away,573009,Joe Mantiply,1.0,1,0,0,0,0,14
824280,2026-05-15,TOR,away,656546,Jeff Hoffman,0.6666666666666666,2,1,1,1,2,23
824280,2026-05-15,TOR,away,702056,Trey Yesavage,6.0,4,2,2,3,6,88
824280,2026-05-15,TOR,away,680755,Braydon Fisher,1.0,0,0,0,1,1,10
824360,2026-05-15,COL,home,607536,Kyle Freeland,3.6666666666666665,8,7,7,4,3,81
824360,2026-05-15,COL,home,688642,Zach Agnos,4.333333333333333,4,2,2,0,1,57
824360,2026-05-15,COL,home,678020,Seth Halvorsen,1.0,1,0,0,1,1,25
824360,2026-05-15,ARI,away,518876,Merrill Kelly,9.0,4,1,1,0,3,100
824439,2026-05-15,CLE,home,670036,Matt Festa,0.3333333333333333,0,0,0,0,0,7
824439,2026-05-15,CLE,home,688883,Peyton Pallette,1.0,3,3,3,0,2,29
824439,2026-05-15,CLE,home,676440,Tanner Bibee,6.666666666666667,7,3,3,2,2,96
824439,2026-05-15,CLE,home,682120,Tim Herrin,1.0,1,1,1,1,0,8
824439,2026-05-15,CIN,away,572955,Pierce Johnson,1.0,1,0,0,0,2,25
824439,2026-05-15,CIN,away,622088,Tejay Antone,1.0,1,1,1,0,0,19
824439,2026-05-15,CIN,away,663574,Tony Santillan,1.0,1,0,0,0,1,19
824439,2026-05-15,CIN,away,668933,Graham Ashcraft,0.0,1,4,4,3,0,15
824439,2026-05-15,CIN,away,656271,Brock Burke,1.0,0,0,0,2,1,18
824439,2026-05-15,CIN,away,671096,Andrew Abbott,5.0,4,1,1,3,2,90
824601,2026-05-15,CWS,home,691799,Grant Taylor,1.0,0,0,0,0,2,15
824601,2026-05-15,CWS,home,805326,Tyler Schweitzer,1.3333333333333333,1,0,0,1,0,21
824601,2026-05-15,CWS,home,670950,Trevor Richards,0.6666666666666666,0,0,0,0,1,7
824601,2026-05-15,CWS,home,680732,Sean Burke,4.333333333333333,8,4,4,1,5,91
824601,2026-05-15,CWS,home,663542,Bryan Hudson,1.0,4,2,2,0,0,23
824601,2026-05-15,CWS,home,663855,Jordan Hicks,0.6666666666666666,1,4,4,4,1,35
824601,2026-05-15,CHC,away,665795,Edward Cabrera,4.666666666666667,3,3,3,3,2,88
824601,2026-05-15,CHC,away,665871,Javier Assad,2.0,3,1,1,0,1,39
824601,2026-05-15,CHC,away,669020,Ryan Rolison,0.3333333333333333,2,1,1,1,0,10
824601,2026-05-15,CHC,away,663423,Trent Thornton,2.0,0,0,0,0,2,26
824925,2026-05-15,ATL,home,675911,Spencer Strider,5.333333333333333,3,1,1,3,4,84
824925,2026-05-15,ATL,home,669276,Dylan Lee,0.6666666666666666,1,0,0,0,1,10
824925,2026-05-15,ATL,home,663158,Robert Suarez,1.3333333333333333,0,0,0,0,1,21
824925,2026-05-15,ATL,home,800311,Didier Fuentes,1.0,0,0,0,0,1,10
824925,2026-05-15,ATL,home,641755,Tyler Kinley,0.6666666666666666,2,1,1,0,0,15
824925,2026-05-15,ATL,home,628452,Raisel Iglesias,1.0,1,0,0,1,2,20
824925,2026-05-15,BOS,away,813349,Connelly Early,5.0,5,2,2,0,6,86
824925,2026-05-15,BOS,away,669711,Greg Weissert,1.3333333333333333,0,0,0,0,0,13
824925,2026-05-15,BOS,away,701719,Tyler Samaniego,0.0,1,1,0,0,0,5
824925,2026-05-15,BOS,away,663558,Jovani Morán,1.6666666666666665,1,0,0,0,3,21
824925,2026-05-15,BOS,away,547973,Aroldis Chapman,1.0,0,0,0,0,2,10
825009,2026-05-15,OAK,home,660761,José Suarez,1.0,2,0,0,0,1,21
825009,2026-05-15,OAK,home,669270,Joel Kuhnel,1.0,1,0,0,0,2,14
825009,2026-05-15,OAK,home,650644,Aaron Civale,5.0,6,2,2,1,2,76
825009,2026-05-15,OAK,home,663687,Hogan Harris,1.0,1,0,0,0,1,14
825009,2026-05-15,OAK,home,665622,Luis Medina,1.0,0,0,0,1,1,19
825009,2026-05-15,SF,away,641816,Tyler Mahle,5.0,10,5,5,1,6,90
825009,2026-05-15,SF,away,621366,Ryan Borucki,1.0,0,0,0,0,1,10
825009,2026-05-15,SF,away,656529,Sam Hentges,1.0,0,0,0,0,1,13
825009,2026-05-15,SF,away,663941,Tristan Beck,1.0,0,0,0,0,1,9
822737,2026-05-16,WSH,home,676571,PJ Poulin,0.6666666666666666,1,0,0,1,0,19
822737,2026-05-16,WSH,home,676917,Cade Cavalli,6.333333333333333,8,3,3,0,8,94
822737,2026-05-16,WSH,home,687377,Orlando Ribalta,1.0,1,0,0,0,2,14
822737,2026-05-16,WSH,home,687606,Paxton Schultz,1.0,0,0,0,1,2,17
822737,2026-05-16,BAL,away,669211,Keegan Akin,0.3333333333333333,3,6,6,2,0,22
822737,2026-05-16,BAL,away,605135,Chris Bassitt,5.0,6,4,4,1,4,82
822737,2026-05-16,BAL,away,677020,Josh Walker,1.0,2,2,2,1,1,30
822737,2026-05-16,BAL,away,552640,Andrew Kittredge,0.6666666666666666,1,1,1,0,0,12
822737,2026-05-16,BAL,away,608650,Dietrich Enns,1.0,1,0,0,0,0,18
822981,2026-05-16,TB,home,664076,Garrett Cleavinger,1.0,1,1,1,0,2,16
822981,2026-05-16,TB,home,687330,Kevin Kelly,1.0,1,0,0,0,1,12
822981,2026-05-16,TB,home,685801,Hunter Bigge,1.0,6,8,7,2,0,29
822981,2026-05-16,TB,home,641329,Bryan Baker,1.0,2,1,1,0,3,18
822981,2026-05-16,TB,home,607259,Nick Martinez,6.0,5,0,0,1,4,77
822981,2026-05-16,MIA,away,669199,Lake Bachar,1.0,2,3,2,2,0,27
822981,2026-05-16,MIA,away,664126,Pete Fairbanks,1.0,1,1,0,1,2,24
822981,2026-05-16,MIA,away,645261,Sandy Alcantara,6.0,7,1,0,0,6,101
822981,2026-05-16,MIA,away,669622,Anthony Bender,1.0,0,0,0,0,1,9
822981,2026-05-16,MIA,away,677053,Andrew Nardi,1.0,0,0,0,0,0,11
823060,2026-05-16,STL,home,681517,Kyle Leahy,6.0,5,1,1,3,2,90
823060,2026-05-16,STL,home,700669,Gordon Graceffo,1.0,1,0,0,0,0,10
823060,2026-05-16,STL,home,677865,Justin Bruihl,1.0,0,0,0,0,0,10
823060,2026-05-16,STL,home,666277,George Soriano,1.0,2,1,1,0,0,14
823060,2026-05-16,KC,away,663559,Bailey Falter,2.0,3,1,1,1,0,28
823060,2026-05-16,KC,away,702070,Noah Cameron,6.0,5,3,3,0,4,82
823139,2026-05-16,SEA,home,689546,Nick Davila,1.0,0,0,0,2,1,19
823139,2026-05-16,SEA,home,682445,Domingo Gonzalez,1.3333333333333333,2,0,0,0,0,14
823139,2026-05-16,SEA,home,669302,Logan Gilbert,6.666666666666667,5,7,7,2,5,97
823139,2026-05-16,SD,away,593974,Wandy Peralta,1.0,0,0,0,0,1,10
823139,2026-05-16,SD,away,621111,Walker Buehler,5.0,5,2,2,2,6,101
823139,2026-05-16,SD,away,592094,Jason Adam,1.0,0,0,0,0,1,10
823139,2026-05-16,SD,away,669093,Jeremiah Estrada,1.0,1,0,0,1,0,17
823139,2026-05-16,SD,away,670970,Adrian Morejon,1.0,0,0,0,0,1,13
823139,2026-05-16,SD,away,689690,Alek Jacob,0.0,2,2,2,1,0,11
823382,2026-05-16,PIT,home,681895,Evan Sisk,1.6666666666666665,1,0,0,1,3,36
823382,2026-05-16,PIT,home,670990,Yohan Ramírez,1.0,2,0,0,0,3,13
823382,2026-05-16,PIT,home,676755,Isaac Mattson,1.3333333333333333,0,0,0,1,2,25
823382,2026-05-16,PIT,home,696149,Bubba Chandler,3.0,3,5,4,4,2,73
823382,2026-05-16,PIT,home,664875,Justin Lawrence,1.0,1,1,1,1,1,17
823382,2026-05-16,PIT,home,684049,Brandan Bidois,1.0,1,0,0,1,0,19
823382,2026-05-16,PHI,away,650911,Cristopher Sánchez,9.0,6,0,0,0,13,108
823627,2026-05-16,NYM,home,623211,Huascar Brazobán,1.3333333333333333,0,0,0,0,2,24
823627,2026-05-16,NYM,home,596133,Luke Weaver,2.0,1,0,0,0,2,19
823627,2026-05-16,NYM,home,642207,Devin Williams,1.0,0,0,0,0,1,12
823627,2026-05-16,NYM,home,656849,David Peterson,4.0,6,2,2,3,8,82
823627,2026-05-16,NYM,home,548384,Brooks Raley,0.6666666666666666,2,1,0,0,1,18
823627,2026-05-16,NYY,away,621112,Paul Blackburn,1.0,1,0,0,1,1,24
823627,2026-05-16,NYY,away,607074,Carlos Rodón,3.6666666666666665,3,3,2,3,6,88
823627,2026-05-16,NYY,away,657612,Tim Hill,0.3333333333333333,2,1,1,0,0,12
823627,2026-05-16,NYY,away,687396,Brent Headrick,1.6666666666666665,1,1,1,1,3,26
823627,2026-05-16,NYY,away,656234,Jake Bird,0.6666666666666666,1,1,1,0,1,15
823627,2026-05-16,NYY,away,666808,Camilo Doval,0.6666666666666666,0,0,0,0,0,8
823706,2026-05-16,MIN,home,687570,Connor Prielipp,6.0,3,2,1,2,8,86
823706,2026-05-16,MIN,home,672782,Yoendrys Gómez,1.0,0,0,0,0,0,11
823706,2026-05-16,MIN,home,679358,Eric Orze,2.0,2,0,0,1,1,26
823706,2026-05-16,MIL,away,694477,Chad Patrick,4.0,1,0,0,0,3,52
823706,2026-05-16,MIL,away,701656,Logan Henderson,5.0,6,1,1,1,7,84
824038,2026-05-16,LAA,home,624428,Adam Frazier,0.6666666666666666,1,0,0,0,0,5
824038,2026-05-16,LAA,home,681217,Chase Silseth,0.6666666666666666,1,0,0,0,0,15
824038,2026-05-16,LAA,home,666201,Alek Manoah,1.3333333333333333,6,9,8,3,2,59
824038,2026-05-16,LAA,home,667755,José Soriano,5.333333333333333,1,6,6,6,6,92
824038,2026-05-16,LAA,home,820862,José Fermin,1.0,1,0,0,0,1,23
824038,2026-05-16,LAD,away,670090,Wyatt Mills,1.0,0,0,0,2,0,19
824038,2026-05-16,LAD,away,680736,Justin Wrobleski,6.0,7,2,2,1,5,103
824038,2026-05-16,LAD,away,656212,Charlie Barnes,1.0,1,0,0,0,1,12
824038,2026-05-16,LAD,away,595014,Blake Treinen,1.0,0,0,0,1,1,17
824193,2026-05-16,HOU,home,650556,Bryan Abreu,1.3333333333333333,1,0,0,1,0,24
824193,2026-05-16,HOU,home,678906,Kai-Wei Teng,5.0,2,0,0,4,7,76
824193,2026-05-16,HOU,home,660853,Enyel De Los Santos,0.3333333333333333,3,1,1,0,0,12
824193,2026-05-16,HOU,home,595345,Steven Okert,1.0,0,0,0,0,2,12
824193,2026-05-16,HOU,home,805123,AJ Blubaugh,0.6666666666666666,0,0,0,2,0,16
824193,2026-05-16,HOU,home,687911,Bryan King,0.6666666666666666,0,0,0,1,0,12
824193,2026-05-16,TEX,away,615698,Cal Quantrill,2.0,0,0,0,1,1,25
824193,2026-05-16,TEX,away,594798,Jacob deGrom,6.0,5,4,4,0,4,94
824278,2026-05-16,DET,home,663554,Casey Mize,6.0,2,0,0,0,4,71
824278,2026-05-16,DET,home,663947,Tyler Holton,1.0,2,1,0,0,0,11
824278,2026-05-16,DET,home,640448,Kyle Finnegan,1.0,1,1,1,1,0,13
824278,2026-05-16,DET,home,445276,Kenley Jansen,1.0,0,0,0,0,1,12
824278,2026-05-16,DET,home,657756,Connor Seabold,1.0,0,0,0,0,1,8
824278,2026-05-16,TOR,away,693686,Spencer Miles,3.6666666666666665,2,0,0,2,5,56
824278,2026-05-16,TOR,away,667297,Tommy Nance,1.0,0,0,0,0,1,20
824278,2026-05-16,TOR,away,686973,Louis Varland,2.0,2,0,0,0,2,26
824278,2026-05-16,TOR,away,689254,Mason Fluharty,1.3333333333333333,1,0,0,0,3,18
824278,2026-05-16,TOR,away,680755,Braydon Fisher,1.0,1,1,1,0,2,20
824278,2026-05-16,TOR,away,643511,Tyler Rogers,1.0,1,0,0,0,1,11
824359,2026-05-16,COL,home,675848,Juan Mejia,1.6666666666666665,0,0,0,2,0,35
824359,2026-05-16,COL,home,608372,Tomoyuki Sugano,5.0,7,2,2,2,1,88
824359,2026-05-16,COL,home,622608,Antonio Senzatela,1.0,1,0,0,1,1,27
824359,2026-05-16,COL,home,677955,Jaden Hill,1.3333333333333333,1,0,0,0,2,26
824359,2026-05-16,ARI,away,593958,Eduardo Rodriguez,5.333333333333333,9,3,3,0,6,91
824359,2026-05-16,ARI,away,656464,Kevin Ginkel,1.0,0,0,0,0,1,14
824359,2026-05-16,ARI,away,642528,Jonathan Loáisiga,1.0,1,0,0,0,0,13
824359,2026-05-16,ARI,away,664199,Taylor Clarke,0.6666666666666666,0,0,0,0,0,8
824359,2026-05-16,ARI,away,805299,Brandyn Garcia,0.0,2,1,1,1,0,16
824435,2026-05-16,CLE,home,670059,Colin Holderman,1.6666666666666665,1,0,0,0,1,13
824435,2026-05-16,CLE,home,671922,Cade Smith,1.0,0,0,0,1,2,17
824435,2026-05-16,CLE,home,676282,Joey Cantillo,5.0,4,4,4,4,4,87
824435,2026-05-16,CLE,home,681870,Erik Sabrowski,0.3333333333333333,0,0,0,0,1,5
824435,2026-05-16,CLE,home,683769,Hunter Gaddis,1.0,0,0,0,0,0,14
824435,2026-05-16,CIN,away,572955,Pierce Johnson,0.3333333333333333,1,1,1,1,0,12
824435,2026-05-16,CIN,away,682825,Luis Mey,0.3333333333333333,1,2,2,2,1,21
824435,2026-05-16,CIN,away,683175,Connor Phillips,1.0,1,1,0,2,2,27
824435,2026-05-16,CIN,away,594580,Sam Moll,1.3333333333333333,1,1,1,1,2,22
824435,2026-05-16,CIN,away,663978,Chris Paddack,5.0,6,2,2,1,3,78
824600,2026-05-16,CWS,home,663436,Davis Martin,6.0,5,1,1,0,7,91
824600,2026-05-16,CWS,home,685126,Brandon Eisert,1.0,1,0,0,2,0,31
824600,2026-05-16,CWS,home,670950,Trevor Richards,2.0,2,2,2,0,2,34
824600,2026-05-16,CHC,away,681799,Ethan Roberts,2.0,0,0,0,1,3,32
824600,2026-05-16,CHC,away,592791,Jameson Taillon,5.0,8,8,8,1,2,90
824600,2026-05-16,CHC,away,669020,Ryan Rolison,1.0,0,0,0,0,1,12
824924,2026-05-16,ATL,home,693821,Bryce Elder,8.0,7,3,3,0,3,103
824924,2026-05-16,ATL,home,527048,Martín Pérez,1.0,0,0,0,0,2,14
824924,2026-05-16,BOS,away,801139,Payton Tolle,8.0,4,2,2,1,3,85
824924,2026-05-16,BOS,away,547973,Aroldis Chapman,1.0,0,0,0,2,0,20
825007,2026-05-16,OAK,home,622663,Luis Severino,6.0,10,5,5,2,7,96
825007,2026-05-16,OAK,home,605130,Scott Barlow,1.0,2,1,1,0,2,16
825007,2026-05-16,OAK,home,643410,Mark Leiter Jr.,2.0,2,0,0,0,2,25
825007,2026-05-16,SF,away,686790,Trevor McDonald,6.666666666666667,5,1,1,1,5,90
825007,2026-05-16,SF,away,668873,Caleb Kilian,0.6666666666666666,1,1,1,0,2,9
825007,2026-05-16,SF,away,669062,Erik Miller,0.6666666666666666,0,2,2,2,1,24
825007,2026-05-16,SF,away,657424,Matt Gage,1.0,0,0,0,0,0,15
822738,2026-05-17,WSH,home,571945,Miles Mikolas,5.666666666666667,6,4,4,1,4,93
822738,2026-05-17,WSH,home,663992,Richard Lovelady,1.3333333333333333,2,2,2,0,1,27
822738,2026-05-17,WSH,home,695418,Brad Lord,1.0,1,0,0,0,2,27
822738,2026-05-17,WSH,home,687606,Paxton Schultz,1.0,2,1,1,0,2,19
822738,2026-05-17,BAL,away,669330,Tyler Wells,2.0,3,1,1,0,2,38
822738,2026-05-17,BAL,away,670329,Rico Garcia,1.0,1,0,0,0,2,18
822738,2026-05-17,BAL,away,687064,Brandon Young,3.6666666666666665,5,2,2,3,3,70
822738,2026-05-17,BAL,away,689296,Anthony Nunez,1.3333333333333333,0,0,0,0,3,17
822738,2026-05-17,BAL,away,666974,Yennier Cano,1.0,0,0,0,1,1,17
822982,2026-05-17,TB,home,693855,Ian Seymour,0.6666666666666666,0,0,0,0,1,7
822982,2026-05-17,TB,home,664076,Garrett Cleavinger,0.3333333333333333,3,1,1,1,1,11
822982,2026-05-17,TB,home,687330,Kevin Kelly,1.6666666666666665,0,0,0,0,1,21
822982,2026-05-17,TB,home,641329,Bryan Baker,1.0,1,0,0,0,0,10
822982,2026-05-17,TB,home,656876,Drew Rasmussen,5.333333333333333,7,2,2,2,2,93
822982,2026-05-17,MIA,away,663969,Tyler Phillips,2.0,2,1,1,2,0,43
822982,2026-05-17,MIA,away,667463,John King,1.0,0,0,0,0,0,12
822982,2026-05-17,MIA,away,691587,Eury Pérez,5.0,5,5,5,4,5,102
823058,2026-05-17,STL,home,694335,Matt Svanson,1.0,0,0,0,1,0,15
823058,2026-05-17,STL,home,690155,Matt Pushard,1.0,0,0,0,0,1,9
823058,2026-05-17,STL,home,677865,Justin Bruihl,0.3333333333333333,1,0,0,1,1,14
823058,2026-05-17,STL,home,669467,Andre Pallante,6.666666666666667,8,2,1,0,7,99
823058,2026-05-17,KC,away,668674,Lucas Erceg,1.0,0,0,0,1,0,22
823058,2026-05-17,KC,away,663568,Stephen Kolek,6.333333333333333,4,0,0,1,3,82
823058,2026-05-17,KC,away,663738,Daniel Lynch IV,1.6666666666666665,1,0,0,0,1,21
823138,2026-05-17,SEA,home,695380,Alex Hoppe,1.6666666666666665,2,1,1,0,1,26
823138,2026-05-17,SEA,home,682445,Domingo Gonzalez,1.3333333333333333,1,0,0,1,2,25
823138,2026-05-17,SEA,home,681867,Cooper Criswell,0.3333333333333333,1,1,1,1,1,19
823138,2026-05-17,SEA,home,669923,George Kirby,5.666666666666667,6,6,6,2,6,98
823138,2026-05-17,SD,away,673513,Yuki Matsui,2.0,0,0,0,2,2,33
823138,2026-05-17,SD,away,699134,Bradgley Rodriguez,2.0,0,0,0,0,3,28
823138,2026-05-17,SD,away,608337,Lucas Giolito,5.0,1,3,3,3,3,78
823381,2026-05-17,PIT,home,694973,Paul Skenes,5.0,6,5,5,1,7,92
823381,2026-05-17,PIT,home,670990,Yohan Ramírez,1.0,0,0,0,0,3,18
823381,2026-05-17,PIT,home,676755,Isaac Mattson,1.0,1,0,0,0,0,15
823381,2026-05-17,PIT,home,642701,Dennis Santana,1.0,1,1,1,0,2,12
823381,2026-05-17,PIT,home,664875,Justin Lawrence,1.0,0,0,0,0,1,12
823381,2026-05-17,PHI,away,554430,Zack Wheeler,7.0,4,0,0,1,8,98
823381,2026-05-17,PHI,away,680742,Jonathan Bowlan,1.0,1,0,0,0,1,17
823381,2026-05-17,PHI,away,621383,Tanner Banks,1.0,0,0,0,0,0,8
823628,2026-05-17,NYM,home,640455,Sean Manaea,4.0,4,3,2,2,3,57
823628,2026-05-17,NYM,home,642207,Devin Williams,1.0,0,0,0,1,1,14
823628,2026-05-17,NYM,home,642547,Freddy Peralta,5.0,2,3,3,6,4,96
823628,2026-05-17,NYY,away,695684,Elmer Rodríguez,4.333333333333333,5,1,1,1,1,64
823628,2026-05-17,NYY,away,642232,Ryan Yarbrough,1.0,2,2,2,1,0,21
823628,2026-05-17,NYY,away,657612,Tim Hill,0.3333333333333333,0,1,0,0,0,10
823628,2026-05-17,NYY,away,518585,Fernando Cruz,1.0,0,0,0,1,0,13
823628,2026-05-17,NYY,away,656234,Jake Bird,0.6666666666666666,1,0,0,0,1,18
823628,2026-05-17,NYY,away,666808,Camilo Doval,1.0,0,0,0,0,0,15
823628,2026-05-17,NYY,away,670280,David Bednar,1.0,3,3,3,1,1,23
823708,2026-05-17,MIN,home,623437,Justin Topa,0.6666666666666666,0,0,0,1,0,11
823708,2026-05-17,MIN,home,607455,Anthony Banda,0.6666666666666666,1,0,0,1,2,18
823708,2026-05-17,MIN,home,573124,Taylor Rogers,0.6666666666666666,1,0,0,0,0,8
823708,2026-05-17,MIN,home,641927,Bailey Ober,5.0,6,3,3,2,1,77
823708,2026-05-17,MIN,home,472610,Luis García,1.0,2,1,1,1,1,22
823708,2026-05-17,MIN,home,702193,Andrew Morris,1.0,0,0,0,0,1,12
823708,2026-05-17,MIL,away,681982,Grant Anderson,1.6666666666666665,2,1,1,0,2,29
823708,2026-05-17,MIL,away,663765,Jake Woodford,1.0,1,1,1,0,1,19
823708,2026-05-17,MIL,away,688107,Robert Gasser,4.0,3,3,2,2,3,79
823708,2026-05-17,MIL,away,669084,DL Hall,1.3333333333333333,0,0,0,1,2,21
824034,2026-05-17,LAA,home,696270,Ryan Johnson,2.0,3,3,3,1,2,35
824034,2026-05-17,LAA,home,815083,Mitch Farris,2.0,0,0,0,1,3,27
824034,2026-05-17,LAA,home,680570,Grayson Rodriguez,3.6666666666666665,7,7,7,4,4,79
824034,2026-05-17,LAA,home,820862,José Fermin,0.3333333333333333,1,0,0,0,0,5
824034,2026-05-17,LAA,home,489446,Kirby Yates,1.0,0,0,0,0,2,10
824034,2026-05-17,LAD,away,681911,Alex Vesia,1.0,0,0,0,0,2,13
824034,2026-05-17,LAD,away,694646,Chayce McDermott,1.0,1,0,0,0,1,16
824034,2026-05-17,LAD,away,808963,Roki Sasaki,7.0,4,1,1,0,8,91
824192,2026-05-17,HOU,home,675989,Cody Bolton,3.0,4,3,3,0,2,51
824192,2026-05-17,HOU,home,663567,Peter Lambert,6.0,3,5,5,2,6,93
824192,2026-05-17,TEX,away,686560,Gavin Collyer,2.0,0,0,0,0,2,17
824192,2026-05-17,TEX,away,543135,Nathan Eovaldi,7.0,5,0,0,2,8,94
824279,2026-05-17,DET,home,572143,Burch Smith,1.3333333333333333,1,0,0,0,1,14
824279,2026-05-17,DET,home,656427,Jack Flaherty,6.0,5,4,4,0,4,90
824279,2026-05-17,DET,home,646241,Enmanuel De Jesus,1.6666666666666665,1,0,0,1,0,29
824279,2026-05-17,TOR,away,573009,Joe Mantiply,0.6666666666666666,1,0,0,1,0,21
824279,2026-05-17,TOR,away,592332,Kevin Gausman,6.0,4,0,0,0,5,97
824279,2026-05-17,TOR,away,684320,Yariel Rodríguez,1.3333333333333333,1,1,1,0,1,14
824279,2026-05-17,TOR,away,643511,Tyler Rogers,1.0,0,0,0,1,1,20
824358,2026-05-17,COL,home,680604,Blas Castaño,2.3333333333333335,2,1,1,1,3,45
824358,2026-05-17,COL,home,680767,Victor Vodnik,1.0,0,0,0,0,1,11
824358,2026-05-17,COL,home,547179,Michael Lorenzen,4.666666666666667,9,7,6,3,5,101
824358,2026-05-17,COL,home,678020,Seth Halvorsen,1.0,1,0,0,0,2,14
824358,2026-05-17,ARI,away,666661,Juan Morillo,1.0,0,0,0,0,0,4
824358,2026-05-17,ARI,away,694297,Brandon Pfaadt,0.3333333333333333,2,4,2,1,0,16
824358,2026-05-17,ARI,away,623149,Paul Sewald,1.0,0,0,0,1,0,16
824358,2026-05-17,ARI,away,647336,Michael Soroka,5.666666666666667,6,2,2,2,8,98
824358,2026-05-17,ARI,away,664199,Taylor Clarke,0.6666666666666666,0,0,0,0,0,7
824358,2026-05-17,ARI,away,657044,Ryan Thompson,0.3333333333333333,0,0,0,0,0,3
824436,2026-05-17,CLE,home,676051,Codi Heuer,2.0,3,1,1,1,2,27
824436,2026-05-17,CLE,home,668909,Gavin Williams,6.0,8,2,2,0,7,93
824436,2026-05-17,CLE,home,682120,Tim Herrin,1.0,0,0,0,1,3,19
824436,2026-05-17,CIN,away,622088,Tejay Antone,1.0,1,2,2,0,1,13
824436,2026-05-17,CIN,away,663903,Brady Singer,4.0,7,5,5,1,6,86
824436,2026-05-17,CIN,away,683175,Connor Phillips,2.0,3,2,2,2,1,33
824436,2026-05-17,CIN,away,656271,Brock Burke,1.0,1,1,1,1,1,17
824599,2026-05-17,CWS,home,691799,Grant Taylor,2.0,0,0,0,0,1,25
824599,2026-05-17,CWS,home,622554,Seranthony Domínguez,1.0,1,3,2,1,1,32
824599,2026-05-17,CWS,home,663542,Bryan Hudson,1.0,0,0,0,1,0,19
824599,2026-05-17,CWS,home,607200,Erick Fedde,3.0,6,4,4,4,2,92
824599,2026-05-17,CWS,home,656794,Sean Newcomb,2.0,2,0,0,0,1,21
824599,2026-05-17,CWS,home,699823,Tyler Davis,1.0,0,1,0,3,1,16
824599,2026-05-17,CHC,away,694037,Daniel Palencia,1.0,1,0,0,1,0,14
824599,2026-05-17,CHC,away,571948,Hoby Milner,1.3333333333333333,1,0,0,0,2,18
824599,2026-05-17,CHC,away,657097,Jacob Webb,1.3333333333333333,1,0,0,0,3,24
824599,2026-05-17,CHC,away,669020,Ryan Rolison,0.3333333333333333,1,2,1,0,0,2
824599,2026-05-17,CHC,away,607067,Colin Rea,4.666666666666667,6,4,4,1,4,83
824599,2026-05-17,CHC,away,664208,Phil Maton,0.6666666666666666,2,3,3,1,0,18
824923,2026-05-17,ATL,home,641755,Tyler Kinley,1.0,2,1,1,0,1,15
824923,2026-05-17,ATL,home,625643,Reynaldo López,2.0,2,0,0,0,2,26
824923,2026-05-17,ATL,home,656550,Grant Holmes,6.0,5,0,0,1,4,87
824923,2026-05-17,BOS,away,678394,Brayan Bello,5.0,8,7,7,3,1,98
824923,2026-05-17,BOS,away,670245,Ryan Watson,3.0,0,1,1,3,4,48
825006,2026-05-17,OAK,home,686993,Justin Sterner,1.0,0,0,0,0,0,23
825006,2026-05-17,OAK,home,666126,Carlos Cortes,1.0,1,0,0,1,0,18
825006,2026-05-17,OAK,home,660761,José Suarez,1.0,3,3,3,1,1,21
825006,2026-05-17,OAK,home,665622,Luis Medina,0.0,3,5,2,1,0,20
825006,2026-05-17,OAK,home,605488,Jeffrey Springs,6.0,5,2,1,1,3,92
825006,2026-05-17,SF,away,676775,Keaton Winn,1.0,1,0,0,0,1,18
825006,2026-05-17,SF,away,656529,Sam Hentges,1.0,0,0,0,0,2,10
825006,2026-05-17,SF,away,666711,Joel Peguero,1.0,0,0,0,0,0,12
825006,2026-05-17,SF,away,605288,Adrian Houser,6.0,4,1,1,5,3,93
822734,2026-05-18,WSH,home,678391,Jorbit Vivas,0.6666666666666666,4,3,3,0,0,12
822734,2026-05-18,WSH,home,676571,PJ Poulin,1.0,1,1,1,1,1,16
822734,2026-05-18,WSH,home,663623,Jake Irvin,4.0,6,3,2,1,6,74
822734,2026-05-18,WSH,home,687377,Orlando Ribalta,1.0,0,0,0,0,0,9
822734,2026-05-18,WSH,home,681402,Gus Varland,2.0,1,1,0,1,0,19
822734,2026-05-18,WSH,home,680730,Mitchell Parker,3.0,2,1,1,0,2,42
822734,2026-05-18,WSH,home,687606,Paxton Schultz,0.3333333333333333,5,7,6,1,0,25
822734,2026-05-18,NYM,away,668964,Tobias Myers,1.3333333333333333,2,1,1,1,1,25
822734,2026-05-18,NYM,away,681810,Austin Warren,2.0,0,0,0,1,1,28
822734,2026-05-18,NYM,away,623211,Huascar Brazobán,2.0,1,1,0,2,1,22
822734,2026-05-18,NYM,away,596133,Luke Weaver,1.0,1,0,0,0,2,19
822734,2026-05-18,NYM,away,518886,Craig Kimbrel,1.0,2,1,0,0,0,24
822734,2026-05-18,NYM,away,681035,Christian Scott,4.0,4,3,3,3,5,81
822734,2026-05-18,NYM,away,548384,Brooks Raley,0.6666666666666666,1,1,1,2,0,23
822980,2026-05-18,TB,home,663556,Shane McClanahan,5.0,6,4,4,2,6,90
822980,2026-05-18,TB,home,686678,Chase Solesky,3.0,6,2,2,1,4,58
822980,2026-05-18,TB,home,685801,Hunter Bigge,1.0,0,0,0,0,1,11
822980,2026-05-18,BAL,away,669432,Trevor Rogers,3.6666666666666665,8,8,7,2,3,88
822980,2026-05-18,BAL,away,642215,Weston Wilson,1.0,2,0,0,0,0,14
822980,2026-05-18,BAL,away,671382,Cameron Foster,1.3333333333333333,5,4,4,2,0,35
822980,2026-05-18,BAL,away,552640,Andrew Kittredge,1.0,0,0,0,0,1,7
822980,2026-05-18,BAL,away,608650,Dietrich Enns,1.0,3,4,4,3,0,39
823137,2026-05-18,SEA,home,678606,José A. Ferrer,1.3333333333333333,1,0,0,0,1,19
823137,2026-05-18,SEA,home,693433,Bryan Woo,6.0,3,0,0,2,8,90
823137,2026-05-18,SEA,home,662253,Andrés Muñoz,1.0,0,0,0,0,1,10
823137,2026-05-18,SEA,home,660825,Eduard Bazardo,0.6666666666666666,2,1,1,1,1,19
823137,2026-05-18,CWS,away,685126,Brandon Eisert,0.6666666666666666,0,0,0,0,0,21
823137,2026-05-18,CWS,away,670950,Trevor Richards,1.0,2,3,3,1,1,26
823137,2026-05-18,CWS,away,702273,Noah Schultz,5.333333333333333,5,3,3,0,6,91
823137,2026-05-18,CWS,away,663855,Jordan Hicks,1.0,1,0,0,0,2,18
823301,2026-05-18,SD,home,650633,Michael King,7.0,4,0,0,2,9,100
823301,2026-05-18,SD,home,695243,Mason Miller,1.0,0,0,0,2,1,22
823301,2026-05-18,SD,home,592094,Jason Adam,1.0,1,0,0,1,0,25
823301,2026-05-18,LAD,away,669165,Kyle Hurt,1.0,1,0,0,0,0,6
823301,2026-05-18,LAD,away,808967,Yoshinobu Yamamoto,7.0,3,1,1,2,8,107
823465,2026-05-18,PHI,home,621237,José Alvarado,0.6666666666666666,2,1,1,1,0,20
823465,2026-05-18,PHI,home,661395,Jhoan Duran,1.0,0,0,0,0,2,18
823465,2026-05-18,PHI,home,689147,Orion Kerkering,0.3333333333333333,0,0,0,0,0,3
823465,2026-05-18,PHI,home,641745,Brad Keller,1.0,1,1,1,0,1,13
823465,2026-05-18,PHI,home,691725,Andrew Painter,6.0,3,2,2,2,3,69
823465,2026-05-18,CIN,away,622088,Tejay Antone,0.3333333333333333,0,0,0,1,0,7
823465,2026-05-18,CIN,away,668933,Graham Ashcraft,1.6666666666666665,2,2,2,0,0,21
823465,2026-05-18,CIN,away,666157,Nick Lodolo,5.666666666666667,3,3,3,5,3,97
823465,2026-05-18,CIN,away,656271,Brock Burke,0.3333333333333333,0,0,0,0,0,6
823549,2026-05-18,NYY,home,621112,Paul Blackburn,1.6666666666666665,1,0,0,0,1,20
823549,2026-05-18,NYY,home,677960,Ryan Weathers,5.333333333333333,7,5,5,0,7,90
823549,2026-05-18,NYY,home,518585,Fernando Cruz,1.0,0,0,0,1,3,21
823549,2026-05-18,NYY,home,670280,David Bednar,1.0,1,1,1,2,2,36
823549,2026-05-18,TOR,away,671936,Adam Macko,1.0,0,0,0,0,0,15
823549,2026-05-18,TOR,away,656546,Jeff Hoffman,1.0,1,0,0,0,1,17
823549,2026-05-18,TOR,away,684320,Yariel Rodríguez,0.3333333333333333,3,4,4,1,0,20
823549,2026-05-18,TOR,away,680755,Braydon Fisher,1.6666666666666665,1,0,0,0,1,27
823549,2026-05-18,TOR,away,571578,Patrick Corbin,4.0,6,3,3,3,3,79
823705,2026-05-18,MIN,home,623437,Justin Topa,0.6666666666666666,3,3,3,1,0,31
823705,2026-05-18,MIN,home,696070,Kendry Rojas,4.0,2,0,0,1,3,46
823705,2026-05-18,MIN,home,680573,Simeon Woods Richardson,1.0,1,0,0,1,1,18
823705,2026-05-18,MIN,home,573124,Taylor Rogers,0.6666666666666666,0,0,0,0,1,11
823705,2026-05-18,MIN,home,672782,Yoendrys Gómez,0.3333333333333333,0,0,0,2,0,11
823705,2026-05-18,MIN,home,679358,Eric Orze,1.3333333333333333,0,0,0,0,1,19
823705,2026-05-18,MIN,home,702193,Andrew Morris,1.0,1,0,0,1,0,16
823705,2026-05-18,HOU,away,805123,AJ Blubaugh,2.0,0,0,0,1,1,32
823705,2026-05-18,HOU,away,837227,Tatsuya Imai,4.666666666666667,5,3,3,0,5,74
823705,2026-05-18,HOU,away,681151,Jayden Murray,1.3333333333333333,4,3,3,2,0,25
823867,2026-05-18,MIA,home,669199,Lake Bachar,1.0,0,0,0,0,0,15
823867,2026-05-18,MIA,home,676534,Calvin Faucher,1.0,1,0,0,1,2,23
823867,2026-05-18,MIA,home,676974,Max Meyer,6.0,3,0,0,2,6,97
823867,2026-05-18,MIA,home,667463,John King,1.0,0,0,0,0,1,9
823867,2026-05-18,ATL,away,622761,Jorge Mateo,1.0,1,0,0,0,0,11
823867,2026-05-18,ATL,away,800311,Didier Fuentes,1.0,0,0,0,1,2,23
823867,2026-05-18,ATL,away,702275,JR Ritchie,4.0,5,6,5,1,4,83
823867,2026-05-18,ATL,away,641755,Tyler Kinley,1.0,0,0,0,0,1,12
823867,2026-05-18,ATL,away,607481,Aaron Bummer,1.0,3,6,6,5,1,42
824035,2026-05-18,LAA,home,681217,Chase Silseth,0.6666666666666666,0,0,0,0,0,4
824035,2026-05-18,LAA,home,696147,Sam Bachman,2.0,1,0,0,0,2,24
824035,2026-05-18,LAA,home,666171,Ryan Zeferjahn,0.3333333333333333,2,1,1,2,0,24
824035,2026-05-18,LAA,home,700712,Walbert Ureña,6.0,4,0,0,2,4,92
824035,2026-05-18,OAK,away,669372,J.T. Ginn,8.0,2,2,2,1,10,105
824114,2026-05-18,KC,home,607625,Seth Lugo,6.0,5,2,2,2,5,93
824114,2026-05-18,KC,home,656638,Alex Lange,1.0,3,1,1,0,1,15
824114,2026-05-18,KC,home,674444,Steven Cruz,1.0,0,0,0,1,0,11
824114,2026-05-18,KC,home,670167,John Schreiber,1.0,1,0,0,0,2,13
824114,2026-05-18,BOS,away,676477,Garrett Whitlock,1.0,1,0,0,0,1,12
824114,2026-05-18,BOS,away,543243,Sonny Gray,6.0,5,1,1,1,9,80
824114,2026-05-18,BOS,away,686580,Justin Slaten,1.0,0,0,0,0,2,17
824114,2026-05-18,BOS,away,547973,Aroldis Chapman,1.0,0,0,0,0,1,14
824277,2026-05-18,DET,home,664285,Framber Valdez,5.0,5,4,4,4,3,89
824277,2026-05-18,DET,home,676428,Brant Hurter,0.3333333333333333,1,3,3,2,0,13
824277,2026-05-18,DET,home,657756,Connor Seabold,2.6666666666666665,2,0,0,0,2,36
824277,2026-05-18,DET,home,646241,Enmanuel De Jesus,1.0,1,1,1,1,2,26
824277,2026-05-18,CLE,away,677944,Slade Cecconi,7.333333333333333,5,2,2,2,4,96
824277,2026-05-18,CLE,away,670036,Matt Festa,0.6666666666666666,0,0,0,0,1,6
824277,2026-05-18,CLE,away,688883,Peyton Pallette,1.0,0,0,0,1,0,29
824357,2026-05-18,COL,home,680767,Victor Vodnik,0.0,1,3,3,2,0,14
824357,2026-05-18,COL,home,500779,Jose Quintana,5.666666666666667,7,3,3,1,4,94
824357,2026-05-18,COL,home,657514,Brennan Bernardino,1.0,1,0,0,1,0,18
824357,2026-05-18,COL,home,675848,Juan Mejia,1.0,1,0,0,0,1,16
824357,2026-05-18,COL,home,677955,Jaden Hill,1.3333333333333333,0,0,0,0,3,16
824357,2026-05-18,TEX,away,682608,Peyton Gray,2.6666666666666665,2,4,2,1,3,44
824357,2026-05-18,TEX,away,656222,Jalen Beeks,1.3333333333333333,1,0,0,0,0,19
824357,2026-05-18,TEX,away,669022,MacKenzie Gore,1.0,3,2,2,2,2,28
824357,2026-05-18,TEX,away,686560,Gavin Collyer,1.0,1,1,1,1,0,18
824357,2026-05-18,TEX,away,596001,Jakob Junis,1.0,0,0,0,0,0,11
824357,2026-05-18,TEX,away,668390,Cole Winn,1.0,0,0,0,0,1,5
824680,2026-05-18,CHC,home,681799,Ethan Roberts,1.6666666666666665,3,1,1,1,0,28
824680,2026-05-18,CHC,home,684007,Shota Imanaga,4.333333333333333,9,8,8,3,2,79
824680,2026-05-18,CHC,home,621389,Ty Blach,3.0,1,0,0,0,2,30
824680,2026-05-18,MIL,away,675660,Shane Drohan,4.333333333333333,4,0,0,0,5,42
824680,2026-05-18,MIL,away,687075,Brandon Sproat,4.666666666666667,3,3,3,3,5,78
825087,2026-05-18,ARI,home,642528,Jonathan Loáisiga,1.0,1,0,0,0,0,17
825087,2026-05-18,ARI,home,668678,Zac Gallen,6.0,4,2,2,1,5,81
825087,2026-05-18,ARI,home,657044,Ryan Thompson,1.0,1,0,0,0,1,18
825087,2026-05-18,ARI,home,805299,Brandyn Garcia,1.0,2,0,0,0,1,16
825087,2026-05-18,SF,away,664141,JT Brubaker,1.6666666666666665,3,2,1,0,1,29
825087,2026-05-18,SF,away,621366,Ryan Borucki,2.0,2,0,0,0,1,22
825087,2026-05-18,SF,away,592662,Robbie Ray,4.333333333333333,11,10,9,2,1,84
822736,2026-05-19,WSH,home,663992,Richard Lovelady,1.0,0,0,0,0,1,10
822736,2026-05-19,WSH,home,695418,Brad Lord,3.0,2,1,1,0,3,40
822736,2026-05-19,WSH,home,656492,Foster Griffin,5.0,8,5,5,0,5,97
822736,2026-05-19,NYM,away,650960,Daniel Duarte,2.3333333333333335,1,0,0,0,1,28
822736,2026-05-19,NYM,away,690997,Nolan McLean,5.666666666666667,8,9,6,2,5,100
822979,2026-05-19,TB,home,668984,Casey Legumina,0.6666666666666666,0,0,0,1,1,16
822979,2026-05-19,TB,home,693855,Ian Seymour,1.3333333333333333,0,0,0,0,1,12
822979,2026-05-19,TB,home,687330,Kevin Kelly,1.0,1,0,0,0,0,10
822979,2026-05-19,TB,home,643377,Griffin Jax,5.0,3,1,1,1,6,62
822979,2026-05-19,TB,home,641329,Bryan Baker,1.0,0,0,0,0,1,10
822979,2026-05-19,BAL,away,669211,Keegan Akin,0.6666666666666666,1,0,0,0,1,18
822979,2026-05-19,BAL,away,670329,Rico Garcia,0.3333333333333333,2,1,1,0,1,13
822979,2026-05-19,BAL,away,680694,Kyle Bradish,5.333333333333333,4,2,2,3,6,102
822979,2026-05-19,BAL,away,689296,Anthony Nunez,0.6666666666666666,0,0,0,0,1,14
822979,2026-05-19,BAL,away,666974,Yennier Cano,1.0,0,1,1,0,1,15
823059,2026-05-19,STL,home,700669,Gordon Graceffo,1.3333333333333333,1,0,0,0,1,20
823059,2026-05-19,STL,home,668941,JoJo Romero,1.3333333333333333,1,0,0,0,2,29
823059,2026-05-19,STL,home,676617,Riley O'Brien,1.0,2,2,2,1,0,22
823059,2026-05-19,STL,home,666277,George Soriano,1.0,0,0,0,0,1,12
823059,2026-05-19,STL,home,669461,Matthew Liberatore,4.666666666666667,7,4,4,2,9,77
823059,2026-05-19,STL,home,592773,Ryne Stanek,0.6666666666666666,1,0,0,1,0,9
823059,2026-05-19,PIT,away,681895,Evan Sisk,1.0,2,1,1,2,0,18
823059,2026-05-19,PIT,away,642397,Gregory Soto,1.0,0,0,0,0,3,13
823059,2026-05-19,PIT,away,682254,Mason Montgomery,0.0,2,3,2,0,0,5
823059,2026-05-19,PIT,away,656605,Mitch Keller,5.666666666666667,4,4,4,1,3,83
823059,2026-05-19,PIT,away,684049,Brandan Bidois,1.3333333333333333,1,1,1,1,1,19
823136,2026-05-19,SEA,home,678606,José A. Ferrer,0.3333333333333333,0,0,0,0,1,4
823136,2026-05-19,SEA,home,622491,Luis Castillo,2.3333333333333335,1,2,2,2,4,54
823136,2026-05-19,SEA,home,662253,Andrés Muñoz,0.6666666666666666,2,0,0,0,2,11
823136,2026-05-19,SEA,home,682243,Bryce Miller,5.666666666666667,1,0,0,1,7,72
823136,2026-05-19,CWS,away,641743,Anthony Kay,5.333333333333333,1,1,1,3,5,89
823136,2026-05-19,CWS,away,691799,Grant Taylor,1.0,0,0,0,0,3,13
823136,2026-05-19,CWS,away,663542,Bryan Hudson,1.0,0,0,0,0,1,11
823136,2026-05-19,CWS,away,699823,Tyler Davis,1.6666666666666665,0,0,0,1,4,30
823302,2026-05-19,SD,home,695243,Mason Miller,0.6666666666666666,0,1,0,1,0,22
823302,2026-05-19,SD,home,656288,Griffin Canning,5.0,4,3,3,1,5,72
823302,2026-05-19,SD,home,699134,Bradgley Rodriguez,1.0,0,0,0,0,2,14
823302,2026-05-19,SD,home,669093,Jeremiah Estrada,1.0,1,1,1,0,1,18
823302,2026-05-19,SD,home,670970,Adrian Morejon,1.0,1,0,0,0,1,19
823302,2026-05-19,SD,home,676760,Ron Marinaccio,0.3333333333333333,0,0,0,0,1,5
823302,2026-05-19,LAD,away,681911,Alex Vesia,0.6666666666666666,0,0,0,0,0,7
823302,2026-05-19,LAD,away,683618,Edgardo Henriquez,1.3333333333333333,0,0,0,1,1,15
823302,2026-05-19,LAD,away,656945,Tanner Scott,1.3333333333333333,0,0,0,1,2,24
823302,2026-05-19,LAD,away,694361,Will Klein,1.0,0,0,0,0,1,10
823302,2026-05-19,LAD,away,686218,Emmet Sheehan,4.0,5,4,4,1,2,67
823302,2026-05-19,LAD,away,595014,Blake Treinen,0.6666666666666666,1,0,0,1,0,10
823464,2026-05-19,PHI,home,666200,Jesús Luzardo,6.0,5,2,2,2,5,95
823464,2026-05-19,PHI,home,680742,Jonathan Bowlan,0.6666666666666666,0,0,0,1,0,14
823464,2026-05-19,PHI,home,663767,Chase Shugart,2.0,0,0,0,1,3,26
823464,2026-05-19,PHI,home,621383,Tanner Banks,0.3333333333333333,2,2,2,1,0,12
823464,2026-05-19,CIN,away,572955,Pierce Johnson,1.0,0,0,0,1,2,23
823464,2026-05-19,CIN,away,663574,Tony Santillan,1.0,0,0,0,0,2,10
823464,2026-05-19,CIN,away,594580,Sam Moll,1.0,0,0,0,0,1,15
823464,2026-05-19,CIN,away,695505,Chase Burns,6.0,3,1,1,0,9,86
823548,2026-05-19,NYY,home,657612,Tim Hill,1.0,0,0,0,1,1,17
823548,2026-05-19,NYY,home,687396,Brent Headrick,1.3333333333333333,1,0,0,0,2,24
823548,2026-05-19,NYY,home,701542,Will Warren,5.0,6,3,3,1,3,86
823548,2026-05-19,NYY,home,656234,Jake Bird,0.6666666666666666,0,0,0,0,1,11
823548,2026-05-19,NYY,home,666808,Camilo Doval,1.0,2,1,1,1,0,22
823548,2026-05-19,TOR,away,695445,Chase Lee,0.3333333333333333,0,0,0,2,0,13
823548,2026-05-19,TOR,away,671936,Adam Macko,0.6666666666666666,1,0,0,0,1,14
823548,2026-05-19,TOR,away,686973,Louis Varland,1.0,0,0,0,0,1,6
823548,2026-05-19,TOR,away,656302,Dylan Cease,5.0,4,5,5,4,9,100
823548,2026-05-19,TOR,away,689254,Mason Fluharty,1.0,1,0,0,0,1,9
823704,2026-05-19,MIN,home,607455,Anthony Banda,1.0,0,0,0,0,0,16
823704,2026-05-19,MIN,home,701519,Travis Adams,2.0,0,0,0,0,1,19
823704,2026-05-19,MIN,home,805673,Zebby Matthews,6.0,5,2,2,0,6,100
823704,2026-05-19,HOU,away,650556,Bryan Abreu,0.3333333333333333,0,0,0,0,0,9
823704,2026-05-19,HOU,away,660853,Enyel De Los Santos,0.6666666666666666,2,1,1,0,0,8
823704,2026-05-19,HOU,away,595345,Steven Okert,1.0,0,0,0,0,3,17
823704,2026-05-19,HOU,away,687911,Bryan King,1.0,2,0,0,0,1,26
823704,2026-05-19,HOU,away,669920,Jason Alexander,6.0,4,0,0,1,4,80
823865,2026-05-19,MIA,home,669199,Lake Bachar,1.3333333333333333,2,1,1,0,2,24
823865,2026-05-19,MIA,home,666129,Braxton Garrett,3.0,3,2,2,3,2,65
823865,2026-05-19,MIA,home,676534,Calvin Faucher,0.6666666666666666,2,3,3,3,2,33
823865,2026-05-19,MIA,home,656848,Michael Petersen,1.3333333333333333,0,0,0,2,1,26
823865,2026-05-19,MIA,home,669622,Anthony Bender,1.3333333333333333,1,1,1,0,1,22
823865,2026-05-19,MIA,home,677053,Andrew Nardi,1.3333333333333333,2,1,1,0,3,20
823865,2026-05-19,ATL,away,669276,Dylan Lee,1.3333333333333333,2,0,0,0,2,25
823865,2026-05-19,ATL,away,663158,Robert Suarez,1.0,0,0,0,1,0,17
823865,2026-05-19,ATL,away,800311,Didier Fuentes,0.6666666666666666,0,0,0,1,0,17
823865,2026-05-19,ATL,away,628452,Raisel Iglesias,1.0,1,0,0,0,1,13
823865,2026-05-19,ATL,away,527048,Martín Pérez,5.0,5,4,4,2,10,78
824033,2026-05-19,LAA,home,696270,Ryan Johnson,2.0,4,5,5,1,0,34
824033,2026-05-19,LAA,home,820862,José Fermin,0.3333333333333333,1,0,0,1,0,15
824033,2026-05-19,LAA,home,672282,Reid Detmers,5.666666666666667,8,8,8,2,8,92
824033,2026-05-19,LAA,home,608718,Brent Suter,1.0,2,1,1,0,1,20
824033,2026-05-19,OAK,away,686993,Justin Sterner,0.3333333333333333,0,0,0,0,0,4
824033,2026-05-19,OAK,away,605130,Scott Barlow,1.0,0,0,0,0,0,10
824033,2026-05-19,OAK,away,682052,Jacob Lopez,3.6666666666666665,7,4,4,3,2,83
824033,2026-05-19,OAK,away,669270,Joel Kuhnel,1.0,1,0,0,0,2,15
824033,2026-05-19,OAK,away,663687,Hogan Harris,1.0,2,2,2,0,1,26
824033,2026-05-19,OAK,away,678022,Jack Perkins,2.0,1,0,0,0,0,22
824112,2026-05-19,KC,home,669212,Eli Morgan,1.0,7,4,4,0,0,26
824112,2026-05-19,KC,home,679883,Luinder Avila,3.0,1,0,0,1,3,51
824112,2026-05-19,KC,home,683232,Nick Mears,2.0,2,1,1,0,2,27
824112,2026-05-19,KC,home,663559,Bailey Falter,2.0,4,2,2,3,2,39
824112,2026-05-19,KC,home,670167,John Schreiber,1.0,1,0,0,0,2,18
824112,2026-05-19,BOS,away,677161,Zack Kelly,0.6666666666666666,1,0,0,0,0,8
824112,2026-05-19,BOS,away,676477,Garrett Whitlock,1.0,0,0,0,0,1,7
824112,2026-05-19,BOS,away,686580,Justin Slaten,1.0,0,0,0,0,2,12
824112,2026-05-19,BOS,away,624133,Ranger Suarez,4.333333333333333,4,1,1,3,3,81
824112,2026-05-19,BOS,away,701719,Tyler Samaniego,1.0,1,0,0,0,1,10
824112,2026-05-19,BOS,away,663558,Jovani Morán,1.0,0,0,0,0,3,17
824276,2026-05-19,DET,home,663947,Tyler Holton,2.0,1,1,1,0,2,22
824276,2026-05-19,DET,home,572143,Burch Smith,1.0,1,0,0,0,0,11
824276,2026-05-19,DET,home,672456,Keider Montero,5.0,2,3,3,4,1,85
824276,2026-05-19,DET,home,676684,Will Vest,1.0,0,0,0,0,1,12
824276,2026-05-19,CLE,away,670059,Colin Holderman,1.0,1,0,0,0,1,13
824276,2026-05-19,CLE,away,671922,Cade Smith,1.0,2,0,0,0,3,22
824276,2026-05-19,CLE,away,800048,Parker Messick,5.0,4,3,2,3,6,81
824276,2026-05-19,CLE,away,681870,Erik Sabrowski,1.0,0,0,0,1,2,15
824276,2026-05-19,CLE,away,683769,Hunter Gaddis,0.6666666666666666,0,0,0,1,0,10
824276,2026-05-19,CLE,away,682120,Tim Herrin,0.3333333333333333,0,0,0,1,1,12
824356,2026-05-19,COL,home,685299,Tanner Gordon,6.333333333333333,12,7,7,1,5,81
824356,2026-05-19,COL,home,664954,Brett Sullivan,1.0,0,0,0,1,0,12
824356,2026-05-19,COL,home,678020,Seth Halvorsen,1.0,2,1,1,2,0,25
824356,2026-05-19,COL,home,671111,Sammy Peralta,0.6666666666666666,2,2,2,2,1,23
824356,2026-05-19,TEX,away,677958,Kumar Rocker,7.666666666666667,3,0,0,3,7,103
824356,2026-05-19,TEX,away,641302,Tyler Alexander,1.0,0,0,0,0,1,16
824356,2026-05-19,TEX,away,656222,Jalen Beeks,0.3333333333333333,0,0,0,0,0,3
824677,2026-05-19,CHC,home,573204,Caleb Thielbar,1.0,1,0,0,0,0,22
824677,2026-05-19,CHC,home,657097,Jacob Webb,1.0,2,0,0,0,0,16
824677,2026-05-19,CHC,home,663423,Trent Thornton,1.0,1,2,2,1,0,20
824677,2026-05-19,CHC,home,664208,Phil Maton,1.0,0,0,0,0,1,12
824677,2026-05-19,CHC,home,676962,Ben Brown,5.0,7,3,3,2,6,82
824677,2026-05-19,MIL,away,694477,Chad Patrick,0.3333333333333333,0,0,0,0,0,3
824677,2026-05-19,MIL,away,682842,Abner Uribe,1.0,0,0,0,0,1,14
824677,2026-05-19,MIL,away,676879,Aaron Ashby,0.6666666666666666,3,2,1,1,2,26
824677,2026-05-19,MIL,away,694819,Jacob Misiorowski,6.0,3,0,0,1,8,74
824677,2026-05-19,MIL,away,656730,Trevor Megill,1.0,0,0,0,0,2,15
825086,2026-05-19,ARI,home,656464,Kevin Ginkel,1.0,0,0,0,1,3,19
825086,2026-05-19,ARI,home,642528,Jonathan Loáisiga,1.0,0,0,0,0,0,10
825086,2026-05-19,ARI,home,669194,Ryne Nelson,7.0,8,3,3,2,3,88
825086,2026-05-19,SF,away,676775,Keaton Winn,1.0,0,0,0,1,1,14
825086,2026-05-19,SF,away,668873,Caleb Kilian,1.3333333333333333,2,3,2,0,1,25
825086,2026-05-19,SF,away,669062,Erik Miller,0.3333333333333333,0,0,0,3,0,21
825086,2026-05-19,SF,away,694738,Landen Roupp,6.0,7,1,1,0,3,91
825086,2026-05-19,SF,away,657424,Matt Gage,0.0,1,1,1,0,0,2
822735,2026-05-20,WSH,home,641793,Zack Littell,5.0,5,2,2,0,3,60
822735,2026-05-20,WSH,home,674841,Andrew Alvarez,4.0,2,2,2,1,5,56
822735,2026-05-20,NYM,away,681810,Austin Warren,1.0,4,2,2,0,0,22
822735,2026-05-20,NYM,away,518886,Craig Kimbrel,2.6666666666666665,2,2,2,0,2,32
822735,2026-05-20,NYM,away,804267,Zach Thornton,4.333333333333333,4,4,4,2,3,80
822977,2026-05-20,TB,home,571927,Steven Matz,4.0,3,1,1,2,5,67
822977,2026-05-20,TB,home,693855,Ian Seymour,1.0,0,0,0,0,0,9
822977,2026-05-20,TB,home,669947,Jesse Scholtens,4.0,6,2,2,1,4,60
822977,2026-05-20,BAL,away,669330,Tyler Wells,1.0,0,0,0,0,0,17
822977,2026-05-20,BAL,away,670329,Rico Garcia,0.3333333333333333,1,0,0,0,0,6
822977,2026-05-20,BAL,away,669358,Shane Baz,6.0,2,1,1,3,6,94
822977,2026-05-20,BAL,away,689296,Anthony Nunez,0.6666666666666666,3,4,4,1,0,26
823057,2026-05-20,STL,home,700241,Michael McGreevy,5.0,10,3,3,1,1,91
823057,2026-05-20,STL,home,694335,Matt Svanson,0.6666666666666666,5,4,4,0,1,27
823057,2026-05-20,STL,home,690155,Matt Pushard,1.3333333333333333,0,0,0,2,2,35
823057,2026-05-20,STL,home,677865,Justin Bruihl,2.0,0,0,0,0,2,23
823057,2026-05-20,PIT,away,681895,Evan Sisk,1.0,0,0,0,0,1,15
823057,2026-05-20,PIT,away,670990,Yohan Ramírez,1.0,1,0,0,1,1,24
823057,2026-05-20,PIT,away,669387,Carmen Mlodzinski,5.0,4,0,0,1,1,95
823057,2026-05-20,PIT,away,642701,Dennis Santana,1.0,0,0,0,0,1,11
823057,2026-05-20,PIT,away,664875,Justin Lawrence,1.0,0,0,0,0,2,16
823134,2026-05-20,SEA,home,678606,José A. Ferrer,1.0,1,1,1,0,3,19
823134,2026-05-20,SEA,home,666374,Matt Brash,1.0,1,0,0,0,2,17
823134,2026-05-20,SEA,home,681867,Cooper Criswell,1.0,2,0,0,0,1,17
823134,2026-05-20,SEA,home,660825,Eduard Bazardo,1.0,2,1,0,1,1,23
823134,2026-05-20,SEA,home,676106,Emerson Hancock,5.0,5,2,2,3,4,86
823134,2026-05-20,CWS,away,685126,Brandon Eisert,1.0,0,0,0,1,1,14
823134,2026-05-20,CWS,away,680732,Sean Burke,4.666666666666667,4,2,2,3,5,83
823134,2026-05-20,CWS,away,656794,Sean Newcomb,2.0,2,2,2,0,1,21
823134,2026-05-20,CWS,away,663855,Jordan Hicks,0.3333333333333333,1,1,1,0,0,5
823299,2026-05-20,SD,home,673513,Yuki Matsui,1.3333333333333333,1,0,0,2,2,33
823299,2026-05-20,SD,home,593974,Wandy Peralta,1.6666666666666665,1,0,0,1,0,23
823299,2026-05-20,SD,home,676760,Ron Marinaccio,1.6666666666666665,2,1,1,0,1,29
823299,2026-05-20,SD,home,681190,Randy Vásquez,4.333333333333333,6,3,3,3,0,74
823299,2026-05-20,LAD,away,683618,Edgardo Henriquez,1.0,0,0,0,0,1,11
823299,2026-05-20,LAD,away,669165,Kyle Hurt,1.0,2,0,0,0,1,11
823299,2026-05-20,LAD,away,660271,Shohei Ohtani,5.0,3,0,0,2,4,88
823299,2026-05-20,LAD,away,694361,Will Klein,1.0,0,0,0,0,1,11
823299,2026-05-20,LAD,away,595014,Blake Treinen,1.0,0,0,0,0,1,12
823462,2026-05-20,PHI,home,621237,José Alvarado,1.0,2,2,2,0,1,17
823462,2026-05-20,PHI,home,689147,Orion Kerkering,0.6666666666666666,2,1,1,0,2,23
823462,2026-05-20,PHI,home,641835,Tim Mayza,1.3333333333333333,3,2,2,0,2,28
823462,2026-05-20,PHI,home,605400,Aaron Nola,5.0,8,4,4,0,5,77
823462,2026-05-20,PHI,home,641745,Brad Keller,1.0,0,0,0,0,0,15
823462,2026-05-20,CIN,away,683175,Connor Phillips,1.0,0,0,0,0,1,17
823462,2026-05-20,CIN,away,668933,Graham Ashcraft,1.0,0,0,0,0,2,10
823462,2026-05-20,CIN,away,594580,Sam Moll,1.0,1,0,0,0,1,14
823462,2026-05-20,CIN,away,656271,Brock Burke,0.6666666666666666,2,2,2,0,0,9
823462,2026-05-20,CIN,away,671096,Andrew Abbott,5.333333333333333,3,2,1,3,3,96
823547,2026-05-20,NYY,home,656234,Jake Bird,1.0,0,0,0,0,1,10
823547,2026-05-20,NYY,home,693645,Cam Schlittler,6.0,8,2,2,2,7,106
823547,2026-05-20,NYY,home,672442,Yovanny Cruz,2.0,0,0,0,0,3,15
823547,2026-05-20,TOR,away,686973,Louis Varland,1.0,2,1,1,0,2,24
823547,2026-05-20,TOR,away,656546,Jeff Hoffman,0.6666666666666666,0,0,0,0,0,8
823547,2026-05-20,TOR,away,702056,Trey Yesavage,6.0,2,0,0,0,8,95
823547,2026-05-20,TOR,away,689254,Mason Fluharty,0.3333333333333333,2,0,0,0,0,8
823547,2026-05-20,TOR,away,643511,Tyler Rogers,1.0,0,0,0,0,1,10
823703,2026-05-20,MIN,home,672782,Yoendrys Gómez,2.0,1,0,0,0,5,36
823703,2026-05-20,MIN,home,657746,Joe Ryan,6.0,4,1,1,0,9,99
823703,2026-05-20,MIN,home,702193,Andrew Morris,1.0,0,0,0,0,1,10
823703,2026-05-20,HOU,away,805123,AJ Blubaugh,1.0,0,0,0,0,1,13
823703,2026-05-20,HOU,away,681347,Mike Burrows,6.0,6,4,4,3,2,88
823703,2026-05-20,HOU,away,663878,Nate Pearson,1.0,0,0,0,0,0,11
823866,2026-05-20,MIA,home,663969,Tyler Phillips,3.0,2,1,0,1,2,43
823866,2026-05-20,MIA,home,691594,Javier Sanoja,1.0,1,0,0,0,1,13
823866,2026-05-20,MIA,home,676083,Janson Junk,5.0,8,8,8,0,3,86
823866,2026-05-20,ATL,away,682989,Victor Mederos,2.0,0,0,0,1,0,25
823866,2026-05-20,ATL,away,519242,Chris Sale,7.0,4,1,1,0,8,96
824032,2026-05-20,LAA,home,681217,Chase Silseth,1.0,1,1,0,1,2,15
824032,2026-05-20,LAA,home,686799,Jack Kochanowicz,6.0,3,3,3,4,7,94
824032,2026-05-20,LAA,home,696147,Sam Bachman,1.6666666666666665,1,0,0,0,1,14
824032,2026-05-20,LAA,home,666171,Ryan Zeferjahn,0.3333333333333333,0,1,1,0,0,11
824032,2026-05-20,LAA,home,642048,Tayler Saucedo,0.3333333333333333,0,0,0,0,0,3
824032,2026-05-20,LAA,home,489446,Kirby Yates,0.6666666666666666,1,1,1,1,1,20
824032,2026-05-20,OAK,away,605130,Scott Barlow,1.0,0,0,0,0,1,18
824032,2026-05-20,OAK,away,650644,Aaron Civale,5.0,5,5,5,2,2,61
824032,2026-05-20,OAK,away,663687,Hogan Harris,1.0,0,0,0,2,1,14
824032,2026-05-20,OAK,away,665622,Luis Medina,2.0,1,0,0,0,2,34
824032,2026-05-20,OAK,away,643410,Mark Leiter Jr.,1.0,0,0,0,0,1,11
824111,2026-05-20,KC,home,663738,Daniel Lynch IV,1.0,2,0,0,1,0,32
824111,2026-05-20,KC,home,608379,Michael Wacha,6.0,6,2,1,2,8,105
824111,2026-05-20,KC,home,656638,Alex Lange,1.3333333333333333,1,0,0,0,1,21
824111,2026-05-20,KC,home,674444,Steven Cruz,0.6666666666666666,2,2,2,0,1,18
824111,2026-05-20,BOS,away,813349,Connelly Early,6.333333333333333,6,3,3,1,5,93
824111,2026-05-20,BOS,away,669711,Greg Weissert,1.3333333333333333,1,0,0,0,1,21
824111,2026-05-20,BOS,away,663558,Jovani Morán,0.3333333333333333,0,0,0,0,1,4
824111,2026-05-20,BOS,away,547973,Aroldis Chapman,1.0,1,0,0,0,1,16
824273,2026-05-20,DET,home,676428,Brant Hurter,1.3333333333333333,0,0,0,1,0,9
824273,2026-05-20,DET,home,623454,Drew Anderson,4.666666666666667,2,0,0,2,7,63
824273,2026-05-20,DET,home,663947,Tyler Holton,1.0,2,2,1,0,1,18
824273,2026-05-20,DET,home,640448,Kyle Finnegan,1.0,2,0,0,0,1,12
824273,2026-05-20,DET,home,445276,Kenley Jansen,1.0,0,0,0,1,1,18
824273,2026-05-20,DET,home,676684,Will Vest,1.0,2,1,1,0,1,20
824273,2026-05-20,CLE,away,670059,Colin Holderman,0.6666666666666666,0,0,0,0,2,11
824273,2026-05-20,CLE,away,671922,Cade Smith,1.0,1,1,0,0,1,14
824273,2026-05-20,CLE,away,681870,Erik Sabrowski,0.3333333333333333,0,0,0,2,1,13
824273,2026-05-20,CLE,away,676440,Tanner Bibee,8.0,4,1,1,1,5,104
824355,2026-05-20,COL,home,607536,Kyle Freeland,4.666666666666667,7,3,3,2,4,89
824355,2026-05-20,COL,home,657514,Brennan Bernardino,0.3333333333333333,2,2,0,0,1,14
824355,2026-05-20,COL,home,675848,Juan Mejia,0.6666666666666666,1,0,0,0,1,12
824355,2026-05-20,COL,home,622608,Antonio Senzatela,2.0,2,0,0,0,1,21
824355,2026-05-20,COL,home,677955,Jaden Hill,1.3333333333333333,1,0,0,0,0,17
824355,2026-05-20,TEX,away,641302,Tyler Alexander,1.0,0,0,0,0,2,14
824355,2026-05-20,TEX,away,683004,Jack Leiter,5.0,7,4,4,2,5,83
824355,2026-05-20,TEX,away,656641,Jacob Latz,2.0,1,0,0,0,4,35
824355,2026-05-20,TEX,away,596001,Jakob Junis,1.0,0,0,0,0,0,11
824678,2026-05-20,CHC,home,694037,Daniel Palencia,0.6666666666666666,2,0,0,1,2,24
824678,2026-05-20,CHC,home,571948,Hoby Milner,1.3333333333333333,0,0,0,0,1,16
824678,2026-05-20,CHC,home,665795,Edward Cabrera,3.0,4,4,1,2,2,61
824678,2026-05-20,CHC,home,669020,Ryan Rolison,1.6666666666666665,0,0,0,0,1,20
824678,2026-05-20,CHC,home,663423,Trent Thornton,1.6666666666666665,0,0,0,0,2,18
824678,2026-05-20,CHC,home,664208,Phil Maton,0.6666666666666666,2,1,1,1,1,16
824678,2026-05-20,MIL,away,690986,Kyle Harrison,7.0,2,0,0,1,11,94
824678,2026-05-20,MIL,away,669084,DL Hall,2.0,0,0,0,1,2,27
825084,2026-05-20,ARI,home,694297,Brandon Pfaadt,1.0,0,0,0,0,0,9
825084,2026-05-20,ARI,home,518876,Merrill Kelly,6.0,8,3,3,0,4,85
825084,2026-05-20,ARI,home,623149,Paul Sewald,1.0,0,0,0,0,1,13
825084,2026-05-20,ARI,home,664199,Taylor Clarke,0.3333333333333333,0,0,0,0,0,6
825084,2026-05-20,ARI,home,805299,Brandyn Garcia,0.6666666666666666,0,0,0,1,0,9
825084,2026-05-20,SF,away,641816,Tyler Mahle,5.0,8,6,6,0,6,79
825084,2026-05-20,SF,away,676775,Keaton Winn,1.0,0,0,0,0,3,11
825084,2026-05-20,SF,away,656529,Sam Hentges,1.3333333333333333,0,0,0,1,0,16
825084,2026-05-20,SF,away,666711,Joel Peguero,0.6666666666666666,1,0,0,0,1,12
822733,2026-05-21,WSH,home,690925,Clayton Beeter,1.0,0,0,0,1,2,20
822733,2026-05-21,WSH,home,676917,Cade Cavalli,7.0,4,2,2,1,9,84
822733,2026-05-21,WSH,home,687377,Orlando Ribalta,1.0,2,0,0,0,1,24
822733,2026-05-21,NYM,away,623211,Huascar Brazobán,1.0,0,0,0,0,0,9
822733,2026-05-21,NYM,away,596133,Luke Weaver,1.0,0,0,0,1,1,17
822733,2026-05-21,NYM,away,642207,Devin Williams,1.0,1,0,0,0,1,12
822733,2026-05-21,NYM,away,656849,David Peterson,5.0,4,1,1,3,3,82
822733,2026-05-21,NYM,away,548384,Brooks Raley,1.0,0,0,0,0,2,14
823056,2026-05-21,STL,home,694335,Matt Svanson,1.3333333333333333,1,0,0,0,1,19
823056,2026-05-21,STL,home,690155,Matt Pushard,1.0,0,0,0,0,1,7
823056,2026-05-21,STL,home,700669,Gordon Graceffo,0.6666666666666666,0,0,0,0,0,2
823056,2026-05-21,STL,home,677865,Justin Bruihl,0.6666666666666666,3,2,2,0,0,16
823056,2026-05-21,STL,home,669160,Dustin May,5.333333333333333,6,4,4,2,7,91
823056,2026-05-21,PIT,away,682254,Mason Montgomery,1.0,1,0,0,0,0,8
823056,2026-05-21,PIT,away,696062,Wilber Dotel,1.0,3,1,1,0,2,30
823056,2026-05-21,PIT,away,677952,Braxton Ashcraft,7.0,4,1,1,2,9,98
823545,2026-05-21,NYY,home,621112,Paul Blackburn,2.0,2,0,0,0,2,22
823545,2026-05-21,NYY,home,607074,Carlos Rodón,5.0,3,1,1,3,7,95
823545,2026-05-21,NYY,home,687396,Brent Headrick,1.0,0,0,0,0,1,12
823545,2026-05-21,NYY,home,666808,Camilo Doval,0.6666666666666666,1,1,1,0,0,11
823545,2026-05-21,NYY,home,672442,Yovanny Cruz,0.3333333333333333,1,0,0,0,0,11
823545,2026-05-21,TOR,away,693686,Spencer Miles,4.333333333333333,2,0,0,1,6,63
823545,2026-05-21,TOR,away,671936,Adam Macko,1.3333333333333333,1,0,0,0,2,20
823545,2026-05-21,TOR,away,656546,Jeff Hoffman,1.0,0,0,0,0,2,12
823545,2026-05-21,TOR,away,680755,Braydon Fisher,1.3333333333333333,0,0,0,1,4,23
823545,2026-05-21,TOR,away,643511,Tyler Rogers,1.0,0,0,0,1,0,8
823864,2026-05-21,MIA,home,664126,Pete Fairbanks,1.0,1,1,1,0,2,20
823864,2026-05-21,MIA,home,645261,Sandy Alcantara,6.0,9,6,6,0,3,94
823864,2026-05-21,MIA,home,806188,Cade Gibson,2.0,3,2,2,1,4,50
823864,2026-05-21,ATL,away,675911,Spencer Strider,6.333333333333333,4,3,3,2,9,100
823864,2026-05-21,ATL,away,689266,Dylan Dodd,1.0,1,0,0,0,2,13
823864,2026-05-21,ATL,away,669276,Dylan Lee,0.6666666666666666,1,0,0,0,1,7
823864,2026-05-21,ATL,away,663158,Robert Suarez,1.0,0,0,0,0,1,11
824031,2026-05-21,LAA,home,681217,Chase Silseth,0.3333333333333333,0,0,0,0,0,5
824031,2026-05-21,LAA,home,667755,José Soriano,6.666666666666667,6,2,2,1,7,103
824031,2026-05-21,LAA,home,820862,José Fermin,1.0,1,0,0,2,1,24
824031,2026-05-21,LAA,home,666171,Ryan Zeferjahn,1.0,0,1,0,2,0,19
824031,2026-05-21,LAA,home,489446,Kirby Yates,1.0,0,0,0,1,1,21
824031,2026-05-21,OAK,away,622663,Luis Severino,7.0,3,2,2,0,10,97
824031,2026-05-21,OAK,away,686993,Justin Sterner,1.0,0,0,0,0,1,12
824031,2026-05-21,OAK,away,669270,Joel Kuhnel,1.0,1,0,0,1,0,22
824031,2026-05-21,OAK,away,643410,Mark Leiter Jr.,1.0,1,0,0,0,1,11
824274,2026-05-21,DET,home,663554,Casey Mize,6.666666666666667,4,2,2,0,4,95
824274,2026-05-21,DET,home,572143,Burch Smith,0.6666666666666666,2,1,1,1,1,27
824274,2026-05-21,DET,home,646241,Enmanuel De Jesus,1.6666666666666665,0,0,0,0,2,25
824274,2026-05-21,CLE,away,542888,Shawn Armstrong,0.6666666666666666,0,0,0,1,2,16
824274,2026-05-21,CLE,away,676051,Codi Heuer,0.6666666666666666,0,0,0,0,1,9
824274,2026-05-21,CLE,away,670036,Matt Festa,0.3333333333333333,1,0,0,0,1,5
824274,2026-05-21,CLE,away,676282,Joey Cantillo,5.666666666666667,3,0,0,3,6,98
824274,2026-05-21,CLE,away,683769,Hunter Gaddis,1.0,1,0,0,0,2,16
824274,2026-05-21,CLE,away,682120,Tim Herrin,0.6666666666666666,1,1,1,0,1,10
825083,2026-05-21,ARI,home,593958,Eduardo Rodriguez,7.0,4,0,0,1,4,99
825083,2026-05-21,ARI,home,666661,Juan Morillo,0.3333333333333333,2,1,1,1,1,23
825083,2026-05-21,ARI,home,656464,Kevin Ginkel,0.6666666666666666,0,0,0,0,0,9
825083,2026-05-21,ARI,home,623149,Paul Sewald,1.0,0,0,0,0,1,6
825083,2026-05-21,COL,away,680604,Blas Castaño,2.0,2,1,1,3,1,41
825083,2026-05-21,COL,away,675848,Juan Mejia,0.6666666666666666,1,1,1,2,1,26
825083,2026-05-21,COL,away,688642,Zach Agnos,5.0,1,0,0,1,4,71
825083,2026-05-21,COL,away,678020,Seth Halvorsen,1.0,0,0,0,2,2,19
822816,2026-05-22,TOR,home,686973,Louis Varland,2.0,0,0,0,0,3,31
822816,2026-05-22,TOR,home,592332,Kevin Gausman,6.666666666666667,6,1,1,1,8,94
822816,2026-05-22,TOR,home,689254,Mason Fluharty,0.3333333333333333,1,1,1,1,0,8
822816,2026-05-22,PIT,away,696149,Bubba Chandler,5.0,2,3,1,3,11,99
822816,2026-05-22,PIT,away,642701,Dennis Santana,1.0,3,3,3,1,2,31
822816,2026-05-22,PIT,away,664875,Justin Lawrence,1.0,0,0,0,2,1,20
822816,2026-05-22,PIT,away,684049,Brandan Bidois,1.0,0,0,0,1,1,20
823223,2026-05-22,SF,home,664141,JT Brubaker,3.0,0,0,0,2,1,41
823223,2026-05-22,SF,home,686790,Trevor McDonald,3.6666666666666665,3,7,7,1,4,66
823223,2026-05-22,SF,home,621366,Ryan Borucki,1.3333333333333333,2,2,1,1,2,37
823223,2026-05-22,SF,home,669062,Erik Miller,1.0,0,0,0,1,2,19
823223,2026-05-22,CWS,away,663436,Davis Martin,5.666666666666667,6,4,4,2,7,98
823223,2026-05-22,CWS,away,685126,Brandon Eisert,1.0,0,0,0,1,2,13
823223,2026-05-22,CWS,away,670950,Trevor Richards,1.0,0,0,0,0,2,10
823223,2026-05-22,CWS,away,699823,Tyler Davis,1.3333333333333333,1,0,0,0,1,20
823298,2026-05-22,SD,home,621111,Walker Buehler,5.0,5,3,3,4,4,85
823298,2026-05-22,SD,home,592094,Jason Adam,1.0,1,0,0,0,0,9
823298,2026-05-22,SD,home,699134,Bradgley Rodriguez,0.6666666666666666,2,0,0,1,0,18
823298,2026-05-22,SD,home,669093,Jeremiah Estrada,1.0,0,0,0,0,1,9
823298,2026-05-22,SD,home,670970,Adrian Morejon,1.3333333333333333,0,0,0,0,3,18
823298,2026-05-22,OAK,away,660761,José Suarez,0.3333333333333333,0,0,0,0,0,4
823298,2026-05-22,OAK,away,678022,Jack Perkins,1.3333333333333333,4,3,3,0,2,23
823298,2026-05-22,OAK,away,605488,Jeffrey Springs,6.333333333333333,3,4,4,3,3,95
823461,2026-05-22,PHI,home,650911,Cristopher Sánchez,8.0,4,0,0,2,6,96
823461,2026-05-22,PHI,home,661395,Jhoan Duran,1.0,2,1,1,0,1,14
823461,2026-05-22,CLE,away,671922,Cade Smith,1.0,0,0,0,0,1,8
823461,2026-05-22,CLE,away,668909,Gavin Williams,8.0,4,0,0,0,11,99
823546,2026-05-22,NYY,home,657612,Tim Hill,0.0,3,4,3,1,0,11
823546,2026-05-22,NYY,home,687396,Brent Headrick,0.3333333333333333,2,0,0,0,0,11
823546,2026-05-22,NYY,home,518585,Fernando Cruz,0.6666666666666666,0,0,0,0,2,8
823546,2026-05-22,NYY,home,666808,Camilo Doval,1.0,0,0,0,0,0,7
823546,2026-05-22,NYY,home,670280,David Bednar,1.0,1,0,0,0,3,20
823546,2026-05-22,NYY,home,543037,Gerrit Cole,6.0,2,0,0,3,2,72
823546,2026-05-22,TB,away,607259,Nick Martinez,6.0,9,1,1,1,1,94
823546,2026-05-22,TB,away,693855,Ian Seymour,1.6666666666666665,2,1,1,0,2,29
823546,2026-05-22,TB,away,687330,Kevin Kelly,0.3333333333333333,0,0,0,0,0,4
823546,2026-05-22,TB,away,641329,Bryan Baker,1.0,0,0,0,1,1,19
823788,2026-05-22,MIL,home,694477,Chad Patrick,1.3333333333333333,0,0,0,0,0,22
823788,2026-05-22,MIL,home,701656,Logan Henderson,5.0,2,0,0,3,7,85
823788,2026-05-22,MIL,home,675660,Shane Drohan,1.3333333333333333,1,1,0,2,2,39
823788,2026-05-22,MIL,home,676879,Aaron Ashby,1.3333333333333333,0,0,0,1,0,32
823788,2026-05-22,LAD,away,680736,Justin Wrobleski,5.0,8,5,5,2,4,100
823788,2026-05-22,LAD,away,642546,Jonathan Hernández,1.0,0,0,0,0,0,9
823788,2026-05-22,LAD,away,801434,Paul Gervase,2.0,1,0,0,1,0,21
823863,2026-05-22,MIA,home,664126,Pete Fairbanks,1.0,0,0,0,1,2,20
823863,2026-05-22,MIA,home,656848,Michael Petersen,0.6666666666666666,1,0,0,0,1,13
823863,2026-05-22,MIA,home,677053,Andrew Nardi,1.0,0,0,0,0,2,13
823863,2026-05-22,MIA,home,691587,Eury Pérez,6.333333333333333,2,1,1,0,5,86
823863,2026-05-22,NYM,away,640455,Sean Manaea,3.6666666666666665,4,1,1,0,3,65
823863,2026-05-22,NYM,away,668964,Tobias Myers,1.3333333333333333,1,1,1,1,0,20
823863,2026-05-22,NYM,away,804636,Jonah Tong,3.0,0,0,0,1,2,28
824029,2026-05-22,LAA,home,815083,Mitch Farris,1.0,1,1,1,0,1,9
824029,2026-05-22,LAA,home,680570,Grayson Rodriguez,5.666666666666667,7,4,4,2,5,97
824029,2026-05-22,LAA,home,696147,Sam Bachman,1.0,1,0,0,0,0,11
824029,2026-05-22,LAA,home,642048,Tayler Saucedo,0.3333333333333333,1,0,0,0,0,3
824029,2026-05-22,LAA,home,608718,Brent Suter,1.0,1,1,1,1,0,19
824029,2026-05-22,TEX,away,656222,Jalen Beeks,1.0,1,1,1,0,0,11
824029,2026-05-22,TEX,away,615698,Cal Quantrill,3.0,3,0,0,1,0,39
824029,2026-05-22,TEX,away,594798,Jacob deGrom,3.0,6,6,6,3,3,65
824029,2026-05-22,TEX,away,455119,Chris Martin,1.0,3,2,2,0,0,16
824110,2026-05-22,KC,home,669212,Eli Morgan,1.0,0,0,0,0,0,14
824110,2026-05-22,KC,home,683232,Nick Mears,1.0,1,2,2,1,0,17
824110,2026-05-22,KC,home,702070,Noah Cameron,6.0,4,0,0,2,8,96
824110,2026-05-22,KC,home,656638,Alex Lange,1.0,0,0,0,0,0,11
824110,2026-05-22,SEA,away,666374,Matt Brash,1.0,2,0,0,0,1,28
824110,2026-05-22,SEA,away,669302,Logan Gilbert,5.666666666666667,2,0,0,2,6,94
824110,2026-05-22,SEA,away,662253,Andrés Muñoz,1.0,0,0,0,0,0,16
824110,2026-05-22,SEA,away,660825,Eduard Bazardo,1.3333333333333333,0,0,0,0,3,25
824679,2026-05-22,CHC,home,571948,Hoby Milner,0.3333333333333333,1,0,0,0,0,8
824679,2026-05-22,CHC,home,681799,Ethan Roberts,2.0,0,0,0,1,2,32
824679,2026-05-22,CHC,home,592791,Jameson Taillon,4.666666666666667,8,4,4,1,5,90
824679,2026-05-22,CHC,home,657097,Jacob Webb,1.0,0,0,0,0,2,15
824679,2026-05-22,CHC,home,664208,Phil Maton,1.0,0,0,0,2,1,22
824679,2026-05-22,HOU,away,650556,Bryan Abreu,0.6666666666666666,0,0,0,1,0,14
824679,2026-05-22,HOU,away,660853,Enyel De Los Santos,1.6666666666666665,0,0,0,0,1,19
824679,2026-05-22,HOU,away,595345,Steven Okert,0.3333333333333333,2,2,2,0,0,6
824679,2026-05-22,HOU,away,687911,Bryan King,1.3333333333333333,0,0,0,0,0,17
824679,2026-05-22,HOU,away,681293,Spencer Arrighetti,5.0,2,0,0,4,5,89
824761,2026-05-22,BOS,home,594027,Tyron Guerrero,1.0,0,0,0,1,1,16
824761,2026-05-22,BOS,home,669711,Greg Weissert,1.3333333333333333,1,0,0,0,0,23
824761,2026-05-22,BOS,home,686580,Justin Slaten,0.6666666666666666,4,4,4,1,1,28
824761,2026-05-22,BOS,home,701719,Tyler Samaniego,0.0,1,1,0,0,0,6
824761,2026-05-22,BOS,home,801139,Payton Tolle,6.0,4,3,3,2,9,85
824761,2026-05-22,MIN,away,607455,Anthony Banda,1.3333333333333333,0,0,0,0,1,14
824761,2026-05-22,MIN,away,687570,Connor Prielipp,4.0,7,6,5,3,1,85
824761,2026-05-22,MIN,away,701519,Travis Adams,2.0,0,0,0,1,3,29
824761,2026-05-22,MIN,away,672782,Yoendrys Gómez,1.0,0,0,0,0,1,13
824761,2026-05-22,MIN,away,679358,Eric Orze,0.6666666666666666,0,0,0,1,1,14
824842,2026-05-22,BAL,home,669211,Keegan Akin,1.0,1,1,1,0,2,18
824842,2026-05-22,BAL,home,669330,Tyler Wells,1.0,0,0,0,0,1,13
824842,2026-05-22,BAL,home,670329,Rico Garcia,0.6666666666666666,0,0,0,0,1,8
824842,2026-05-22,BAL,home,605135,Chris Bassitt,4.333333333333333,6,3,3,0,4,58
824842,2026-05-22,BAL,home,689296,Anthony Nunez,1.0,0,0,0,0,2,17
824842,2026-05-22,BAL,home,666974,Yennier Cano,1.0,0,0,0,0,2,12
824842,2026-05-22,DET,away,676428,Brant Hurter,1.3333333333333333,1,0,0,1,2,17
824842,2026-05-22,DET,away,640448,Kyle Finnegan,1.3333333333333333,1,0,0,2,0,26
824842,2026-05-22,DET,away,656427,Jack Flaherty,3.3333333333333335,8,6,3,0,7,78
824842,2026-05-22,DET,away,657756,Connor Seabold,1.0,3,1,1,0,0,34
824842,2026-05-22,DET,away,646241,Enmanuel De Jesus,1.0,1,0,0,0,1,16
824922,2026-05-22,ATL,home,669276,Dylan Lee,1.0,1,2,1,1,0,21
824922,2026-05-22,ATL,home,663158,Robert Suarez,1.0,2,1,1,0,0,20
824922,2026-05-22,ATL,home,800311,Didier Fuentes,1.0,2,0,0,0,1,27
824922,2026-05-22,ATL,home,641755,Tyler Kinley,1.0,0,0,0,0,2,11
824922,2026-05-22,ATL,home,628452,Raisel Iglesias,1.0,0,0,0,0,1,10
824922,2026-05-22,ATL,home,693821,Bryce Elder,6.0,5,1,1,1,4,87
824922,2026-05-22,WSH,away,571945,Miles Mikolas,5.0,3,0,0,0,3,66
824922,2026-05-22,WSH,away,663992,Richard Lovelady,1.0,1,0,0,0,0,12
824922,2026-05-22,WSH,away,690925,Clayton Beeter,1.0,0,0,0,0,2,17
824922,2026-05-22,WSH,away,687377,Orlando Ribalta,1.0,2,2,1,2,0,23
824922,2026-05-22,WSH,away,681402,Gus Varland,1.0,1,0,0,0,1,12
824922,2026-05-22,WSH,away,680730,Mitchell Parker,1.0,3,2,2,1,1,31
824922,2026-05-22,WSH,away,687606,Paxton Schultz,0.6666666666666666,1,1,0,0,1,14
825082,2026-05-22,ARI,home,666661,Juan Morillo,0.6666666666666666,1,1,1,1,1,27
825082,2026-05-22,ARI,home,647336,Michael Soroka,6.0,4,1,1,0,2,78
825082,2026-05-22,ARI,home,664199,Taylor Clarke,0.6666666666666666,1,0,0,1,0,17
825082,2026-05-22,ARI,home,657044,Ryan Thompson,1.3333333333333333,3,1,1,0,1,31
825082,2026-05-22,ARI,home,805299,Brandyn Garcia,0.3333333333333333,0,0,0,0,0,2
825082,2026-05-22,COL,away,657514,Brennan Bernardino,0.6666666666666666,1,0,0,0,0,8
825082,2026-05-22,COL,away,608372,Tomoyuki Sugano,6.666666666666667,6,2,2,1,3,97
825082,2026-05-22,COL,away,622608,Antonio Senzatela,1.6666666666666665,0,0,0,0,0,18
822814,2026-05-23,TOR,home,671936,Adam Macko,0.3333333333333333,0,0,0,0,0,10
822814,2026-05-23,TOR,home,656546,Jeff Hoffman,1.0,0,0,0,0,3,13
822814,2026-05-23,TOR,home,684320,Yariel Rodríguez,0.6666666666666666,0,1,0,2,0,20
822814,2026-05-23,TOR,home,680755,Braydon Fisher,1.0,0,0,0,1,2,14
822814,2026-05-23,TOR,home,571578,Patrick Corbin,6.0,5,1,1,0,7,84
822814,2026-05-23,PIT,away,694973,Paul Skenes,5.0,9,4,4,1,2,98
822814,2026-05-23,PIT,away,681895,Evan Sisk,1.3333333333333333,0,0,0,0,1,9
822814,2026-05-23,PIT,away,670990,Yohan Ramírez,1.6666666666666665,2,1,1,0,1,19
823222,2026-05-23,SF,home,656529,Sam Hentges,1.0,0,0,0,1,2,16
823222,2026-05-23,SF,home,666711,Joel Peguero,2.0,2,0,0,0,1,29
823222,2026-05-23,SF,home,605288,Adrian Houser,4.666666666666667,7,3,3,0,5,79
823222,2026-05-23,SF,home,657424,Matt Gage,1.3333333333333333,1,0,0,0,4,23
823222,2026-05-23,CWS,away,670950,Trevor Richards,2.0,2,1,1,1,1,39
823222,2026-05-23,CWS,away,673929,Jordan Leasure,1.3333333333333333,2,1,1,0,1,21
823222,2026-05-23,CWS,away,663542,Bryan Hudson,1.3333333333333333,0,0,0,0,1,16
823222,2026-05-23,CWS,away,607200,Erick Fedde,3.3333333333333335,10,8,8,2,3,85
823300,2026-05-23,SD,home,695243,Mason Miller,1.0,0,0,0,0,2,13
823300,2026-05-23,SD,home,592094,Jason Adam,1.0,1,0,0,0,3,18
823300,2026-05-23,SD,home,669093,Jeremiah Estrada,1.0,0,0,0,1,0,12
823300,2026-05-23,SD,home,670970,Adrian Morejon,1.0,0,0,0,0,0,10
823300,2026-05-23,SD,home,608337,Lucas Giolito,5.0,4,0,0,5,2,86
823300,2026-05-23,OAK,away,669372,J.T. Ginn,2.3333333333333335,0,2,2,6,4,73
823300,2026-05-23,OAK,away,605130,Scott Barlow,1.0,0,0,0,1,0,13
823300,2026-05-23,OAK,away,660761,José Suarez,2.6666666666666665,1,0,0,1,4,46
823300,2026-05-23,OAK,away,669270,Joel Kuhnel,2.0,1,0,0,0,2,21
823458,2026-05-23,PHI,home,554430,Zack Wheeler,6.0,2,0,0,1,6,99
823458,2026-05-23,PHI,home,661395,Jhoan Duran,1.0,1,0,0,0,1,20
823458,2026-05-23,PHI,home,689147,Orion Kerkering,1.0,0,0,0,0,2,12
823458,2026-05-23,PHI,home,641745,Brad Keller,1.0,0,0,0,0,1,16
823458,2026-05-23,CLE,away,542888,Shawn Armstrong,1.0,1,0,0,0,1,18
823458,2026-05-23,CLE,away,677944,Slade Cecconi,5.0,6,3,3,1,5,86
823458,2026-05-23,CLE,away,670036,Matt Festa,1.0,0,0,0,2,2,19
823458,2026-05-23,CLE,away,688883,Peyton Pallette,1.0,0,0,0,3,1,29
823787,2026-05-23,MIL,home,681982,Grant Anderson,1.6666666666666665,0,0,0,1,0,26
823787,2026-05-23,MIL,home,663765,Jake Woodford,1.6666666666666665,4,4,4,4,1,49
823787,2026-05-23,MIL,home,688107,Robert Gasser,4.333333333333333,4,4,4,4,4,89
823787,2026-05-23,MIL,home,669084,DL Hall,1.3333333333333333,2,3,3,2,0,29
823787,2026-05-23,LAD,away,681911,Alex Vesia,1.0,0,0,0,1,2,23
823787,2026-05-23,LAD,away,656945,Tanner Scott,1.0,1,0,0,0,3,17
823787,2026-05-23,LAD,away,669165,Kyle Hurt,1.0,0,0,0,2,1,15
823787,2026-05-23,LAD,away,642546,Jonathan Hernández,1.0,0,0,0,0,1,14
823787,2026-05-23,LAD,away,808963,Roki Sasaki,5.0,4,3,2,2,4,87
823862,2026-05-23,MIA,home,676974,Max Meyer,7.0,1,0,0,3,8,95
823862,2026-05-23,MIA,home,669622,Anthony Bender,1.3333333333333333,0,0,0,0,3,20
823862,2026-05-23,MIA,home,677053,Andrew Nardi,0.6666666666666666,2,1,1,0,0,12
823862,2026-05-23,NYM,away,702752,Jonathan Pintaro,1.0,0,0,0,0,0,12
823862,2026-05-23,NYM,away,642547,Freddy Peralta,7.0,8,4,4,2,9,108
824030,2026-05-23,LAA,home,681217,Chase Silseth,0.3333333333333333,0,0,0,0,1,4
824030,2026-05-23,LAA,home,820862,José Fermin,1.0,1,0,0,2,1,29
824030,2026-05-23,LAA,home,666171,Ryan Zeferjahn,1.0,1,1,1,0,1,15
824030,2026-05-23,LAA,home,642048,Tayler Saucedo,0.6666666666666666,1,0,0,0,1,12
824030,2026-05-23,LAA,home,700712,Walbert Ureña,5.0,5,1,1,3,6,93
824030,2026-05-23,LAA,home,489446,Kirby Yates,1.0,0,0,0,0,1,11
824030,2026-05-23,TEX,away,641302,Tyler Alexander,0.6666666666666666,1,0,0,1,0,18
824030,2026-05-23,TEX,away,543135,Nathan Eovaldi,7.0,5,3,3,2,6,97
824030,2026-05-23,TEX,away,668390,Cole Winn,0.3333333333333333,2,2,2,0,0,16
824109,2026-05-23,KC,home,663568,Stephen Kolek,9.0,4,0,0,1,2,108
824109,2026-05-23,SEA,away,689546,Nick Davila,1.0,0,0,0,2,1,24
824109,2026-05-23,SEA,away,695380,Alex Hoppe,1.0,0,0,0,0,0,10
824109,2026-05-23,SEA,away,669923,George Kirby,6.0,9,5,3,0,3,92
824516,2026-05-23,CIN,home,572955,Pierce Johnson,2.0,0,0,0,0,1,23
824516,2026-05-23,CIN,home,663574,Tony Santillan,1.0,2,2,2,2,1,28
824516,2026-05-23,CIN,home,695534,Chase Petty,5.0,6,4,4,1,1,62
824516,2026-05-23,CIN,home,668933,Graham Ashcraft,1.6666666666666665,1,0,0,0,3,29
824516,2026-05-23,CIN,home,656271,Brock Burke,1.3333333333333333,0,0,0,2,0,26
824516,2026-05-23,STL,away,681517,Kyle Leahy,5.0,7,5,5,2,8,87
824516,2026-05-23,STL,away,681676,Ryan Fernandez,2.0,0,0,0,0,4,24
824516,2026-05-23,STL,away,700669,Gordon Graceffo,0.6666666666666666,0,0,0,1,1,17
824516,2026-05-23,STL,away,668941,JoJo Romero,1.0,1,0,0,1,1,12
824516,2026-05-23,STL,away,677865,Justin Bruihl,0.3333333333333333,2,1,1,0,0,13
824516,2026-05-23,STL,away,676617,Riley O'Brien,1.3333333333333333,0,1,0,1,2,20
824518,2026-05-23,CIN,home,683742,Jose Franco,2.0,3,3,3,3,1,54
824518,2026-05-23,CIN,home,683175,Connor Phillips,1.0,1,2,2,2,1,28
824518,2026-05-23,CIN,home,594580,Sam Moll,1.0,1,0,0,0,0,10
824518,2026-05-23,CIN,home,663978,Chris Paddack,5.0,7,3,3,3,5,84
824518,2026-05-23,STL,away,694335,Matt Svanson,1.0,0,0,0,1,2,14
824518,2026-05-23,STL,away,669467,Andre Pallante,6.0,2,1,1,1,3,93
824518,2026-05-23,STL,away,666277,George Soriano,1.0,0,0,0,0,0,8
824518,2026-05-23,STL,away,592773,Ryne Stanek,1.0,0,0,0,1,1,19
824674,2026-05-23,CHC,home,669020,Ryan Rolison,1.0,1,0,0,0,1,16
824674,2026-05-23,CHC,home,663423,Trent Thornton,1.0,1,0,0,1,0,14
824674,2026-05-23,CHC,home,607067,Colin Rea,7.0,4,3,3,3,4,98
824674,2026-05-23,HOU,away,678906,Kai-Wei Teng,6.0,2,0,0,3,6,89
824674,2026-05-23,HOU,away,660853,Enyel De Los Santos,1.0,0,0,0,0,1,8
824674,2026-05-23,HOU,away,595345,Steven Okert,1.0,0,0,0,0,1,11
824674,2026-05-23,HOU,away,687911,Bryan King,1.0,1,0,0,0,1,21
824760,2026-05-23,BOS,home,678394,Brayan Bello,5.0,8,2,0,1,5,92
824760,2026-05-23,BOS,home,701719,Tyler Samaniego,1.0,0,0,0,0,0,11
824760,2026-05-23,BOS,home,663558,Jovani Morán,1.0,3,2,2,0,1,15
824760,2026-05-23,BOS,home,670245,Ryan Watson,2.0,1,0,0,0,3,20
824760,2026-05-23,MIN,away,671737,Taj Bradley,5.0,3,1,1,2,7,73
824760,2026-05-23,MIN,away,696070,Kendry Rojas,3.0,1,0,0,1,3,45
824760,2026-05-23,MIN,away,573124,Taylor Rogers,0.3333333333333333,0,0,0,0,1,6
824760,2026-05-23,MIN,away,702193,Andrew Morris,0.6666666666666666,1,1,1,3,0,32
824920,2026-05-23,ATL,home,689266,Dylan Dodd,3.0,1,0,0,0,3,30
824920,2026-05-23,ATL,home,641755,Tyler Kinley,1.0,0,0,0,0,2,11
824920,2026-05-23,ATL,home,656550,Grant Holmes,5.0,6,2,2,2,10,87
824920,2026-05-23,WSH,away,663992,Richard Lovelady,1.0,0,0,0,0,1,11
824920,2026-05-23,WSH,away,695418,Brad Lord,3.0,1,0,0,0,3,47
824920,2026-05-23,WSH,away,663623,Jake Irvin,5.0,0,0,0,1,7,80
825080,2026-05-23,ARI,home,694297,Brandon Pfaadt,1.6666666666666665,2,1,1,0,0,23
825080,2026-05-23,ARI,home,656464,Kevin Ginkel,1.0,0,0,0,1,0,14
825080,2026-05-23,ARI,home,623149,Paul Sewald,1.0,0,0,0,0,1,12
825080,2026-05-23,ARI,home,668678,Zac Gallen,5.333333333333333,6,3,3,2,6,82
825080,2026-05-23,COL,away,624522,Keegan Thompson,2.6666666666666665,3,0,0,2,2,52
825080,2026-05-23,COL,away,547179,Michael Lorenzen,5.0,8,5,5,1,5,94
825080,2026-05-23,COL,away,678020,Seth Halvorsen,0.3333333333333333,0,0,0,0,1,4
822813,2026-05-24,TOR,home,695445,Chase Lee,1.6666666666666665,1,2,2,2,0,22
822813,2026-05-24,TOR,home,656302,Dylan Cease,4.666666666666667,4,2,2,1,8,76
822813,2026-05-24,TOR,home,689254,Mason Fluharty,0.6666666666666666,1,0,0,1,2,19
822813,2026-05-24,TOR,home,684320,Yariel Rodríguez,1.0,0,0,0,0,1,15
822813,2026-05-24,TOR,home,680755,Braydon Fisher,1.0,0,0,0,0,1,8
822813,2026-05-24,PIT,away,642397,Gregory Soto,1.0,0,0,0,1,1,22
822813,2026-05-24,PIT,away,682254,Mason Montgomery,1.6666666666666665,0,0,0,0,2,18
822813,2026-05-24,PIT,away,656605,Mitch Keller,6.0,4,1,1,3,5,101
822813,2026-05-24,PIT,away,670990,Yohan Ramírez,0.3333333333333333,1,0,0,1,0,16
823220,2026-05-24,SF,home,676775,Keaton Winn,2.0,1,0,0,1,1,29
823220,2026-05-24,SF,home,668873,Caleb Kilian,1.0,0,0,0,0,3,16
823220,2026-05-24,SF,home,592662,Robbie Ray,4.0,2,4,4,7,3,92
823220,2026-05-24,SF,home,669062,Erik Miller,1.0,0,0,0,0,1,11
823220,2026-05-24,SF,home,657424,Matt Gage,1.0,1,1,1,0,0,9
823220,2026-05-24,CWS,away,685126,Brandon Eisert,1.0,2,0,0,0,2,28
823220,2026-05-24,CWS,away,691799,Grant Taylor,0.3333333333333333,1,2,2,1,0,16
823220,2026-05-24,CWS,away,622554,Seranthony Domínguez,1.0,1,0,0,0,2,15
823220,2026-05-24,CWS,away,702273,Noah Schultz,4.0,6,6,6,1,1,70
823220,2026-05-24,CWS,away,699823,Tyler Davis,1.6666666666666665,1,0,0,0,1,26
823297,2026-05-24,SD,home,650633,Michael King,3.6666666666666665,5,4,4,4,4,81
823297,2026-05-24,SD,home,593974,Wandy Peralta,1.3333333333333333,1,0,0,1,2,30
823297,2026-05-24,SD,home,699134,Bradgley Rodriguez,1.0,3,1,1,1,3,27
823297,2026-05-24,SD,home,676760,Ron Marinaccio,3.0,1,0,0,1,2,38
823297,2026-05-24,OAK,away,686993,Justin Sterner,1.0,1,1,1,0,1,19
823297,2026-05-24,OAK,away,605130,Scott Barlow,0.6666666666666666,0,0,0,0,1,8
823297,2026-05-24,OAK,away,682052,Jacob Lopez,4.666666666666667,6,1,1,1,3,91
823297,2026-05-24,OAK,away,663687,Hogan Harris,0.3333333333333333,0,0,0,2,1,15
823297,2026-05-24,OAK,away,665622,Luis Medina,1.3333333333333333,2,0,0,0,1,18
823297,2026-05-24,OAK,away,643410,Mark Leiter Jr.,1.0,0,0,0,1,0,13
823459,2026-05-24,PHI,home,680742,Jonathan Bowlan,1.0,1,1,1,0,1,12
823459,2026-05-24,PHI,home,641835,Tim Mayza,0.6666666666666666,1,0,0,0,0,8
823459,2026-05-24,PHI,home,621383,Tanner Banks,1.0,1,0,0,0,1,17
823459,2026-05-24,PHI,home,691725,Andrew Painter,6.333333333333333,6,2,2,2,3,82
823459,2026-05-24,CLE,away,670059,Colin Holderman,0.3333333333333333,0,0,0,1,0,10
823459,2026-05-24,CLE,away,671922,Cade Smith,1.0,0,0,0,0,1,12
823459,2026-05-24,CLE,away,800048,Parker Messick,5.666666666666667,5,0,0,2,6,91
823459,2026-05-24,CLE,away,683769,Hunter Gaddis,1.3333333333333333,0,0,0,0,2,16
823459,2026-05-24,CLE,away,682120,Tim Herrin,0.6666666666666666,1,1,1,1,1,14
823544,2026-05-24,NYY,home,677960,Ryan Weathers,7.0,4,0,0,3,4,95
823544,2026-05-24,NYY,home,657612,Tim Hill,1.0,1,0,0,1,2,18
823544,2026-05-24,NYY,home,518585,Fernando Cruz,1.0,2,0,0,1,0,15
823544,2026-05-24,TB,away,687330,Kevin Kelly,1.0,2,2,2,1,0,14
823544,2026-05-24,TB,away,656876,Drew Rasmussen,7.0,5,0,0,1,6,92
823786,2026-05-24,MIL,home,692230,Carlos Rodriguez,2.0,0,0,0,2,0,38
823786,2026-05-24,MIL,home,675660,Shane Drohan,3.0,2,2,2,0,5,40
823786,2026-05-24,MIL,home,687075,Brandon Sproat,4.0,4,3,3,4,7,89
823786,2026-05-24,LAD,away,656945,Tanner Scott,1.0,0,0,0,0,2,15
823786,2026-05-24,LAD,away,694361,Will Klein,1.0,0,0,0,0,2,16
823786,2026-05-24,LAD,away,808967,Yoshinobu Yamamoto,7.0,7,1,1,1,3,92
823861,2026-05-24,MIA,home,664126,Pete Fairbanks,1.0,1,0,0,1,1,16
823861,2026-05-24,MIA,home,663969,Tyler Phillips,3.6666666666666665,2,0,0,2,4,59
823861,2026-05-24,MIA,home,676534,Calvin Faucher,1.3333333333333333,2,0,0,0,1,23
823861,2026-05-24,MIA,home,667463,John King,0.6666666666666666,0,0,0,1,0,13
823861,2026-05-24,MIA,home,656848,Michael Petersen,1.3333333333333333,0,0,0,0,2,17
823861,2026-05-24,MIA,home,669622,Anthony Bender,1.0,0,0,0,1,0,11
823861,2026-05-24,NYM,away,623211,Huascar Brazobán,0.6666666666666666,1,0,0,0,0,8
823861,2026-05-24,NYM,away,596133,Luke Weaver,1.0,0,0,0,0,1,11
823861,2026-05-24,NYM,away,642207,Devin Williams,0.3333333333333333,2,4,4,2,0,14
823861,2026-05-24,NYM,away,681035,Christian Scott,5.666666666666667,4,0,0,2,5,94
823861,2026-05-24,NYM,away,548384,Brooks Raley,0.6666666666666666,2,0,0,1,0,13
824028,2026-05-24,LAA,home,696147,Sam Bachman,1.0,2,0,0,1,2,27
824028,2026-05-24,LAA,home,672282,Reid Detmers,8.0,1,1,1,0,14,96
824028,2026-05-24,TEX,away,669022,MacKenzie Gore,6.0,1,1,1,2,7,99
824028,2026-05-24,TEX,away,686560,Gavin Collyer,0.6666666666666666,1,1,0,0,1,17
824028,2026-05-24,TEX,away,596001,Jakob Junis,2.0,2,0,0,0,4,34
824108,2026-05-24,KC,home,668674,Lucas Erceg,1.0,4,3,3,0,1,32
824108,2026-05-24,KC,home,663738,Daniel Lynch IV,0.6666666666666666,1,0,0,0,0,7
824108,2026-05-24,KC,home,607625,Seth Lugo,6.333333333333333,6,3,3,2,3,86
824108,2026-05-24,KC,home,670167,John Schreiber,1.0,1,0,0,0,1,12
824108,2026-05-24,SEA,away,678606,José A. Ferrer,0.3333333333333333,0,0,0,0,0,5
824108,2026-05-24,SEA,away,695380,Alex Hoppe,1.0,2,2,2,2,1,33
824108,2026-05-24,SEA,away,693433,Bryan Woo,4.666666666666667,6,4,4,2,4,91
824108,2026-05-24,SEA,away,681867,Cooper Criswell,2.0,3,2,2,0,0,25
824676,2026-05-24,CHC,home,681799,Ethan Roberts,1.0,1,0,0,0,1,16
824676,2026-05-24,CHC,home,573204,Caleb Thielbar,1.0,1,1,1,1,1,13
824676,2026-05-24,CHC,home,684007,Shota Imanaga,6.0,7,7,7,1,6,94
824676,2026-05-24,CHC,home,664208,Phil Maton,1.0,0,0,0,0,0,13
824676,2026-05-24,HOU,away,650556,Bryan Abreu,1.0,1,0,0,1,0,15
824676,2026-05-24,HOU,away,805123,AJ Blubaugh,2.0,1,2,2,1,0,29
824676,2026-05-24,HOU,away,663567,Peter Lambert,5.0,5,3,3,4,5,103
824676,2026-05-24,HOU,away,663878,Nate Pearson,1.0,0,0,0,1,0,20
824759,2026-05-24,BOS,home,594027,Tyron Guerrero,0.6666666666666666,2,2,2,0,2,14
824759,2026-05-24,BOS,home,669711,Greg Weissert,1.0,1,0,0,1,1,19
824759,2026-05-24,BOS,home,676477,Garrett Whitlock,0.3333333333333333,2,1,1,0,1,14
824759,2026-05-24,BOS,home,543243,Sonny Gray,4.0,6,3,3,2,4,75
824759,2026-05-24,BOS,home,663558,Jovani Morán,1.0,0,0,0,0,2,14
824759,2026-05-24,BOS,home,543056,Danny Coulombe,1.0,0,0,0,1,1,22
824759,2026-05-24,BOS,home,670245,Ryan Watson,1.0,1,0,0,1,1,20
824759,2026-05-24,MIN,away,607455,Anthony Banda,1.0,0,0,0,0,0,10
824759,2026-05-24,MIN,away,573124,Taylor Rogers,0.3333333333333333,2,0,0,0,0,13
824759,2026-05-24,MIN,away,641927,Bailey Ober,5.0,7,4,4,0,3,82
824759,2026-05-24,MIN,away,701519,Travis Adams,0.3333333333333333,0,0,0,0,0,1
824759,2026-05-24,MIN,away,672782,Yoendrys Gómez,1.3333333333333333,2,1,1,1,2,22
824759,2026-05-24,MIN,away,679358,Eric Orze,1.0,0,0,0,0,2,10
824839,2026-05-24,BAL,home,669211,Keegan Akin,1.0,2,1,1,2,1,22
824839,2026-05-24,BAL,home,687064,Brandon Young,6.666666666666667,5,2,0,2,4,105
824839,2026-05-24,BAL,home,608650,Dietrich Enns,1.3333333333333333,0,0,0,0,1,11
824839,2026-05-24,DET,away,664285,Framber Valdez,6.0,2,1,1,2,5,92
824839,2026-05-24,DET,away,640448,Kyle Finnegan,0.6666666666666666,2,1,1,1,0,21
824839,2026-05-24,DET,away,445276,Kenley Jansen,1.0,1,3,3,2,0,24
824839,2026-05-24,DET,away,676684,Will Vest,1.0,0,0,0,0,1,14
824840,2026-05-24,BAL,home,669432,Trevor Rogers,4.666666666666667,4,4,4,2,2,90
824840,2026-05-24,BAL,home,544150,Albert Suárez,4.0,3,0,0,0,1,43
824840,2026-05-24,BAL,home,552640,Andrew Kittredge,0.3333333333333333,0,0,0,1,0,11
824840,2026-05-24,DET,away,623454,Drew Anderson,2.0,1,0,0,2,4,45
824840,2026-05-24,DET,away,663947,Tyler Holton,1.3333333333333333,0,0,0,0,2,20
824840,2026-05-24,DET,away,675512,Troy Melton,5.666666666666667,2,1,1,3,3,79
824921,2026-05-24,ATL,home,471911,Carlos Carrasco,1.0,0,0,0,0,0,12
824921,2026-05-24,ATL,home,800311,Didier Fuentes,0.3333333333333333,0,0,0,0,1,5
824921,2026-05-24,ATL,home,625643,Reynaldo López,2.0,1,1,1,2,2,35
824921,2026-05-24,ATL,home,527048,Martín Pérez,5.666666666666667,5,1,1,2,2,86
824921,2026-05-24,WSH,away,663992,Richard Lovelady,0.3333333333333333,0,0,0,1,0,15
824921,2026-05-24,WSH,away,687377,Orlando Ribalta,0.6666666666666666,0,0,0,0,1,10
824921,2026-05-24,WSH,away,681402,Gus Varland,0.6666666666666666,2,1,1,0,0,12
824921,2026-05-24,WSH,away,656492,Foster Griffin,6.0,3,0,0,1,6,90
824921,2026-05-24,WSH,away,674841,Andrew Alvarez,1.3333333333333333,1,0,0,1,1,18
825081,2026-05-24,ARI,home,669194,Ryne Nelson,8.0,6,1,1,3,3,103
825081,2026-05-24,ARI,home,664199,Taylor Clarke,1.0,0,0,0,0,1,11
825081,2026-05-24,COL,away,680604,Blas Castaño,3.6666666666666665,4,1,1,0,3,45
825081,2026-05-24,COL,away,500779,Jose Quintana,1.3333333333333333,6,6,6,0,0,33
825081,2026-05-24,COL,away,657514,Brennan Bernardino,1.0,0,0,0,0,2,10
825081,2026-05-24,COL,away,664954,Brett Sullivan,1.0,0,0,0,0,0,9
825081,2026-05-24,COL,away,678020,Seth Halvorsen,1.0,3,2,2,0,1,24
822812,2026-05-25,TOR,home,671936,Adam Macko,0.3333333333333333,2,0,0,0,1,10
822812,2026-05-25,TOR,home,681084,Tanner Andrews,1.0,0,0,0,0,0,15
822812,2026-05-25,TOR,home,702056,Trey Yesavage,6.666666666666667,5,5,5,2,6,98
822812,2026-05-25,TOR,home,689254,Mason Fluharty,0.3333333333333333,0,0,0,0,1,6
822812,2026-05-25,TOR,home,643511,Tyler Rogers,0.6666666666666666,2,3,3,1,0,17
822812,2026-05-25,MIA,away,669199,Lake Bachar,1.3333333333333333,1,1,1,0,3,20
822812,2026-05-25,MIA,away,667463,John King,1.0,1,0,0,0,0,14
822812,2026-05-25,MIA,away,806188,Cade Gibson,1.0,0,0,0,1,1,18
822812,2026-05-25,MIA,away,676083,Janson Junk,5.0,8,1,1,0,3,93
822812,2026-05-25,MIA,away,677053,Andrew Nardi,0.6666666666666666,0,0,0,0,1,12
822899,2026-05-25,TEX,home,677958,Kumar Rocker,5.0,4,4,4,2,5,85
822899,2026-05-25,TEX,home,682608,Peyton Gray,2.0,5,5,3,0,2,37
822899,2026-05-25,TEX,home,664059,Sam Haggerty,1.0,0,0,0,0,0,6
822899,2026-05-25,TEX,home,455119,Chris Martin,1.0,1,0,0,1,0,14
822899,2026-05-25,HOU,away,695001,Alimber Santa,2.0,0,0,0,0,1,24
822899,2026-05-25,HOU,away,595345,Steven Okert,1.0,0,0,0,1,1,15
822899,2026-05-25,HOU,away,837227,Tatsuya Imai,6.0,0,0,0,4,2,97
823219,2026-05-25,SF,home,664141,JT Brubaker,3.0,1,0,0,1,1,35
823219,2026-05-25,SF,home,656529,Sam Hentges,0.6666666666666666,1,0,0,1,1,13
823219,2026-05-25,SF,home,666711,Joel Peguero,0.3333333333333333,2,2,2,1,0,11
823219,2026-05-25,SF,home,694738,Landen Roupp,5.0,7,4,2,1,7,93
823219,2026-05-25,ARI,away,518876,Merrill Kelly,7.0,4,2,2,2,4,96
823219,2026-05-25,ARI,away,642528,Jonathan Loáisiga,1.0,1,0,0,0,0,14
823219,2026-05-25,ARI,away,805299,Brandyn Garcia,1.0,0,0,0,0,1,12
823296,2026-05-25,SD,home,673513,Yuki Matsui,2.0,0,0,0,1,1,25
823296,2026-05-25,SD,home,656288,Griffin Canning,6.666666666666667,3,3,3,3,5,97
823296,2026-05-25,SD,home,669093,Jeremiah Estrada,0.3333333333333333,0,0,0,0,1,4
823296,2026-05-25,PHI,away,666200,Jesús Luzardo,6.0,4,0,0,2,6,104
823296,2026-05-25,PHI,away,661395,Jhoan Duran,1.0,1,0,0,0,1,17
823296,2026-05-25,PHI,away,689147,Orion Kerkering,1.0,0,0,0,0,2,14
823296,2026-05-25,PHI,away,641745,Brad Keller,1.0,0,0,0,1,1,22
823380,2026-05-25,PIT,home,642397,Gregory Soto,1.0,0,0,0,0,1,14
823380,2026-05-25,PIT,home,669387,Carmen Mlodzinski,5.0,5,1,1,3,2,86
823380,2026-05-25,PIT,home,696062,Wilber Dotel,3.0,1,0,0,0,4,41
823380,2026-05-25,CHC,away,657097,Jacob Webb,1.0,2,0,0,0,2,23
823380,2026-05-25,CHC,away,663423,Trent Thornton,1.0,2,1,1,0,0,21
823380,2026-05-25,CHC,away,676962,Ben Brown,6.0,4,1,1,2,7,83
823625,2026-05-25,NYM,home,668964,Tobias Myers,1.3333333333333333,0,0,0,0,3,20
823625,2026-05-25,NYM,home,681810,Austin Warren,1.6666666666666665,1,0,0,1,3,36
823625,2026-05-25,NYM,home,702752,Jonathan Pintaro,2.6666666666666665,0,0,0,1,3,40
823625,2026-05-25,NYM,home,690997,Nolan McLean,3.3333333333333335,5,7,7,2,6,78
823625,2026-05-25,CIN,away,622088,Tejay Antone,0.3333333333333333,2,0,0,0,0,16
823625,2026-05-25,CIN,away,668933,Graham Ashcraft,1.0,0,0,0,0,2,13
823625,2026-05-25,CIN,away,666157,Nick Lodolo,6.0,6,1,1,0,7,98
823625,2026-05-25,CIN,away,594580,Sam Moll,1.0,0,0,0,0,3,12
823625,2026-05-25,CIN,away,656271,Brock Burke,0.6666666666666666,1,1,1,0,0,13
823784,2026-05-25,MIL,home,676879,Aaron Ashby,2.0,0,0,0,0,1,21
823784,2026-05-25,MIL,home,694819,Jacob Misiorowski,7.0,2,1,1,1,12,96
823784,2026-05-25,STL,away,669461,Matthew Liberatore,5.0,7,3,3,2,10,101
823784,2026-05-25,STL,away,802408,Brycen Mautz,3.0,4,2,2,2,2,59
823948,2026-05-25,LAD,home,681911,Alex Vesia,0.6666666666666666,1,0,0,0,0,12
823948,2026-05-25,LAD,home,669165,Kyle Hurt,1.0,1,1,1,0,1,12
823948,2026-05-25,LAD,home,694361,Will Klein,1.0,0,0,0,0,2,14
823948,2026-05-25,LAD,home,686218,Emmet Sheehan,6.0,5,2,2,1,8,92
823948,2026-05-25,LAD,home,595014,Blake Treinen,0.3333333333333333,0,0,0,0,1,4
823948,2026-05-25,COL,away,700327,Welinton Herrera,1.0,0,0,0,0,0,9
823948,2026-05-25,COL,away,657514,Brennan Bernardino,0.6666666666666666,1,2,2,0,0,9
823948,2026-05-25,COL,away,675848,Juan Mejia,1.0,0,2,2,2,0,25
823948,2026-05-25,COL,away,685299,Tanner Gordon,5.0,6,1,1,1,3,80
823948,2026-05-25,COL,away,677955,Jaden Hill,0.3333333333333333,1,0,0,0,0,5
824107,2026-05-25,KC,home,668674,Lucas Erceg,1.0,4,2,2,0,0,14
824107,2026-05-25,KC,home,663738,Daniel Lynch IV,1.0,0,0,0,0,1,8
824107,2026-05-25,KC,home,608379,Michael Wacha,7.0,5,2,2,2,5,93
824107,2026-05-25,NYY,away,657612,Tim Hill,0.6666666666666666,0,0,0,0,1,5
824107,2026-05-25,NYY,away,687396,Brent Headrick,0.6666666666666666,1,0,0,0,0,8
824107,2026-05-25,NYY,away,701542,Will Warren,6.0,3,2,2,3,3,85
824107,2026-05-25,NYY,away,656234,Jake Bird,0.6666666666666666,1,1,1,1,1,19
824107,2026-05-25,NYY,away,670280,David Bednar,1.0,0,0,0,1,0,14
824437,2026-05-25,CLE,home,670036,Matt Festa,2.0,2,1,1,0,1,25
824437,2026-05-25,CLE,home,671106,Logan Allen,4.0,5,2,0,1,7,83
824437,2026-05-25,CLE,home,676440,Tanner Bibee,3.0,8,7,7,0,3,61
824437,2026-05-25,WSH,away,676571,PJ Poulin,2.0,2,1,1,1,0,29
824437,2026-05-25,WSH,away,641793,Zack Littell,7.0,5,1,1,2,7,106
824598,2026-05-25,CWS,home,641743,Anthony Kay,6.0,5,1,1,1,5,94
824598,2026-05-25,CWS,home,691799,Grant Taylor,1.0,1,0,0,0,1,16
824598,2026-05-25,CWS,home,622554,Seranthony Domínguez,1.0,1,0,0,0,2,19
824598,2026-05-25,CWS,home,663542,Bryan Hudson,1.0,0,0,0,0,0,10
824598,2026-05-25,MIN,away,680573,Simeon Woods Richardson,2.0,1,0,0,1,1,35
824598,2026-05-25,MIN,away,805673,Zebby Matthews,6.0,5,3,3,1,6,88
824838,2026-05-25,BAL,home,669330,Tyler Wells,2.0,1,3,1,0,3,29
824838,2026-05-25,BAL,home,670329,Rico Garcia,2.0,1,0,0,2,1,32
824838,2026-05-25,BAL,home,680694,Kyle Bradish,6.0,5,1,1,2,3,92
824838,2026-05-25,BAL,home,689296,Anthony Nunez,1.0,2,1,1,0,0,18
824838,2026-05-25,BAL,home,664991,Grant Wolfram,0.6666666666666666,1,0,0,0,1,11
824838,2026-05-25,BAL,home,666974,Yennier Cano,0.3333333333333333,0,0,0,0,1,6
824838,2026-05-25,BAL,home,608650,Dietrich Enns,1.0,2,2,1,0,1,12
824838,2026-05-25,TB,away,663556,Shane McClanahan,5.333333333333333,3,0,0,2,3,84
824838,2026-05-25,TB,away,668984,Casey Legumina,2.0,2,0,0,0,2,32
824838,2026-05-25,TB,away,693855,Ian Seymour,2.0,2,2,0,2,2,30
824838,2026-05-25,TB,away,669947,Jesse Scholtens,1.3333333333333333,4,5,3,0,1,30
824838,2026-05-25,TB,away,685801,Hunter Bigge,0.6666666666666666,1,2,1,2,0,17
824838,2026-05-25,TB,away,641329,Bryan Baker,1.0,0,0,0,0,1,12
825005,2026-05-25,OAK,home,669270,Joel Kuhnel,0.3333333333333333,0,0,0,0,1,4
825005,2026-05-25,OAK,home,650644,Aaron Civale,4.0,9,7,7,1,2,73
825005,2026-05-25,OAK,home,678022,Jack Perkins,4.666666666666667,3,2,2,0,7,63
825005,2026-05-25,SEA,away,622491,Luis Castillo,4.0,2,0,0,2,6,68
825005,2026-05-25,SEA,away,682243,Bryce Miller,5.0,5,2,2,0,4,83
